"Category: Nature","Category: Type","Category: Reporting Level","Location: Suburb"
"Animal","Dog","",""
"Animal","Cat","Wandering","EAST BRISBANE"
"Animal","Cat Trapping","","BOONDALL"
"Animal","Dog","Wandering","EAST BRISBANE"
"Animal","Other Animal","","BELMONT"
"Animal","Attack","Attack On An Animal","GORDON PARK"
"Animal","Attack","","BRACKEN RIDGE"
"Animal","Attack","Menacing","NATHAN"
"Animal","Other Animal","","WAKERLEY"
"Animal","Attack","Attack On An Animal","ZILLMERE"
"Animal","Dog","Odour","PALLARA"
"Animal","Attack","","GEEBUNG"
"Animal","Dog","Wandering","CHERMSIDE WEST"
"Animal","Cat","Wandering","HERSTON"
"Animal","Dog","Defecating In Public","BELMONT"
"Animal","Cat","Wandering","ALDERLEY"
"Animal","Other Animal","Fox","YERONGA"
"Animal","Attack","Not An Attack","CHAPEL HILL"
"Animal","Cat","Wandering","GRACEVILLE"
"Animal","Attack","","INALA"
"Animal","Cat","Wandering","NUDGEE"
"Animal","Cat","Wandering","FITZGIBBON"
"Animal","Other Animal","Fox","PINJARRA HILLS"
"Animal","Cat","Wandering","MANSFIELD"
"Animal","Dog","","KARANA DOWNS"
"Animal","Other Animal","","MORNINGSIDE"
"Animal","Dog","Fencing Issues","MILTON"
"Animal","Dog","Odour","HIGHGATE HILL"
"Animal","Dog","Wandering","MCDOWALL"
"Animal","Attack","Not An Attack","ASHGROVE"
"Animal","Dog","","CAMP HILL"
"Animal","Cat Trapping","","CALAMVALE"
"Animal","Dog","","MANLY"
"Animal","Attack","Attack On A Person","TARRAGINDI"
"Animal","Dog","Wandering","STRETTON"
"Animal","Attack","","ELLEN GROVE"
"Animal","Attack","Attack On An Animal","ANNERLEY"
"Animal","Other Animal","Fox","SUMNER"
"Animal","Dog","Fencing Issues","MORNINGSIDE"
"Animal","Attack","","COOPERS PLAINS"
"Animal","Dog","Surrender","STAFFORD"
"Animal","Other Animal","Fox","TARRAGINDI"
"Animal","Attack","","MOUNT CROSBY"
"Animal","Attack","Not An Attack","INDOOROOPILLY"
"Animal","Cat","Wandering","KEDRON"
"Animal","Dog","Wandering","UPPER KEDRON"
"Animal","Dog","Wandering","NUDGEE BEACH"
"Animal","Dog","Wandering","NUDGEE BEACH"
"Animal","Attack","Attack On A Person","GRANGE"
"Animal","Dog","Wandering",""
"Animal","Dog","Wandering","CARINDALE"
"Animal","Dog","","TARRAGINDI"
"Animal","Attack","Attack On A Person","NUDGEE BEACH"
"Animal","Dog","","LOTA"
"Animal","Dog","Fencing Issues","YEERONGPILLY"
"Animal","Attack","Attack On An Animal","RIVERHILLS"
"Animal","Dog","Wandering","KENMORE"
"Animal","Dog","Wandering","KENMORE"
"Animal","Dog","Wandering","FITZGIBBON"
"Animal","Attack","","COORPAROO"
"Animal","Attack","Not An Attack","KELVIN GROVE"
"Animal","Attack","Not An Attack","NEWSTEAD"
"Animal","Dog","Unregistered","ACACIA RIDGE"
"Animal","Cat","Wandering","COOPERS PLAINS"
"Animal","Other Animal","Fox","CHANDLER"
"Animal","Dog","Too Many Animals","HOLLAND PARK WEST"
"Animal","Dog","Fencing Issues","NORTHGATE"
"Animal","Dog","Fencing Issues","KENMORE"
"Animal","Dog","Wandering","TARRAGINDI"
"Animal","Dog","Unregistered","COORPAROO"
"Animal","Other Animal","Deer","PULLENVALE"
"Animal","Dog","Fencing Issues","INALA"
"Animal","Dog","Fencing Issues","MIDDLE PARK"
"Animal","Attack","Not An Attack","CARINDALE"
"Animal","Other Animal","Deer","MOUNT OMMANEY"
"Animal","Dog","Fencing Issues","KENMORE HILLS"
"Animal","Cat Trapping","","WYNNUM WEST"
"Animal","Attack","Attack On An Animal","JINDALEE"
"Animal","Dog","Fencing Issues","KEPERRA"
"Animal","Dog","Fencing Issues","NUNDAH"
"Animal","Other Animal","Fox","BOONDALL"
"Animal","Dog","Wandering","WYNNUM"
"Animal","Attack","Attack On An Animal","CALAMVALE"
"Animal","Attack","","MOGGILL"
"Animal","Other Animal","Fox","BOONDALL"
"Animal","Dog","Fencing Issues","ANNERLEY"
"Animal","Dog","Wandering","HOLLAND PARK WEST"
"Animal","Attack","Not An Attack","ASCOT"
"Animal","Cat","Wandering","NORTHGATE"
"Animal","Dog","Wandering","CARINA"
"Animal","Dog","Wandering","BULIMBA"
"Animal","Dog","Wandering","ELLEN GROVE"
"Animal","Other Animal","Nuisance Animal","UPPER MOUNT GRAVATT"
"Animal","Cat Trapping","","COORPAROO"
"Animal","Attack","Attack On A Person","HERSTON"
"Animal","Cat","Wandering","BRACKEN RIDGE"
"Animal","Dog","Fencing Issues","MOUNT CROSBY"
"Animal","Other Animal","Fox","CHELMER"
"Animal","Dog","Wandering","SUNNYBANK HILLS"
"Animal","Dog","Wandering","BARDON"
"Animal","Dog","Fencing Issues","ARCHERFIELD"
"Animal","Dog","Wandering","BRACKEN RIDGE"
"Animal","Other Animal","","HAMILTON"
"Animal","Cat Trapping","","CALAMVALE"
"Animal","Cat Trapping","","RUNCORN"
"Animal","Dog","Wandering","ALGESTER"
"Animal","Cat","Wandering","THE GAP"
"Animal","Dog","Fencing Issues","CARINA HEIGHTS"
"Animal","Cat","Wandering","ANNERLEY"
"Animal","Cat","Wandering","TAIGUM"
"Animal","Other Animal","Feral Cat","CLAYFIELD"
"Animal","Attack","Attack On An Animal","KENMORE HILLS"
"Animal","Other Animal","","BELLBOWRIE"
"Animal","Other Animal","","MOUNT CROSBY"
"Animal","Other Animal","Unregistered","BELLBOWRIE"
"Animal","Dog","Defecating In Public","SUNNYBANK HILLS"
"Animal","Dog","Fencing Issues","EVERTON PARK"
"Animal","Cat","Wandering",""
"Animal","Dog","Too Many Animals","SALISBURY"
"Animal","Cat Trapping","","MOGGILL"
"Animal","Dog","Defecating In Public","UPPER KEDRON"
"Animal","Dog","Too Many Animals","ELLEN GROVE"
"Animal","Attack","Menacing","MORNINGSIDE"
"Animal","Cat","Wandering","UPPER KEDRON"
"Animal","Dog","","ST LUCIA"
"Animal","Attack","Attack On A Person","KEDRON"
"Animal","Dog","Wandering","GORDON PARK"
"Animal","Attack","Attack On A Person","ACACIA RIDGE"
"Animal","Attack","Attack On An Animal","STAFFORD HEIGHTS"
"Animal","Other Animal","Fox","ASHGROVE"
"Animal","Dog","","KEPERRA"
"Animal","Dog","Wandering","NUDGEE"
"Animal","Dog","Wandering","NORMAN PARK"
"Animal","Attack","","CHAPEL HILL"
"Animal","Dog","Wandering","CARINA"
"Animal","Dog","Fencing Issues","RIVERHILLS"
"Animal","Attack","","KEPERRA"
"Animal","Cat","Wandering","MOGGILL"
"Animal","Attack","Attack On An Animal","FOREST LAKE"
"Animal","Dog","Wandering","CANNON HILL"
"Animal","Dog","Fencing Issues","CALAMVALE"
"Animal","Dog","Unregistered","ACACIA RIDGE"
"Animal","Dog","Fencing Issues","TOOWONG"
"Animal","Dog","Wandering","SHERWOOD"
"Animal","Attack","Menacing","DURACK"
"Animal","Cat","Wandering","BRIGHTON"
"Animal","Dog","Wandering","CAMP HILL"
"Animal","Cat Trapping","","NEWSTEAD"
"Animal","Attack","Attack On A Person","ACACIA RIDGE"
"Animal","Attack","Attack On An Animal","INDOOROOPILLY"
"Animal","Dog","Wandering","INDOOROOPILLY"
"Animal","Dog","Odour","TOOWONG"
"Animal","Other Animal","Fox","WYNNUM WEST"
"Animal","Cat Trapping","","PALLARA"
"Animal","Dog","Wandering","KARANA DOWNS"
"Animal","Cat Trapping","","FITZGIBBON"
"Animal","Cat Trapping","","RED HILL"
"Animal","Other Animal","Fox","SEVEN HILLS"
"Animal","Attack","Attack On An Animal","DEAGON"
"Animal","Attack","","EVERTON PARK"
"Animal","Attack","Attack On An Animal","ACACIA RIDGE"
"Animal","Dog","Wandering","EVERTON PARK"
"Animal","Other Animal","Fox","CHANDLER"
"Animal","Dog","Fencing Issues","WISHART"
"Animal","Other Animal","Fox","ROCKLEA"
"Animal","Attack","Attack On A Person","ACACIA RIDGE"
"Animal","Attack","Not An Attack","CHERMSIDE"
"Animal","Attack","Attack On An Animal","CARSELDINE"
"Animal","Other Animal","Fox","SEVEN HILLS"
"Animal","Cat Trapping","","CARINA"
"Animal","Cat","Wandering","CHERMSIDE"
"Animal","Attack","Attack On A Person","BRIGHTON"
"Animal","Attack","Attack On An Animal","ROCKLEA"
"Animal","Dog","Odour","YERONGA"
"Animal","Attack","","STRETTON"
"Animal","Dog","Wandering","BRACKEN RIDGE"
"Animal","Attack","Not An Attack","DARRA"
"Animal","Attack","Attack On A Person","SUNNYBANK"
"Animal","Dog","Too Many Animals","KHOLO"
"Animal","Dog","Wandering",""
"Animal","Dog","Fencing Issues","FITZGIBBON"
"Animal","Dog","Wandering","NUDGEE BEACH"
"Animal","Cat","Wandering","MACGREGOR"
"Animal","Dog","","KEDRON"
"Animal","Attack","Attack On An Animal","LOTA"
"Animal","Attack","Menacing","INALA"
"Animal","Other Animal","","GUMDALE"
"Animal","Dog","Wandering","NUDGEE BEACH"
"Animal","Dog","Wandering","NUDGEE BEACH"
"Animal","Dog","Wandering","NUDGEE BEACH"
"Animal","Attack","Attack On An Animal","FIG TREE POCKET"
"Animal","Dog","Wandering","WINDSOR"
"Animal","Attack","Attack On An Animal","INALA"
"Animal","Attack","Attack On A Person","HENDRA"
"Animal","Dog","Wandering",""
"Animal","Dog","Unregistered","ROCKLEA"
"Animal","Dog","Wandering","FERNY GROVE"
"Animal","Cat","Wandering","BULIMBA"
"Animal","Dog","","INALA"
"Animal","Dog","","ASCOT"
"Animal","Dog","Wandering","BALD HILLS"
"Animal","Cat Trapping","","RICHLANDS"
"Animal","Dog","Fencing Issues","CARINA"
"Animal","Attack","","BRACKEN RIDGE"
"Animal","Attack","","CARINDALE"
"Animal","Cat Trapping","","KEDRON"
"Animal","Dog","Wandering","CARINDALE"
"Animal","Attack","Menacing","KARANA DOWNS"
"Animal","Attack","Attack On A Person","INALA"
"Animal","Attack","Attack On A Person","COOPERS PLAINS"
"Animal","Dog","Wandering","TARRAGINDI"
"Animal","Attack","","FERNY GROVE"
"Animal","Cat Trapping","","ROCHEDALE"
"Animal","Attack","Attack On An Animal","SUNNYBANK"
"Animal","Dog","Wandering","CANNON HILL"
"Animal","Cat","Wandering","TINGALPA"
"Animal","Dog","Fencing Issues","MOOROOKA"
"Animal","Cat Trapping","","ARCHERFIELD"
"Animal","Cat","Wandering","SANDGATE"
"Animal","Attack","Menacing","NATHAN"
"Animal","Attack","Not An Attack","BRACKEN RIDGE"
"Animal","Cat","Wandering","BALD HILLS"
"Animal","Cat","","BALD HILLS"
"Animal","Cat Trapping","","CARINA"
"Animal","Attack","Attack On A Person","MOOROOKA"
"Animal","Cat Trapping","","CAMP HILL"
"Animal","Dog","Wandering","CARINDALE"
"Animal","Dog","Too Many Animals","WAKERLEY"
"Animal","Dog","Wandering","UPPER MOUNT GRAVATT"
"Animal","Cat Trapping","","ROBERTSON"
"Animal","Dog","Unregistered",""
"Animal","Dog","Unregistered","UPPER MOUNT GRAVATT"
"Animal","Attack","Attack On A Person","ROCHEDALE"
"Animal","Other Animal","Deer","PULLENVALE"
"Animal","Cat Trapping","","ST LUCIA"
"Animal","Dog","Wandering","YERONGA"
"Animal","Attack","Attack On An Animal","CALAMVALE"
"Animal","Attack","Attack On An Animal","RUNCORN"
"Animal","Dog","Wandering","CLAYFIELD"
"Animal","Dog","","TINGALPA"
"Animal","Attack","Attack On A Person","NORTHGATE"
"Animal","Cat Trapping","","KELVIN GROVE"
"Animal","Dog","Wandering","MOOROOKA"
"Animal","Dog","Wandering","INDOOROOPILLY"
"Animal","Dog","","SUNNYBANK HILLS"
"Animal","Other Animal","Fox","TARRAGINDI"
"Animal","Dog","Fencing Issues","CARINA HEIGHTS"
"Animal","Cat Trapping","","CHERMSIDE WEST"
"Animal","Cat","Wandering","CHERMSIDE WEST"
"Animal","Other Animal","Nuisance Animal","HOLLAND PARK"
"Animal","Other Animal","","BRIGHTON"
"Animal","Other Animal","Fox","HAWTHORNE"
"Animal","Dog","Wandering","CARINDALE"
"Animal","Dog","Fencing Issues","WISHART"
"Animal","Other Animal","Fox","BROOKFIELD"
"Animal","Attack","Not An Attack","NUDGEE BEACH"
"Animal","Attack","Attack On An Animal","PADDINGTON"
"Animal","Other Animal","Fox","BURBANK"
"Animal","Dog","Fencing Issues","MIDDLE PARK"
"Animal","Dog","Wandering","EIGHT MILE PLAINS"
"Animal","Dog","Defecating In Public","OXLEY"
"Animal","Dog","Defecating In Public","CARSELDINE"
"Animal","Attack","Attack On An Animal","ASHGROVE"
"Animal","Attack","Menacing","BALMORAL"
"Animal","Dog","Unregistered","DOOLANDELLA"
"Animal","Attack","Attack On An Animal","ALGESTER"
"Animal","Cat Trapping","","MURARRIE"
"Animal","Cat Trapping","","TAIGUM"
"Animal","Dog","Wandering","CARINDALE"
"Animal","Attack","Attack On An Animal","HOLLAND PARK WEST"
"Animal","Dog","Unregistered",""
"Animal","Other Animal","Nuisance Animal","EVERTON PARK"
"Animal","Attack","Not An Attack","STAFFORD HEIGHTS"
"Animal","Attack","Attack On A Person","STONES CORNER"
"Animal","Attack","","CANNON HILL"
"Animal","Other Animal","Fox","FIG TREE POCKET"
"Animal","Attack","Attack On A Person","TARINGA"
"Animal","Dog","Wandering","MANSFIELD"
"Animal","Cat Trapping","","SUNNYBANK HILLS"
"Animal","Other Animal","Fox","HOLLAND PARK WEST"
"Animal","Cat Trapping","","HENDRA"
"Animal","Dog","Wandering","ASPLEY"
"Animal","Dog","Fencing Issues","HOLLAND PARK WEST"
"Animal","Dog","Fencing Issues","WEST END"
"Animal","Attack","","FIG TREE POCKET"
"Animal","Dog","Wandering","CHERMSIDE WEST"
"Animal","Cat Trapping","","INDOOROOPILLY"
"Animal","Dog","Wandering","FOREST LAKE"
"Animal","Attack","","WESTLAKE"
"Animal","Attack","Not An Attack","ASHGROVE"
"Animal","Cat Trapping","","INALA"
"Animal","Attack","Attack On An Animal","AUCHENFLOWER"
"Animal","Dog","Wandering","BRACKEN RIDGE"
"Animal","Dog","Wandering","TOOWONG"
"Animal","Dog","Wandering","CHERMSIDE WEST"
"Animal","Attack","Attack On An Animal","OXLEY"
"Animal","Cat","Wandering","MOOROOKA"
"Animal","Dog","Wandering","CARINDALE"
"Animal","Dog","Fencing Issues","STRETTON"
"Animal","Dog","Fencing Issues","STRETTON"
"Animal","Attack","Menacing","ZILLMERE"
"Animal","Attack","Attack On A Person","DUTTON PARK"
"Animal","Dog","Fencing Issues","DOOLANDELLA"
"Animal","Dog","Fencing Issues","DOOLANDELLA"
"Animal","Attack","Not An Attack","WESTLAKE"
"Animal","Dog","Too Many Animals","CORINDA"
"Animal","Dog","Wandering","LOTA"
"Animal","Other Animal","","TENNYSON"
"Animal","Cat Trapping","","MOGGILL"
"Animal","Other Animal","Odour","MOGGILL"
"Animal","Dog","Fencing Issues","BRACKEN RIDGE"
"Animal","Attack","Attack On An Animal","BRIDGEMAN DOWNS"
"Animal","Dog","Wandering","ANSTEAD"
"Animal","Dog","","INALA"
"Animal","Dog","Fencing Issues","HEATHWOOD"
"Animal","Dog","Unregistered","SUNNYBANK HILLS"
"Animal","Other Animal","Wild Dog","PULLENVALE"
"Animal","Cat","Wandering","MANLY WEST"
"Animal","Dog","Unregistered","SALISBURY"
"Animal","Cat","Wandering","HAMILTON"
"Animal","Cat","Wandering","MOOROOKA"
"Animal","Attack","","DARRA"
"Animal","Cat Trapping","","HAMILTON"
"Animal","Attack","Attack On An Animal","UPPER KEDRON"
"Animal","Attack","Attack On A Person","SUNNYBANK"
"Animal","Cat","Wandering","SUNNYBANK"
"Animal","Cat","Wandering","WYNNUM"
"Animal","Cat","Wandering","HEMMANT"
"Animal","Dog","Wandering","BULIMBA"
"Animal","Dog","Defecating In Public","FORTITUDE VALLEY"
"Animal","Other Animal","","BALD HILLS"
"Animal","Cat Trapping","","KALINGA"
"Animal","Attack","","UPPER KEDRON"
"Animal","Attack","Not An Attack","BARDON"
"Animal","Cat Trapping","","ST LUCIA"
"Animal","Other Animal","Nuisance Animal","SUNNYBANK HILLS"
"Animal","Dog","Wandering","CAMP HILL"
"Animal","Dog","Unregistered",""
"Animal","Attack","Attack On A Person","ELLEN GROVE"
"Animal","Dog","Fencing Issues","BRACKEN RIDGE"
"Animal","Dog","Fencing Issues","MANLY WEST"
"Animal","Dog","Fencing Issues","MANLY WEST"
"Animal","Other Animal","Wandering","MANLY WEST"
"Animal","Cat","Wandering","EVERTON PARK"
"Animal","Dog","Wandering","NUDGEE BEACH"
"Animal","Dog","Wandering","NUDGEE BEACH"
"Animal","Dog","Wandering","NUDGEE BEACH"
"Animal","Dog","Fencing Issues","ROBERTSON"
"Animal","Dog","","HEMMANT"
"Animal","Cat Trapping","","SUNNYBANK"
"Animal","Other Animal","Fox","WYNNUM"
"Animal","Attack","Attack On A Person","NEWSTEAD"
"Animal","Other Animal","Fox","DUTTON PARK"
"Animal","Other Animal","Fox","FIG TREE POCKET"
"Animal","Other Animal","Nuisance Animal","KEDRON"
"Animal","Cat Trapping","","WYNNUM WEST"
"Animal","Attack","Attack On An Animal","FOREST LAKE"
"Animal","Attack","","FOREST LAKE"
"Animal","Other Animal","Fox","SUMNER"
"Animal","Cat","Wandering","STAFFORD HEIGHTS"
"Animal","Dog","Odour","CORINDA"
"Animal","Attack","Attack On A Person","STAFFORD HEIGHTS"
"Animal","Other Animal","Nuisance Animal","VIRGINIA"
"Animal","Other Animal","Deer","BROOKFIELD"
"Animal","Other Animal","Nuisance Animal","ASPLEY"
"Animal","Dog","Fencing Issues","KURABY"
"Animal","Attack","Not An Attack","MOUNT CROSBY"
"Animal","Dog","Fencing Issues","ROCKLEA"
"Animal","Dog","Fencing Issues","HOLLAND PARK WEST"
"Animal","Cat Trapping","","NORTHGATE"
"Animal","Dog","Fencing Issues","BANYO"
"Animal","Attack","","CHAPEL HILL"
"Animal","Dog","Fencing Issues","BRACKEN RIDGE"
"Animal","Attack","Not An Attack","BELLBOWRIE"
"Animal","Dog","Wandering","LOTA"
"Animal","Dog","Too Many Animals","WAVELL HEIGHTS"
"Animal","Dog","","RED HILL"
"Animal","Dog","Unregistered","RED HILL"
"Animal","Dog","Wandering","DOOLANDELLA"
"Animal","Dog","Wandering","EIGHT MILE PLAINS"
"Animal","Dog","Wandering",""
"Animal","Dog","Fencing Issues","EVERTON PARK"
"Animal","Other Animal","Nuisance Animal","EAST BRISBANE"
"Animal","Dog","","ELLEN GROVE"
"Animal","Dog","Wandering","BALD HILLS"
"Animal","Dog","Fencing Issues","BRACKEN RIDGE"
"Animal","Cat","Wandering","CARSELDINE"
"Animal","Dog","","MANLY WEST"
"Animal","Cat","Wandering","MANLY WEST"
"Animal","Dog","Fencing Issues","WOOLOOWIN"
"Animal","Dog","Unregistered","MORNINGSIDE"
"Animal","Cat","","CALAMVALE"
"Animal","Other Animal","Fox","CHANDLER"
"Animal","Attack","Attack On A Person","ASPLEY"
"Animal","Dog","Fencing Issues","BANYO"
"Animal","Attack","","RUNCORN"
"Animal","Dog","Too Many Animals","SALISBURY"
"Animal","Other Animal","Fox","NATHAN"
"Animal","Attack","Menacing","KEPERRA"
"Animal","Dog","Fencing Issues","GRACEVILLE"
"Animal","Cat","Wandering","MORNINGSIDE"
"Animal","Dog","Fencing Issues","STAFFORD HEIGHTS"
"Animal","Cat","Wandering","MOUNT OMMANEY"
"Animal","Dog","Wandering","CARINA"
"Animal","Attack","","EVERTON PARK"
"Animal","Dog","Fencing Issues","RUNCORN"
"Animal","Dog","Wandering","YERONGA"
"Animal","Dog","Fencing Issues","WYNNUM WEST"
"Animal","Dog","Fencing Issues","SEVENTEEN MILE ROCKS"
"Animal","Other Animal","Fox","TARRAGINDI"
"Animal","Attack","Menacing","INALA"
"Animal","Cat Trapping","","ROBERTSON"
"Animal","Dog","Wandering","NORTHGATE"
"Animal","Dog","Wandering","CARINDALE"
"Animal","Attack","","BALD HILLS"
"Animal","Dog","Unregistered","SUNNYBANK HILLS"
"Animal","Attack","Not An Attack","ELLEN GROVE"
"Animal","Attack","Not An Attack","NUNDAH"
"Animal","Attack","Attack On An Animal","BANYO"
"Animal","Dog","Fencing Issues","SPRING HILL"
"Animal","Other Animal","Fox","TARRAGINDI"
"Animal","Attack","Attack On An Animal","MANSFIELD"
"Animal","Cat Trapping","","BRACKEN RIDGE"
"Animal","Attack","","DURACK"
"Animal","Cat","Wandering","FITZGIBBON"
"Animal","Dog","Fencing Issues","BELMONT"
"Animal","Attack","Not An Attack","WINDSOR"
"Animal","Dog","Fencing Issues","MOUNT GRAVATT EAST"
"Animal","Other Animal","","HOLLAND PARK"
"Animal","Dog","Fencing Issues","AUCHENFLOWER"
"Animal","Attack","Not An Attack","STAFFORD HEIGHTS"
"Animal","Attack","","INALA"
"Animal","Cat Trapping","","BOONDALL"
"Animal","Dog","Fencing Issues","THE GAP"
"Animal","Attack","Menacing","PINKENBA"
"Animal","Other Animal","","DEAGON"
"Animal","Cat Trapping","","BURBANK"
"Animal","Cat","Wandering","INALA"
"Animal","Attack","Attack On A Person","ANSTEAD"
"Animal","Attack","","INALA"
"Animal","Attack","Attack On A Person","INALA"
"Animal","Dog","Odour","HIGHGATE HILL"
"Animal","Cat","Wandering","INALA"
"Animal","Attack","Attack On A Person","NEWMARKET"
"Animal","Attack","Attack On An Animal","MOUNT CROSBY"
"Animal","Attack","Not An Attack","CARINA"
"Animal","Attack","Not An Attack","INALA"
"Animal","Other Animal","Nuisance Animal","OXLEY"
"Animal","Attack","Attack On An Animal","UPPER MOUNT GRAVATT"
"Animal","Other Animal","Fox","BURBANK"
"Animal","Dog","Wandering","ASHGROVE"
"Animal","Dog","Defecating In Public","HAMILTON"
"Animal","Cat","Wandering","ASPLEY"
"Animal","Dog","Fencing Issues","MITCHELTON"
"Animal","Dog","Too Many Animals","SANDGATE"
"Animal","Cat","","SANDGATE"
"Animal","Cat","Wandering","ROBERTSON"
"Animal","Other Animal","","EVERTON PARK"
"Animal","Dog","Wandering","YERONGA"
"Animal","Other Animal","Unregistered","BRIDGEMAN DOWNS"
"Animal","Attack","Attack On A Person","ZILLMERE"
"Animal","Other Animal","","MOUNT CROSBY"
"Animal","Cat Trapping","","CARINA HEIGHTS"
"Animal","Attack","Attack On An Animal","BRISBANE CITY"
"Animal","Dog","Wandering","INDOOROOPILLY"
"Animal","Dog","Fencing Issues","INALA"
"Animal","Dog","Too Many Animals","KALINGA"
"Animal","Cat Trapping","","CARINA"
"Animal","Dog","Too Many Animals","NUNDAH"
"Animal","Cat Trapping","","STAFFORD HEIGHTS"
"Animal","Other Animal","Fox","BURBANK"
"Animal","Attack","Not An Attack","NUNDAH"
"Animal","Attack","Attack On An Animal","KENMORE"
"Animal","Dog","Odour","DEAGON"
"Animal","Dog","Fencing Issues","STRETTON"
"Animal","Dog","Fencing Issues","STRETTON"
"Animal","Dog","Wandering","STRETTON"
"Animal","Dog","Defecating In Public","BELLBOWRIE"
"Animal","Cat","","CARINA HEIGHTS"
"Animal","Cat Trapping","","CALAMVALE"
"Animal","Attack","Attack On An Animal","MOUNT OMMANEY"
"Animal","Dog","Fencing Issues","ASPLEY"
"Animal","Attack","Not An Attack","CHERMSIDE WEST"
"Animal","Attack","","WINDSOR"
"Animal","Attack","","ASHGROVE"
"Animal","Dog","Fencing Issues","SEVEN HILLS"
"Animal","Dog","Wandering","UPPER MOUNT GRAVATT"
"Animal","Attack","Not An Attack","BULIMBA"
"Animal","Attack","","YERONGA"
"Animal","Cat","Wandering","WISHART"
"Animal","Attack","","COOPERS PLAINS"
"Animal","Attack","Menacing","HENDRA"
"Animal","Cat","Wandering","MOUNT OMMANEY"
"Animal","Cat Trapping","","MOOROOKA"
"Animal","Other Animal","","MACKENZIE"
"Animal","Other Animal","","MACKENZIE"
"Animal","Dog","","WINDSOR"
"Animal","Cat","","FITZGIBBON"
"Animal","Dog","Fencing Issues","CARINA HEIGHTS"
"Animal","Attack","Attack On An Animal","WEST END"
"Animal","Attack","Menacing","SHORNCLIFFE"
"Animal","Dog","Fencing Issues","NEW FARM"
"Animal","Attack","Attack On A Person","WISHART"
"Animal","Attack","","VIRGINIA"
"Animal","Dog","Unregistered","ACACIA RIDGE"
"Animal","Other Animal","Odour","ROCHEDALE"
"Animal","Attack","Attack On A Person","TARRAGINDI"
"Animal","Attack","","DOOLANDELLA"
"Animal","Cat Trapping","","ANNERLEY"
"Animal","Cat","Wandering","MILTON"
"Animal","Dog","Wandering","BULIMBA"
"Animal","Attack","Not An Attack","BRACKEN RIDGE"
"Animal","Attack","Menacing","HIGHGATE HILL"
"Animal","Attack","Attack On A Person","BANYO"
"Animal","Attack","Menacing","INALA"
"Animal","Dog","Fencing Issues","STAFFORD HEIGHTS"
"Animal","Cat","Wandering","COOPERS PLAINS"
"Animal","Cat","Wandering","COOPERS PLAINS"
"Animal","Dog","Wandering","NUDGEE BEACH"
"Animal","Dog","Fencing Issues","FIG TREE POCKET"
"Animal","Attack","Attack On A Person","CORINDA"
"Animal","Dog","Wandering","BRACKEN RIDGE"
"Animal","Dog","Fencing Issues","ELLEN GROVE"
"Animal","Dog","Wandering","INALA"
"Animal","Dog","","SUMNER"
"Animal","Dog","Unregistered",""
"Animal","Dog","Unregistered",""
"Animal","Dog","Wandering","SUNNYBANK HILLS"
"Animal","Dog","Fencing Issues","GREENSLOPES"
"Animal","Other Animal","Wandering","MOUNT GRAVATT EAST"
"Animal","Attack","Attack On A Person","CAMP HILL"
"Animal","Dog","Dog","GAYTHORNE"
"Animal","Dog","Odour","COORPAROO"
"Animal","Dog","Fencing Issues","RIVERHILLS"
"Animal","Dog","Unregistered","ALGESTER"
"Animal","Dog","Fencing Issues","MOOROOKA"
"Animal","Other Animal","Fox","MANLY WEST"
"Animal","Dog","Fencing Issues","RUNCORN"
"Animal","Attack","","CARINA HEIGHTS"
"Animal","Cat","Wandering","DREWVALE"
"Animal","Attack","Not An Attack","INALA"
"Animal","Cat","Wandering","INALA"
"Animal","Dog","Wandering","DURACK"
"Animal","Dog","Unregistered","BRIGHTON"
"Animal","Dog","Wandering","EVERTON PARK"
"Animal","Other Animal","Fox","WYNNUM"
"Animal","Attack","Attack On An Animal","DUTTON PARK"
"Animal","Attack","Not An Attack","INDOOROOPILLY"
"Animal","Cat Trapping","","ALGESTER"
"Animal","Attack","Not An Attack","ASCOT"
"Animal","Dog","Fencing Issues","ZILLMERE"
"Animal","Dog","Fencing Issues","ZILLMERE"
"Animal","Dog","Fencing Issues","DEAGON"
"Animal","Attack","","BRISBANE CITY"
"Animal","Attack","Attack On A Person","MOOROOKA"
"Animal","Dog","Fencing Issues","MANLY WEST"
"Animal","Cat","","CHERMSIDE"
"Animal","Dog","Defecating In Public","COORPAROO"
"Animal","Dog","Wandering","CALAMVALE"
"Animal","Attack","Attack On A Person","NEW FARM"
"Animal","Attack","","SUMNER"
"Animal","Other Animal","Nuisance Animal","FOREST LAKE"
"Animal","Other Animal","Unregistered","KURABY"
"Animal","Attack","","CALAMVALE"
"Animal","Attack","Attack On A Person","CALAMVALE"
"Animal","Attack","Attack On A Person","BELLBOWRIE"
"Animal","Attack","Attack On An Animal","GREENSLOPES"
"Animal","Attack","Attack On An Animal","CARSELDINE"
"Animal","Dog","Wandering","MCDOWALL"
"Animal","Dog","","CARINA"
"Animal","Cat Trapping","","ALBION"
"Animal","Attack","Attack On A Person","GREENSLOPES"
"Animal","Dog","Too Many Animals","WOOLLOONGABBA"
"Animal","Cat Trapping","","WISHART"
"Animal","Dog","Defecating In Public","CARINDALE"
"Animal","Other Animal","Fox","MANLY WEST"
"Animal","Other Animal","","WYNNUM WEST"
"Animal","Dog","Fencing Issues","CARINA HEIGHTS"
"Animal","Attack","Attack On A Person","MOUNT GRAVATT EAST"
"Animal","Other Animal","Wandering","ACACIA RIDGE"
"Animal","Cat","Wandering","CARINA HEIGHTS"
"Animal","Dog","Wandering","ASHGROVE"
"Animal","Cat","Wandering","THE GAP"
"Animal","Cat","Wandering","NEWMARKET"
"Animal","Cat Trapping","","GREENSLOPES"
"Animal","Attack","Attack On An Animal","RUNCORN"
"Animal","Dog","Unregistered",""
"Animal","Other Animal","Wandering","MOUNT GRAVATT EAST"
"Animal","Other Animal","Deer","UPPER BROOKFIELD"
"Animal","Dog","Fencing Issues","MOOROOKA"
"Animal","Cat","Wandering","WILLAWONG"
"Animal","Attack","","MACGREGOR"
"Animal","Attack","Attack On An Animal","KENMORE"
"Animal","Dog","Wandering","SANDGATE"
"Animal","Dog","Wandering","WEST END"
"Animal","Cat","","BOONDALL"
"Animal","Attack","Attack On An Animal","CHAPEL HILL"
"Animal","Other Animal","","HOLLAND PARK WEST"
"Animal","Cat Trapping","","COORPAROO"
"Animal","Attack","Attack On A Person","ZILLMERE"
"Animal","Dog","Wandering","NATHAN"
"Animal","Attack","Attack On A Person","CAMP HILL"
"Animal","Dog","Defecating In Public","MITCHELTON"
"Animal","Attack","","WYNNUM WEST"
"Animal","Dog","Fencing Issues","BRACKEN RIDGE"
"Animal","Dog","Fencing Issues","WOOLOOWIN"
"Animal","Cat","Wandering","STAFFORD"
"Animal","Cat","Wandering","INALA"
"Animal","Cat","Wandering","ENOGGERA"
"Animal","Cat","Wandering","BRACKEN RIDGE"
"Animal","Attack","Not An Attack","STAFFORD"
"Animal","Dog","Odour","MORNINGSIDE"
"Animal","Dog","Fencing Issues","SEVEN HILLS"
"Animal","Dog","Fencing Issues","NEWMARKET"
"Animal","Attack","Menacing","GRACEVILLE"
"Animal","Dog","Wandering","NORTHGATE"
"Animal","Cat","Wandering","INALA"
"Animal","Other Animal","Nuisance Animal","KEDRON"
"Animal","Dog","Fencing Issues","BELLBOWRIE"
"Animal","Other Animal","","GUMDALE"
"Animal","Dog","Too Many Animals","NUNDAH"
"Animal","Dog","Too Many Animals","NUNDAH"
"Animal","Other Animal","Fencing Issues","PALLARA"
"Animal","Other Animal","Fencing Issues","NORTHGATE"
"Animal","Dog","Wandering","EVERTON PARK"
"Animal","Attack","Not An Attack","BOONDALL"
"Animal","Dog","Too Many Animals","WAVELL HEIGHTS"
"Animal","Dog","Unregistered","WAVELL HEIGHTS"
"Animal","Dog","Wandering","EVERTON PARK"
"Animal","Other Animal","Deer","MOUNT OMMANEY"
"Animal","Dog","Wandering","YERONGA"
"Animal","Dog","Wandering","CHERMSIDE WEST"
"Animal","Cat Trapping","","CLAYFIELD"
"Animal","Attack","","ENOGGERA"
"Animal","Dog","Fencing Issues","STAFFORD"
"Animal","Dog","Fencing Issues","CALAMVALE"
"Animal","Attack","Attack On An Animal","GRACEVILLE"
"Animal","Dog","Fencing Issues","GEEBUNG"
"Animal","Cat","Wandering","HOLLAND PARK WEST"
"Animal","Cat Trapping","","HENDRA"
"Animal","Dog","Wandering","CARINA"
"Animal","Other Animal","Pest / Feral Animal","BROOKFIELD"
"Animal","Dog","Defecating In Public","MCDOWALL"
"Animal","Other Animal","Wild Dog","UPPER BROOKFIELD"
"Animal","Dog","Fencing Issues","TARRAGINDI"
"Animal","Dog","Unregistered","BRIGHTON"
"Animal","Attack","Attack On A Person","VIRGINIA"
"Animal","Attack","Attack On An Animal","CLAYFIELD"
"Animal","Cat","Wandering","FERNY GROVE"
"Animal","Cat","Wandering","KURABY"
"Animal","Dog","Wandering","NUDGEE BEACH"
"Animal","Other Animal","Fox","BROOKFIELD"
"Animal","Cat","","NUDGEE"
"Animal","Dog","Wandering","CAMP HILL"
"Animal","Attack","Menacing","GREENSLOPES"
"Animal","Cat","Wandering","ACACIA RIDGE"
"Animal","Other Animal","Deer","MOGGILL"
"Animal","Dog","Fencing Issues","WYNNUM"
"Animal","Attack","Attack On A Person","ROCHEDALE"
"Animal","Dog","Fencing Issues","ALGESTER"
"Animal","Dog","Wandering","WYNNUM"
"Animal","Attack","Attack On An Animal","ELLEN GROVE"
"Animal","Attack","Attack On An Animal","KALINGA"
"Animal","Attack","Attack On An Animal","SUNNYBANK"
"Animal","Cat","Wandering","THE GAP"
"Animal","Attack","Menacing","CAMP HILL"
"Animal","Other Animal","Fox","BRIDGEMAN DOWNS"
"Animal","Attack","Attack On An Animal","HERSTON"
"Animal","Dog","Fencing Issues","KALINGA"
"Animal","Other Animal","Deer","ANSTEAD"
"Animal","Attack","","SUNNYBANK HILLS"
"Animal","Attack","Attack On An Animal","BELLBOWRIE"
"Animal","Cat Trapping","","WAVELL HEIGHTS"
"Animal","Dog","Fencing Issues","SUNNYBANK"
"Animal","Dog","Fencing Issues","EVERTON PARK"
"Animal","Attack","Attack On An Animal","ZILLMERE"
"Animal","Dog","","BALD HILLS"
"Animal","Dog","Wandering","CORINDA"
"Animal","Dog","Fencing Issues","ANNERLEY"
"Animal","Attack","Attack On An Animal","RANSOME"
"Animal","Attack","Not An Attack","KEPERRA"
"Animal","Attack","Menacing","CALAMVALE"
"Animal","Dog","Fencing Issues","CHERMSIDE"
"Animal","Attack","Not An Attack","WILSTON"
"Animal","Dog","Unregistered","BELLBOWRIE"
"Animal","Attack","Menacing","KARANA DOWNS"
"Animal","Attack","Attack On A Person","KURABY"
"Animal","Attack","Attack On An Animal","ASPLEY"
"Animal","Cat Trapping","","MURARRIE"
"Animal","Attack","Attack On An Animal","HOLLAND PARK WEST"
"Animal","Cat","Wandering","STAFFORD HEIGHTS"
"Animal","Dog","Unregistered",""
"Animal","Attack","Attack On A Person","MOOROOKA"
"Animal","Dog","Wandering","ASCOT"
"Animal","Attack","","HIGHGATE HILL"
"Animal","Other Animal","Fox","PINJARRA HILLS"
"Animal","Attack","Attack On A Person","ZILLMERE"
"Animal","Dog","","MANLY"
"Animal","Cat Trapping","","WEST END"
"Animal","Dog","Fencing Issues","ROCKLEA"
"Animal","Dog","Fencing Issues","MITCHELTON"
"Animal","Dog","Fencing Issues","ROCKLEA"
"Animal","Dog","Fencing Issues","EVERTON PARK"
"Animal","Dog","Wandering","CARINDALE"
"Animal","Attack","","INALA"
"Animal","Attack","Attack On A Person","RED HILL"
"Animal","Cat","Wandering","KANGAROO POINT"
"Animal","Dog","Odour","MORNINGSIDE"
"Animal","Dog","Fencing Issues","BRISBANE CITY"
"Animal","Attack","Menacing","NEWSTEAD"
"Animal","Dog","Fencing Issues","RUNCORN"
"Animal","Attack","Not An Attack","ASPLEY"
"Animal","Cat Trapping","","THE GAP"
"Animal","Dog","","MITCHELTON"
"Animal","Cat","Wandering","DREWVALE"
"Animal","Attack","Attack On A Person","BALMORAL"
"Animal","Dog","Wandering","CHAPEL HILL"
"Animal","Attack","","CARINA"
"Animal","Other Animal","Fox","UPPER BROOKFIELD"
"Animal","Dog","Fencing Issues","MITCHELTON"
"Animal","Cat Trapping","","HEMMANT"
"Animal","Other Animal","Fox","GUMDALE"
"Animal","Cat Trapping","","GUMDALE"
"Animal","Attack","Attack On An Animal","SALISBURY"
"Animal","Cat","Wandering","CLAYFIELD"
"Animal","Dog","Wandering","MOUNT GRAVATT EAST"
"Animal","Other Animal","Fox","KARANA DOWNS"
"Animal","Cat","Wandering","NORTHGATE"
"Animal","Cat","Wandering","ALGESTER"
"Animal","Cat","Wandering","DURACK"
"Animal","Cat","Wandering","HOLLAND PARK WEST"
"Animal","Dog","Defecating In Public","GORDON PARK"
"Animal","Dog","Fencing Issues","CHERMSIDE"
"Animal","Dog","Unregistered","LUTWYCHE"
"Animal","Attack","Not An Attack","TOOWONG"
"Animal","Attack","Not An Attack","TOOWONG"
"Animal","Attack","Attack On A Person","TOOWONG"
"Animal","Attack","","MOOROOKA"
"Animal","Other Animal","Wild Dog","UPPER BROOKFIELD"
"Animal","Dog","Wandering","WEST END"
"Animal","Cat Trapping","","ST LUCIA"
"Animal","Attack","Attack On An Animal","DREWVALE"
"Animal","Dog","Unregistered","DOOLANDELLA"
"Animal","Dog","Unregistered","DOOLANDELLA"
"Animal","Dog","Wandering","MOGGILL"
"Animal","Attack","Attack On A Person","MITCHELTON"
"Animal","Dog","Wandering","ROCHEDALE"
"Animal","Attack","Attack On An Animal","WAVELL HEIGHTS"
"Animal","Dog","Fencing Issues","BARDON"
"Animal","Other Animal","Deer","JINDALEE"
"Animal","Dog","Fencing Issues","WYNNUM"
"Animal","Attack","","NORTHGATE"
"Animal","Other Animal","Nuisance Animal","MANLY WEST"
"Animal","Dog","Fencing Issues","KURABY"
"Animal","Attack","","WAVELL HEIGHTS"
"Animal","Attack","","COORPAROO"
"Animal","Dog","Defecating In Public","WOOLLOONGABBA"
"Animal","Cat Trapping","","ALGESTER"
"Animal","Cat Trapping","","BRISBANE CITY"
"Animal","Other Animal","Fox","MOOROOKA"
"Animal","Attack","","RUNCORN"
"Animal","Other Animal","Fox","FOREST LAKE"
"Animal","Dog","Wandering","BRIGHTON"
"Animal","Dog","Too Many Animals","LOTA"
"Animal","Other Animal","Fox","BURBANK"
"Animal","Other Animal","Wandering","GEEBUNG"
"Animal","Attack","Attack On An Animal","GORDON PARK"
"Animal","Other Animal","Fox","KENMORE"
"Animal","Attack","Attack On An Animal","BALD HILLS"
"Animal","Attack","Attack On An Animal","MANLY WEST"
"Animal","Cat Trapping","","CAMP HILL"
"Animal","Dog","Too Many Animals","MANLY WEST"
"Animal","Attack","Not An Attack","INALA"
"Animal","Attack","Attack On An Animal","MOOROOKA"
"Animal","Attack","Attack On An Animal","STONES CORNER"
"Animal","Other Animal","Odour","INDOOROOPILLY"
"Animal","Other Animal","Fencing Issues","EIGHT MILE PLAINS"
"Animal","Cat Trapping","","RICHLANDS"
"Animal","Dog","","EVERTON PARK"
"Animal","Dog","Too Many Animals","HENDRA"
"Animal","Cat Trapping","","INALA"
"Animal","Attack","","INALA"
"Animal","Dog","Fencing Issues","ROCHEDALE"
"Animal","Other Animal","Nuisance Animal","ASPLEY"
"Animal","Dog","Wandering","WEST END"
"Animal","Dog","Wandering","COORPAROO"
"Animal","Dog","","NEW FARM"
"Animal","Dog","Unregistered","MURARRIE"
"Animal","Cat Trapping","","ASPLEY"
"Animal","Dog","Unregistered","MOUNT GRAVATT EAST"
"Animal","Attack","","KALINGA"
"Animal","Attack","Attack On An Animal","GREENSLOPES"
"Animal","Attack","Attack On An Animal","FOREST LAKE"
"Animal","Attack","","WYNNUM"
"Animal","Dog","Wandering","UPPER KEDRON"
"Animal","Dog","Wandering","CAMP HILL"
"Animal","Dog","Fencing Issues","CLAYFIELD"
"Animal","Dog","Fencing Issues","STRETTON"
"Animal","Dog","Fencing Issues","STRETTON"
"Animal","Attack","","MURARRIE"
"Animal","Dog","Wandering","BROOKFIELD"
"Animal","Attack","Attack On A Person","GREENSLOPES"
"Animal","Cat","Wandering","BRACKEN RIDGE"
"Animal","Attack","Menacing","COORPAROO"
"Animal","Dog","Fencing Issues","KEPERRA"
"Animal","Cat","Wandering","NORTHGATE"
"Animal","Other Animal","Fox","KARANA DOWNS"
"Animal","Cat Trapping","","WAKERLEY"
"Animal","Dog","Defecating In Public","ASPLEY"
"Animal","Other Animal","Not An Attack","BRIGHTON"
"Animal","Attack","","NUNDAH"
"Animal","Cat","Wandering","NEWMARKET"
"Animal","Dog","","JINDALEE"
"Animal","Dog","Fencing Issues","KEPERRA"
"Animal","Cat Trapping","","FOREST LAKE"
"Animal","Cat Trapping","","ASPLEY"
"Animal","Dog","Defecating In Public","BRIGHTON"
"Animal","Attack","Not An Attack","JINDALEE"
"Animal","Attack","Not An Attack","JINDALEE"
"Animal","Cat","Wandering","STAFFORD HEIGHTS"
"Animal","Attack","Attack On An Animal","CALAMVALE"
"Animal","Attack","Attack On An Animal","INALA"
"Animal","Dog","Wandering","ANSTEAD"
"Animal","Attack","Attack On A Person","AUCHENFLOWER"
"Animal","Dog","Wandering","NEWSTEAD"
"Animal","Dog","Fencing Issues","FOREST LAKE"
"Animal","Cat Trapping","","SEVENTEEN MILE ROCKS"
"Animal","Other Animal","","BALD HILLS"
"Animal","Attack","Menacing","MANSFIELD"
"Animal","Cat Trapping","","BRACKEN RIDGE"
"Animal","Dog","Wandering","SHORNCLIFFE"
"Animal","Attack","","ENOGGERA"
"Animal","Cat","Wandering","CARINA"
"Animal","Dog","Too Many Animals","WOOLLOONGABBA"
"Animal","Attack","Attack On An Animal","ASHGROVE"
"Animal","Dog","Wandering","SINNAMON PARK"
"Animal","Attack","Attack On An Animal","KEPERRA"
"Animal","Attack","","FITZGIBBON"
"Animal","Cat Trapping","","SANDGATE"
"Animal","Cat Trapping","","BURBANK"
"Animal","Attack","Attack On A Person","THE GAP"
"Animal","Dog","Too Many Animals","NORMAN PARK"
"Animal","Cat","Wandering","DREWVALE"
"Animal","Dog","Unregistered","INALA"
"Animal","Dog","Wandering","WOOLOOWIN"
"Animal","Cat","Wandering","BRACKEN RIDGE"
"Animal","Other Animal","Fox","KENMORE HILLS"
"Animal","Dog","Unregistered","COORPAROO"
"Animal","Dog","Wandering","CHERMSIDE WEST"
"Animal","Dog","Wandering","BRIDGEMAN DOWNS"
"Animal","Dog","Wandering","NEW FARM"
"Animal","Cat Trapping","","THE GAP"
"Animal","Dog","Wandering","MANLY"
"Animal","Dog","Fencing Issues","CARINDALE"
"Animal","Cat","Wandering","GRANGE"
"Animal","Attack","Not An Attack","RUNCORN"
"Animal","Attack","","NUDGEE BEACH"
"Animal","Attack","Attack On A Person","DURACK"
"Animal","Dog","Unregistered","HOLLAND PARK WEST"
"Animal","Attack","","BRIDGEMAN DOWNS"
"Animal","Cat Trapping","","MOUNT GRAVATT EAST"
"Animal","Dog","Wandering","COORPAROO"
"Animal","Other Animal","Odour","EIGHT MILE PLAINS"
"Animal","Other Animal","Nuisance Animal","INALA"
"Animal","Dog","Fencing Issues","CARINA HEIGHTS"
"Animal","Dog","Wandering","RUNCORN"
"Animal","Other Animal","Wild Dog","UPPER BROOKFIELD"
"Animal","Dog","Too Many Animals","HENDRA"
"Animal","Dog","Defecating In Public","COORPAROO"
"Animal","Other Animal","Nuisance Animal","WILSTON"
"Animal","Attack","Menacing","ELLEN GROVE"
"Animal","Attack","","BRIGHTON"
"Animal","Attack","Attack On An Animal","NUDGEE BEACH"
"Animal","Dog","Wandering","TARRAGINDI"
"Animal","Attack","","STONES CORNER"
"Animal","Cat","Wandering","FITZGIBBON"
"Animal","Dog","Fencing Issues","INALA"
"Animal","Dog","Fencing Issues","MOGGILL"
"Animal","Dog","Too Many Animals","HENDRA"
"Animal","Dog","Too Many Animals","HENDRA"
"Animal","Attack","Attack On A Person","ROBERTSON"
"Animal","Other Animal","Fox","CORINDA"
"Animal","Attack","Not An Attack","FOREST LAKE"
"Animal","Attack","Dangerous","BANYO"
"Animal","Attack","Attack On An Animal","ASHGROVE"
"Animal","Attack","","ALDERLEY"
"Animal","Dog","Unregistered","ELLEN GROVE"
"Animal","Dog","Too Many Animals","ELLEN GROVE"
"Animal","Attack","","MANLY WEST"
"Animal","Dog","Fencing Issues","MANLY WEST"
"Animal","Cat","Wandering","CLAYFIELD"
"Animal","Attack","Attack On A Person","STAFFORD"
"Animal","Attack","Attack On A Person","BRIDGEMAN DOWNS"
"Animal","Other Animal","Fox","MOGGILL"
"Animal","Dog","Fencing Issues","MORNINGSIDE"
"Animal","Dog","Wandering","RIVERHILLS"
"Animal","Dog","Fencing Issues","MURARRIE"
"Animal","Dog","Fencing Issues","WAKERLEY"
"Animal","Cat","Wandering","HOLLAND PARK WEST"
"Animal","Other Animal","Fox","COOPERS PLAINS"
"Animal","Dog","Fencing Issues","INALA"
"Animal","Dog","Fencing Issues","BRACKEN RIDGE"
"Animal","Cat Trapping","","CHERMSIDE"
"Animal","Other Animal","Nuisance Animal","INALA"
"Animal","Cat","Wandering","HOLLAND PARK WEST"
"Animal","Dog","Wandering","CHERMSIDE WEST"
"Animal","Dog","Wandering","CHERMSIDE WEST"
"Animal","Dog","Fencing Issues","MANLY WEST"
"Animal","Attack","Not An Attack","BRIDGEMAN DOWNS"
"Animal","Cat Trapping","","SUNNYBANK"
"Animal","Other Animal","Nuisance Animal","SUNNYBANK HILLS"
"Animal","Other Animal","Fox","MACGREGOR"
"Animal","Dog","Wandering","CARINDALE"
"Animal","Attack","","SUNNYBANK HILLS"
"Animal","Dog","Odour","MANLY WEST"
"Animal","Other Animal","Nuisance Animal","MACKENZIE"
"Animal","Attack","Attack On An Animal","ST LUCIA"
"Animal","Dog","Wandering","FERNY GROVE"
"Animal","Cat Trapping","","ST LUCIA"
"Animal","Attack","Attack On An Animal","INALA"
"Animal","Attack","Attack On A Person","STAFFORD"
"Animal","Cat","Wandering","HEMMANT"
"Animal","Attack","Not An Attack","SUNNYBANK HILLS"
"Animal","Attack","Dangerous","THE GAP"
"Animal","Attack","","BRIGHTON"
"Animal","Attack","","ROCHEDALE"
"Animal","Other Animal","Deer","PULLENVALE"
"Animal","Attack","Attack On An Animal","YERONGA"
"Animal","Dog","Wandering","LOTA"
"Animal","Attack","Attack On An Animal","EVERTON PARK"
"Animal","Attack","Attack On An Animal","CORINDA"
"Animal","Other Animal","Wild Dog","WACOL"
"Animal","Attack","Attack On A Person","CAMP HILL"
"Animal","Attack","Attack On A Person","CAMP HILL"
"Animal","Dog","Unregistered",""
"Animal","Other Animal","Wild Dog","RIVERHILLS"
"Animal","Dog","Fencing Issues","ZILLMERE"
"Animal","Attack","Attack On A Person","FERNY GROVE"
"Animal","Dog","Unregistered",""
"Animal","Dog","Unregistered","COOPERS PLAINS"
"Animal","Dog","Too Many Animals","ANSTEAD"
"Animal","Attack","Attack On A Person","CHERMSIDE"
"Animal","Dog","Fencing Issues","PARKINSON"
"Animal","Dog","Fencing Issues","CHERMSIDE"
"Animal","Dog","Wandering","WILSTON"
"Animal","Attack","","WAKERLEY"
"Animal","Other Animal","Fox","RIVERHILLS"
"Animal","Dog","Wandering","BALD HILLS"
"Animal","Dog","Fencing Issues","MITCHELTON"
"Animal","Dog","Wandering","HENDRA"
"Animal","Attack","Attack On An Animal","EVERTON PARK"
"Animal","Dog","Odour","DARRA"
"Animal","Attack","Attack On An Animal","BRACKEN RIDGE"
"Animal","Dog","Wandering","INALA"
"Animal","Attack","Attack On An Animal","ALGESTER"
"Animal","Dog","Defecating In Public","KENMORE HILLS"
"Animal","Dog","Fencing Issues","KENMORE HILLS"
"Animal","Dog","Too Many Animals","ELLEN GROVE"
"Animal","Dog","Fencing Issues","ZILLMERE"
"Animal","Other Animal","Fencing Issues","CHANDLER"
"Animal","Dog","Fencing Issues","ZILLMERE"
"Animal","Dog","Fencing Issues","ALGESTER"
"Animal","Cat","Wandering","HOLLAND PARK WEST"
"Animal","Attack","Menacing","TINGALPA"
"Animal","Other Animal","Deer","PULLENVALE"
"Animal","Attack","Not An Attack","RUNCORN"
"Animal","Dog","Wandering","FITZGIBBON"
"Animal","Dog","Wandering","YERONGA"
"Animal","Dog","Wandering","WYNNUM"
"Animal","Dog","Wandering","ASHGROVE"
"Animal","Attack","","WOOLLOONGABBA"
"Animal","Dog","Wandering","KALINGA"
"Animal","Dog","Wandering","KALINGA"
"Animal","Dog","Fencing Issues","STAFFORD"
"Animal","Dog","Too Many Animals","WINDSOR"
"Animal","Attack","Attack On A Person","MITCHELTON"
"Animal","Other Animal","Nuisance Animal","NUDGEE BEACH"
"Animal","Cat Trapping","","CHERMSIDE"
"Animal","Other Animal","Wandering","OXLEY"
"Animal","Attack","Attack On An Animal","BELMONT"
"Animal","Dog","Wandering","YERONGA"
"Animal","Dog","Wandering","YERONGA"
"Animal","Other Animal","Odour","NEW FARM"
"Animal","Attack","Attack On An Animal","CHERMSIDE"
"Animal","Attack","Not An Attack","SEVENTEEN MILE ROCKS"
"Animal","Other Animal","Rabbit","BROOKFIELD"
"Animal","Dog","Fencing Issues","KENMORE"
"Animal","Dog","Wandering","CAMP HILL"
"Animal","Other Animal","Feral Pig","UPPER BROOKFIELD"
"Animal","Cat Trapping","","WYNNUM WEST"
"Animal","Attack","Attack On An Animal","CAMP HILL"
"Animal","Other Animal","Fox","DEAGON"
"Animal","Dog","Fencing Issues","ZILLMERE"
"Animal","Dog","Wandering","MANSFIELD"
"Animal","Cat Trapping","","MOOROOKA"
"Animal","Cat","Wandering","RIVERHILLS"
"Animal","Other Animal","Odour","CARINA"
"Animal","Attack","","PINJARRA HILLS"
"Animal","Attack","","RUNCORN"
"Animal","Attack","","ZILLMERE"
"Animal","Cat Trapping","","CARINDALE"
"Animal","Attack","Attack On An Animal","FOREST LAKE"
"Animal","Dog","Wandering","BOONDALL"
"Animal","Other Animal","Fox","DUTTON PARK"
"Animal","Cat","Wandering","LUTWYCHE"
"Animal","Attack","Attack On An Animal","MOGGILL"
"Animal","Attack","Attack On An Animal","HAWTHORNE"
"Animal","Dog","Wandering","BURBANK"
"Animal","Attack","","FIG TREE POCKET"
"Animal","Attack","","RIVERHILLS"
"Animal","Attack","","BALD HILLS"
"Animal","Dog","Fencing Issues","HOLLAND PARK WEST"
"Animal","Dog","Fencing Issues","KENMORE HILLS"
"Animal","Dog","Wandering","EVERTON PARK"
"Animal","Attack","","WEST END"
"Animal","Attack","Menacing","GRACEVILLE"
"Animal","Attack","","WAVELL HEIGHTS"
"Animal","Cat Trapping","","HEATHWOOD"
"Animal","Cat Trapping","","SUNNYBANK"
"Animal","Dog","Wandering","MOOROOKA"
"Animal","Attack","Attack On A Person","NEW FARM"
"Animal","Cat","Wandering","CLAYFIELD"
"Animal","Attack","","HOLLAND PARK WEST"
"Animal","Dog","Wandering","STAFFORD"
"Animal","Cat","Wandering","CHELMER"
"Animal","Dog","","MIDDLE PARK"
"Animal","Dog","Wandering","DURACK"
"Animal","Other Animal","Wild Dog","WACOL"
"Animal","Dog","Too Many Animals","UPPER MOUNT GRAVATT"
"Animal","Cat","Wandering","CARINA HEIGHTS"
"Animal","Dog","Fencing Issues","MOUNT GRAVATT"
"Animal","Attack","","ZILLMERE"
"Animal","Dog","Defecating In Public","PARKINSON"
"Animal","Dog","Fencing Issues","BURBANK"
"Animal","Dog","Fencing Issues","BALD HILLS"
"Animal","Other Animal","Deer","PULLENVALE"
"Animal","Other Animal","Fox","MANSFIELD"
"Animal","Dog","Fencing Issues","TINGALPA"
"Animal","Cat Trapping","","ASHGROVE"
"Animal","Dog","Fencing Issues","ENOGGERA"
"Animal","Dog","Wandering","CARINA"
"Animal","Cat","Wandering","THE GAP"
"Animal","Other Animal","Deer","UPPER BROOKFIELD"
"Animal","Dog","Odour","PARKINSON"
"Animal","Dog","Fencing Issues","KEPERRA"
"Animal","Cat Trapping","","MOOROOKA"
"Animal","Dog","Wandering","MOUNT COOT-THA"
"Animal","Dog","Wandering","LOTA"
"Animal","Dog","Fencing Issues","BANYO"
"Animal","Other Animal","Odour","HENDRA"
"Animal","Cat Trapping","","FOREST LAKE"
"Animal","Attack","Attack On A Person","SPRING HILL"
"Animal","Dog","Wandering","MOOROOKA"
"Animal","Dog","Fencing Issues","BALD HILLS"
"Animal","Dog","Wandering","CANNON HILL"
"Animal","Attack","Attack On An Animal","NUNDAH"
"Animal","Cat Trapping","","BOONDALL"
"Animal","Cat","Wandering","FERNY GROVE"
"Animal","Dog","Fencing Issues","INALA"
"Animal","Cat Trapping","","CARINA"
"Animal","Cat","Wandering","DARRA"
"Animal","Attack","Not An Attack","BANYO"
"Animal","Cat","Wandering","HOLLAND PARK WEST"
"Animal","Dog","Wandering","CAMP HILL"
"Animal","Attack","Not An Attack","FERNY GROVE"
"Animal","Other Animal","Deer","PULLENVALE"
"Animal","Attack","Not An Attack","LUTWYCHE"
"Animal","Attack","Menacing","WEST END"
"Animal","Other Animal","Fencing Issues","PULLENVALE"
"Animal","Cat","Wandering","MANLY WEST"
"Animal","Dog","Wandering","MILTON"
"Animal","Attack","Attack On A Person","ASCOT"
"Animal","Dog","Surrender","MOUNT GRAVATT EAST"
"Animal","Cat","Wandering","KEPERRA"
"Animal","Attack","Attack On A Person","BRACKEN RIDGE"
"Animal","Dog","Wandering","BRACKEN RIDGE"
"Animal","Attack","","ALBION"
"Animal","Cat","Wandering","HOLLAND PARK WEST"
"Animal","Dog","Wandering","BRACKEN RIDGE"
"Animal","Dog","Defecating In Public","SOUTH BRISBANE"
"Animal","Attack","Menacing","CLAYFIELD"
"Animal","Other Animal","Fox","BURBANK"
"Animal","Attack","Attack On An Animal","CHERMSIDE WEST"
"Animal","Attack","Attack On A Person","THE GAP"
"Animal","Other Animal","Nuisance Animal","BALD HILLS"
"Animal","Dog","Too Many Animals","ALGESTER"
"Animal","Attack","Attack On An Animal","GRACEVILLE"
"Animal","Dog","Fencing Issues","WYNNUM"
"Animal","Dog","Wandering","YERONGA"
"Animal","Attack","Attack On A Person","NEW FARM"
"Animal","Attack","Attack On An Animal","WYNNUM"
"Animal","Attack","Attack On An Animal","GORDON PARK"
"Animal","Dog","Fencing Issues","MORNINGSIDE"
"Animal","Other Animal","Fox","MORNINGSIDE"
"Animal","Other Animal","Nuisance Animal","BRISBANE CITY"
"Animal","Dog","Too Many Animals","MCDOWALL"
"Animal","Attack","","EVERTON PARK"
"Animal","Other Animal","Fox","NORMAN PARK"
"Animal","Other Animal","Deer","PULLENVALE"
"Animal","Dog","Defecating In Public","DOOLANDELLA"
"Animal","Dog","Wandering","DOOLANDELLA"
"Animal","Attack","Attack On An Animal","CHERMSIDE WEST"
"Animal","Attack","","ASCOT"
"Animal","Attack","Menacing","COORPAROO"
"Animal","Cat","Wandering","KURABY"
"Animal","Attack","Attack On An Animal","SUNNYBANK HILLS"
"Animal","Attack","Not An Attack","WEST END"
"Animal","Other Animal","Wild Dog","UPPER BROOKFIELD"
"Animal","Dog","Fencing Issues","INALA"
"Animal","Dog","Unregistered","ASCOT"
"Animal","Dog","Defecating In Public","COOPERS PLAINS"
"Animal","Dog","Defecating In Public","COOPERS PLAINS"
"Animal","Other Animal","Rabbit","NUNDAH"
"Animal","Attack","Attack On A Person","ROCHEDALE"
"Animal","Dog","Fencing Issues","INALA"
"Animal","Dog","Wandering","HAMILTON"
"Animal","Other Animal","Wandering","ASPLEY"
"Animal","Attack","","HERSTON"
"Animal","Dog","Fencing Issues","KEPERRA"
"Animal","Dog","Fencing Issues","FOREST LAKE"
"Animal","Dog","Fencing Issues","TARINGA"
"Animal","Attack","Not An Attack","GRANGE"
"Animal","Attack","Menacing","LOTA"
"Animal","Cat Trapping","","BALD HILLS"
"Animal","Dog","Wandering","STRETTON"
"Animal","Dog","Wandering","HOLLAND PARK WEST"
"Animal","Dog","Fencing Issues","WOOLOOWIN"
"Animal","Cat Trapping","","GEEBUNG"
"Animal","Attack","","WISHART"
"Animal","Attack","Attack On A Person","INALA"
"Animal","Attack","Attack On An Animal","LUTWYCHE"
"Animal","Cat","Wandering","EAST BRISBANE"
"Animal","Attack","Attack On An Animal","PADDINGTON"
"Animal","Dog","Fencing Issues","BRIGHTON"
"Animal","Cat Trapping","","CLAYFIELD"
"Animal","Attack","Attack On A Person","YERONGA"
"Animal","Cat Trapping","","MOOROOKA"
"Animal","Attack","Attack On A Person","INALA"
"Animal","Attack","Attack On A Person","NUDGEE"
"Animal","Dog","Wandering","HEMMANT"
"Animal","Dog","Fencing Issues","WISHART"
"Animal","Attack","Attack On An Animal","BANYO"
"Animal","Attack","Attack On An Animal","BANYO"
"Animal","Dog","Wandering","WYNNUM"
"Animal","Dog","Fencing Issues","BANYO"
"Animal","Dog","Defecating In Public","HAMILTON"
"Animal","Cat Trapping","","KEDRON"
"Animal","Other Animal","Nuisance Animal","TINGALPA"
"Animal","Attack","","WISHART"
"Animal","Dog","Fencing Issues","ZILLMERE"
"Animal","Attack","Attack On A Person","WAKERLEY"
"Animal","Attack","","ZILLMERE"
"Animal","Other Animal","Fox","ROCKLEA"
"Animal","Attack","Attack On A Person","SPRING HILL"
"Animal","Attack","Menacing","ASPLEY"
"Animal","Attack","","KENMORE"
"Animal","Attack","Attack On A Person","MANSFIELD"
"Animal","Attack","","NEWMARKET"
"Animal","Attack","Attack On An Animal","STAFFORD HEIGHTS"
"Animal","Attack","Attack On An Animal","WILSTON"
"Animal","Other Animal","Nuisance Animal","NEW FARM"
"Animal","Attack","Attack On An Animal","ROCHEDALE"
"Animal","Dog","Unregistered","NORMAN PARK"
"Animal","Attack","Attack On An Animal","CANNON HILL"
"Animal","Dog","Odour",""
"Animal","Dog","Unregistered","TINGALPA"
"Animal","Attack","Attack On An Animal","WYNNUM"
"Animal","Attack","Attack On A Person","FOREST LAKE"
"Animal","Attack","","MOOROOKA"
"Animal","Attack","Not An Attack","ASPLEY"
"Animal","Dog","Fencing Issues","BURBANK"
"Animal","Dog","Fencing Issues","ZILLMERE"
"Animal","Attack","","INALA"
"Animal","Cat Trapping","","CARINA HEIGHTS"
"Animal","Dog","Unregistered","TOOWONG"
"Animal","Attack","","BELLBOWRIE"
"Animal","Other Animal","Wild Dog","TOOWONG"
"Animal","Attack","","NORMAN PARK"
"Animal","Dog","Wandering","BRIDGEMAN DOWNS"
"Animal","Dog","Wandering","DEAGON"
"Animal","Attack","Attack On An Animal","LOTA"
"Animal","Dog","Fencing Issues","CHERMSIDE"
"Animal","Dog","Wandering","SUNNYBANK HILLS"
"Animal","Dog","Defecating In Public","PADDINGTON"
"Animal","Dog","Wandering","BALD HILLS"
"Animal","Attack","","MOUNT GRAVATT EAST"
"Animal","Attack","","SUNNYBANK HILLS"
"Animal","Dog","Odour","MOUNT GRAVATT EAST"
"Animal","Other Animal","Deer","PULLENVALE"
"Animal","Cat Trapping","","FOREST LAKE"
"Animal","Dog","Wandering","WYNNUM"
"Animal","Dog","Fencing Issues","INALA"
"Animal","Cat Trapping","","SUNNYBANK"
"Animal","Dog","Defecating In Public","WESTLAKE"
"Animal","Dog","Wandering","ASCOT"
"Animal","Other Animal","Deer","PULLENVALE"
"Animal","Dog","Defecating In Public","TOOWONG"
"Animal","Dog","Fencing Issues","THE GAP"
"Animal","Attack","","BALMORAL"
"Animal","Dog","Odour","MANLY WEST"
"Animal","Dog","Odour","MANLY WEST"
"Animal","Dog","Fencing Issues","FOREST LAKE"
"Animal","Cat","Wandering","KURABY"
"Animal","Dog","Fencing Issues","BULIMBA"
"Animal","Dog","Wandering","CHERMSIDE"
"Animal","Attack","Not An Attack","NORTHGATE"
"Animal","Cat","Wandering","GREENSLOPES"
"Animal","Attack","Menacing","WEST END"
"Animal","Attack","Attack On A Person","THE GAP"
"Animal","Other Animal","Fox","GEEBUNG"
"Animal","Dog","Wandering","SINNAMON PARK"
"Animal","Dog","Wandering","WAKERLEY"
"Animal","Cat Trapping","","HENDRA"
"Animal","Attack","Attack On An Animal","GRACEVILLE"
"Animal","Cat","Wandering","BRACKEN RIDGE"
"Animal","Other Animal","Deer","PULLENVALE"
"Animal","Other Animal","Fox","CHANDLER"
"Animal","Other Animal","Fox","LAKE MANCHESTER"
"Animal","Dog","Surrender","HENDRA"
"Animal","Cat Trapping","","BRIGHTON"
"Animal","Dog","Unregistered","MOUNT CROSBY"
"Animal","Cat Trapping","","WAKERLEY"
"Animal","Attack","","WAVELL HEIGHTS"
"Animal","Cat","Wandering","BRACKEN RIDGE"
"Animal","Cat","Wandering","BRACKEN RIDGE"
"Animal","Attack","Attack On A Person","BRIGHTON"
"Animal","Cat Trapping","","CAMP HILL"
"Animal","Other Animal","Wild Dog","WACOL"
"Animal","Cat","Wandering","ANNERLEY"
"Animal","Dog","Wandering","CALAMVALE"
"Animal","Attack","Attack On An Animal","KENMORE"
"Animal","Dog","Unregistered",""
"Animal","Cat Trapping","","DARRA"
"Animal","Other Animal","Fox","OXLEY"
"Animal","Attack","","THE GAP"
"Animal","Attack","","GEEBUNG"
"Animal","Dog","Wandering","KEDRON"
"Animal","Attack","","DUTTON PARK"
"Animal","Other Animal","","NORMAN PARK"
"Animal","Attack","Menacing","KEDRON"
"Animal","Other Animal","Fox","SEVEN HILLS"
"Animal","Attack","Menacing","ZILLMERE"
"Animal","Dog","Unregistered","SANDGATE"
"Animal","Dog","Wandering","KEPERRA"
"Animal","Attack","Attack On An Animal","ZILLMERE"
"Animal","Dog","Wandering","FERNY GROVE"
"Animal","Attack","Not An Attack","BRACKEN RIDGE"
"Animal","Dog","Fencing Issues","CARINA HEIGHTS"
"Animal","Attack","","DEAGON"
"Animal","Dog","Fencing Issues","BRACKEN RIDGE"
"Animal","Cat Trapping","","BRIGHTON"
"Animal","Other Animal","Rabbit","CARINDALE"
"Animal","Attack","","GORDON PARK"
"Animal","Attack","Attack On An Animal","SANDGATE"
"Animal","Attack","","CHELMER"
"Animal","Dog","Fencing Issues","JAMBOREE HEIGHTS"
"Animal","Dog","Wandering","NUDGEE BEACH"
"Animal","Dog","Wandering","ENOGGERA"
"Animal","Dog","Fencing Issues","MOOROOKA"
"Animal","Cat","Wandering","DEAGON"
"Animal","Other Animal","Nuisance Animal","SANDGATE"
"Animal","Dog","","LOTA"
"Animal","Other Animal","Fox","TARRAGINDI"
"Animal","Other Animal","Deer","ANSTEAD"
"Animal","Cat Trapping","","SUNNYBANK HILLS"
"Animal","Attack","Menacing","ACACIA RIDGE"
"Animal","Attack","Attack On A Person","SUNNYBANK"
"Animal","Dog","Wandering","LOTA"
"Animal","Attack","Attack On A Person","MOUNT GRAVATT"
"Animal","Cat","Wandering","SPRING HILL"
"Animal","Dog","","MANLY WEST"
"Animal","Attack","Not An Attack","BRIGHTON"
"Animal","Cat","Wandering","SUNNYBANK"
"Animal","Cat","Wandering","DARRA"
"Animal","Attack","Not An Attack","THE GAP"
"Animal","Attack","Attack On An Animal","HOLLAND PARK WEST"
"Animal","Cat","Wandering","BELMONT"
"Animal","Dog","Wandering","NUDGEE BEACH"
"Animal","Dog","Fencing Issues","WISHART"
"Animal","Dog","Too Many Animals","MACGREGOR"
"Animal","Dog","Too Many Animals","HAWTHORNE"
"Animal","Dog","Fencing Issues","INALA"
"Animal","Attack","Menacing","WISHART"
"Animal","Attack","Attack On An Animal","FOREST LAKE"
"Animal","Cat Trapping","","ST LUCIA"
"Animal","Attack","","BRACKEN RIDGE"
"Animal","Other Animal","Fox","TARRAGINDI"
"Animal","Other Animal","Fox","YEERONGPILLY"
"Animal","Dog","Wandering","KEDRON"
"Animal","Other Animal","Fox","BRIDGEMAN DOWNS"
"Animal","Attack","Attack On An Animal","TOOWONG"
"Animal","Attack","","MITCHELTON"
"Animal","Attack","Attack On A Person","ACACIA RIDGE"
"Animal","Attack","Attack On An Animal","SUNNYBANK"
"Animal","Cat Trapping","","BRIGHTON"
"Animal","Attack","Menacing","WISHART"
"Animal","Attack","","SUNNYBANK"
"Animal","Attack","Attack On An Animal","WILLAWONG"
"Animal","Cat Trapping","","CHANDLER"
"Animal","Other Animal","Nuisance Animal","UPPER MOUNT GRAVATT"
"Animal","Cat Trapping","","ZILLMERE"
"Animal","Dog","Wandering","GUMDALE"
"Animal","Attack","Attack On An Animal","BRACKEN RIDGE"
"Animal","Dog","Unregistered",""
"Animal","Dog","Fencing Issues","CHERMSIDE"
"Animal","Cat Trapping","","ENOGGERA"
"Animal","Other Animal","Nuisance Animal","MOUNT GRAVATT"
"Animal","Cat","Wandering","MITCHELTON"
"Animal","Attack","Attack On An Animal","VIRGINIA"
"Animal","Dog","Wandering","BARDON"
"Animal","Attack","","SEVENTEEN MILE ROCKS"
"Animal","Dog","Unregistered","RUNCORN"
"Animal","Dog","Unregistered",""
"Animal","Dog","Unregistered","CARINA"
"Animal","Attack","Attack On An Animal","MOUNT CROSBY"
"Animal","Other Animal","Deer","ANSTEAD"
"Animal","Other Animal","Wild Dog","WACOL"
"Animal","Dog","Wandering","NORTHGATE"
"Animal","Attack","Attack On A Person","ACACIA RIDGE"
"Animal","Other Animal","Fox","BURBANK"
"Animal","Dog","Wandering","STAFFORD"
"Animal","Dog","Insufficient Space","SANDGATE"
"Animal","Dog","Wandering","WEST END"
"Animal","Attack","Attack On An Animal","RIVERHILLS"
"Animal","Attack","Attack On An Animal","STAFFORD HEIGHTS"
"Animal","Other Animal","Deer","BROOKFIELD"
"Animal","Attack","","SHERWOOD"
"Animal","Attack","Attack On An Animal","BARDON"
"Animal","Other Animal","Fox","MANLY WEST"
"Animal","Other Animal","Fox","UPPER BROOKFIELD"
"Animal","Attack","Not An Attack","TOOWONG"
"Animal","Attack","Not An Attack","TOOWONG"
"Animal","Dog","Too Many Animals","ACACIA RIDGE"
"Animal","Dog","","WEST END"
"Animal","Cat","Wandering","HOLLAND PARK WEST"
"Animal","Attack","Attack On A Person","MANLY WEST"
"Animal","Attack","Attack On An Animal","GREENSLOPES"
"Animal","Dog","Unregistered","RED HILL"
"Animal","Dog","Fencing Issues","BRIGHTON"
"Animal","Cat","Wandering","INALA"
"Animal","Dog","Fencing Issues","NUNDAH"
"Animal","Dog","Fencing Issues","HOLLAND PARK"
"Animal","Other Animal","Fox","CORINDA"
"Animal","Cat Trapping","","WYNNUM"
"Animal","Other Animal","Pest / Feral Animal","SINNAMON PARK"
"Animal","Attack","Attack On An Animal","SALISBURY"
"Animal","Cat Trapping","","ACACIA RIDGE"
"Animal","Attack","Menacing","KENMORE"
"Animal","Other Animal","Fox","OXLEY"
"Animal","Dog","Too Many Animals","YERONGA"
"Animal","Attack","Attack On A Person","ACACIA RIDGE"
"Animal","Dog","Fencing Issues","CALAMVALE"
"Animal","Dog","","MANLY WEST"
"Animal","Attack","Attack On An Animal","STAFFORD HEIGHTS"
"Animal","Other Animal","Nuisance Animal","INALA"
"Animal","Cat Trapping","","WYNNUM WEST"
"Animal","Attack","","TARRAGINDI"
"Animal","Dog","Wandering","OXLEY"
"Animal","Dog","Defecating In Public","ALBION"
"Animal","Cat Trapping","","ZILLMERE"
"Animal","Other Animal","","BELLBOWRIE"
"Animal","Dog","Wandering","MOUNT GRAVATT"
"Animal","Dog","Fencing Issues","NUNDAH"
"Animal","Other Animal","Fox","CARINDALE"
"Animal","Attack","Attack On An Animal","WYNNUM"
"Animal","Dog","","CARINDALE"
"Animal","Other Animal","Deer","MOUNT OMMANEY"
"Animal","Dog","Fencing Issues","CARINDALE"
"Animal","Cat Trapping","","TENERIFFE"
"Animal","Dog","Fencing Issues","SUNNYBANK HILLS"
"Animal","Attack","Attack On An Animal","BARDON"
"Animal","Dog","","BULIMBA"
"Animal","Other Animal","Fencing Issues","ROCHEDALE"
"Animal","Dog","Fencing Issues","MILTON"
"Animal","Dog","Fencing Issues","STAFFORD HEIGHTS"
"Animal","Dog","","BULIMBA"
"Animal","Dog","Wandering","ALGESTER"
"Animal","Attack","Menacing","TARRAGINDI"
"Animal","Cat Trapping","","CANNON HILL"
"Animal","Attack","Attack On An Animal","CHAPEL HILL"
"Animal","Cat Trapping","","BRIGHTON"
"Animal","Attack","Not An Attack","CALAMVALE"
"Animal","Dog","Wandering","CHERMSIDE WEST"
"Animal","Dog","Wandering","MOOROOKA"
"Animal","Attack","Attack On A Person","HIGHGATE HILL"
"Animal","Cat","Wandering","PALLARA"
"Animal","Cat","Wandering","CALAMVALE"
"Animal","Attack","Attack On An Animal","NUDGEE BEACH"
"Animal","Cat","Wandering","NORMAN PARK"
"Animal","Attack","Attack On A Person","NUNDAH"
"Animal","Cat","","SALISBURY"
"Animal","Attack","Not An Attack","CHERMSIDE"
"Animal","Cat","Wandering","MANSFIELD"
"Animal","Dog","Wandering","CARINDALE"
"Animal","Attack","Attack On An Animal","COOPERS PLAINS"
"Animal","Attack","Attack On A Person","HAMILTON"
"Animal","Attack","Menacing","WYNNUM WEST"
"Animal","Cat Trapping","","COOPERS PLAINS"
"Animal","Cat","Wandering","GEEBUNG"
"Animal","Dog","Unregistered",""
"Animal","Attack","Attack On A Person","CHERMSIDE"
"Animal","Other Animal","Fox","BROOKFIELD"
"Animal","Attack","Attack On An Animal","RIVERHILLS"
"Animal","Dog","Wandering","KENMORE"
"Animal","Dog","Wandering","ELLEN GROVE"
"Animal","Attack","Attack On A Person","STAFFORD HEIGHTS"
"Animal","Dog","Wandering","BELLBOWRIE"
"Animal","Dog","Wandering","BELLBOWRIE"
"Animal","Dog","Fencing Issues","CARINA"
"Animal","Dog","Fencing Issues","BRACKEN RIDGE"
"Animal","Dog","Wandering","MILTON"
"Animal","Cat","Wandering","MANSFIELD"
"Animal","Dog","Wandering","YERONGA"
"Animal","Attack","","SUMNER"
"Animal","Attack","","HOLLAND PARK"
"Animal","Dog","Defecating In Public","SANDGATE"
"Animal","Dog","Odour","BANYO"
"Animal","Attack","Attack On An Animal","CHELMER"
"Animal","Cat","Wandering","CARINA HEIGHTS"
"Animal","Cat","","HOLLAND PARK WEST"
"Animal","Dog","Fencing Issues","TARRAGINDI"
"Animal","Other Animal","","COORPAROO"
"Animal","Cat Trapping","","FOREST LAKE"
"Animal","Cat Trapping","","FOREST LAKE"
"Animal","Dog","Wandering","NUDGEE BEACH"
"Animal","Attack","","BRACKEN RIDGE"
"Animal","Dog","Defecating In Public","MOOROOKA"
"Animal","Attack","Attack On A Person","PALLARA"
"Animal","Cat","Wandering","VIRGINIA"
"Animal","Dog","Wandering","ELLEN GROVE"
"Animal","Attack","Not An Attack","SUNNYBANK"
"Animal","Other Animal","Pest / Feral Animal","GRANGE"
"Animal","Dog","Fencing Issues","CAMP HILL"
"Animal","Cat","Wandering","HEMMANT"
"Animal","Dog","Fencing Issues","CARINA"
"Animal","Dog","Wandering","ELLEN GROVE"
"Animal","Dog","Wandering","BULIMBA"
"Animal","Cat Trapping","","ACACIA RIDGE"
"Animal","Dog","Wandering","CARINA HEIGHTS"
"Animal","Attack","","ROBERTSON"
"Animal","Dog","Wandering","WEST END"
"Animal","Other Animal","Fox","COOPERS PLAINS"
"Animal","Cat","Wandering","COOPERS PLAINS"
"Animal","Attack","","MITCHELTON"
"Animal","Attack","Attack On An Animal","SUNNYBANK"
"Animal","Other Animal","","ACACIA RIDGE"
"Animal","Dog","Fencing Issues","MITCHELTON"
"Animal","Cat","","FOREST LAKE"
"Animal","Other Animal","Wild Dog","BRISBANE AIRPORT"
"Animal","Dog","Fencing Issues","KARANA DOWNS"
"Animal","Dog","Unregistered",""
"Animal","Cat Trapping","","YERONGA"
"Animal","Dog","Wandering","RUNCORN"
"Animal","Dog","Wandering","MANLY WEST"
"Animal","Dog","Fencing Issues","MANLY WEST"
"Animal","Other Animal","Insufficient Space","KEDRON"
"Animal","Other Animal","Fox","WYNNUM"
"Animal","Attack","","FITZGIBBON"
"Animal","Dog","Wandering","UPPER KEDRON"
"Animal","Other Animal","Fox","MORNINGSIDE"
"Animal","Cat Trapping","","WACOL"
"Animal","Cat Trapping","","WYNNUM WEST"
"Animal","Attack","","WINDSOR"
"Animal","Attack","Attack On An Animal","DUTTON PARK"
"Animal","Dog","Wandering","WAVELL HEIGHTS"
"Animal","Dog","Fencing Issues","CAMP HILL"
"Animal","Cat","Wandering","INALA"
"Animal","Dog","Fencing Issues","ELLEN GROVE"
"Animal","Attack","Attack On An Animal","ASHGROVE"
"Animal","Dog","Unregistered",""
"Animal","Dog","Fencing Issues","ROCKLEA"
"Animal","Attack","Attack On An Animal","PULLENVALE"
"Animal","Dog","Wandering","ASCOT"
"Animal","Attack","Not An Attack","ASHGROVE"
"Animal","Other Animal","Fox","GEEBUNG"
"Animal","Dog","Wandering","MCDOWALL"
"Animal","Attack","Attack On An Animal","RUNCORN"
"Animal","Attack","","KHOLO"
"Animal","Dog","Fencing Issues","GORDON PARK"
"Animal","Cat","Wandering","HOLLAND PARK WEST"
"Animal","Dog","Wandering","WYNNUM"
"Animal","Dog","Wandering","SUNNYBANK HILLS"
"Animal","Dog","Wandering","SUNNYBANK HILLS"
"Animal","Attack","Menacing","ELLEN GROVE"
"Animal","Cat","Wandering","BRACKEN RIDGE"
"Animal","Cat","Wandering","INALA"
"Animal","Dog","Wandering","CAMP HILL"
"Animal","Cat Trapping","","WYNNUM"
"Animal","Other Animal","Deer","PULLENVALE"
"Animal","Dog","Fencing Issues","INALA"
"Animal","Dog","Fencing Issues","SANDGATE"
"Animal","Cat Trapping","","KANGAROO POINT"
"Animal","Attack","Attack On An Animal","CARSELDINE"
"Animal","Dog","Wandering","EAST BRISBANE"
"Animal","Attack","Attack On A Person","INALA"
"Animal","Other Animal","Nuisance Animal","HOLLAND PARK"
"Animal","Dog","Fencing Issues","INALA"
"Animal","Other Animal","Fox","ROCHEDALE"
"Animal","Dog","Wandering","NUDGEE BEACH"
"Animal","Dog","Fencing Issues","WAVELL HEIGHTS"
"Animal","Dog","Fencing Issues","KURABY"
"Animal","Other Animal","Nuisance Animal","MANSFIELD"
"Animal","Cat Trapping","","INALA"
"Animal","Attack","Attack On A Person","INALA"
"Animal","Dog","Defecating In Public","BELLBOWRIE"
"Animal","Dog","Too Many Animals","BRIGHTON"
"Animal","Dog","Wandering","HAMILTON"
"Animal","Attack","Attack On An Animal","WAVELL HEIGHTS"
"Animal","Attack","Attack On A Person","KEPERRA"
"Animal","Attack","","DEAGON"
"Animal","Cat","Wandering","CHERMSIDE"
"Animal","Dog","Too Many Animals","ELLEN GROVE"
"Animal","Dog","Fencing Issues","ELLEN GROVE"
"Animal","Other Animal","Fencing Issues","INALA"
"Animal","Cat Trapping","","RUNCORN"
"Animal","Cat Trapping","","WYNNUM WEST"
"Animal","Cat","Wandering","MANSFIELD"
"Animal","Attack","Menacing","CARINA"
"Animal","Dog","Fencing Issues","RUNCORN"
"Animal","Dog","Wandering","SANDGATE"
"Animal","Cat Trapping","","MACGREGOR"
"Animal","Other Animal","Wild Dog","PULLENVALE"
"Animal","Other Animal","Fox","BURBANK"
"Animal","Dog","Wandering","CARINA"
"Animal","Cat","Wandering","HOLLAND PARK WEST"
"Animal","Dog","Wandering","MOUNT COOT-THA"
"Animal","Dog","Wandering","MILTON"
"Animal","Attack","Not An Attack","KENMORE"
"Animal","Dog","Wandering","MILTON"
"Animal","Attack","","INALA"
"Animal","Cat Trapping","","COOPERS PLAINS"
"Animal","Dog","Fencing Issues","NUDGEE"
"Animal","Dog","Fencing Issues","INALA"
"Animal","Dog","Wandering","HOLLAND PARK WEST"
"Animal","Other Animal","","BANYO"
"Animal","Dog","Wandering","WYNNUM"
"Animal","Dog","Fencing Issues","CARINA HEIGHTS"
"Animal","Dog","Unregistered","INALA"
"Animal","Cat","Wandering","MANLY WEST"
"Animal","Cat","Wandering","GRACEVILLE"
"Animal","Cat Trapping","","NATHAN"
"Animal","Attack","Menacing","CAMP HILL"
"Animal","Dog","Fencing Issues","SINNAMON PARK"
"Animal","Cat","Wandering","PADDINGTON"
"Animal","Dog","Fencing Issues","STAFFORD HEIGHTS"
"Animal","Attack","","MOUNT CROSBY"
"Animal","Attack","Attack On An Animal","GREENSLOPES"
"Animal","Dog","Odour","HAMILTON"
"Animal","Attack","Not An Attack","YERONGA"
"Animal","Cat","Wandering","HOLLAND PARK WEST"
"Animal","Dog","Defecating In Public","EAST BRISBANE"
"Animal","Cat","Wandering","HOLLAND PARK WEST"
"Animal","Other Animal","Odour","ASPLEY"
"Animal","Cat Trapping","","INALA"
"Animal","Dog","Unregistered","TOOWONG"
"Animal","Dog","Fencing Issues","INALA"
"Animal","Attack","","EIGHT MILE PLAINS"
"Animal","Attack","Not An Attack","LOTA"
"Animal","Cat","","MOGGILL"
"Animal","Other Animal","Deer","UPPER BROOKFIELD"
"Animal","Cat","Wandering","RIVERHILLS"
"Animal","Dog","Wandering","BALD HILLS"
"Animal","Attack","Attack On A Person","MANLY WEST"
"Animal","Dog","Wandering","CANNON HILL"
"Animal","Dog","Defecating In Public","BALD HILLS"
"Animal","Attack","Attack On An Animal","DOOLANDELLA"
"Animal","Dog","Wandering","NUDGEE BEACH"
"Animal","Dog","Fencing Issues","INALA"
"Animal","Attack","Attack On A Person","BANYO"
"Animal","Cat","Wandering","SEVENTEEN MILE ROCKS"
"Animal","Dog","Fencing Issues","NUDGEE"
"Animal","Other Animal","Nuisance Animal","ROBERTSON"
"Animal","Dog","Fencing Issues","BRIDGEMAN DOWNS"
"Animal","Attack","Attack On A Person","MOUNT GRAVATT EAST"
"Animal","Cat","","ELLEN GROVE"
"Animal","Attack","Not An Attack","WISHART"
"Animal","Dog","Wandering","TOOWONG"
"Animal","Attack","Attack On An Animal","MILTON"
"Animal","Dog","Wandering","ASHGROVE"
"Animal","Dog","Fencing Issues","WAVELL HEIGHTS"
"Animal","Dog","Wandering","MOUNT COOT-THA"
"Animal","Attack","Not An Attack","ROCKLEA"
"Animal","Cat","Wandering","CAMP HILL"
"Animal","Other Animal","Fox","GEEBUNG"
"Animal","Cat Trapping","","WYNNUM"
"Animal","Other Animal","Nuisance Animal","INALA"
"Animal","Dog","Wandering","NUDGEE BEACH"
"Animal","Dog","Fencing Issues","SPRING HILL"
"Animal","Cat Trapping","","MOUNT GRAVATT EAST"
"Animal","Attack","Attack On An Animal","NORTHGATE"
"Animal","Attack","Attack On A Person","TENERIFFE"
"Animal","Other Animal","Deer","PULLENVALE"
"Animal","Other Animal","Fox","GEEBUNG"
"Animal","Cat Trapping","","CHERMSIDE"
"Animal","Attack","Attack On A Person","TARRAGINDI"
"Animal","Attack","Attack On A Person","MOUNT GRAVATT"
"Animal","Attack","Attack On An Animal","WYNNUM WEST"
"Animal","Other Animal","Deer","PULLENVALE"
"Animal","Cat Trapping","","WYNNUM"
"Animal","Attack","Attack On A Person","SANDGATE"
"Animal","Dog","Fencing Issues","INALA"
"Animal","Attack","Attack On A Person","ALGESTER"
"Animal","Other Animal","Fox","WYNNUM WEST"
"Animal","Cat Trapping","","ST LUCIA"
"Animal","Attack","Attack On A Person","DARRA"
"Animal","Dog","Fencing Issues","BRIDGEMAN DOWNS"
"Animal","Dog","Fencing Issues","BRIDGEMAN DOWNS"
"Animal","Attack","Attack On A Person","EVERTON PARK"
"Animal","Attack","Attack On An Animal","INALA"
"Animal","Cat Trapping","","NEWSTEAD"
"Animal","Other Animal","Nuisance Animal","RIVERHILLS"
"Animal","Other Animal","Deer","MOGGILL"
"Animal","Attack","Attack On An Animal","PARKINSON"
"Animal","Other Animal","Nuisance Animal","SUNNYBANK HILLS"
"Animal","Attack","Attack On An Animal","ALDERLEY"
"Animal","Cat","Wandering","STRETTON"
"Animal","Cat Trapping","","CLAYFIELD"
"Animal","Other Animal","Deer","PULLENVALE"
"Animal","Cat","Wandering","NORTHGATE"
"Animal","Dog","Unregistered","CARINDALE"
"Animal","Dog","Defecating In Public","BELMONT"
"Animal","Attack","Attack On An Animal","HERSTON"
"Animal","Dog","Fencing Issues","DURACK"
"Animal","Dog","Wandering","INALA"
"Animal","Dog","Wandering","INALA"
"Animal","Dog","Unregistered","MANLY WEST"
"Animal","Dog","Wandering","MANLY"
"Animal","Dog","Fencing Issues","ASHGROVE"
"Animal","Cat","Wandering","HOLLAND PARK WEST"
"Animal","Attack","Menacing","ASPLEY"
"Animal","Cat","Wandering","HEATHWOOD"
"Animal","Dog","Wandering","WYNNUM"
"Animal","Cat","Wandering","HOLLAND PARK WEST"
"Animal","Attack","Not An Attack","STAFFORD"
"Animal","Attack","Attack On An Animal","HERSTON"
"Animal","Attack","","DEAGON"
"Animal","Cat Trapping","","MOUNT COOT-THA"
"Animal","Dog","Fencing Issues","DEAGON"
"Animal","Cat Trapping","","SUNNYBANK"
"Animal","Other Animal","Nuisance Animal","BALD HILLS"
"Animal","Dog","Unregistered","INALA"
"Animal","Cat Trapping","","UPPER BROOKFIELD"
"Animal","Dog","Odour","HIGHGATE HILL"
"Animal","Attack","Attack On A Person","INALA"
"Animal","Other Animal","Nuisance Animal","FOREST LAKE"
"Animal","Cat Trapping","","CHAPEL HILL"
"Animal","Other Animal","Fencing Issues","WYNNUM WEST"
"Animal","Cat Trapping","","KEPERRA"
"Animal","Other Animal","Fox","MOOROOKA"
"Animal","Dog","Unregistered","CHANDLER"
"Animal","Cat","Wandering","HOLLAND PARK WEST"
"Animal","Other Animal","Wild Dog","UPPER BROOKFIELD"
"Animal","Dog","Fencing Issues","BANYO"
"Animal","Attack","Attack On A Person","ASPLEY"
"Animal","Dog","Fencing Issues","STAFFORD"
"Animal","Dog","Fencing Issues","BELMONT"
"Animal","Other Animal","Deer","PULLENVALE"
"Animal","Dog","Fencing Issues","CALAMVALE"
"Animal","Attack","","CHAPEL HILL"
"Animal","Dog","Fencing Issues","KEPERRA"
"Animal","Other Animal","Wild Dog","ASHGROVE"
"Animal","Other Animal","Fox","CARINA"
"Animal","Other Animal","Fox","YERONGA"
"Animal","Cat Trapping","","NATHAN"
"Animal","Other Animal","Nuisance Animal","UPPER MOUNT GRAVATT"
"Animal","Attack","Attack On An Animal","LOTA"
"Animal","Attack","Menacing","CARINA"
"Animal","Dog","Unregistered","MANLY WEST"
"Animal","Dog","Wandering","NUDGEE BEACH"
"Animal","Attack","","WYNNUM WEST"
"Animal","Attack","Attack On A Person","PULLENVALE"
"Animal","Attack","Attack On An Animal","AUCHENFLOWER"
"Animal","Cat Trapping","","ALDERLEY"
"Animal","Dog","Fencing Issues","MITCHELTON"
"Animal","Dog","Unregistered",""
"Animal","Dog","Unregistered",""
"Animal","Attack","Not An Attack","TARRAGINDI"
"Animal","Other Animal","Deer","PULLENVALE"
"Animal","Dog","Unregistered","INALA"
"Animal","Attack","","ENOGGERA"
"Animal","Attack","Not An Attack","ASPLEY"
"Animal","Dog","Fencing Issues","BANYO"
"Animal","Cat Trapping","","COOPERS PLAINS"
"Animal","Other Animal","Nuisance Animal","COOPERS PLAINS"
"Animal","Attack","","FORTITUDE VALLEY"
"Animal","Other Animal","Fox","RIVERHILLS"
"Animal","Dog","Wandering","CAMP HILL"
"Animal","Cat Trapping","","BALD HILLS"
"Animal","Attack","","SPRING HILL"
"Animal","Cat","Wandering","DURACK"
"Animal","Cat","Wandering","DURACK"
"Animal","Cat","Wandering","DURACK"
"Animal","Dog","Wandering","KEPERRA"
"Animal","Dog","Wandering","WEST END"
"Animal","Dog","Fencing Issues","STAFFORD"
"Animal","Other Animal","Deer","PULLENVALE"
"Animal","Dog","Unregistered","MANLY WEST"
"Animal","Dog","Fencing Issues","STRETTON"
"Animal","Dog","Fencing Issues","RUNCORN"
"Animal","Dog","Wandering","SHERWOOD"
"Animal","Other Animal","Nuisance Animal","KURABY"
"Animal","Dog","Fencing Issues","EVERTON PARK"
"Animal","Attack","Attack On A Person","INALA"
"Animal","Attack","","NORTHGATE"
"Animal","Attack","","ENOGGERA"
"Animal","Cat","Wandering","ANNERLEY"
"Animal","Dog","Defecating In Public","COOPERS PLAINS"
"Animal","Dog","Defecating In Public","COOPERS PLAINS"
"Animal","Other Animal","Fox","KARAWATHA"
"Animal","Attack","Attack On An Animal","EVERTON PARK"
"Animal","Dog","Fencing Issues","KELVIN GROVE"
"Animal","Attack","Not An Attack","WAKERLEY"
"Animal","Dog","Unregistered","TOOWONG"
"Animal","Dog","Unregistered",""
"Animal","Cat Trapping","","BALD HILLS"
"Animal","Dog","Fencing Issues","BRACKEN RIDGE"
"Animal","Cat Trapping","","NORTHGATE"
"Animal","Attack","Attack On An Animal","EIGHT MILE PLAINS"
"Animal","Dog","Wandering","ST LUCIA"
"Animal","Cat","Wandering","KANGAROO POINT"
"Animal","Dog","Wandering","FIG TREE POCKET"
"Animal","Other Animal","Deer","PULLENVALE"
"Animal","Dog","Fencing Issues","FOREST LAKE"
"Animal","Dog","Wandering","HAMILTON"
"Animal","Attack","Attack On An Animal","ROCHEDALE"
"Animal","Dog","Unregistered","INALA"
"Animal","Attack","Menacing","UPPER MOUNT GRAVATT"
"Animal","Dog","Fencing Issues","UPPER MOUNT GRAVATT"
"Animal","Dog","Fencing Issues","MITCHELTON"
"Animal","Attack","","CALAMVALE"
"Animal","Other Animal","Odour","STAFFORD HEIGHTS"
"Animal","Other Animal","Fox","CHERMSIDE"
"Animal","Attack","Attack On An Animal","GORDON PARK"
"Animal","Cat","Wandering","HOLLAND PARK WEST"
"Animal","Dog","Fencing Issues","FOREST LAKE"
"Animal","Dog","Wandering","KALINGA"
"Animal","Attack","Attack On An Animal","BRACKEN RIDGE"
"Animal","Attack","Attack On An Animal","BRACKEN RIDGE"
"Animal","Cat Trapping","","ST LUCIA"
"Animal","Cat","Wandering","GREENSLOPES"
"Animal","Attack","","TARRAGINDI"
"Animal","Dog","Fencing Issues","TARRAGINDI"
"Animal","Other Animal","Odour","EVERTON PARK"
"Animal","Attack","Attack On An Animal","MOOROOKA"
"Animal","Other Animal","Fencing Issues","ACACIA RIDGE"
"Animal","Attack","","INALA"
"Animal","Dog","Wandering","BOONDALL"
"Animal","Dog","Fencing Issues","MOUNT GRAVATT EAST"
"Animal","Dog","Wandering","RUNCORN"
"Animal","Attack","","SANDGATE"
"Animal","Other Animal","Wild Dog","RIVERHILLS"
"Animal","Dog","Unregistered","BELLBOWRIE"
"Animal","Cat","Wandering","KARANA DOWNS"
"Animal","Cat","Wandering","MOOROOKA"
"Animal","Cat Trapping","","ST LUCIA"
"Animal","Dog","Wandering","PADDINGTON"
"Animal","Dog","Too Many Animals","KALINGA"
"Animal","Attack","Attack On A Person","NEW FARM"
"Animal","Dog","Wandering","ALDERLEY"
"Animal","Dog","Wandering","KEPERRA"
"Animal","Attack","Attack On A Person","BRACKEN RIDGE"
"Animal","Attack","","MOOROOKA"
"Animal","Dog","Fencing Issues","ROCHEDALE"
"Animal","Dog","Fencing Issues","KARANA DOWNS"
"Animal","Attack","Attack On An Animal","MOOROOKA"
"Animal","Dog","Wandering","YERONGA"
"Animal","Dog","Wandering","YERONGA"
"Animal","Dog","Wandering","YERONGA"
"Animal","Dog","Wandering","YERONGA"
"Animal","Attack","Attack On An Animal","MORNINGSIDE"
"Animal","Dog","Wandering","FOREST LAKE"
"Animal","Attack","","SHERWOOD"
"Animal","Dog","Wandering","ANNERLEY"
"Animal","Cat","Wandering","BRACKEN RIDGE"
"Animal","Dog","Unregistered","CARSELDINE"
"Animal","Attack","","EVERTON PARK"
"Animal","Dog","Fencing Issues","FOREST LAKE"
"Animal","Cat","Wandering","CARINDALE"
"Animal","Cat","Wandering","DARRA"
"Animal","Cat Trapping","","DARRA"
"Animal","Attack","Menacing","KARANA DOWNS"
"Animal","Other Animal","Odour","FOREST LAKE"
"Animal","Dog","Fencing Issues","ZILLMERE"
"Animal","Dog","Wandering","BULIMBA"
"Animal","Cat","Wandering","HOLLAND PARK WEST"
"Animal","Attack","Attack On A Person","NORTHGATE"
"Animal","Dog","Wandering","CARINA"
"Animal","Dog","Wandering","ACACIA RIDGE"
"Animal","Dog","Too Many Animals","AUCHENFLOWER"
"Animal","Other Animal","Wild Dog","UPPER BROOKFIELD"
"Animal","Cat Trapping","","SALISBURY"
"Animal","Dog","Wandering","FIG TREE POCKET"
"Animal","Dog","Fencing Issues","MIDDLE PARK"
"Animal","Dog","Wandering","WINDSOR"
"Animal","Cat","Wandering","BARDON"
"Animal","Dog","Fencing Issues","ROBERTSON"
"Animal","Other Animal","Unregistered","DARRA"
"Animal","Other Animal","Fox","MOGGILL"
"Animal","Dog","Wandering","KEPERRA"
"Animal","Cat","Wandering","FOREST LAKE"
"Animal","Cat","Wandering","KEPERRA"
"Animal","Other Animal","Deer","PULLENVALE"
"Animal","Attack","","KARANA DOWNS"
"Animal","Dog","Fencing Issues","MOOROOKA"
"Animal","Dog","Wandering","YERONGA"
"Animal","Dog","Wandering","GRACEVILLE"
"Animal","Cat Trapping","","MCDOWALL"
"Animal","Dog","","UPPER MOUNT GRAVATT"
"Animal","Dog","Wandering","MOUNT GRAVATT EAST"
"Animal","Attack","","GRACEVILLE"
"Animal","Attack","Attack On An Animal","ALDERLEY"
"Animal","Dog","Wandering","MOOROOKA"
"Animal","Attack","Not An Attack","NUDGEE BEACH"
"Animal","Attack","Attack On A Person","STAFFORD"
"Animal","Dog","Unregistered","NORMAN PARK"
"Animal","Dog","Too Many Animals","NORMAN PARK"
"Animal","Dog","Fencing Issues","CARINDALE"
"Animal","Dog","Odour","HIGHGATE HILL"
"Animal","Attack","Attack On An Animal","BRACKEN RIDGE"
"Animal","Cat Trapping","","ST LUCIA"
"Animal","Dog","Fencing Issues","DEAGON"
"Animal","Dog","Wandering","STRETTON"
"Animal","Attack","Attack On An Animal","ANSTEAD"
"Animal","Dog","Fencing Issues","MITCHELTON"
"Animal","Dog","Wandering","HEMMANT"
"Animal","Cat","Wandering","HOLLAND PARK WEST"
"Animal","Attack","Attack On An Animal","PULLENVALE"
"Animal","Other Animal","Fox","TOOWONG"
"Animal","Dog","Wandering","MOGGILL"
"Animal","Other Animal","Nuisance Animal","UPPER MOUNT GRAVATT"
"Animal","Dog","Odour","WOOLLOONGABBA"
"Animal","Attack","Menacing","COORPAROO"
"Animal","Other Animal","Fencing Issues","KENMORE"
"Animal","Attack","Menacing","KEDRON"
"Animal","Other Animal","Wandering","BARDON"
"Animal","Other Animal","Wild Dog","WACOL"
"Animal","Dog","Fencing Issues","MOOROOKA"
"Animal","Cat Trapping","","BRISBANE CITY"
"Animal","Attack","","BOWEN HILLS"
"Animal","Other Animal","Fox","CHERMSIDE WEST"
"Animal","Dog","Unregistered","FOREST LAKE"
"Animal","Attack","Menacing","FIG TREE POCKET"
"Animal","Dog","Wandering","NUNDAH"
"Animal","Other Animal","Fox","LOTA"
"Animal","Dog","Fencing Issues","ELLEN GROVE"
"Animal","Dog","Unregistered","ELLEN GROVE"
"Animal","Attack","Attack On An Animal","BRACKEN RIDGE"
"Animal","Dog","Wandering","WEST END"
"Animal","Dog","Wandering","WEST END"
"Animal","Cat Trapping","","BRACKEN RIDGE"
"Animal","Cat","Wandering","WYNNUM WEST"
"Animal","Dog","Fencing Issues","NORMAN PARK"
"Animal","Dog","Fencing Issues","INALA"
"Animal","Dog","Too Many Animals","INALA"
"Animal","Other Animal","Fencing Issues","INALA"
"Animal","Attack","Attack On An Animal","SANDGATE"
"Animal","Dog","Fencing Issues","STRETTON"
"Animal","Dog","Fencing Issues","STRETTON"
"Animal","Dog","Fencing Issues","STRETTON"
"Animal","Cat","Wandering","COORPAROO"
"Animal","Attack","","MITCHELTON"
"Animal","Cat","Wandering","SPRING HILL"
"Animal","Cat Trapping","","BRACKEN RIDGE"
"Animal","Cat Trapping","","SUNNYBANK"
"Animal","Other Animal","Too Many Animals","ELLEN GROVE"
"Animal","Other Animal","Deer","PULLENVALE"
"Animal","Attack","","KEPERRA"
"Animal","Attack","Menacing","CARINA"
"Animal","Attack","","ACACIA RIDGE"
"Animal","Other Animal","Fox","SEVEN HILLS"
"Animal","Other Animal","Deer","PULLENVALE"
"Animal","Other Animal","Odour","TARRAGINDI"
"Animal","Attack","","MANLY WEST"
"Animal","Attack","Attack On A Person","CHERMSIDE"
"Animal","Cat","Wandering","MOGGILL"
"Animal","Dog","Wandering","WYNNUM WEST"
"Animal","Dog","Fencing Issues","COORPAROO"
"Animal","Cat Trapping","","CALAMVALE"
"Animal","Attack","Attack On An Animal","BANYO"
"Animal","Dog","Wandering","ASHGROVE"
"Animal","Other Animal","Fox","PULLENVALE"
"Animal","Cat","Wandering","ALBION"
"Animal","Cat Trapping","","KENMORE"
"Animal","Other Animal","Nuisance Animal","CANNON HILL"
"Animal","Other Animal","Deer","PULLENVALE"
"Animal","Dog","Defecating In Public","FORTITUDE VALLEY"
"Animal","Cat Trapping","","ACACIA RIDGE"
"Animal","Attack","Menacing","CAMP HILL"
"Animal","Attack","Menacing","CAMP HILL"
"Animal","Other Animal","Fox","GUMDALE"
"Animal","Cat","Wandering","HEATHWOOD"
"Animal","Cat","Wandering","TARINGA"
"Animal","Dog","Odour","ASPLEY"
"Animal","Cat Trapping","","MOOROOKA"
"Animal","Attack","Attack On An Animal","EVERTON PARK"
"Animal","Attack","Menacing","ZILLMERE"
"Animal","Cat","Wandering","ZILLMERE"
"Animal","Cat","Wandering","WAVELL HEIGHTS"
"Animal","Attack","Not An Attack","KEPERRA"
"Animal","Cat","Wandering","STAFFORD HEIGHTS"
"Animal","Other Animal","Fox","BRIDGEMAN DOWNS"
"Animal","Other Animal","Fox","BRIDGEMAN DOWNS"
"Animal","Dog","Wandering","SPRING HILL"
"Animal","Attack","Attack On A Person","PULLENVALE"
"Animal","Other Animal","Fox","GEEBUNG"
"Animal","Dog","Fencing Issues","MANLY WEST"
"Animal","Dog","Fencing Issues","INALA"
"Animal","Attack","Attack On An Animal","CAMP HILL"
"Animal","Dog","Fencing Issues","UPPER MOUNT GRAVATT"
"Animal","Cat Trapping","","HEATHWOOD"
"Animal","Other Animal","Nuisance Animal","DURACK"
"Animal","Dog","Unregistered","STAFFORD HEIGHTS"
"Animal","Attack","Attack On An Animal","MOUNT GRAVATT EAST"
"Animal","Dog","Defecating In Public","ASPLEY"
"Animal","Cat","Wandering","HOLLAND PARK WEST"
"Animal","Attack","Not An Attack","CLAYFIELD"
"Animal","Dog","Fencing Issues","BELMONT"
"Animal","Attack","","CHERMSIDE"
"Animal","Attack","Attack On A Person","MANSFIELD"
"Animal","Dog","Wandering","ROCKLEA"
"Animal","Dog","Fencing Issues","STAFFORD HEIGHTS"
"Animal","Dog","Wandering","WOOLOOWIN"
"Animal","Dog","Unregistered","KARANA DOWNS"
"Animal","Cat","Wandering","HOLLAND PARK WEST"
"Animal","Attack","Attack On A Person","ANNERLEY"
"Animal","Other Animal","Deer","PULLENVALE"
"Animal","Cat Trapping","","WYNNUM WEST"
"Animal","Cat Trapping","","BRACKEN RIDGE"
"Animal","Dog","Wandering","NEW FARM"
"Animal","Attack","Attack On An Animal","BRACKEN RIDGE"
"Animal","Dog","Defecating In Public","SUNNYBANK HILLS"
"Animal","Attack","Not An Attack","RUNCORN"
"Animal","Cat","Wandering","HOLLAND PARK WEST"
"Animal","Dog","Fencing Issues","BANYO"
"Animal","Dog","Fencing Issues","ROBERTSON"
"Animal","Cat Trapping","","FITZGIBBON"
"Animal","Cat","Wandering","NORTHGATE"
"Animal","Attack","Attack On A Person","MANLY"
"Animal","Dog","Fencing Issues","DREWVALE"
"Animal","Attack","","GORDON PARK"
"Animal","Attack","Attack On A Person","NEW FARM"
"Animal","Attack","Attack On A Person","MITCHELTON"
"Animal","Attack","Attack On An Animal","NUDGEE BEACH"
"Animal","Dog","Insufficient Space","SALISBURY"
"Animal","Dog","Wandering","CARINA"
"Animal","Other Animal","Fox","KEDRON"
"Animal","Cat","Wandering","FOREST LAKE"
"Animal","Other Animal","Odour","ASCOT"
"Animal","Attack","Attack On A Person","CANNON HILL"
"Animal","Dog","Fencing Issues","NORTHGATE"
"Animal","Attack","Attack On A Person","ELLEN GROVE"
"Animal","Dog","Fencing Issues","KENMORE HILLS"
"Animal","Other Animal","Fox","RIVERHILLS"
"Animal","Cat","Wandering","UPPER MOUNT GRAVATT"
