Category: Nature,Category: Type,Category: Reporting Level,Location: Suburb
Animal,Dog,Defecating In Public,STAFFORD
Animal,Cat Trapping,,MCDOWALL
Animal,Dog,Odour,CORINDA
Animal,Dog,Defecating In Public,MOUNT GRAVATT
Animal,Dog,Fencing Issues,EIGHT MILE PLAINS
Animal,Attack,Attack On A Person,CAMP HILL
Animal,Dog,Odour,ELLEN GROVE
Animal,Attack,Attack On An Animal,BRACKEN RIDGE
Animal,Other Animal,,CARINA
Animal,Cat,,WYNNUM WEST
Animal,Cat,,NEWMARKET
Animal,Dog,Defecating In Public,NATHAN
Animal,Attack,Attack On A Person,INALA
Animal,Other Animal,,CHANDLER
Animal,Attack,Attack On A Person,WAVELL HEIGHTS
Animal,Other Animal,,RED HILL
Animal,Other Animal,Nuisance Animal,KARAWATHA
Animal,Attack,Attack On An Animal,TINGALPA
Animal,Attack,Attack On An Animal,FOREST LAKE
Animal,Cat,,WINDSOR
Animal,Attack,Attack On An Animal,CARINA
Animal,Dog,Fencing Issues,SALISBURY
Animal,Other Animal,Fencing Issues,KARAWATHA
Animal,Dog,Odour,NEW FARM
Animal,Other Animal,Odour,STAFFORD
Animal,Cat,,BOONDALL
Animal,Other Animal,Deer,PULLENVALE
Animal,Cat Trapping,,ENOGGERA
Animal,Attack,Attack On An Animal,KEPERRA
Animal,Cat Trapping,,SANDGATE
Animal,Other Animal,Fox,MOGGILL
Animal,Dog,Fencing Issues,SANDGATE
Animal,Attack,Attack On A Person,BANYO
Animal,Dog,Unregistered,DURACK
Animal,Dog,Fencing Issues,SUNNYBANK HILLS
Animal,Attack,Not An Attack,KARANA DOWNS
Animal,Dog,Fencing Issues,SANDGATE
Animal,Other Animal,Nuisance Animal,SALISBURY
Animal,Cat Trapping,,BOONDALL
Animal,Dog,Odour,BOONDALL
Animal,Attack,Attack On An Animal,NORMAN PARK
Animal,Dog,Fencing Issues,BANYO
Animal,Attack,Attack On An Animal,INDOOROOPILLY
Animal,Attack,Menacing,CHERMSIDE WEST
Animal,Dog,Fencing Issues,RIVERHILLS
Animal,Cat,,ANNERLEY
Animal,Other Animal,Nuisance Animal,KEPERRA
Animal,Other Animal,Nuisance Animal,BRIDGEMAN DOWNS
Animal,Dog,Too Many Animals,KEPERRA
Animal,Attack,Attack On A Person,TARINGA
Animal,Dog,Fencing Issues,BALD HILLS
Animal,Other Animal,Fox,WISHART
Animal,Dog,Defecating In Public,TINGALPA
Animal,Dog,Fencing Issues,BANYO
Animal,Dog,Defecating In Public,ASCOT
Animal,Attack,Attack On An Animal,KEPERRA
Animal,Other Animal,Pest / Feral Animal,CHANDLER
Animal,Dog,Unregistered,
Animal,Dog,Fencing Issues,HERSTON
Animal,Dog,Fencing Issues,THE GAP
Animal,Attack,Not An Attack,HAWTHORNE
Animal,Dog,Fencing Issues,MOUNT GRAVATT EAST
Animal,Other Animal,Fox,BALD HILLS
Animal,Other Animal,Deer,ANSTEAD
Animal,Other Animal,Nuisance Animal,UPPER MOUNT GRAVATT
Animal,Dog,Fencing Issues,HAWTHORNE
Animal,Other Animal,Feral Goat,WILLAWONG
Animal,Attack,Attack On An Animal,CARINA
Animal,Other Animal,,BROOKFIELD
Animal,Dog,Unregistered,SUNNYBANK HILLS
Animal,Dog,Fencing Issues,MOOROOKA
Animal,Cat,,THE GAP
Animal,Dog,Fencing Issues,CALAMVALE
Animal,Other Animal,Feral Pig,KHOLO
Animal,Other Animal,Fox,ANSTEAD
Animal,Other Animal,Fox,NUDGEE
Animal,Other Animal,Fox,BOONDALL
Animal,Attack,,RUNCORN
Animal,Dog,Fencing Issues,BELLBOWRIE
Animal,Cat,,CALAMVALE
Animal,Attack,Attack On An Animal,CARINA
Animal,Attack,Menacing,HOLLAND PARK
Animal,Dog,Fencing Issues,STAFFORD
Animal,Other Animal,Fencing Issues,ACACIA RIDGE
Animal,Attack,Attack On A Person,INALA
Animal,Cat Trapping,,RIVERHILLS
Animal,Cat,,WYNNUM
Animal,Dog,Fencing Issues,MOOROOKA
Animal,Other Animal,Fox,GRACEVILLE
Animal,Other Animal,Fox,SANDGATE
Animal,Dog,Unregistered,TARRAGINDI
Animal,Other Animal,Nuisance Animal,RUNCORN
Animal,Other Animal,Nuisance Animal,DARRA
Animal,Other Animal,Fox,DUTTON PARK
Animal,Cat Trapping,,WYNNUM WEST
Animal,Attack,Attack On An Animal,FOREST LAKE
Animal,Dog,Fencing Issues,CHANDLER
Animal,Attack,Attack On An Animal,ROBERTSON
Animal,Dog,Fencing Issues,NEW FARM
Animal,Attack,Menacing,GORDON PARK
Animal,Dog,Fencing Issues,OXLEY
Animal,Dog,Fencing Issues,HOLLAND PARK
Animal,Other Animal,Deer,UPPER BROOKFIELD
Animal,Other Animal,Fox,PULLENVALE
Animal,Dog,Fencing Issues,WAVELL HEIGHTS
Animal,Attack,Attack On An Animal,TARINGA
Animal,Dog,Too Many Animals,ZILLMERE
Animal,Other Animal,Odour,DOOLANDELLA
Animal,Dog,Fencing Issues,INALA
Animal,Attack,Menacing,HAMILTON
Animal,Dog,Defecating In Public,DREWVALE
Animal,Cat Trapping,,BOONDALL
Animal,Dog,Defecating In Public,UPPER MOUNT GRAVATT
Animal,Dog,Fencing Issues,MOGGILL
Animal,Attack,Attack On An Animal,HAWTHORNE
Animal,Dog,Too Many Animals,SUNNYBANK
Animal,Attack,Attack On An Animal,BANYO
Animal,Attack,Attack On A Person,FOREST LAKE
Animal,Attack,Attack On An Animal,CALAMVALE
Animal,Dog,Unregistered,ELLEN GROVE
Animal,Attack,Not An Attack,INDOOROOPILLY
Animal,Other Animal,Nuisance Animal,BRIGHTON
Animal,Cat Trapping,,EVERTON PARK
Animal,Attack,Attack On An Animal,INALA
Animal,Attack,Attack On An Animal,INALA
Animal,Attack,Attack On An Animal,INALA
Animal,Dog,Fencing Issues,TARINGA
Animal,Attack,Not An Attack,BOONDALL
Animal,Cat Trapping,,INALA
Animal,Dog,Fencing Issues,BALD HILLS
Animal,Attack,Attack On An Animal,TINGALPA
Animal,Cat Trapping,,KARANA DOWNS
Animal,Dog,Fencing Issues,ELLEN GROVE
Animal,Other Animal,Nuisance Animal,FOREST LAKE
Animal,Attack,Attack On An Animal,WYNNUM WEST
Animal,Other Animal,Rabbit,RED HILL
Animal,Other Animal,Fox,UPPER BROOKFIELD
Animal,Dog,Fencing Issues,CARINA
Animal,Dog,Fencing Issues,HEMMANT
Animal,Attack,Attack On A Person,KEPERRA
Animal,Attack,Attack On A Person,INALA
Animal,Dog,Fencing Issues,ZILLMERE
Animal,Other Animal,Pest / Feral Animal,THE GAP
Animal,Dog,Fencing Issues,UPPER KEDRON
Animal,Other Animal,Fox,PULLENVALE
Animal,Cat Trapping,,WYNNUM
Animal,Attack,Not An Attack,TINGALPA
Animal,Dog,Too Many Animals,COORPAROO
Animal,Cat Trapping,,ACACIA RIDGE
Animal,Dog,Fencing Issues,MOUNT CROSBY
Animal,Cat,,OXLEY
Animal,Dog,Fencing Issues,MOOROOKA
Animal,Other Animal,Fox,PINJARRA HILLS
Animal,Attack,Not An Attack,RUNCORN
Animal,Other Animal,Pest / Feral Animal,RICHLANDS
Animal,Dog,Fencing Issues,ZILLMERE
Animal,Other Animal,Fox,ROCKLEA
Animal,Other Animal,Fox,DUTTON PARK
Animal,Dog,Defecating In Public,INALA
Animal,Dog,Unregistered,GRANGE
Animal,Cat Trapping,,MOUNT GRAVATT EAST
Animal,Dog,Defecating In Public,CHERMSIDE
Animal,Attack,Attack On A Person,NORMAN PARK
Animal,Attack,Attack On A Person,INALA
Animal,Attack,Attack On An Animal,BRACKEN RIDGE
Animal,Attack,Menacing,WYNNUM WEST
Animal,Attack,Menacing,SUNNYBANK
Animal,Dog,Odour,GRANGE
Animal,Attack,Attack On An Animal,CARINDALE
Animal,Other Animal,Fox,ALGESTER
Animal,Cat Trapping,,WOOLLOONGABBA
Animal,Dog,Unregistered,FOREST LAKE
Animal,Dog,Fencing Issues,INALA
Animal,Cat Trapping,,ST LUCIA
Animal,Dog,Fencing Issues,NORTHGATE
Animal,Attack,Menacing,SUNNYBANK
Animal,Other Animal,,JINDALEE
Animal,Other Animal,,HOLLAND PARK WEST
Animal,Other Animal,Nuisance Animal,WYNNUM
Animal,Dog,Too Many Animals,ZILLMERE
Animal,Dog,Fencing Issues,SANDGATE
Animal,Attack,Attack On An Animal,HOLLAND PARK
Animal,Attack,Menacing,GUMDALE
Animal,Attack,Attack On A Person,LOTA
Animal,Dog,Fencing Issues,PINJARRA HILLS
Animal,Dog,Fencing Issues,NORMAN PARK
Animal,Dog,Defecating In Public,CARSELDINE
Animal,Attack,Attack On An Animal,GRANGE
Animal,Attack,Attack On A Person,EVERTON PARK
Animal,Cat Trapping,,FOREST LAKE
Animal,Attack,Attack On A Person,RIVERHILLS
Animal,Dog,Fencing Issues,GORDON PARK
Animal,Dog,Too Many Animals,BRACKEN RIDGE
Animal,Dog,Fencing Issues,SALISBURY
Animal,Dog,Fencing Issues,DARRA
Animal,Attack,Not An Attack,BOONDALL
Animal,Attack,Attack On A Person,ROBERTSON
Animal,Attack,Attack On A Person,KARAWATHA
Animal,Dog,Fencing Issues,BRACKEN RIDGE
Animal,Attack,Menacing,BRIGHTON
Animal,Attack,Attack On An Animal,DUTTON PARK
Animal,Other Animal,Pest / Feral Animal,UPPER KEDRON
Animal,Attack,Not An Attack,MOOROOKA
Animal,Dog,Fencing Issues,WINDSOR
Animal,Attack,Attack On A Person,ANSTEAD
Animal,Other Animal,Wild Dog,UPPER BROOKFIELD
Animal,Dog,,FOREST LAKE
Animal,Dog,,MOUNT GRAVATT EAST
Animal,Dog,Fencing Issues,HAMILTON
Animal,Other Animal,Pest / Feral Animal,BRISBANE CITY
Animal,Dog,Unregistered,KEPERRA
Animal,Dog,Unregistered,FOREST LAKE
Animal,Dog,Unregistered,
Animal,Dog,Too Many Animals,WACOL
Animal,Dog,Fencing Issues,WACOL
Animal,Dog,Fencing Issues,WACOL
Animal,Dog,Fencing Issues,MANSFIELD
Animal,Dog,Defecating In Public,CHAPEL HILL
Animal,Attack,Attack On An Animal,FOREST LAKE
Animal,Attack,Attack On An Animal,KELVIN GROVE
Animal,Dog,Fencing Issues,DARRA
Animal,Attack,Menacing,KEPERRA
Animal,Cat,,SEVENTEEN MILE ROCKS
Animal,Attack,,HOLLAND PARK WEST
Animal,Other Animal,Nuisance Animal,BRIGHTON
Animal,Dog,Fencing Issues,BARDON
Animal,Dog,Unregistered,SUNNYBANK HILLS
Animal,Attack,Attack On A Person,HIGHGATE HILL
Animal,Attack,Attack On A Person,HEATHWOOD
Animal,Attack,Menacing,EVERTON PARK
Animal,Attack,Not An Attack,FOREST LAKE
Animal,Attack,Attack On A Person,MITCHELTON
Animal,Dog,Fencing Issues,CAMP HILL
Animal,Other Animal,Nuisance Animal,MANSFIELD
Animal,Attack,Not An Attack,MCDOWALL
Animal,Attack,Attack On A Person,SINNAMON PARK
Animal,Other Animal,Fox,COORPAROO
Animal,Dog,Fencing Issues,MITCHELTON
Animal,Attack,Attack On An Animal,RUNCORN
Animal,Cat Trapping,,CALAMVALE
Animal,Cat,,BELMONT
Animal,Dog,Defecating In Public,HEMMANT
Animal,Other Animal,Nuisance Animal,DOOLANDELLA
Animal,Dog,Fencing Issues,SANDGATE
Animal,Cat,,STAFFORD
Animal,Other Animal,Nuisance Animal,SEVEN HILLS
Animal,Attack,Menacing,CHERMSIDE WEST
Animal,Attack,Attack On A Person,WILSTON
Animal,Attack,Attack On An Animal,COORPAROO
Animal,Other Animal,Nuisance Animal,CARINDALE
Animal,Attack,Attack On An Animal,COORPAROO
Animal,Cat Trapping,,NUDGEE
Animal,Attack,Attack On A Person,NEWMARKET
Animal,Other Animal,Pest / Feral Animal,TAIGUM
Animal,Dog,Fencing Issues,DEAGON
Animal,Attack,Attack On An Animal,BARDON
Animal,Attack,Attack On A Person,ELLEN GROVE
Animal,Dog,Defecating In Public,BELMONT
Animal,Dog,Fencing Issues,YERONGA
Animal,Dog,Too Many Animals,BRACKEN RIDGE
Animal,Attack,Not An Attack,NORTHGATE
Animal,Attack,Not An Attack,INDOOROOPILLY
Animal,Attack,Attack On A Person,SOUTH BRISBANE
Animal,Attack,Attack On An Animal,CHERMSIDE
Animal,Attack,Not An Attack,MOUNT OMMANEY
Animal,Dog,Fencing Issues,FITZGIBBON
Animal,Attack,Attack On A Person,MOUNT OMMANEY
Animal,Attack,Attack On An Animal,BALMORAL
Animal,Attack,Attack On An Animal,EIGHT MILE PLAINS
Animal,Attack,Not An Attack,KEDRON
Animal,Other Animal,Nuisance Animal,SUNNYBANK HILLS
Animal,Other Animal,Nuisance Animal,BROOKFIELD
Animal,Other Animal,Nuisance Animal,BRISBANE CITY
Animal,Attack,Attack On A Person,WINDSOR
Animal,Attack,Attack On An Animal,INALA
Animal,Cat Trapping,,EVERTON PARK
Animal,Attack,Attack On An Animal,HAWTHORNE
Animal,Attack,Attack On An Animal,EAST BRISBANE
Animal,Other Animal,Fox,WILLAWONG
Animal,Other Animal,Fox,WILLAWONG
Animal,Dog,Fencing Issues,BROOKFIELD
Animal,Dog,Fencing Issues,BROOKFIELD
Animal,Attack,Attack On An Animal,SHERWOOD
Animal,Other Animal,Fox,BULIMBA
Animal,Cat Trapping,,RIVERHILLS
Animal,Attack,Attack On An Animal,OXLEY
Animal,Attack,Attack On An Animal,FIG TREE POCKET
Animal,Cat Trapping,,BULIMBA
Animal,Attack,Menacing,HOLLAND PARK WEST
Animal,Other Animal,Fox,BURBANK
Animal,Dog,Fencing Issues,STRETTON
Animal,Attack,Attack On An Animal,SEVEN HILLS
Animal,Other Animal,Nuisance Animal,MOUNT GRAVATT
Animal,Dog,Fencing Issues,WAVELL HEIGHTS
Animal,Dog,Fencing Issues,YERONGA
Animal,Other Animal,Nuisance Animal,INALA
Animal,Dog,Odour,MOUNT GRAVATT EAST
Animal,Dog,Fencing Issues,ASHGROVE
Animal,Dog,Fencing Issues,ASHGROVE
Animal,Other Animal,Fox,NORMAN PARK
Animal,Dog,Fencing Issues,DOOLANDELLA
Animal,Other Animal,Nuisance Animal,BRISBANE CITY
Animal,Attack,Attack On A Person,BOONDALL
Animal,Dog,Fencing Issues,NORMAN PARK
Animal,Dog,Too Many Animals,MOOROOKA
Animal,Attack,Attack On A Person,WYNNUM
Animal,Other Animal,Fox,CARINDALE
Animal,Other Animal,Deer,JINDALEE
Animal,Other Animal,Nuisance Animal,CARINDALE
Animal,Attack,Not An Attack,CHAPEL HILL
Animal,Dog,Fencing Issues,CHANDLER
Animal,Dog,Fencing Issues,ACACIA RIDGE
Animal,Attack,Not An Attack,CALAMVALE
Animal,Cat Trapping,,GEEBUNG
Animal,Attack,Not An Attack,MOUNT GRAVATT EAST
Animal,Attack,Attack On A Person,NORMAN PARK
Animal,Attack,Attack On An Animal,ELLEN GROVE
Animal,Attack,Attack On An Animal,GRACEVILLE
Animal,Other Animal,Wild Dog,PINJARRA HILLS
Animal,Attack,Menacing,HERSTON
Animal,Attack,Attack On A Person,WISHART
Animal,Cat,,ANNERLEY
Animal,Attack,Attack On A Person,ELLEN GROVE
Animal,Other Animal,Pest / Feral Animal,BRISBANE CITY
Animal,Cat,,STAFFORD HEIGHTS
Animal,Other Animal,Nuisance Animal,KARANA DOWNS
Animal,Dog,,SANDGATE
Animal,Dog,Defecating In Public,YERONGA
Animal,Attack,Attack On A Person,BRIGHTON
Animal,Other Animal,Fox,BURBANK
Animal,Other Animal,Fox,CARINDALE
Animal,Dog,Defecating In Public,SUNNYBANK HILLS
Animal,Dog,Fencing Issues,NUNDAH
Animal,Cat Trapping,,TARRAGINDI
Animal,Dog,Fencing Issues,CARINA HEIGHTS
Animal,Dog,Fencing Issues,DURACK
Animal,Dog,Defecating In Public,MACGREGOR
Animal,Other Animal,Fox,CAMP HILL
Animal,Dog,Too Many Animals,ZILLMERE
Animal,Dog,Too Many Animals,ZILLMERE
Animal,Dog,Defecating In Public,BRACKEN RIDGE
Animal,Other Animal,Nuisance Animal,PULLENVALE
Animal,Dog,Too Many Animals,NUDGEE BEACH
Animal,Attack,Attack On An Animal,HOLLAND PARK WEST
Animal,Attack,Attack On An Animal,ZILLMERE
Animal,Dog,Fencing Issues,PARKINSON
Animal,Other Animal,Pest / Feral Animal,RICHLANDS
Animal,Dog,Fencing Issues,CHERMSIDE
Animal,Cat,,MOUNT GRAVATT EAST
Animal,Attack,Attack On A Person,FITZGIBBON
Animal,Attack,Menacing,DURACK
Animal,Attack,Attack On A Person,PADDINGTON
Animal,Other Animal,Nuisance Animal,CANNON HILL
Animal,Dog,Fencing Issues,UPPER MOUNT GRAVATT
Animal,Dog,Fencing Issues,ROCHEDALE
Animal,Dog,Odour,GUMDALE
Animal,Cat,,SANDGATE
Animal,Attack,Attack On An Animal,GUMDALE
Animal,Dog,Unregistered,DARRA
Animal,Other Animal,Feral Cat,BULIMBA
Animal,Other Animal,Fox,BULIMBA
Animal,Dog,Unregistered,BELLBOWRIE
Animal,Attack,Attack On A Person,CALAMVALE
Animal,Attack,Attack On An Animal,DOOLANDELLA
Animal,Dog,Fencing Issues,YEERONGPILLY
Animal,Dog,Unregistered,BELMONT
Animal,Dog,Fencing Issues,PALLARA
Animal,Attack,Attack On A Person,TARINGA
Animal,Other Animal,Nuisance Animal,CANNON HILL
Animal,Attack,Attack On An Animal,CARSELDINE
Animal,Attack,Attack On A Person,FOREST LAKE
Animal,Dog,Fencing Issues,WISHART
Animal,Attack,Attack On An Animal,STAFFORD
Animal,Attack,Not An Attack,CARINDALE
Animal,Dog,Unregistered,ANNERLEY
Animal,Dog,Fencing Issues,DOOLANDELLA
Animal,Attack,Menacing,SANDGATE
Animal,Dog,Fencing Issues,BRIGHTON
Animal,Dog,Fencing Issues,YERONGA
Animal,Attack,Attack On An Animal,CHERMSIDE WEST
Animal,Other Animal,Deer,UPPER BROOKFIELD
Animal,Other Animal,Rabbit,RED HILL
Animal,Dog,Fencing Issues,CALAMVALE
Animal,Dog,Fencing Issues,WYNNUM
Animal,Cat,,DEAGON
Animal,Other Animal,Nuisance Animal,ASPLEY
Animal,Other Animal,Wild Dog,SINNAMON PARK
Animal,Other Animal,Pest / Feral Animal,MACGREGOR
Animal,Dog,Fencing Issues,WYNNUM
Animal,Attack,Attack On A Person,SINNAMON PARK
Animal,Cat Trapping,,COOPERS PLAINS
Animal,Attack,Attack On An Animal,WYNNUM WEST
Animal,Cat Trapping,,WYNNUM
Animal,Attack,Attack On An Animal,WAVELL HEIGHTS
Animal,Attack,Attack On A Person,FITZGIBBON
Animal,Cat Trapping,,MANSFIELD
Animal,Attack,Menacing,NUDGEE BEACH
Animal,Cat Trapping,,ENOGGERA
Animal,Other Animal,Pest / Feral Animal,THE GAP
Animal,Dog,Fencing Issues,OXLEY
Animal,Dog,Too Many Animals,BULIMBA
Animal,Dog,Fencing Issues,HOLLAND PARK
Animal,Dog,Fencing Issues,ACACIA RIDGE
Animal,Attack,Menacing,NEWMARKET
Animal,Other Animal,Nuisance Animal,AUCHENFLOWER
Animal,Other Animal,Deer,BROOKFIELD
Animal,Dog,Fencing Issues,PADDINGTON
Animal,Attack,Attack On A Person,STAFFORD HEIGHTS
Animal,Dog,Fencing Issues,OXLEY
Animal,Dog,Fencing Issues,SUNNYBANK
Animal,Attack,Not An Attack,OXLEY
Animal,Dog,Fencing Issues,FAIRFIELD
Animal,Other Animal,Rabbit,RED HILL
Animal,Dog,,BRIGHTON
Animal,Dog,Unregistered,FERNY GROVE
Animal,Dog,Unregistered,BRIDGEMAN DOWNS
Animal,Other Animal,Nuisance Animal,BROOKFIELD
Animal,Attack,Attack On A Person,SUNNYBANK HILLS
Animal,Other Animal,Fox,PULLENVALE
Animal,Dog,Fencing Issues,COORPAROO
Animal,Other Animal,Nuisance Animal,INALA
Animal,Dog,Unregistered,
Animal,Dog,Unregistered,
Animal,Cat Trapping,,FOREST LAKE
Animal,Dog,Fencing Issues,FOREST LAKE
Animal,Other Animal,Fencing Issues,LAKE MANCHESTER
Animal,Other Animal,Deer,UPPER KEDRON
Animal,Cat,,HEMMANT
Animal,Attack,Attack On A Person,BARDON
Animal,Cat Trapping,,UPPER MOUNT GRAVATT
Animal,Dog,Fencing Issues,HEATHWOOD
Animal,Dog,Fencing Issues,FOREST LAKE
Animal,Cat Trapping,,ACACIA RIDGE
Animal,Attack,Not An Attack,WAVELL HEIGHTS
Animal,Other Animal,Nuisance Animal,NORTHGATE
Animal,Dog,Fencing Issues,BRIDGEMAN DOWNS
Animal,Dog,Fencing Issues,SEVENTEEN MILE ROCKS
Animal,Dog,Fencing Issues,ASCOT
Animal,Dog,Fencing Issues,MOUNT CROSBY
Animal,Attack,Attack On An Animal,KEPERRA
Animal,Attack,Attack On An Animal,KEPERRA
Animal,Dog,Fencing Issues,UPPER KEDRON
Animal,Attack,Attack On An Animal,NUDGEE BEACH
Animal,Dog,Fencing Issues,COOPERS PLAINS
Animal,Attack,Attack On A Person,STAFFORD HEIGHTS
Animal,Attack,Attack On An Animal,WAKERLEY
Animal,Cat Trapping,,BRIGHTON
Animal,Cat,,INDOOROOPILLY
Animal,Attack,Menacing,CALAMVALE
Animal,Cat Trapping,,ELLEN GROVE
Animal,Cat Trapping,,YEERONGPILLY
Animal,Dog,Too Many Animals,CHERMSIDE
Animal,Dog,Fencing Issues,FOREST LAKE
Animal,Dog,Fencing Issues,NEWMARKET
Animal,Cat Trapping,,FOREST LAKE
Animal,Attack,Not An Attack,DURACK
Animal,Dog,,DARRA
Animal,Attack,Attack On A Person,WINDSOR
Animal,Cat Trapping,,RUNCORN
Animal,Cat Trapping,,COORPAROO
Animal,Attack,Attack On An Animal,ANNERLEY
Animal,Other Animal,Fox,KEPERRA
Animal,Other Animal,Fox,ROCHEDALE
Animal,Attack,Menacing,BANYO
Animal,Other Animal,Nuisance Animal,FOREST LAKE
Animal,Attack,Attack On A Person,DARRA
Animal,Attack,Menacing,WAVELL HEIGHTS
Animal,Dog,Fencing Issues,DURACK
Animal,Dog,Fencing Issues,WYNNUM
Animal,Cat Trapping,,BALMORAL
Animal,Attack,Attack On An Animal,BARDON
Animal,Attack,Attack On A Person,THE GAP
Animal,Dog,Fencing Issues,FOREST LAKE
Animal,Dog,Fencing Issues,NEW FARM
Animal,Other Animal,Feral Pig,UPPER BROOKFIELD
Animal,Dog,Fencing Issues,STAFFORD HEIGHTS
Animal,Other Animal,Fox,ANSTEAD
Animal,Attack,Attack On An Animal,HAMILTON
Animal,Dog,Unregistered,CORINDA
Animal,Attack,Attack On An Animal,INDOOROOPILLY
Animal,Dog,Fencing Issues,GREENSLOPES
Animal,Attack,Attack On An Animal,COORPAROO
Animal,Other Animal,Odour,HOLLAND PARK
Animal,Attack,Attack On An Animal,RIVERHILLS
Animal,Dog,Fencing Issues,GEEBUNG
Animal,Attack,Attack On An Animal,RUNCORN
Animal,Dog,Fencing Issues,FAIRFIELD
Animal,Dog,Too Many Animals,SALISBURY
Animal,Dog,Unregistered,TARRAGINDI
Animal,Cat,,MOOROOKA
Animal,Attack,Attack On An Animal,FAIRFIELD
Animal,Cat Trapping,,RUNCORN
Animal,Dog,Too Many Animals,WYNNUM
Animal,Other Animal,Nuisance Animal,COORPAROO
Animal,Attack,Attack On An Animal,KARANA DOWNS
Animal,Cat Trapping,,CARINDALE
Animal,Dog,Fencing Issues,GRACEVILLE
Animal,Dog,Insufficient Space,CARSELDINE
Animal,Other Animal,Nuisance Animal,DOOLANDELLA
Animal,Cat Trapping,,WYNNUM
Animal,Dog,Fencing Issues,KEPERRA
Animal,Attack,Not An Attack,EVERTON PARK
Animal,Dog,Fencing Issues,PARKINSON
Animal,Attack,Attack On A Person,MANSFIELD
Animal,Attack,,MIDDLE PARK
Animal,Dog,Too Many Animals,MURARRIE
Animal,Dog,Unregistered,
Animal,Attack,Attack On A Person,CORINDA
Animal,Attack,Attack On An Animal,PARKINSON
Animal,Attack,Attack On An Animal,FOREST LAKE
Animal,Dog,Fencing Issues,BRIGHTON
Animal,Dog,Odour,FOREST LAKE
Animal,Other Animal,Pest / Feral Animal,BRISBANE CITY
Animal,Attack,Attack On An Animal,BRIDGEMAN DOWNS
Animal,Attack,Attack On An Animal,BULIMBA
Animal,Dog,Fencing Issues,CHERMSIDE
Animal,Attack,Attack On A Person,KURABY
Animal,Attack,Attack On An Animal,BRACKEN RIDGE
Animal,Other Animal,Odour,WINDSOR
Animal,Dog,Fencing Issues,WYNNUM
Animal,Dog,Fencing Issues,BRIDGEMAN DOWNS
Animal,Dog,Fencing Issues,OXLEY
Animal,Attack,Not An Attack,RED HILL
Animal,Attack,Attack On An Animal,BOONDALL
Animal,Attack,,UPPER MOUNT GRAVATT
Animal,Other Animal,Fox,BELLBOWRIE
Animal,Attack,Not An Attack,MANLY WEST
Animal,Attack,Attack On An Animal,FOREST LAKE
Animal,Dog,Unregistered,
Animal,Dog,Unregistered,
Animal,Dog,Unregistered,
Animal,Dog,Unregistered,
Animal,Dog,Unregistered,EIGHT MILE PLAINS
Animal,Dog,Unregistered,KEPERRA
Animal,Dog,Fencing Issues,INALA
Animal,Attack,Attack On A Person,INALA
Animal,Dog,Defecating In Public,FOREST LAKE
Animal,Cat,,TARRAGINDI
Animal,Dog,Unregistered,
Animal,Dog,Unregistered,NORTHGATE
Animal,Dog,Unregistered,
Animal,Dog,Defecating In Public,RUNCORN
Animal,Dog,Fencing Issues,CHERMSIDE
Animal,Attack,Attack On A Person,NUDGEE BEACH
Animal,Cat,,BRIGHTON
Animal,Attack,Attack On An Animal,MANLY WEST
Animal,Attack,Attack On An Animal,BURBANK
Animal,Dog,Defecating In Public,HEMMANT
Animal,Cat Trapping,,WINDSOR
Animal,Other Animal,Nuisance Animal,KURABY
Animal,Dog,Fencing Issues,NUDGEE
Animal,Cat,,CAMP HILL
Animal,Dog,Odour,HAWTHORNE
Animal,Attack,Attack On A Person,COORPAROO
Animal,Dog,Unregistered,DREWVALE
Animal,Other Animal,Pest / Feral Animal,COOPERS PLAINS
Animal,Other Animal,Nuisance Animal,FOREST LAKE
Animal,Cat,,INDOOROOPILLY
Animal,Attack,Not An Attack,CHERMSIDE
Animal,Cat Trapping,,SUNNYBANK
Animal,Attack,Attack On An Animal,CLAYFIELD
Animal,Dog,Fencing Issues,COOPERS PLAINS
Animal,Attack,Attack On A Person,CAMP HILL
Animal,Other Animal,Deer,KENMORE HILLS
Animal,Dog,Fencing Issues,MOOROOKA
Animal,Other Animal,Fox,BALMORAL
Animal,Other Animal,Fox,MOGGILL
Animal,Other Animal,Deer,JINDALEE
Animal,Attack,Attack On An Animal,MITCHELTON
Animal,Attack,Attack On An Animal,MOUNT GRAVATT EAST
Animal,Dog,Too Many Animals,NUNDAH
Animal,Attack,Attack On An Animal,WYNNUM
Animal,Cat Trapping,,ELLEN GROVE
Animal,Attack,Attack On An Animal,CARSELDINE
Animal,Cat Trapping,,COOPERS PLAINS
Animal,Attack,Menacing,SANDGATE
Animal,Attack,Attack On An Animal,FOREST LAKE
Animal,Other Animal,Fox,MOGGILL
Animal,Other Animal,Fox,ALGESTER
Animal,Attack,Attack On A Person,TARRAGINDI
Animal,Attack,Attack On A Person,TARINGA
Animal,Attack,Attack On A Person,CARINDALE
Animal,Attack,Attack On An Animal,WYNNUM
Animal,Attack,Attack On An Animal,CAMP HILL
Animal,Cat Trapping,,WYNNUM
Animal,Attack,Attack On An Animal,KEDRON
Animal,Other Animal,Pest / Feral Animal,CARINDALE
Animal,Attack,Attack On An Animal,THE GAP
Animal,Dog,Fencing Issues,CARINA
Animal,Dog,Fencing Issues,CARINA
Animal,Other Animal,Fox,BELLBOWRIE
Animal,Other Animal,Fox,EIGHT MILE PLAINS
Animal,Cat Trapping,,ST LUCIA
Animal,Dog,Too Many Animals,BRACKEN RIDGE
Animal,Other Animal,Nuisance Animal,SEVEN HILLS
Animal,Cat Trapping,,ARCHERFIELD
Animal,Cat Trapping,,UPPER MOUNT GRAVATT
Animal,Dog,Fencing Issues,INALA
Animal,Dog,Unregistered,
Animal,Dog,Unregistered,
Animal,Dog,Unregistered,ENOGGERA
Animal,Dog,Unregistered,
Animal,Other Animal,Nuisance Animal,KALINGA
Animal,Other Animal,Fox,PULLENVALE
Animal,Other Animal,Nuisance Animal,SOUTH BRISBANE
Animal,Dog,Fencing Issues,KEDRON
Animal,Attack,Attack On An Animal,SALISBURY
Animal,Attack,Attack On An Animal,HOLLAND PARK
Animal,Dog,Fencing Issues,FOREST LAKE
Animal,Dog,Defecating In Public,CHERMSIDE
Animal,Dog,Fencing Issues,BRIGHTON
Animal,Dog,Fencing Issues,COORPAROO
Animal,Cat Trapping,,STAFFORD HEIGHTS
Animal,Attack,Menacing,COORPAROO
Animal,Dog,Fencing Issues,ACACIA RIDGE
Animal,Dog,Fencing Issues,COOPERS PLAINS
Animal,Dog,Fencing Issues,BALD HILLS
Animal,Attack,Attack On A Person,NUDGEE BEACH
Animal,Other Animal,Fox,MORNINGSIDE
Animal,Attack,Attack On A Person,SINNAMON PARK
Animal,Attack,Attack On An Animal,ENOGGERA
Animal,Attack,Attack On A Person,NORMAN PARK
Animal,Attack,Attack On An Animal,ANSTEAD
Animal,Dog,Fencing Issues,ENOGGERA
Animal,Attack,Attack On A Person,CAMP HILL
Animal,Other Animal,Fox,YEERONGPILLY
Animal,Cat,,MOUNT GRAVATT EAST
Animal,Cat Trapping,,MANSFIELD
Animal,Other Animal,,RED HILL
Animal,Cat Trapping,,MOOROOKA
Animal,Attack,Attack On An Animal,UPPER KEDRON
Animal,Other Animal,Fox,YERONGA
Animal,Attack,Attack On An Animal,SOUTH BRISBANE
Animal,Cat Trapping,,INALA
Animal,Dog,Dog,FOREST LAKE
Animal,Attack,Attack On A Person,WYNNUM WEST
Animal,Other Animal,Fox,GUMDALE
Animal,Dog,Fencing Issues,BRACKEN RIDGE
Animal,Dog,Fencing Issues,BRACKEN RIDGE
Animal,Other Animal,Fencing Issues,EIGHT MILE PLAINS
Animal,Attack,Attack On A Person,WAVELL HEIGHTS
Animal,Dog,Too Many Animals,ZILLMERE
Animal,Dog,Too Many Animals,ZILLMERE
Animal,Dog,Fencing Issues,SUNNYBANK HILLS
Animal,Dog,Too Many Animals,DOOLANDELLA
Animal,Other Animal,Nuisance Animal,EVERTON PARK
Animal,Cat Trapping,,JINDALEE
Animal,Cat Trapping,,BRACKEN RIDGE
Animal,Dog,Too Many Animals,BALD HILLS
Animal,Attack,Not An Attack,FERNY GROVE
Animal,Other Animal,Nuisance Animal,WISHART
Animal,Cat Trapping,,CALAMVALE
Animal,Dog,Fencing Issues,YERONGA
Animal,Other Animal,Fox,BURBANK
Animal,Cat Trapping,,BALD HILLS
Animal,Dog,Fencing Issues,STAFFORD HEIGHTS
Animal,Cat,,THE GAP
Animal,Dog,Fencing Issues,WYNNUM
Animal,Attack,Attack On A Person,CHAPEL HILL
Animal,Attack,Not An Attack,WYNNUM
Animal,Dog,Fencing Issues,MOUNT GRAVATT EAST
Animal,Attack,Not An Attack,HAWTHORNE
Animal,Attack,Menacing,STAFFORD
Animal,Other Animal,Fox,KARANA DOWNS
Animal,Dog,Odour,CARINA
Animal,Other Animal,Odour,OXLEY
Animal,Cat Trapping,,SUNNYBANK
Animal,Dog,Fencing Issues,BRACKEN RIDGE
Animal,Attack,,BALD HILLS
Animal,Dog,Unregistered,INALA
Animal,Dog,Fencing Issues,FOREST LAKE
Animal,Cat Trapping,,KEDRON
Animal,Dog,Fencing Issues,BRIGHTON
Animal,Dog,Fencing Issues,INALA
Animal,Dog,Unregistered,CHAPEL HILL
Animal,Dog,Fencing Issues,SHERWOOD
Animal,Dog,Fencing Issues,GEEBUNG
Animal,Dog,Fencing Issues,YERONGA
Animal,Dog,,BRIDGEMAN DOWNS
Animal,Attack,Not An Attack,SUNNYBANK HILLS
Animal,Dog,Fencing Issues,BALD HILLS
Animal,Cat Trapping,,TAIGUM
Animal,Cat Trapping,,BRIGHTON
Animal,Dog,Unregistered,HEMMANT
Animal,Other Animal,Nuisance Animal,WINDSOR
Animal,Attack,Attack On An Animal,BRACKEN RIDGE
Animal,Attack,Attack On A Person,INALA
Animal,Dog,Fencing Issues,KURABY
Animal,Attack,Attack On An Animal,PADDINGTON
Animal,Attack,Attack On A Person,ZILLMERE
Animal,Dog,,TINGALPA
Animal,Attack,Menacing,CARINA
Animal,Attack,Not An Attack,ELLEN GROVE
Animal,Cat Trapping,,BRACKEN RIDGE
Animal,Dog,Fencing Issues,INALA
Animal,Attack,Attack On A Person,GRACEVILLE
Animal,Dog,Odour,YERONGA
Animal,Attack,,BELLBOWRIE
Animal,Other Animal,,INALA
Animal,Cat Trapping,,MOOROOKA
Animal,Dog,Fencing Issues,MOUNT GRAVATT
Animal,Dog,Too Many Animals,UPPER MOUNT GRAVATT
Animal,Dog,Unregistered,FITZGIBBON
Animal,Attack,Attack On An Animal,SALISBURY
Animal,Dog,Fencing Issues,ANNERLEY
Animal,Dog,Fencing Issues,NUNDAH
Animal,Dog,Fencing Issues,HAWTHORNE
Animal,Dog,Fencing Issues,CALAMVALE
Animal,Attack,Attack On An Animal,ANNERLEY
Animal,Cat,,WESTLAKE
Animal,Attack,Attack On An Animal,MANLY WEST
Animal,Attack,Attack On An Animal,STAFFORD
Animal,Attack,Attack On An Animal,INALA
Animal,Dog,Fencing Issues,ROBERTSON
Animal,Dog,Fencing Issues,HOLLAND PARK
Animal,Attack,Attack On A Person,CARINA
Animal,Attack,Attack On An Animal,STAFFORD
Animal,Other Animal,Pest / Feral Animal,MOUNT GRAVATT EAST
Animal,Dog,Fencing Issues,CARINA
Animal,Attack,Attack On An Animal,CHAPEL HILL
Animal,Dog,Defecating In Public,KENMORE HILLS
Animal,Dog,Defecating In Public,KENMORE HILLS
Animal,Other Animal,Deer,ROCKLEA
Animal,Attack,Attack On An Animal,PADDINGTON
Animal,Cat Trapping,,WYNNUM
Animal,Other Animal,Nuisance Animal,TARINGA
Animal,Attack,Attack On An Animal,SALISBURY
Animal,Attack,Attack On An Animal,STAFFORD
Animal,Other Animal,Fox,COORPAROO
Animal,Other Animal,Wild Dog,ASHGROVE
Animal,Cat Trapping,,BRACKEN RIDGE
Animal,Other Animal,Fox,TENNYSON
Animal,Dog,Fencing Issues,WAKERLEY
Animal,Other Animal,Pest / Feral Animal,STAFFORD
Animal,Other Animal,Odour,PARKINSON
Animal,Attack,Attack On An Animal,BANYO
Animal,Dog,Unregistered,FOREST LAKE
Animal,Dog,Fencing Issues,INDOOROOPILLY
Animal,Attack,Attack On An Animal,SUNNYBANK
Animal,Dog,Fencing Issues,ASPLEY
Animal,Cat Trapping,,SUNNYBANK HILLS
Animal,Dog,Fencing Issues,UPPER MOUNT GRAVATT
Animal,Cat Trapping,,WOOLLOONGABBA
Animal,Dog,Fencing Issues,ASCOT
Animal,Attack,Attack On A Person,ROBERTSON
Animal,Cat,,COORPAROO
Animal,Other Animal,Fox,CARINDALE
Animal,Attack,Attack On An Animal,CARINDALE
Animal,Cat Trapping,,GRANGE
Animal,Cat Trapping,,DEAGON
Animal,Attack,Attack On An Animal,WISHART
Animal,Dog,Fencing Issues,TARRAGINDI
Animal,Cat Trapping,,MANSFIELD
Animal,Other Animal,Fox,EIGHT MILE PLAINS
Animal,Attack,Not An Attack,HAWTHORNE
Animal,Dog,Defecating In Public,KENMORE
Animal,Dog,Defecating In Public,KENMORE
Animal,Attack,Attack On An Animal,OXLEY
Animal,Cat Trapping,,WOOLLOONGABBA
Animal,Dog,Fencing Issues,UPPER MOUNT GRAVATT
Animal,Dog,Fencing Issues,KHOLO
Animal,Other Animal,Nuisance Animal,TARINGA
Animal,Cat,,VIRGINIA
Animal,Attack,Attack On A Person,INALA
Animal,Attack,Attack On A Person,SALISBURY
Animal,Other Animal,Odour,MACGREGOR
Animal,Dog,Unregistered,SEVEN HILLS
Animal,Other Animal,Fox,ASPLEY
Animal,Dog,Fencing Issues,ALBION
Animal,Other Animal,Fencing Issues,STAFFORD HEIGHTS
Animal,Other Animal,Nuisance Animal,CHERMSIDE
Animal,Cat Trapping,,ARCHERFIELD
Animal,Cat Trapping,,ARCHERFIELD
Animal,Cat,,STAFFORD
Animal,Attack,Attack On An Animal,MACGREGOR
Animal,Attack,Menacing,BRIGHTON
Animal,Attack,Not An Attack,ANNERLEY
Animal,Dog,Fencing Issues,CARINA
Animal,Other Animal,Deer,WILLAWONG
Animal,Attack,Attack On A Person,SALISBURY
Animal,Dog,Unregistered,MORNINGSIDE
Animal,Other Animal,Nuisance Animal,CORINDA
Animal,Attack,Attack On A Person,SALISBURY
Animal,Other Animal,Nuisance Animal,MOUNT GRAVATT
Animal,Dog,Fencing Issues,MOGGILL
Animal,Dog,Fencing Issues,KARANA DOWNS
Animal,Attack,Attack On A Person,EAST BRISBANE
Animal,Dog,Fencing Issues,INALA
Animal,Cat Trapping,,MANLY
Animal,Attack,Attack On An Animal,DURACK
Animal,Attack,Attack On A Person,ACACIA RIDGE
Animal,Attack,Menacing,TINGALPA
Animal,Attack,Attack On An Animal,ROBERTSON
Animal,Dog,Unregistered,ACACIA RIDGE
Animal,Cat Trapping,,SUNNYBANK
Animal,Attack,Not An Attack,SOUTH BRISBANE
Animal,Attack,Attack On A Person,GEEBUNG
Animal,Attack,Attack On A Person,YERONGA
Animal,Attack,Not An Attack,MOUNT CROSBY
Animal,Attack,Attack On A Person,RIVERHILLS
Animal,Dog,Fencing Issues,CARINA
Animal,Attack,Attack On A Person,KENMORE
Animal,Attack,Attack On An Animal,BANYO
Animal,Cat Trapping,,CARINA HEIGHTS
Animal,Other Animal,Fox,MOGGILL
Animal,Other Animal,Pest / Feral Animal,DOOLANDELLA
Animal,Dog,Fencing Issues,INALA
Animal,Dog,Unregistered,INALA
Animal,Dog,Fencing Issues,KEPERRA
Animal,Dog,Unregistered,FERNY GROVE
Animal,Cat,,NUNDAH
Animal,Attack,Attack On An Animal,RUNCORN
Animal,Attack,Attack On A Person,MOOROOKA
Animal,Attack,Attack On A Person,NEWMARKET
Animal,Attack,Attack On An Animal,HEMMANT
Animal,Cat Trapping,,GEEBUNG
Animal,Cat Trapping,,CAMP HILL
Animal,Other Animal,Nuisance Animal,YERONGA
Animal,Dog,Fencing Issues,ASCOT
Animal,Dog,Too Many Animals,
Animal,Dog,Too Many Animals,
Animal,Cat,,THE GAP
Animal,Dog,Fencing Issues,CARINA
Animal,Dog,Fencing Issues,CARINA
Animal,Cat,,WYNNUM
Animal,Cat,,THE GAP
Animal,Attack,Not An Attack,BROOKFIELD
Animal,Attack,Attack On An Animal,BRIDGEMAN DOWNS
Animal,Attack,Menacing,MURARRIE
Animal,Attack,Menacing,CARINA
Animal,Cat Trapping,,ASHGROVE
Animal,Dog,Too Many Animals,MOUNT GRAVATT EAST
Animal,Other Animal,Rabbit,BURBANK
Animal,Cat,,CARINA
Animal,Dog,Unregistered,CARINA
Animal,Other Animal,Pest / Feral Animal,PARKINSON
Animal,Dog,Fencing Issues,GEEBUNG
Animal,Attack,Attack On An Animal,MANLY WEST
Animal,Other Animal,Unregistered,EIGHT MILE PLAINS
Animal,Cat Trapping,,ALBION
Animal,Other Animal,Fencing Issues,KARAWATHA
Animal,Attack,Attack On An Animal,CARINDALE
Animal,Dog,Fencing Issues,STAFFORD
Animal,Other Animal,Nuisance Animal,HOLLAND PARK
Animal,Attack,Menacing,CAMP HILL
Animal,Dog,Fencing Issues,DARRA
Animal,Other Animal,Nuisance Animal,RICHLANDS
Animal,Attack,Attack On An Animal,NORMAN PARK
Animal,Attack,Attack On An Animal,BELMONT
Animal,Dog,Fencing Issues,MOOROOKA
Animal,Cat,,BRACKEN RIDGE
Animal,Cat,,SUMNER
Animal,Other Animal,Feral Cat,MANSFIELD
Animal,Attack,Attack On An Animal,DURACK
Animal,Cat Trapping,,INALA
Animal,Dog,Fencing Issues,BRIGHTON
Animal,Dog,Fencing Issues,
Animal,Dog,Unregistered,DARRA
Animal,Attack,Attack On A Person,CAMP HILL
Animal,Dog,Defecating In Public,COORPAROO
Animal,Attack,Attack On An Animal,ROBERTSON
Animal,Dog,Fencing Issues,HERSTON
Animal,Dog,Fencing Issues,WISHART
Animal,Cat Trapping,,DARRA
Animal,Cat Trapping,,MOUNT GRAVATT
Animal,Cat Trapping,,ROCHEDALE
Animal,Dog,Defecating In Public,CARINA
Animal,Other Animal,,MOUNT GRAVATT
Animal,Attack,Attack On A Person,ROBERTSON
Animal,Dog,,ROCHEDALE
Animal,Attack,Attack On A Person,CAMP HILL
Animal,Other Animal,Nuisance Animal,FOREST LAKE
Animal,Other Animal,Nuisance Animal,CARINDALE
Animal,Other Animal,Fox,BROOKFIELD
Animal,Other Animal,Nuisance Animal,SALISBURY
Animal,Dog,Fencing Issues,WAVELL HEIGHTS
Animal,Other Animal,Deer,BROOKFIELD
Animal,Dog,Fencing Issues,CLAYFIELD
Animal,Attack,Attack On A Person,TOOWONG
Animal,Cat Trapping,,CORINDA
Animal,Attack,Menacing,ACACIA RIDGE
Animal,Other Animal,Fox,MORNINGSIDE
Animal,Attack,Attack On A Person,WAVELL HEIGHTS
Animal,Dog,Fencing Issues,HEMMANT
Animal,Dog,Fencing Issues,KEPERRA
Animal,Cat,,BRACKEN RIDGE
Animal,Dog,Fencing Issues,MANLY WEST
Animal,Dog,Odour,BOONDALL
Animal,Dog,Fencing Issues,ASPLEY
Animal,Other Animal,Pest / Feral Animal,TAIGUM
Animal,Attack,Menacing,SALISBURY
Animal,Attack,Attack On A Person,FOREST LAKE
Animal,Attack,Attack On An Animal,KEDRON
Animal,Dog,Unregistered,ELLEN GROVE
Animal,Attack,Not An Attack,KENMORE
Animal,Attack,Attack On An Animal,ROCKLEA
Animal,Dog,Fencing Issues,INALA
Animal,Attack,Attack On An Animal,CARINDALE
Animal,Dog,Fencing Issues,BOONDALL
Animal,Other Animal,Odour,STAFFORD HEIGHTS
Animal,Cat Trapping,,NATHAN
Animal,Dog,Odour,HEATHWOOD
Animal,Cat Trapping,,PARKINSON
Animal,Attack,Attack On A Person,INALA
Animal,Attack,Attack On An Animal,ASCOT
Animal,Dog,Defecating In Public,GUMDALE
Animal,Attack,Menacing,WYNNUM WEST
Animal,Dog,,FIG TREE POCKET
Animal,Dog,Fencing Issues,ELLEN GROVE
Animal,Dog,Fencing Issues,YERONGA
Animal,Dog,Fencing Issues,KEPERRA
Animal,Attack,Attack On A Person,CHERMSIDE
Animal,Other Animal,Pest / Feral Animal,DURACK
Animal,Cat Trapping,,WYNNUM
Animal,Dog,Fencing Issues,STAFFORD
Animal,Attack,Attack On An Animal,CHERMSIDE
Animal,Attack,Attack On An Animal,INALA
Animal,Attack,Menacing,HEMMANT
Animal,Cat Trapping,,ST LUCIA
Animal,Attack,Attack On A Person,MCDOWALL
Animal,Other Animal,Fox,WILLAWONG
Animal,Attack,Attack On A Person,SEVEN HILLS
Animal,Attack,Attack On A Person,BALMORAL
Animal,Attack,Not An Attack,MIDDLE PARK
Animal,Attack,Attack On A Person,SUNNYBANK
Animal,Attack,Attack On An Animal,BARDON
Animal,Other Animal,Deer,MOUNT OMMANEY
Animal,Cat Trapping,,BRACKEN RIDGE
Animal,Attack,Attack On An Animal,FITZGIBBON
Animal,Dog,Fencing Issues,LOTA
Animal,Other Animal,Too Many Animals,MCDOWALL
Animal,Attack,Attack On An Animal,INDOOROOPILLY
Animal,Attack,Attack On An Animal,WYNNUM
Animal,Cat,,MANLY WEST
Animal,Attack,Attack On A Person,SHERWOOD
Animal,Other Animal,Fox,LOTA
Animal,Attack,Not An Attack,CARSELDINE
Animal,Cat Trapping,,RUNCORN
Animal,Cat Trapping,,INALA
Animal,Cat Trapping,,ANNERLEY
Animal,Other Animal,Deer,MOGGILL
Animal,Other Animal,Nuisance Animal,SEVEN HILLS
Animal,Attack,Attack On An Animal,RED HILL
Animal,Attack,Attack On An Animal,WYNNUM
Animal,Attack,Menacing,DURACK
Animal,Attack,Attack On A Person,EVERTON PARK
Animal,Dog,Fencing Issues,DURACK
Animal,Dog,Defecating In Public,BRIGHTON
Animal,Attack,Not An Attack,BRIGHTON
Animal,Attack,Attack On An Animal,MURARRIE
Animal,Cat Trapping,,COOPERS PLAINS
Animal,Cat Trapping,,KENMORE
Animal,Dog,Fencing Issues,WYNNUM
Animal,Attack,Menacing,CHERMSIDE
Animal,Attack,Not An Attack,MANSFIELD
Animal,Cat,,GREENSLOPES
Animal,Dog,Fencing Issues,HEMMANT
Animal,Attack,Not An Attack,BOONDALL
Animal,Attack,Menacing,DURACK
Animal,Dog,Defecating In Public,CARSELDINE
Animal,Other Animal,Nuisance Animal,MOUNT GRAVATT EAST
Animal,Dog,Unregistered,WYNNUM
Animal,Attack,Attack On An Animal,WYNNUM
Animal,Attack,Attack On An Animal,CALAMVALE
Animal,Other Animal,Nuisance Animal,MORNINGSIDE
Animal,Other Animal,Nuisance Animal,SANDGATE
Animal,Dog,Too Many Animals,ALBION
Animal,Cat,,GREENSLOPES
Animal,Dog,Too Many Animals,WAKERLEY
Animal,Attack,Attack On An Animal,INALA
Animal,Dog,Unregistered,MANLY
Animal,Dog,Fencing Issues,ASCOT
Animal,Dog,Unregistered,ASCOT
Animal,Dog,Fencing Issues,FOREST LAKE
Animal,Attack,Attack On A Person,INALA
Animal,Attack,Attack On An Animal,GRACEVILLE
Animal,Other Animal,Nuisance Animal,FITZGIBBON
Animal,Attack,Not An Attack,MIDDLE PARK
Animal,Attack,Not An Attack,DURACK
Animal,Attack,Attack On An Animal,DARRA
Animal,Attack,Attack On An Animal,BROOKFIELD
Animal,Other Animal,Nuisance Animal,CHERMSIDE
Animal,Attack,Attack On An Animal,FERNY GROVE
Animal,Dog,Unregistered,
Animal,Dog,Unregistered,
Animal,Dog,Unregistered,
Animal,Dog,Unregistered,ENOGGERA
Animal,Cat,,EVERTON PARK
Animal,Cat,,SINNAMON PARK
Animal,Dog,Fencing Issues,CARSELDINE
Animal,Dog,Too Many Animals,GRANGE
Animal,Dog,Fencing Issues,KEDRON
Animal,Dog,Fencing Issues,WYNNUM
Animal,Dog,Too Many Animals,NUDGEE BEACH
Animal,Dog,Fencing Issues,BOONDALL
Animal,Attack,Attack On A Person,SEVEN HILLS
Animal,Attack,Attack On An Animal,NEWSTEAD
Animal,Cat Trapping,,DURACK
Animal,Dog,Fencing Issues,WEST END
Animal,Dog,Fencing Issues,FAIRFIELD
Animal,Attack,Not An Attack,JAMBOREE HEIGHTS
Animal,Attack,Attack On A Person,WYNNUM
Animal,Attack,Attack On A Person,CAMP HILL
Animal,Dog,Fencing Issues,MORNINGSIDE
Animal,Dog,Defecating In Public,TAIGUM
Animal,Dog,Unregistered,SUNNYBANK HILLS
Animal,Attack,Attack On An Animal,GRACEVILLE
Animal,Dog,Fencing Issues,TINGALPA
Animal,Attack,,SUNNYBANK HILLS
Animal,Dog,Fencing Issues,MOOROOKA
Animal,Dog,Odour,NEWMARKET
Animal,Dog,Fencing Issues,UPPER KEDRON
Animal,Dog,Fencing Issues,ASCOT
Animal,Attack,Attack On A Person,CLAYFIELD
Animal,Dog,Fencing Issues,HERSTON
Animal,Dog,Fencing Issues,BRIGHTON
Animal,Other Animal,Nuisance Animal,ACACIA RIDGE
Animal,Dog,Fencing Issues,BRIGHTON
Animal,Attack,Attack On An Animal,BRIGHTON
Animal,Dog,Defecating In Public,BOONDALL
Animal,Dog,Fencing Issues,FOREST LAKE
Animal,Attack,Attack On An Animal,HAWTHORNE
Animal,Cat Trapping,,ARCHERFIELD
Animal,Dog,Fencing Issues,BRIGHTON
Animal,Attack,Attack On A Person,CANNON HILL
Animal,Dog,Fencing Issues,CHANDLER
Animal,Other Animal,Deer,BROOKFIELD
Animal,Dog,Too Many Animals,ZILLMERE
Animal,Dog,Unregistered,KEPERRA
Animal,Dog,Unregistered,
Animal,Dog,Too Many Animals,INALA
Animal,Attack,Menacing,ZILLMERE
Animal,Dog,Fencing Issues,WACOL
Animal,Attack,Attack On An Animal,MORNINGSIDE
Animal,Other Animal,Pest / Feral Animal,WINDSOR
Animal,Cat,,CAMP HILL
Animal,Attack,Attack On A Person,EIGHT MILE PLAINS
Animal,Cat Trapping,,MOUNT GRAVATT EAST
Animal,Other Animal,Pest / Feral Animal,DOOLANDELLA
Animal,Attack,Not An Attack,WEST END
Animal,Dog,Too Many Animals,FIG TREE POCKET
Animal,Attack,Attack On An Animal,AUCHENFLOWER
Animal,Dog,Too Many Animals,CHERMSIDE
Animal,Other Animal,Fox,LOTA
Animal,Cat Trapping,,NORTHGATE
Animal,Dog,Fencing Issues,CARINA
Animal,Attack,Attack On A Person,BALMORAL
Animal,Dog,Fencing Issues,MCDOWALL
Animal,Dog,Fencing Issues,INALA
Animal,Dog,Defecating In Public,MCDOWALL
Animal,Dog,Fencing Issues,BRACKEN RIDGE
Animal,Cat Trapping,,WOOLLOONGABBA
Animal,Cat,,INALA
Animal,Dog,,SANDGATE
Animal,Cat,,MORNINGSIDE
Animal,Attack,Attack On An Animal,RUNCORN
Animal,Attack,Attack On A Person,SEVEN HILLS
Animal,Dog,Fencing Issues,NORMAN PARK
Animal,Cat Trapping,,BRISBANE CITY
Animal,Attack,Attack On An Animal,EIGHT MILE PLAINS
Animal,Other Animal,Nuisance Animal,HOLLAND PARK
Animal,Other Animal,Fox,PULLENVALE
Animal,Cat Trapping,,BRIGHTON
Animal,Attack,Attack On A Person,MACKENZIE
Animal,Other Animal,Nuisance Animal,HOLLAND PARK
Animal,Cat,,HERSTON
Animal,Cat,,STAFFORD HEIGHTS
Animal,Dog,Fencing Issues,MORNINGSIDE
Animal,Cat Trapping,,SUMNER
Animal,Other Animal,Pest / Feral Animal,EVERTON PARK
Animal,Attack,Attack On A Person,GORDON PARK
Animal,Dog,Unregistered,FOREST LAKE
Animal,Dog,Fencing Issues,JAMBOREE HEIGHTS
Animal,Cat Trapping,,ST LUCIA
Animal,Dog,Fencing Issues,WYNNUM
Animal,Attack,Attack On A Person,NUDGEE BEACH
Animal,Attack,Attack On An Animal,CARSELDINE
Animal,Cat Trapping,,KURABY
Animal,Dog,Defecating In Public,MIDDLE PARK
Animal,Attack,Menacing,MOUNT GRAVATT EAST
Animal,Other Animal,Nuisance Animal,SUNNYBANK
Animal,Other Animal,Nuisance Animal,KARAWATHA
Animal,Attack,Menacing,CANNON HILL
Animal,Dog,Fencing Issues,WYNNUM
Animal,Dog,Fencing Issues,COORPAROO
Animal,Dog,Fencing Issues,CALAMVALE
Animal,Dog,Fencing Issues,CALAMVALE
Animal,Other Animal,Fencing Issues,PULLENVALE
Animal,Other Animal,,RED HILL
Animal,Other Animal,Rabbit,RED HILL
Animal,Cat,,KENMORE
Animal,Other Animal,Fox,THE GAP
Animal,Attack,Attack On An Animal,HENDRA
Animal,Dog,Fencing Issues,FOREST LAKE
Animal,Attack,Attack On A Person,ZILLMERE
Animal,Dog,Fencing Issues,CAMP HILL
Animal,Dog,Fencing Issues,RIVERHILLS
Animal,Attack,Attack On An Animal,RUNCORN
Animal,Cat,,BRACKEN RIDGE
Animal,Other Animal,Feral Pig,UPPER BROOKFIELD
Animal,Attack,Attack On A Person,FOREST LAKE
Animal,Cat Trapping,,EIGHT MILE PLAINS
Animal,Other Animal,Nuisance Animal,INALA
Animal,Attack,Attack On A Person,CARINDALE
Animal,Attack,Attack On An Animal,OXLEY
Animal,Attack,Attack On An Animal,CHANDLER
Animal,Attack,Attack On An Animal,CHANDLER
Animal,Dog,Too Many Animals,TINGALPA
Animal,Dog,Too Many Animals,
Animal,Dog,Too Many Animals,
Animal,Attack,Attack On An Animal,BOONDALL
Animal,Cat Trapping,,CALAMVALE
Animal,Dog,Defecating In Public,KENMORE
Animal,Dog,Unregistered,BALD HILLS
Animal,Attack,Not An Attack,ZILLMERE
Animal,Other Animal,Too Many Animals,KEPERRA
Animal,Cat Trapping,,NUNDAH
Animal,Dog,Fencing Issues,ACACIA RIDGE
Animal,Attack,Attack On An Animal,GORDON PARK
Animal,Attack,Attack On An Animal,SANDGATE
Animal,Cat,,KURABY
Animal,Dog,Fencing Issues,MOUNT GRAVATT EAST
Animal,Cat,,MOGGILL
Animal,Dog,Fencing Issues,BALD HILLS
Animal,Dog,Defecating In Public,UPPER MOUNT GRAVATT
Animal,Attack,Attack On A Person,ACACIA RIDGE
Animal,Other Animal,Nuisance Animal,NORTHGATE
Animal,Attack,Menacing,STAFFORD
Animal,Attack,Attack On An Animal,BANYO
Animal,Attack,Attack On A Person,ALDERLEY
Animal,Dog,,NATHAN
Animal,Other Animal,Nuisance Animal,MOUNT GRAVATT EAST
Animal,Dog,Unregistered,THE GAP
Animal,Attack,Menacing,BRIGHTON
Animal,Dog,,MOOROOKA
Animal,Dog,Fencing Issues,INALA
Animal,Dog,Defecating In Public,FIG TREE POCKET
Animal,Dog,Fencing Issues,STAFFORD HEIGHTS
Animal,Attack,Attack On A Person,CHAPEL HILL
Animal,Dog,Defecating In Public,STAFFORD HEIGHTS
Animal,Dog,Defecating In Public,JINDALEE
Animal,Attack,Not An Attack,CARINA
Animal,Cat,,MOUNT GRAVATT EAST
Animal,Cat Trapping,,SUNNYBANK
Animal,Cat,,HOLLAND PARK
Animal,Attack,Attack On A Person,CHELMER
Animal,Dog,Fencing Issues,KARANA DOWNS
Animal,Dog,Fencing Issues,BRIGHTON
Animal,Dog,Defecating In Public,FIG TREE POCKET
Animal,Dog,Defecating In Public,SUNNYBANK
Animal,Attack,Attack On An Animal,WAKERLEY
Animal,Other Animal,Nuisance Animal,WINDSOR
Animal,Cat,,SUNNYBANK
Animal,Cat Trapping,,RICHLANDS
Animal,Dog,Fencing Issues,ELLEN GROVE
Animal,Dog,Fencing Issues,MANLY WEST
Animal,Other Animal,Odour,RED HILL
Animal,Dog,Fencing Issues,WYNNUM WEST
Animal,Other Animal,Deer,BROOKFIELD
Animal,Cat Trapping,,INALA
Animal,Dog,Fencing Issues,CHERMSIDE
Animal,Attack,Attack On An Animal,ASCOT
Animal,Dog,Too Many Animals,CLAYFIELD
Animal,Attack,Attack On A Person,HAWTHORNE
Animal,Other Animal,Wild Dog,PULLENVALE
Animal,Attack,Menacing,KEPERRA
Animal,Other Animal,Nuisance Animal,DOOLANDELLA
Animal,Attack,Attack On A Person,SEVEN HILLS
Animal,Dog,Too Many Animals,FERNY GROVE
Animal,Other Animal,Nuisance Animal,THE GAP
Animal,Other Animal,Too Many Animals,BARDON
Animal,Dog,Defecating In Public,MILTON
Animal,Dog,Defecating In Public,MILTON
Animal,Dog,Fencing Issues,COOPERS PLAINS
Animal,Other Animal,Nuisance Animal,FITZGIBBON
Animal,Dog,Fencing Issues,NORMAN PARK
Animal,Cat,,JINDALEE
Animal,Dog,Unregistered,CALAMVALE
Animal,Attack,Attack On A Person,HOLLAND PARK
Animal,Dog,Fencing Issues,CARSELDINE
Animal,Dog,Fencing Issues,CARSELDINE
Animal,Attack,Attack On An Animal,FOREST LAKE
Animal,Other Animal,Fox,KARANA DOWNS
Animal,Dog,Fencing Issues,FAIRFIELD
Animal,Other Animal,Pest / Feral Animal,PULLENVALE
Animal,Dog,Fencing Issues,RUNCORN
Animal,Other Animal,Odour,ELLEN GROVE
Animal,Attack,Attack On A Person,DOOLANDELLA
Animal,Attack,Not An Attack,INDOOROOPILLY
Animal,Dog,Fencing Issues,MANSFIELD
Animal,Attack,Attack On An Animal,MANLY WEST
Animal,Cat Trapping,,COOPERS PLAINS
Animal,Dog,Fencing Issues,MANSFIELD
Animal,Attack,Menacing,COOPERS PLAINS
Animal,Attack,Attack On A Person,ELLEN GROVE
Animal,Attack,Attack On A Person,ZILLMERE
Animal,Dog,Defecating In Public,NUDGEE BEACH
Animal,Cat,,DURACK
Animal,Dog,Defecating In Public,NUDGEE BEACH
Animal,Attack,Attack On An Animal,ASHGROVE
Animal,Dog,Fencing Issues,HAMILTON
Animal,Attack,Not An Attack,THE GAP
Animal,Cat,,TINGALPA
Animal,Dog,Fencing Issues,NEW FARM
Animal,Other Animal,Deer,ANSTEAD
Animal,Dog,Unregistered,
Animal,Attack,Menacing,CARINDALE
Animal,Cat Trapping,,MANLY WEST
Animal,Dog,Too Many Animals,FERNY GROVE
Animal,Dog,Fencing Issues,MOUNT GRAVATT EAST
Animal,Other Animal,Fencing Issues,LOTA
Animal,Dog,Fencing Issues,ELLEN GROVE
Animal,Dog,Unregistered,
Animal,Dog,Unregistered,
Animal,Dog,Unregistered,
Animal,Dog,Fencing Issues,NEWMARKET
Animal,Attack,Not An Attack,JINDALEE
Animal,Cat,,DEAGON
Animal,Dog,Fencing Issues,ST LUCIA
Animal,Dog,Unregistered,EIGHT MILE PLAINS
Animal,Dog,Unregistered,EIGHT MILE PLAINS
Animal,Dog,Unregistered,CANNON HILL
Animal,Attack,Attack On An Animal,SANDGATE
Animal,Cat Trapping,,WYNNUM
Animal,Attack,Attack On A Person,SHORNCLIFFE
Animal,Other Animal,,WAVELL HEIGHTS
Animal,Cat Trapping,,WYNNUM WEST
Animal,Dog,Defecating In Public,CAMP HILL
Animal,Attack,Not An Attack,TINGALPA
Animal,Dog,Odour,ROCHEDALE
Animal,Dog,Fencing Issues,SANDGATE
Animal,Other Animal,Nuisance Animal,MOOROOKA
Animal,Attack,Menacing,MITCHELTON
Animal,Dog,Fencing Issues,CHANDLER
Animal,Attack,Menacing,MORNINGSIDE
Animal,Attack,Not An Attack,OXLEY
Animal,Other Animal,Nuisance Animal,MOUNT GRAVATT EAST
Animal,Dog,Fencing Issues,SUNNYBANK
Animal,Attack,Attack On An Animal,WINDSOR
Animal,Dog,Fencing Issues,WINDSOR
Animal,Dog,Fencing Issues,MOOROOKA
Animal,Dog,Fencing Issues,ASHGROVE
Animal,Attack,Attack On An Animal,CARINA
Animal,Attack,Not An Attack,MANLY
Animal,Dog,Fencing Issues,CARINA HEIGHTS
Animal,Attack,Attack On An Animal,CALAMVALE
Animal,Dog,Unregistered,NUNDAH
Animal,Attack,,ROBERTSON
Animal,Dog,Fencing Issues,INALA
Animal,Dog,Fencing Issues,GRANGE
Animal,Attack,Not An Attack,BARDON
Animal,Attack,,SANDGATE
Animal,Dog,Unregistered,MOUNT OMMANEY
Animal,Dog,Too Many Animals,MOUNT OMMANEY
Animal,Cat Trapping,,THE GAP
Animal,Attack,Attack On An Animal,LOTA
Animal,Cat Trapping,,MOUNT GRAVATT EAST
Animal,Other Animal,Nuisance Animal,WINDSOR
Animal,Cat,,CARINA HEIGHTS
Animal,Dog,Fencing Issues,THE GAP
Animal,Other Animal,Fox,INDOOROOPILLY
Animal,Attack,Attack On A Person,SUNNYBANK
Animal,Other Animal,Pest / Feral Animal,NUDGEE BEACH
Animal,Dog,,GORDON PARK
Animal,Dog,Fencing Issues,EIGHT MILE PLAINS
Animal,Cat,,ASPLEY
Animal,Dog,Fencing Issues,ASPLEY
Animal,Attack,,EIGHT MILE PLAINS
Animal,Attack,Attack On An Animal,UPPER MOUNT GRAVATT
Animal,Dog,,HOLLAND PARK
Animal,Dog,Fencing Issues,COOPERS PLAINS
Animal,Attack,Attack On An Animal,BARDON
Animal,Attack,Attack On An Animal,WAVELL HEIGHTS
Animal,Cat Trapping,,INALA
Animal,Cat Trapping,,DURACK
Animal,Attack,Attack On An Animal,WAVELL HEIGHTS
Animal,Attack,Not An Attack,WYNNUM WEST
Animal,Attack,Attack On A Person,INDOOROOPILLY
Animal,Attack,Not An Attack,BRACKEN RIDGE
Animal,Attack,Attack On An Animal,INALA
Animal,Cat Trapping,,ST LUCIA
Animal,Dog,Unregistered,CHERMSIDE
Animal,Attack,Not An Attack,MACKENZIE
Animal,Other Animal,Too Many Animals,KHOLO
Animal,Dog,Fencing Issues,ELLEN GROVE
Animal,Dog,Unregistered,
Animal,Dog,Unregistered,
Animal,Attack,Not An Attack,ELLEN GROVE
Animal,Other Animal,Odour,INALA
Animal,Attack,Attack On An Animal,MANLY WEST
Animal,Cat,,ASHGROVE
Animal,Dog,Fencing Issues,DARRA
Animal,Cat,,GREENSLOPES
Animal,Dog,Defecating In Public,THE GAP
Animal,Other Animal,,BRIGHTON
Animal,Other Animal,Fox,ANSTEAD
Animal,Dog,Fencing Issues,HOLLAND PARK
Animal,Cat Trapping,,ASHGROVE
Animal,Attack,Attack On An Animal,ACACIA RIDGE
Animal,Dog,Fencing Issues,KENMORE
Animal,Attack,,CARSELDINE
Animal,Attack,Not An Attack,ZILLMERE
Animal,Cat Trapping,,KANGAROO POINT
Animal,Other Animal,Fencing Issues,DOOLANDELLA
Animal,Attack,Menacing,DURACK
Animal,Other Animal,Feral Pig,CAMP HILL
Animal,Dog,Too Many Animals,ALBION
Animal,Dog,Too Many Animals,ALBION
Animal,Dog,Too Many Animals,ALBION
Animal,Dog,Too Many Animals,ALBION
Animal,Other Animal,Fox,WISHART
Animal,Attack,Attack On An Animal,CARSELDINE
Animal,Other Animal,Fox,ALGESTER
Animal,Attack,Not An Attack,SHERWOOD
Animal,Attack,Attack On An Animal,BRIGHTON
Animal,Other Animal,Wild Dog,BROOKFIELD
Animal,Other Animal,Wild Dog,BRISBANE AIRPORT
Animal,Dog,Fencing Issues,ENOGGERA
Animal,Attack,Attack On An Animal,COORPAROO
Animal,Attack,Attack On An Animal,HOLLAND PARK
Animal,Cat Trapping,,WYNNUM
Animal,Attack,Attack On An Animal,MOUNT OMMANEY
Animal,Attack,Menacing,KARANA DOWNS
Animal,Attack,Menacing,BRIGHTON
Animal,Attack,Attack On An Animal,NORMAN PARK
Animal,Attack,Menacing,CANNON HILL
Animal,Attack,Attack On An Animal,DEAGON
Animal,Attack,Not An Attack,ENOGGERA
Animal,Dog,Fencing Issues,KEDRON
Animal,Dog,Fencing Issues,KEDRON
Animal,Cat Trapping,,NEWSTEAD
Animal,Attack,Not An Attack,SALISBURY
Animal,Attack,Attack On An Animal,WYNNUM WEST
Animal,Dog,,GUMDALE
Animal,Dog,Fencing Issues,STAFFORD
Animal,Attack,Attack On An Animal,INDOOROOPILLY
Animal,Other Animal,,RED HILL
Animal,Dog,Fencing Issues,GEEBUNG
Animal,Other Animal,Deer,SINNAMON PARK
Animal,Attack,Attack On A Person,ELLEN GROVE
Animal,Attack,Attack On A Person,SANDGATE
Animal,Dog,Fencing Issues,DURACK
Animal,Attack,Menacing,FIG TREE POCKET
Animal,Cat Trapping,,ROCHEDALE
Animal,Attack,Attack On An Animal,MOUNT GRAVATT EAST
Animal,Dog,Fencing Issues,STAFFORD
Animal,Dog,Odour,INDOOROOPILLY
Animal,Dog,Fencing Issues,TINGALPA
Animal,Other Animal,Rabbit,OXLEY
Animal,Other Animal,Nuisance Animal,INALA
Animal,Dog,Too Many Animals,ZILLMERE
Animal,Cat,,STAFFORD
Animal,Dog,Fencing Issues,WYNNUM
Animal,Dog,Defecating In Public,MCDOWALL
Animal,Other Animal,Odour,DARRA
Animal,Attack,Attack On An Animal,INDOOROOPILLY
Animal,Cat,,WYNNUM
Animal,Cat,,WYNNUM
Animal,Cat Trapping,,WYNNUM
Animal,Dog,Fencing Issues,NEW FARM
Animal,Attack,Attack On A Person,MORNINGSIDE
Animal,Other Animal,Nuisance Animal,BANYO
Animal,Attack,Attack On An Animal,KARANA DOWNS
Animal,Attack,Attack On An Animal,MURARRIE
Animal,Attack,Menacing,WAVELL HEIGHTS
Animal,Cat Trapping,,ASHGROVE
Animal,Dog,Fencing Issues,BRACKEN RIDGE
Animal,Attack,Attack On An Animal,UPPER MOUNT GRAVATT
Animal,Dog,Too Many Animals,GEEBUNG
Animal,Dog,Fencing Issues,ASHGROVE
Animal,Other Animal,Fox,UPPER KEDRON
Animal,Other Animal,Deer,JINDALEE
Animal,Dog,Defecating In Public,KENMORE
Animal,Other Animal,Fox,ROCHEDALE
Animal,Dog,Defecating In Public,NUDGEE BEACH
Animal,Attack,Attack On A Person,ROCKLEA
Animal,Other Animal,Nuisance Animal,CALAMVALE
Animal,Other Animal,Rabbit,RED HILL
Animal,Attack,Attack On A Person,ELLEN GROVE
Animal,Cat Trapping,,WYNNUM
Animal,Dog,Fencing Issues,DARRA
Animal,Other Animal,Fox,YERONGA
Animal,Attack,Not An Attack,KEPERRA
Animal,Cat,,STAFFORD HEIGHTS
Animal,Other Animal,Rabbit,LYTTON
Animal,Attack,Menacing,ZILLMERE
Animal,Other Animal,Nuisance Animal,PARKINSON
Animal,Dog,Fencing Issues,STAFFORD
Animal,Dog,Too Many Animals,TINGALPA
Animal,Other Animal,Wild Dog,KENMORE HILLS
Animal,Attack,Attack On A Person,INALA
Animal,Attack,Attack On A Person,THE GAP
Animal,Dog,Unregistered,SUNNYBANK HILLS
Animal,Other Animal,Deer,MOUNT OMMANEY
Animal,Dog,Fencing Issues,FOREST LAKE
Animal,Attack,Attack On An Animal,MOGGILL
Animal,Cat,,INALA
Animal,Dog,Fencing Issues,WYNNUM
Animal,Cat,,DARRA
Animal,Attack,Attack On An Animal,NEW FARM
Animal,Attack,Attack On An Animal,DOOLANDELLA
Animal,Other Animal,,ASCOT
Animal,Attack,Not An Attack,YERONGA
Animal,Dog,Fencing Issues,BANYO
Animal,Other Animal,Nuisance Animal,GAYTHORNE
Animal,Other Animal,Pest / Feral Animal,ALGESTER
Animal,Dog,Fencing Issues,ELLEN GROVE
Animal,Other Animal,Nuisance Animal,NORTHGATE
Animal,Cat Trapping,,WOOLOOWIN
Animal,Dog,Defecating In Public,MOUNT GRAVATT EAST
Animal,Dog,Defecating In Public,MOUNT GRAVATT EAST
Animal,Attack,Attack On A Person,HAMILTON
Animal,Cat Trapping,,KANGAROO POINT
Animal,Attack,Attack On An Animal,GRANGE
Animal,Other Animal,Fox,KARANA DOWNS
Animal,Cat Trapping,,COOPERS PLAINS
Animal,Attack,Attack On An Animal,STAFFORD HEIGHTS
Animal,Dog,,SUNNYBANK
Animal,Attack,Attack On An Animal,MANLY WEST
Animal,Attack,Attack On A Person,SALISBURY
Animal,Attack,Attack On A Person,HAMILTON
Animal,Dog,Fencing Issues,WYNNUM
Animal,Other Animal,,COOPERS PLAINS
Animal,Cat,,STAFFORD HEIGHTS
Animal,Cat Trapping,,SUNNYBANK
Animal,Attack,Attack On An Animal,KEDRON
Animal,Dog,Fencing Issues,BARDON
Animal,Cat Trapping,,INALA
Animal,Dog,Fencing Issues,WAVELL HEIGHTS
Animal,Dog,Defecating In Public,SUNNYBANK HILLS
Animal,Attack,Not An Attack,INALA
Animal,Cat,,EAST BRISBANE
Animal,Dog,Unregistered,ST LUCIA
Animal,Other Animal,Odour,UPPER MOUNT GRAVATT
Animal,Dog,Too Many Animals,ZILLMERE
Animal,Other Animal,Nuisance Animal,FOREST LAKE
Animal,Dog,Odour,MOUNT GRAVATT EAST
Animal,Cat Trapping,,INALA
Animal,Dog,Too Many Animals,ASCOT
Animal,Cat Trapping,,WOOLLOONGABBA
Animal,Attack,Attack On A Person,CARSELDINE
Animal,Dog,Fencing Issues,UPPER MOUNT GRAVATT
Animal,Other Animal,Deer,PULLENVALE
Animal,Cat Trapping,,MANSFIELD
Animal,Dog,Unregistered,HIGHGATE HILL
Animal,Attack,Attack On An Animal,RED HILL
Animal,Cat,,HERSTON
Animal,Dog,Fencing Issues,ELLEN GROVE
Animal,Attack,Attack On A Person,ELLEN GROVE
Animal,Dog,Too Many Animals,CHERMSIDE WEST
Animal,Cat,,CARINDALE
Animal,Cat Trapping,,SUNNYBANK HILLS
Animal,Cat Trapping,,INALA
Animal,Cat Trapping,,DURACK
Animal,Attack,Attack On An Animal,BRACKEN RIDGE
Animal,Cat,,ANSTEAD
Animal,Attack,Not An Attack,WYNNUM
Animal,Other Animal,Deer,BROOKFIELD
Animal,Attack,Not An Attack,YERONGA
Animal,Dog,Unregistered,SANDGATE
Animal,Other Animal,Nuisance Animal,BANYO
Animal,Dog,Unregistered,
Animal,Dog,Unregistered,
Animal,Dog,Unregistered,ROCKLEA
Animal,Dog,Unregistered,KEPERRA
Animal,Attack,Attack On An Animal,BRIGHTON
Animal,Dog,Fencing Issues,CARINA
Animal,Attack,Attack On A Person,WESTLAKE
Animal,Dog,Fencing Issues,INALA
Animal,Attack,Not An Attack,TARINGA
Animal,Dog,Fencing Issues,HOLLAND PARK
Animal,Other Animal,,MITCHELTON
Animal,Dog,Fencing Issues,NUNDAH
Animal,Dog,Fencing Issues,NUNDAH
Animal,Other Animal,Rabbit,COORPAROO
Animal,Attack,Attack On A Person,BANYO
Animal,Dog,Too Many Animals,KHOLO
Animal,Attack,Attack On An Animal,DARRA
Animal,Attack,Attack On An Animal,KEDRON
Animal,Dog,Odour,EVERTON PARK
Animal,Cat Trapping,,THE GAP
Animal,Dog,Fencing Issues,BALD HILLS
Animal,Cat Trapping,,INALA
Animal,Attack,Attack On A Person,INALA
Animal,Attack,Attack On An Animal,KEDRON
Animal,Other Animal,Fox,BROOKFIELD
Animal,Attack,Attack On An Animal,KEPERRA
Animal,Dog,Fencing Issues,NORTHGATE
Animal,Other Animal,Fox,ANSTEAD
Animal,Other Animal,,UPPER BROOKFIELD
Animal,Other Animal,Fox,WILLAWONG
Animal,Other Animal,,KHOLO
Animal,Other Animal,,ANSTEAD
Animal,Other Animal,Feral Cat,UPPER BROOKFIELD
Animal,Other Animal,,
Animal,Other Animal,,SANDGATE
Animal,Other Animal,,NUDGEE
Animal,Other Animal,Fox,PULLENVALE
Animal,Other Animal,Fox,ANSTEAD
Animal,Other Animal,,ANSTEAD
Animal,Attack,Not An Attack,RIVERHILLS
Animal,Attack,Not An Attack,MANSFIELD
Animal,Attack,,WISHART
Animal,Other Animal,,SANDGATE
Animal,Attack,Attack On A Person,KARANA DOWNS
Animal,Attack,Attack On An Animal,BOONDALL
Animal,Dog,Fencing Issues,YERONGA
Animal,Dog,Fencing Issues,CHERMSIDE WEST
Animal,Attack,,DARRA
Animal,Dog,Odour,RED HILL
Animal,Attack,Not An Attack,BRACKEN RIDGE
Animal,Dog,Odour,UPPER MOUNT GRAVATT
Animal,Attack,Attack On A Person,GRACEVILLE
Animal,Dog,,MOUNT GRAVATT EAST
Animal,Dog,Fencing Issues,NUNDAH
Animal,Other Animal,,BRIGHTON
Animal,Dog,Fencing Issues,WINDSOR
Animal,Attack,Attack On A Person,ELLEN GROVE
Animal,Dog,Fencing Issues,HOLLAND PARK
Animal,Dog,Too Many Animals,ZILLMERE
Animal,Cat Trapping,,HOLLAND PARK WEST
Animal,Dog,Fencing Issues,KEPERRA
Animal,Dog,,COORPAROO
Animal,Dog,Fencing Issues,ANSTEAD
Animal,Cat Trapping,,ZILLMERE
Animal,Dog,Fencing Issues,DREWVALE
Animal,Dog,Defecating In Public,INALA
Animal,Dog,Fencing Issues,ACACIA RIDGE
Animal,Dog,Odour,MOUNT GRAVATT EAST
Animal,Cat,,CHERMSIDE WEST
Animal,Dog,,BRIDGEMAN DOWNS
Animal,Dog,Fencing Issues,WYNNUM WEST
Animal,Cat,,INALA
Animal,Dog,Unregistered,INALA
Animal,Attack,Attack On A Person,ASHGROVE
Animal,Dog,Too Many Animals,SINNAMON PARK
Animal,Cat Trapping,,CALAMVALE
Animal,Dog,Fencing Issues,MOUNT CROSBY
Animal,Dog,Fencing Issues,NEWMARKET
Animal,Dog,Too Many Animals,BOONDALL
Animal,Dog,Too Many Animals,
Animal,Dog,Too Many Animals,
Animal,Dog,Too Many Animals,
Animal,Dog,Too Many Animals,
Animal,Dog,Fencing Issues,WAKERLEY
Animal,Cat Trapping,,OXLEY
Animal,Attack,Attack On A Person,MOGGILL
Animal,Other Animal,Rabbit,OXLEY
Animal,Cat Trapping,,INALA
Animal,Cat Trapping,,INALA
Animal,Dog,Fencing Issues,PINKENBA
Animal,Dog,Too Many Animals,DURACK
Animal,Dog,Defecating In Public,MITCHELTON
Animal,Attack,Attack On An Animal,NEW FARM
Animal,Attack,Attack On An Animal,BROOKFIELD
Animal,Attack,Attack On A Person,WISHART
Animal,Dog,Fencing Issues,STAFFORD HEIGHTS
Animal,Dog,Fencing Issues,BRACKEN RIDGE
Animal,Cat,,ENOGGERA
Animal,Attack,Attack On An Animal,COORPAROO
Animal,Attack,Attack On An Animal,WILSTON
Animal,Attack,Attack On A Person,AUCHENFLOWER
Animal,Other Animal,Pest / Feral Animal,JAMBOREE HEIGHTS
Animal,Attack,Attack On An Animal,RED HILL
Animal,Cat,,WYNNUM
Animal,Other Animal,Pest / Feral Animal,SEVEN HILLS
Animal,Other Animal,Nuisance Animal,CHANDLER
Animal,Attack,Attack On An Animal,CHERMSIDE WEST
Animal,Attack,Not An Attack,GRACEVILLE
Animal,Cat Trapping,,ELLEN GROVE
Animal,Cat,,CHERMSIDE
Animal,Attack,Attack On A Person,EIGHT MILE PLAINS
Animal,Attack,Attack On An Animal,ANNERLEY
Animal,Other Animal,Pest / Feral Animal,AUCHENFLOWER
Animal,Cat Trapping,,CHERMSIDE WEST
Animal,Other Animal,Fox,CAMP HILL
Animal,Dog,Fencing Issues,DARRA
Animal,Other Animal,Nuisance Animal,BANYO
Animal,Dog,Fencing Issues,DARRA
Animal,Cat Trapping,,THE GAP
Animal,Dog,Fencing Issues,TINGALPA
Animal,Attack,Menacing,KEDRON
Animal,Dog,Fencing Issues,WYNNUM
Animal,Dog,Too Many Animals,YEERONGPILLY
Animal,Other Animal,Deer,BROOKFIELD
Animal,Other Animal,Nuisance Animal,MANLY WEST
Animal,Cat,,WISHART
Animal,Attack,Not An Attack,CLAYFIELD
Animal,Dog,Fencing Issues,SALISBURY
Animal,Dog,Fencing Issues,INDOOROOPILLY
Animal,Attack,Attack On An Animal,WINDSOR
Animal,Dog,Fencing Issues,MIDDLE PARK
Animal,Dog,Too Many Animals,KEPERRA
Animal,Dog,Unregistered,KEPERRA
Animal,Attack,Not An Attack,BOONDALL
Animal,Other Animal,Odour,ACACIA RIDGE
Animal,Attack,Attack On A Person,WAVELL HEIGHTS
Animal,Cat,,ALGESTER
Animal,Attack,Attack On An Animal,MOUNT GRAVATT EAST
Animal,Other Animal,Pest / Feral Animal,WINDSOR
Animal,Dog,Defecating In Public,GRACEVILLE
Animal,Dog,Fencing Issues,BELMONT
Animal,Attack,Attack On A Person,MOOROOKA
Animal,Attack,Attack On An Animal,BRACKEN RIDGE
Animal,Other Animal,Nuisance Animal,SUNNYBANK HILLS
Animal,Attack,Menacing,BANYO
Animal,Cat Trapping,,KARANA DOWNS
Animal,Dog,Defecating In Public,FITZGIBBON
Animal,Attack,Attack On A Person,SUNNYBANK HILLS
Animal,Dog,Fencing Issues,FOREST LAKE
Animal,Attack,Attack On A Person,BRIGHTON
Animal,Attack,,SALISBURY
Animal,Attack,,NORMAN PARK
Animal,Attack,,ANSTEAD
Animal,Other Animal,Fencing Issues,BELMONT
Animal,Cat Trapping,,MANLY
Animal,Attack,Attack On An Animal,GEEBUNG
Animal,Other Animal,Nuisance Animal,KURABY
Animal,Cat,,HOLLAND PARK
Animal,Cat,,HOLLAND PARK
Animal,Attack,Attack On An Animal,SALISBURY
Animal,Attack,Attack On A Person,NORMAN PARK
Animal,Attack,Attack On A Person,NORMAN PARK
Animal,Dog,Fencing Issues,BRIDGEMAN DOWNS
Animal,Cat,,ASHGROVE
Animal,Dog,Unregistered,EAST BRISBANE
Animal,Dog,Defecating In Public,WYNNUM
Animal,Dog,Fencing Issues,YERONGA
Animal,Dog,Fencing Issues,YERONGA
Animal,Attack,,LOTA
Animal,Cat,,WAVELL HEIGHTS
Animal,Attack,Attack On An Animal,TARRAGINDI
Animal,Dog,Too Many Animals,BALD HILLS
Animal,Other Animal,Deer,FIG TREE POCKET
Animal,Attack,Attack On An Animal,INALA
Animal,Attack,Attack On A Person,MORNINGSIDE
Animal,Attack,Attack On A Person,ASPLEY
Animal,Dog,Fencing Issues,RED HILL
Animal,Other Animal,,BELMONT
Animal,Cat,,GREENSLOPES
Animal,Attack,Attack On A Person,KELVIN GROVE
Animal,Dog,Fencing Issues,EVERTON PARK
Animal,Attack,Attack On An Animal,KANGAROO POINT
Animal,Dog,Too Many Animals,BALD HILLS
Animal,Dog,Fencing Issues,ZILLMERE
Animal,Dog,Fencing Issues,STAFFORD HEIGHTS
Animal,Dog,Fencing Issues,STAFFORD HEIGHTS
Animal,Attack,Menacing,WAKERLEY
Animal,Dog,Defecating In Public,DURACK
Animal,Attack,Not An Attack,SANDGATE
Animal,Attack,Attack On A Person,ASHGROVE
Animal,Attack,Attack On An Animal,CORINDA
Animal,Attack,,MOOROOKA
Animal,Other Animal,,MORNINGSIDE
Animal,Dog,Fencing Issues,DARRA
Animal,Dog,,CARINA
Animal,Other Animal,Nuisance Animal,THE GAP
Animal,Attack,Not An Attack,COORPAROO
Animal,Dog,,SANDGATE
Animal,Other Animal,Fox,MORNINGSIDE
Animal,Dog,Fencing Issues,SANDGATE
Animal,Dog,Fencing Issues,BRACKEN RIDGE
Animal,Other Animal,Nuisance Animal,DOOLANDELLA
Animal,Cat Trapping,,RICHLANDS
Animal,Attack,Attack On A Person,ALDERLEY
Animal,Attack,Attack On An Animal,MANLY
Animal,Dog,Fencing Issues,CARINDALE
Animal,Attack,Menacing,SUMNER
Animal,Attack,Attack On A Person,RIVERHILLS
Animal,Dog,Fencing Issues,STAFFORD HEIGHTS
Animal,Dog,Fencing Issues,STAFFORD HEIGHTS
Animal,Dog,Odour,CHERMSIDE
Animal,Dog,Defecating In Public,CARSELDINE
Animal,Cat Trapping,,PARKINSON
Animal,Dog,Defecating In Public,DOOLANDELLA
Animal,Cat Trapping,,DURACK
Animal,Attack,Attack On An Animal,BRACKEN RIDGE
Animal,Attack,,SUNNYBANK HILLS
Animal,Dog,Defecating In Public,DOOLANDELLA
Animal,Dog,Unregistered,
Animal,Dog,Unregistered,
Animal,Other Animal,Wild Dog,UPPER BROOKFIELD
Animal,Dog,Fencing Issues,PINJARRA HILLS
Animal,Cat,,INALA
Animal,Cat Trapping,,WYNNUM WEST
Animal,Other Animal,Pest / Feral Animal,COOPERS PLAINS
Animal,Cat,,MOGGILL
Animal,Attack,,KANGAROO POINT
Animal,Other Animal,Fox,ANSTEAD
Animal,Attack,Not An Attack,CARINDALE
Animal,Attack,Attack On An Animal,ALDERLEY
Animal,Cat,,GREENSLOPES
Animal,Dog,Fencing Issues,LOTA
Animal,Dog,,FOREST LAKE
Animal,Attack,Attack On An Animal,WESTLAKE
Animal,Other Animal,Nuisance Animal,WINDSOR
Animal,Dog,Fencing Issues,STAFFORD
Animal,Other Animal,Nuisance Animal,WINDSOR
Animal,Attack,Attack On An Animal,MANSFIELD
Animal,Cat,,THE GAP
Animal,Cat,,THE GAP
Animal,Dog,Fencing Issues,STAFFORD
Animal,Cat,,WILLAWONG
Animal,Cat,,BALD HILLS
Animal,Dog,Fencing Issues,UPPER MOUNT GRAVATT
Animal,Dog,Fencing Issues,DREWVALE
Animal,Attack,Attack On A Person,DARRA
Animal,Dog,Odour,EVERTON PARK
Animal,Dog,Fencing Issues,WOOLLOONGABBA
Animal,Other Animal,Pest / Feral Animal,MANLY WEST
Animal,Dog,Fencing Issues,WISHART
Animal,Attack,Attack On An Animal,CHERMSIDE
Animal,Other Animal,Nuisance Animal,DARRA
Animal,Attack,Attack On An Animal,BALMORAL
Animal,Other Animal,Fencing Issues,CARINDALE
Animal,Other Animal,Nuisance Animal,VIRGINIA
Animal,Dog,Defecating In Public,SHERWOOD
Animal,Attack,Attack On A Person,ACACIA RIDGE
Animal,Dog,Fencing Issues,BOONDALL
Animal,Cat Trapping,,CHELMER
Animal,Dog,Odour,INALA
Animal,Dog,Fencing Issues,SUNNYBANK HILLS
Animal,Attack,Attack On An Animal,BRIDGEMAN DOWNS
Animal,Attack,Attack On A Person,MORNINGSIDE
Animal,Cat Trapping,,BOONDALL
Animal,Cat Trapping,,CORINDA
Animal,Dog,Unregistered,CARINA
Animal,Attack,Attack On An Animal,INALA
Animal,Dog,,KANGAROO POINT
Animal,Other Animal,Fox,ANSTEAD
Animal,Dog,Unregistered,CARINA HEIGHTS
Animal,Dog,Fencing Issues,BELMONT
Animal,Attack,Attack On An Animal,WOOLOOWIN
Animal,Dog,Fencing Issues,WAVELL HEIGHTS
Animal,Dog,Fencing Issues,WAVELL HEIGHTS
Animal,Dog,,EAST BRISBANE
Animal,Dog,,JINDALEE
Animal,Dog,Fencing Issues,WINDSOR
Animal,Cat Trapping,,CARINA HEIGHTS
Animal,Attack,Attack On An Animal,CANNON HILL
Animal,Dog,Fencing Issues,HENDRA
Animal,Attack,Attack On A Person,EIGHT MILE PLAINS
Animal,Dog,Unregistered,MOUNT OMMANEY
Animal,Other Animal,,HOLLAND PARK
Animal,Attack,Menacing,BRIGHTON
Animal,Attack,Attack On A Person,BRACKEN RIDGE
Animal,Cat Trapping,,CARINDALE
Animal,Attack,Attack On An Animal,MORNINGSIDE
Animal,Attack,Not An Attack,BALMORAL
Animal,Dog,Fencing Issues,CARINDALE
Animal,Dog,Unregistered,CARINA
Animal,Attack,Attack On An Animal,NUDGEE BEACH
Animal,Other Animal,Fox,MOGGILL
