Category: Nature,Category: Type,Category: Reporting Level,Location: Suburb
Animal,Dog,Defecating In Public,WYNNUM
Animal,Dog,Fencing Issues,MORNINGSIDE
Animal,Attack,Attack On An Animal,COORPAROO
Animal,Attack,Attack On An Animal,FAIRFIELD
Animal,Dog,Defecating In Public,HEATHWOOD
Animal,Attack,Menacing,WISHART
Animal,Other Animal,Fox,FIG TREE POCKET
Animal,Cat,,HERSTON
Animal,Attack,Attack On An Animal,WYNNUM WEST
Animal,Attack,Attack On A Person,SHORNCLIFFE
Animal,Attack,Not An Attack,HOLLAND PARK
Animal,Dog,Fencing Issues,BRIGHTON
Animal,Attack,Attack On An Animal,BURBANK
Animal,Dog,Fencing Issues,MANLY
Animal,Dog,Fencing Issues,MOUNT GRAVATT EAST
Animal,Dog,Fencing Issues,UPPER MOUNT GRAVATT
Animal,Other Animal,Deer,PULLENVALE
Animal,Dog,Fencing Issues,ACACIA RIDGE
Animal,Dog,,ROBERTSON
Animal,Attack,Attack On An Animal,NATHAN
Animal,Attack,Attack On A Person,BRIGHTON
Animal,Cat,,NORMAN PARK
Animal,Other Animal,,CHANDLER
Animal,Other Animal,Insufficient Space,BALD HILLS
Animal,Cat Trapping,,WYNNUM
Animal,Dog,Unregistered,INALA
Animal,Dog,Unregistered,INALA
Animal,Attack,Menacing,STAFFORD HEIGHTS
Animal,Other Animal,Deer,WILLAWONG
Animal,Cat Trapping,,ACACIA RIDGE
Animal,Other Animal,Deer,ROCKLEA
Animal,Dog,,BULIMBA
Animal,Dog,Unregistered,COORPAROO
Animal,Dog,Fencing Issues,MIDDLE PARK
Animal,Other Animal,,PULLENVALE
Animal,Dog,Insufficient Space,SANDGATE
Animal,Dog,Unregistered,HAMILTON
Animal,Other Animal,Too Many Animals,ROBERTSON
Animal,Dog,Fencing Issues,ROBERTSON
Animal,Dog,Insufficient Space,WEST END
Animal,Cat Trapping,,EIGHT MILE PLAINS
Animal,Attack,Menacing,DURACK
Animal,Other Animal,Nuisance Animal,JINDALEE
Animal,Dog,Too Many Animals,HOLLAND PARK
Animal,Attack,Attack On An Animal,TARRAGINDI
Animal,Dog,Too Many Animals,BRIGHTON
Animal,Attack,Menacing,PADDINGTON
Animal,Attack,Menacing,KEPERRA
Animal,Other Animal,Fencing Issues,UPPER BROOKFIELD
Animal,Dog,Fencing Issues,WAKERLEY
Animal,Cat Trapping,,FERNY GROVE
Animal,Cat Trapping,,WYNNUM WEST
Animal,Dog,Fencing Issues,INALA
Animal,Attack,Attack On An Animal,HOLLAND PARK WEST
Animal,Attack,Attack On An Animal,MITCHELTON
Animal,Dog,Fencing Issues,GRACEVILLE
Animal,Dog,Too Many Animals,NUDGEE BEACH
Animal,Attack,Attack On A Person,INALA
Animal,Attack,Not An Attack,INALA
Animal,Attack,Menacing,KEPERRA
Animal,Attack,Attack On An Animal,BROOKFIELD
Animal,Dog,Fencing Issues,THE GAP
Animal,Attack,Attack On An Animal,UPPER KEDRON
Animal,Cat,,ENOGGERA
Animal,Cat,,THE GAP
Animal,Dog,Fencing Issues,ACACIA RIDGE
Animal,Dog,Defecating In Public,FOREST LAKE
Animal,Cat Trapping,,FOREST LAKE
Animal,Attack,Not An Attack,CLAYFIELD
Animal,Dog,,KEPERRA
Animal,Attack,Not An Attack,TARRAGINDI
Animal,Cat Trapping,,EIGHT MILE PLAINS
Animal,Other Animal,Fencing Issues,BARDON
Animal,Attack,Not An Attack,MOUNT GRAVATT EAST
Animal,Dog,Fencing Issues,KEPERRA
Animal,Dog,Fencing Issues,KEPERRA
Animal,Cat Trapping,,ENOGGERA
Animal,Cat Trapping,,CORINDA
Animal,Dog,Odour,ALGESTER
Animal,Dog,Fencing Issues,WEST END
Animal,Cat Trapping,,BRACKEN RIDGE
Animal,Attack,Not An Attack,TAIGUM
Animal,Attack,Attack On An Animal,UPPER MOUNT GRAVATT
Animal,Attack,Attack On A Person,CARINA
Animal,Attack,Not An Attack,MANLY WEST
Animal,Dog,Fencing Issues,GRANGE
Animal,Dog,Fencing Issues,COOPERS PLAINS
Animal,Attack,Attack On An Animal,GREENSLOPES
Animal,Other Animal,Odour,PADDINGTON
Animal,Dog,Fencing Issues,MITCHELTON
Animal,Dog,Defecating In Public,MITCHELTON
Animal,Attack,Menacing,BALD HILLS
Animal,Dog,Fencing Issues,KENMORE HILLS
Animal,Dog,Defecating In Public,INALA
Animal,Other Animal,Insufficient Space,SUNNYBANK
Animal,Dog,,NORMAN PARK
Animal,Attack,Attack On A Person,MOGGILL
Animal,Cat Trapping,,BELLBOWRIE
Animal,Dog,Odour,SANDGATE
Animal,Dog,,WYNNUM
Animal,Dog,Fencing Issues,INALA
Animal,Dog,Defecating In Public,BELMONT
Animal,Attack,Attack On An Animal,BRACKEN RIDGE
Animal,Cat Trapping,,GEEBUNG
Animal,Other Animal,Fencing Issues,COORPAROO
Animal,Attack,Attack On An Animal,MCDOWALL
Animal,Dog,,MOUNT COOT-THA
Animal,Attack,Not An Attack,BELLBOWRIE
Animal,Dog,Fencing Issues,MANLY
Animal,Attack,Menacing,ACACIA RIDGE
Animal,Dog,,MORNINGSIDE
Animal,Dog,Fencing Issues,THE GAP
Animal,Dog,Fencing Issues,HOLLAND PARK
Animal,Attack,Attack On An Animal,BELLBOWRIE
Animal,Dog,Fencing Issues,UPPER MOUNT GRAVATT
Animal,Attack,Attack On An Animal,CHERMSIDE WEST
Animal,Dog,Fencing Issues,MORNINGSIDE
Animal,Attack,Menacing,MORNINGSIDE
Animal,Other Animal,,RED HILL
Animal,Attack,Menacing,CANNON HILL
Animal,Dog,,ASHGROVE
Animal,Attack,Menacing,GORDON PARK
Animal,Cat Trapping,,MANSFIELD
Animal,Attack,Attack On An Animal,WAVELL HEIGHTS
Animal,Cat Trapping,,DURACK
Animal,Dog,Odour,FITZGIBBON
Animal,Dog,Fencing Issues,ALDERLEY
Animal,Dog,Fencing Issues,TARRAGINDI
Animal,Cat Trapping,,SANDGATE
Animal,Attack,Not An Attack,EIGHT MILE PLAINS
Animal,Attack,Attack On An Animal,PULLENVALE
Animal,Dog,Fencing Issues,THE GAP
Animal,Dog,Fencing Issues,INALA
Animal,Other Animal,Fox,PINJARRA HILLS
Animal,Attack,Not An Attack,MOOROOKA
Animal,Dog,Fencing Issues,PULLENVALE
Animal,Dog,Fencing Issues,WILSTON
Animal,Dog,Fencing Issues,THE GAP
Animal,Attack,Attack On A Person,HOLLAND PARK WEST
Animal,Dog,Odour,MOUNT GRAVATT EAST
Animal,Other Animal,Fox,SHERWOOD
Animal,Attack,Menacing,SOUTH BRISBANE
Animal,Dog,Fencing Issues,WILSTON
Animal,Attack,Attack On An Animal,WAVELL HEIGHTS
Animal,Attack,Not An Attack,ALBION
Animal,Dog,Fencing Issues,DEAGON
Animal,Other Animal,Deer,FIG TREE POCKET
Animal,Dog,Fencing Issues,ENOGGERA
Animal,Dog,Fencing Issues,KENMORE HILLS
Animal,Dog,Fencing Issues,SHORNCLIFFE
Animal,Other Animal,Too Many Animals,RUNCORN
Animal,Attack,Attack On An Animal,CHERMSIDE WEST
Animal,Cat Trapping,,FERNY GROVE
Animal,Other Animal,Fencing Issues,UPPER BROOKFIELD
Animal,Attack,Attack On An Animal,MANSFIELD
Animal,Cat Trapping,,COOPERS PLAINS
Animal,Cat Trapping,,INALA
Animal,Dog,Fencing Issues,HERSTON
Animal,Attack,Attack On An Animal,CARINDALE
Animal,Dog,,HEMMANT
Animal,Dog,Fencing Issues,WYNNUM
Animal,Dog,Insufficient Space,WEST END
Animal,Attack,Attack On An Animal,NUNDAH
Animal,Cat,,MOGGILL
Animal,Attack,Attack On An Animal,BOONDALL
Animal,Other Animal,,KEDRON
Animal,Attack,Menacing,BURBANK
Animal,Other Animal,Fox,GUMDALE
Animal,Cat Trapping,,FOREST LAKE
Animal,Cat Trapping,,DOOLANDELLA
Animal,Dog,Unregistered,CHERMSIDE WEST
Animal,Cat Trapping,,GORDON PARK
Animal,Other Animal,Fencing Issues,UPPER KEDRON
Animal,Dog,Fencing Issues,FIG TREE POCKET
Animal,Cat,,COORPAROO
Animal,Dog,Defecating In Public,BALD HILLS
Animal,Other Animal,Pest / Feral Animal,OXLEY
Animal,Other Animal,Fencing Issues,RUNCORN
Animal,Attack,Attack On An Animal,UPPER MOUNT GRAVATT
Animal,Other Animal,Fox,CARINA
Animal,Dog,Too Many Animals,ELLEN GROVE
Animal,Attack,Attack On A Person,HOLLAND PARK
Animal,Attack,Not An Attack,SUNNYBANK
Animal,Other Animal,Nuisance Animal,INDOOROOPILLY
Animal,Attack,Attack On A Person,CARINDALE
Animal,Other Animal,Feral Goat,TAIGUM
Animal,Dog,Fencing Issues,UPPER MOUNT GRAVATT
Animal,Cat,,GREENSLOPES
Animal,Dog,Too Many Animals,WAVELL HEIGHTS
Animal,Dog,Too Many Animals,WAVELL HEIGHTS
Animal,Attack,Attack On An Animal,WISHART
Animal,Dog,Fencing Issues,CANNON HILL
Animal,Attack,Attack On An Animal,DARRA
Animal,Dog,Fencing Issues,FOREST LAKE
Animal,Dog,Fencing Issues,WAVELL HEIGHTS
Animal,Dog,Fencing Issues,FAIRFIELD
Animal,Attack,,MILTON
Animal,Dog,Defecating In Public,NEW FARM
Animal,Dog,Defecating In Public,MANLY
Animal,Dog,Defecating In Public,WEST END
Animal,Dog,Defecating In Public,WEST END
Animal,Attack,Attack On A Person,MOOROOKA
Animal,Attack,Attack On An Animal,FIG TREE POCKET
Animal,Cat,,THE GAP
Animal,Dog,Unregistered,WESTLAKE
Animal,Other Animal,Fencing Issues,UPPER KEDRON
Animal,Attack,Not An Attack,CHERMSIDE WEST
Animal,Attack,Attack On An Animal,CAMP HILL
Animal,Dog,Fencing Issues,ZILLMERE
Animal,Dog,,ASHGROVE
Animal,Other Animal,Fox,NUNDAH
Animal,Other Animal,Fox,KHOLO
Animal,Dog,Unregistered,BRIGHTON
Animal,Dog,Defecating In Public,PULLENVALE
Animal,Other Animal,Deer,PULLENVALE
Animal,Dog,Defecating In Public,ASHGROVE
Animal,Dog,Fencing Issues,ASPLEY
Animal,Dog,,WYNNUM
Animal,Dog,,SUNNYBANK HILLS
Animal,Attack,Attack On A Person,HERSTON
Animal,Attack,Attack On An Animal,DURACK
Animal,Dog,Fencing Issues,BRACKEN RIDGE
Animal,Cat,,KARANA DOWNS
Animal,Other Animal,Feral Cat,KEDRON
Animal,Other Animal,Odour,PULLENVALE
Animal,Dog,,KALINGA
Animal,Dog,Odour,WISHART
Animal,Cat Trapping,,RICHLANDS
Animal,Other Animal,,RUNCORN
Animal,Cat,,BOONDALL
Animal,Cat,,MOGGILL
Animal,Attack,Attack On An Animal,MOUNT GRAVATT
Animal,Dog,Fencing Issues,BALMORAL
Animal,Dog,Fencing Issues,BALMORAL
Animal,Attack,Menacing,HENDRA
Animal,Cat,,GREENSLOPES
Animal,Cat Trapping,,WOOLLOONGABBA
Animal,Attack,Menacing,DEAGON
Animal,Other Animal,,HEMMANT
Animal,Cat Trapping,,BANYO
Animal,Dog,,WACOL
Animal,Dog,,SEVENTEEN MILE ROCKS
Animal,Dog,Fencing Issues,WYNNUM
Animal,Dog,Defecating In Public,FITZGIBBON
Animal,Other Animal,Nuisance Animal,KURABY
Animal,Cat,,BRIGHTON
Animal,Other Animal,,BRACKEN RIDGE
Animal,Dog,Too Many Animals,BALD HILLS
Animal,Dog,Fencing Issues,ST LUCIA
Animal,Attack,Not An Attack,INALA
Animal,Attack,Attack On A Person,NEWMARKET
Animal,Attack,,INALA
Animal,Attack,Attack On An Animal,MITCHELTON
Animal,Dog,Unregistered,MOUNT GRAVATT EAST
Animal,Other Animal,Fox,HOLLAND PARK WEST
Animal,Dog,Fencing Issues,STAFFORD
Animal,Attack,Attack On A Person,YERONGA
Animal,Other Animal,Fox,BROOKFIELD
Animal,Attack,Attack On An Animal,CAMP HILL
Animal,Attack,Attack On An Animal,EVERTON PARK
Animal,Cat Trapping,,DURACK
Animal,Dog,Fencing Issues,KEPERRA
Animal,Attack,Attack On A Person,BRACKEN RIDGE
Animal,Dog,Fencing Issues,MOUNT GRAVATT EAST
Animal,Cat,,ASHGROVE
Animal,Dog,Fencing Issues,CARINA
Animal,Cat,,EVERTON PARK
Animal,Attack,Menacing,CARSELDINE
Animal,Other Animal,,RED HILL
Animal,Other Animal,Nuisance Animal,INALA
Animal,Dog,,BOONDALL
Animal,Other Animal,Nuisance Animal,CARINDALE
Animal,Dog,,TOOWONG
Animal,Dog,Too Many Animals,HOLLAND PARK
Animal,Dog,Too Many Animals,HOLLAND PARK
Animal,Dog,Too Many Animals,HOLLAND PARK
Animal,Dog,Fencing Issues,WOOLLOONGABBA
Animal,Attack,Menacing,WAKERLEY
Animal,Cat,,FAIRFIELD
Animal,Dog,,TINGALPA
Animal,Other Animal,,INALA
Animal,Attack,Menacing,EVERTON PARK
Animal,Attack,Menacing,BRACKEN RIDGE
Animal,Dog,Fencing Issues,CALAMVALE
Animal,Dog,Too Many Animals,INALA
Animal,Dog,Too Many Animals,INALA
Animal,Cat,,INALA
Animal,Attack,Attack On A Person,COORPAROO
Animal,Dog,,GEEBUNG
Animal,Attack,Attack On A Person,BRIGHTON
Animal,Dog,Fencing Issues,WYNNUM
Animal,Cat Trapping,,CALAMVALE
Animal,Dog,Fencing Issues,MOUNT GRAVATT EAST
Animal,Attack,Not An Attack,WYNNUM
Animal,Dog,Fencing Issues,SUNNYBANK HILLS
Animal,Dog,Defecating In Public,SHERWOOD
Animal,Other Animal,Pest / Feral Animal,FOREST LAKE
Animal,Dog,Too Many Animals,CALAMVALE
Animal,Dog,Too Many Animals,CALAMVALE
Animal,Attack,Not An Attack,ASPLEY
Animal,Attack,Attack On A Person,ASPLEY
Animal,Dog,,DARRA
Animal,Dog,Fencing Issues,DARRA
Animal,Attack,Menacing,MANSFIELD
Animal,Dog,Fencing Issues,MANLY
Animal,Other Animal,Wild Dog,THE GAP
Animal,Other Animal,Fox,ACACIA RIDGE
Animal,Other Animal,,THE GAP
Animal,Dog,,CHERMSIDE
Animal,Dog,,MOUNT GRAVATT EAST
Animal,Attack,Attack On An Animal,NEWMARKET
Animal,Attack,Attack On A Person,NEWMARKET
Animal,Other Animal,Nuisance Animal,KEPERRA
Animal,Other Animal,,HOLLAND PARK
Animal,Other Animal,Nuisance Animal,HOLLAND PARK
Animal,Attack,Not An Attack,YERONGA
Animal,Attack,,WAKERLEY
Animal,Dog,Fencing Issues,MOUNT GRAVATT
Animal,Cat Trapping,,FOREST LAKE
Animal,Dog,Fencing Issues,WISHART
Animal,Dog,,TINGALPA
Animal,Other Animal,Fox,MOUNT COOT-THA
Animal,Cat,,NEW FARM
Animal,Attack,Attack On A Person,MANLY WEST
Animal,Attack,Menacing,WYNNUM WEST
Animal,Dog,Fencing Issues,CANNON HILL
Animal,Other Animal,Odour,NORMAN PARK
Animal,Cat Trapping,,EIGHT MILE PLAINS
Animal,Attack,Attack On A Person,SUNNYBANK HILLS
Animal,Dog,,PARKINSON
Animal,Dog,,INALA
Animal,Dog,,FOREST LAKE
Animal,Dog,Fencing Issues,KARANA DOWNS
Animal,Other Animal,Fox,KARANA DOWNS
Animal,Attack,Attack On An Animal,SEVENTEEN MILE ROCKS
Animal,Attack,Attack On A Person,MOGGILL
Animal,Cat Trapping,,INALA
Animal,Cat Trapping,,MCDOWALL
Animal,Cat Trapping,,BRIGHTON
Animal,Dog,Defecating In Public,ASPLEY
Animal,Other Animal,,BRIGHTON
Animal,Dog,Unregistered,WACOL
Animal,Attack,Attack On An Animal,MANLY WEST
Animal,Other Animal,,THE GAP
Animal,Dog,Fencing Issues,ALDERLEY
Animal,Cat,,SHERWOOD
Animal,Dog,Fencing Issues,ALDERLEY
Animal,Other Animal,Fox,HOLLAND PARK WEST
Animal,Dog,Fencing Issues,THE GAP
Animal,Cat,,UPPER MOUNT GRAVATT
Animal,Other Animal,Nuisance Animal,ASHGROVE
Animal,Other Animal,Fox,GUMDALE
Animal,Attack,Attack On An Animal,ROCKLEA
Animal,Dog,Fencing Issues,CARINA HEIGHTS
Animal,Dog,Fencing Issues,HOLLAND PARK WEST
Animal,Dog,Defecating In Public,HEMMANT
Animal,Other Animal,Fox,BURBANK
Animal,Dog,Fencing Issues,STAFFORD
Animal,Other Animal,Deer,BROOKFIELD
Animal,Dog,Defecating In Public,MANSFIELD
Animal,Attack,Attack On An Animal,NUNDAH
Animal,Other Animal,Nuisance Animal,INDOOROOPILLY
Animal,Cat,,MORNINGSIDE
Animal,Cat Trapping,,ELLEN GROVE
Animal,Dog,Insufficient Space,MOOROOKA
Animal,Dog,Fencing Issues,MOUNT CROSBY
Animal,Attack,Attack On An Animal,NUNDAH
Animal,Other Animal,Nuisance Animal,JAMBOREE HEIGHTS
Animal,Attack,Attack On An Animal,HAWTHORNE
Animal,Attack,Not An Attack,CALAMVALE
Animal,Dog,Fencing Issues,CHANDLER
Animal,Dog,,TARINGA
Animal,Attack,Menacing,CANNON HILL
Animal,Attack,Attack On An Animal,INALA
Animal,Dog,Odour,FITZGIBBON
Animal,Attack,Attack On An Animal,ASHGROVE
Animal,Cat Trapping,,CHERMSIDE WEST
Animal,Dog,Fencing Issues,BRACKEN RIDGE
Animal,Dog,,KEPERRA
Animal,Dog,Fencing Issues,CALAMVALE
Animal,Dog,Fencing Issues,BRIGHTON
Animal,Other Animal,Fox,KARANA DOWNS
Animal,Attack,Not An Attack,CARINA HEIGHTS
Animal,Other Animal,Deer,BROOKFIELD
Animal,Other Animal,Fox,RUNCORN
Animal,Cat Trapping,,SUNNYBANK
Animal,Other Animal,Nuisance Animal,SUNNYBANK
Animal,Other Animal,Fox,ANNERLEY
Animal,Dog,Unregistered,MANLY WEST
Animal,Dog,Fencing Issues,INALA
Animal,Dog,Fencing Issues,INALA
Animal,Dog,Fencing Issues,CALAMVALE
Animal,Cat,,SUNNYBANK HILLS
Animal,Dog,Fencing Issues,WYNNUM WEST
Animal,Attack,Menacing,CANNON HILL
Animal,Dog,Fencing Issues,WOOLLOONGABBA
Animal,Dog,Fencing Issues,SANDGATE
Animal,Other Animal,Fox,SHERWOOD
Animal,Cat Trapping,,HOLLAND PARK
Animal,Other Animal,Odour,CHANDLER
Animal,Attack,Attack On An Animal,CAMP HILL
Animal,Attack,Attack On An Animal,MOUNT GRAVATT EAST
Animal,Attack,Menacing,KEDRON
Animal,Dog,Fencing Issues,ASPLEY
Animal,Attack,Attack On An Animal,BELLBOWRIE
Animal,Other Animal,Nuisance Animal,CARINA
Animal,Other Animal,Fox,CAMP HILL
Animal,Attack,Attack On A Person,MANLY WEST
Animal,Other Animal,Nuisance Animal,TINGALPA
Animal,Attack,Attack On A Person,ROBERTSON
Animal,Dog,Defecating In Public,CARINA HEIGHTS
Animal,Dog,Fencing Issues,GRANGE
Animal,Dog,Fencing Issues,JINDALEE
Animal,Cat Trapping,,WYNNUM WEST
Animal,Dog,Defecating In Public,MILTON
Animal,Dog,Fencing Issues,INALA
Animal,Attack,Attack On An Animal,MANLY WEST
Animal,Other Animal,,ACACIA RIDGE
Animal,Other Animal,Nuisance Animal,FOREST LAKE
Animal,Cat Trapping,,RICHLANDS
Animal,Attack,Attack On A Person,MANLY WEST
Animal,Dog,Defecating In Public,CAMP HILL
Animal,Other Animal,Pest / Feral Animal,BRACKEN RIDGE
Animal,Attack,Attack On An Animal,MOUNT GRAVATT EAST
Animal,Other Animal,Nuisance Animal,BARDON
Animal,Dog,Defecating In Public,EVERTON PARK
Animal,Cat,,STAFFORD HEIGHTS
Animal,Cat Trapping,,BOONDALL
Animal,Dog,Fencing Issues,FOREST LAKE
Animal,Dog,Fencing Issues,MOOROOKA
Animal,Other Animal,Fencing Issues,CHAPEL HILL
Animal,Cat,,INALA
Animal,Attack,Attack On A Person,PULLENVALE
Animal,Dog,Fencing Issues,ASCOT
Animal,Attack,Menacing,MORNINGSIDE
Animal,Attack,Attack On A Person,TOOWONG
Animal,Cat Trapping,,STAFFORD
Animal,Attack,Not An Attack,WYNNUM
Animal,Attack,Attack On An Animal,FIG TREE POCKET
Animal,Attack,Menacing,ASPLEY
Animal,Attack,,ROBERTSON
Animal,Dog,Unregistered,KURABY
Animal,Dog,,COOPERS PLAINS
Animal,Dog,Fencing Issues,DEAGON
Animal,Other Animal,Fox,INALA
Animal,Attack,Attack On A Person,TENERIFFE
Animal,Other Animal,Wild Dog,PULLENVALE
Animal,Cat Trapping,,MOGGILL
Animal,Cat Trapping,,INALA
Animal,Attack,,BRACKEN RIDGE
Animal,Dog,Defecating In Public,MANLY WEST
Animal,Cat Trapping,,DARRA
Animal,Dog,Defecating In Public,PADDINGTON
Animal,Attack,Attack On A Person,CORINDA
Animal,Dog,Odour,PADDINGTON
Animal,Attack,Attack On An Animal,BULIMBA
Animal,Dog,,MANLY
Animal,Attack,Attack On A Person,HOLLAND PARK WEST
Animal,Other Animal,,BOONDALL
Animal,Dog,Too Many Animals,KEPERRA
Animal,Attack,Attack On An Animal,CALAMVALE
Animal,Attack,Attack On An Animal,YEERONGPILLY
Animal,Other Animal,Nuisance Animal,YERONGA
Animal,Cat Trapping,,CORINDA
Animal,Dog,Fencing Issues,MOUNT GRAVATT EAST
Animal,Other Animal,Odour,CHERMSIDE WEST
Animal,Other Animal,Fox,CHAPEL HILL
Animal,Other Animal,Fox,NATHAN
Animal,Dog,Fencing Issues,BOONDALL
Animal,Dog,Defecating In Public,CLAYFIELD
Animal,Cat Trapping,,OXLEY
Animal,Dog,Odour,HOLLAND PARK
Animal,Attack,Attack On An Animal,BALD HILLS
Animal,Dog,Insufficient Space,MOUNT GRAVATT EAST
Animal,Attack,Menacing,WYNNUM
Animal,Cat Trapping,,JINDALEE
Animal,Other Animal,Nuisance Animal,KENMORE HILLS
Animal,Other Animal,,PALLARA
Animal,Attack,Menacing,UPPER MOUNT GRAVATT
Animal,Dog,Fencing Issues,MURARRIE
Animal,Other Animal,Wild Dog,THE GAP
Animal,Dog,,NORMAN PARK
Animal,Dog,Fencing Issues,DREWVALE
Animal,Dog,,GEEBUNG
Animal,Attack,Attack On A Person,STRETTON
Animal,Cat,,COORPAROO
Animal,Cat Trapping,,BANYO
Animal,Attack,Attack On A Person,TARRAGINDI
Animal,Dog,Too Many Animals,FITZGIBBON
Animal,Attack,,SUNNYBANK HILLS
Animal,Cat,,THE GAP
Animal,Attack,Not An Attack,CALAMVALE
Animal,Other Animal,Fencing Issues,KENMORE
Animal,Other Animal,Fencing Issues,UPPER BROOKFIELD
Animal,Dog,Fencing Issues,WYNNUM
Animal,Attack,Attack On A Person,SUNNYBANK HILLS
Animal,Other Animal,,COOPERS PLAINS
Animal,Cat Trapping,,COOPERS PLAINS
Animal,Attack,,PARKINSON
Animal,Other Animal,Nuisance Animal,ASPLEY
Animal,Attack,Menacing,MORNINGSIDE
Animal,Attack,Attack On A Person,MORNINGSIDE
Animal,Dog,Fencing Issues,ROBERTSON
Animal,Attack,Attack On An Animal,ST LUCIA
Animal,Attack,Attack On An Animal,BALD HILLS
Animal,Dog,,MANSFIELD
Animal,Dog,Fencing Issues,BRACKEN RIDGE
Animal,Dog,Fencing Issues,RUNCORN
Animal,Dog,,NORMAN PARK
Animal,Other Animal,Fencing Issues,ZILLMERE
Animal,Attack,Attack On An Animal,TINGALPA
Animal,Dog,,SUNNYBANK
Animal,Other Animal,Nuisance Animal,SUNNYBANK
Animal,Attack,Menacing,BRACKEN RIDGE
Animal,Other Animal,Nuisance Animal,KARANA DOWNS
Animal,Attack,Not An Attack,FIG TREE POCKET
Animal,Dog,Fencing Issues,BROOKFIELD
Animal,Attack,Attack On A Person,SINNAMON PARK
Animal,Attack,,ASHGROVE
Animal,Other Animal,Rabbit,RED HILL
Animal,Other Animal,Deer,WYNNUM WEST
Animal,Cat Trapping,,PADDINGTON
Animal,Dog,Fencing Issues,CARINA HEIGHTS
Animal,Cat,,THE GAP
Animal,Attack,Attack On A Person,ROBERTSON
Animal,Dog,,SUNNYBANK
Animal,Attack,Attack On An Animal,ALBION
Animal,Attack,Not An Attack,WEST END
Animal,Dog,,BANYO
Animal,Attack,Attack On A Person,CARINA
Animal,Dog,Fencing Issues,HEMMANT
Animal,Other Animal,,KARANA DOWNS
Animal,Cat,,HOLLAND PARK WEST
Animal,Dog,,GREENSLOPES
Animal,Dog,,UPPER MOUNT GRAVATT
Animal,Dog,Too Many Animals,INALA
Animal,Other Animal,Nuisance Animal,KEPERRA
Animal,Cat Trapping,,ACACIA RIDGE
Animal,Attack,Not An Attack,CARINA HEIGHTS
Animal,Dog,,FAIRFIELD
Animal,Dog,,COORPAROO
Animal,Cat,,VIRGINIA
Animal,Dog,Fencing Issues,STAFFORD HEIGHTS
Animal,Attack,Attack On A Person,GUMDALE
Animal,Other Animal,,GRACEVILLE
Animal,Cat,,FERNY GROVE
Animal,Dog,Fencing Issues,NEWSTEAD
Animal,Other Animal,Insufficient Space,ACACIA RIDGE
Animal,Dog,Too Many Animals,LUTWYCHE
Animal,Other Animal,Nuisance Animal,WAVELL HEIGHTS
Animal,Attack,Menacing,MORNINGSIDE
Animal,Attack,Not An Attack,ROCHEDALE
Animal,Dog,Fencing Issues,TINGALPA
Animal,Attack,Attack On An Animal,WYNNUM
Animal,Cat Trapping,,SALISBURY
Animal,Cat,,TINGALPA
Animal,Cat,,WYNNUM WEST
Animal,Dog,,UPPER KEDRON
Animal,Cat,,HOLLAND PARK
Animal,Attack,Menacing,MOUNT GRAVATT EAST
Animal,Dog,,CAMP HILL
Animal,Dog,Fencing Issues,INALA
Animal,Dog,Defecating In Public,SINNAMON PARK
Animal,Attack,Attack On An Animal,TARINGA
Animal,Attack,Not An Attack,CHAPEL HILL
Animal,Cat Trapping,,HAWTHORNE
Animal,Attack,Attack On An Animal,SALISBURY
Animal,Cat,,JINDALEE
Animal,Attack,Attack On A Person,MOOROOKA
Animal,Dog,Defecating In Public,TAIGUM
Animal,Attack,Attack On An Animal,UPPER MOUNT GRAVATT
Animal,Dog,Fencing Issues,GEEBUNG
Animal,Attack,Not An Attack,GRACEVILLE
Animal,Attack,Attack On A Person,STAFFORD HEIGHTS
Animal,Other Animal,Fencing Issues,COORPAROO
Animal,Dog,Too Many Animals,YERONGA
Animal,Dog,Fencing Issues,TOOWONG
Animal,Dog,Fencing Issues,TOOWONG
Animal,Other Animal,Nuisance Animal,WYNNUM WEST
Animal,Dog,Too Many Animals,TINGALPA
Animal,Dog,Too Many Animals,TINGALPA
Animal,Dog,Defecating In Public,LOTA
Animal,Attack,Attack On An Animal,MANLY WEST
Animal,Dog,Fencing Issues,MITCHELTON
Animal,Dog,Fencing Issues,MANSFIELD
Animal,Dog,Fencing Issues,BRIGHTON
Animal,Other Animal,Fox,DEAGON
Animal,Dog,Fencing Issues,ALDERLEY
Animal,Cat,,KARANA DOWNS
Animal,Dog,Defecating In Public,CHERMSIDE
Animal,Attack,Attack On An Animal,BOONDALL
Animal,Dog,Fencing Issues,KARANA DOWNS
Animal,Cat,,BULIMBA
Animal,Dog,Insufficient Space,INALA
Animal,Dog,Fencing Issues,THE GAP
Animal,Attack,Attack On A Person,MOUNT COOT-THA
Animal,Dog,Fencing Issues,ASCOT
Animal,Dog,Defecating In Public,WEST END
Animal,Dog,Fencing Issues,KEPERRA
Animal,Dog,Fencing Issues,MOUNT GRAVATT
Animal,Dog,,KELVIN GROVE
Animal,Attack,Attack On A Person,ANSTEAD
Animal,Dog,Defecating In Public,BANYO
Animal,Dog,Fencing Issues,HEMMANT
Animal,Attack,Attack On A Person,DEAGON
Animal,Attack,Attack On An Animal,PULLENVALE
Animal,Attack,Not An Attack,MOUNT GRAVATT
Animal,Dog,Defecating In Public,DEAGON
Animal,Cat,,MANSFIELD
Animal,Attack,Attack On A Person,KELVIN GROVE
Animal,Cat,,STAFFORD
Animal,Dog,Fencing Issues,ASHGROVE
Animal,Attack,Not An Attack,WOOLLOONGABBA
Animal,Other Animal,Deer,CHAPEL HILL
Animal,Dog,Too Many Animals,WYNNUM
Animal,Attack,Attack On An Animal,MANLY WEST
Animal,Dog,Too Many Animals,NUDGEE
Animal,Cat Trapping,,MCDOWALL
Animal,Attack,Attack On An Animal,ASHGROVE
Animal,Dog,Too Many Animals,NUDGEE BEACH
Animal,Dog,Defecating In Public,SUNNYBANK HILLS
Animal,Dog,,HENDRA
Animal,Dog,Too Many Animals,NUDGEE
Animal,Dog,,KANGAROO POINT
Animal,Dog,Unregistered,HOLLAND PARK WEST
Animal,Attack,Attack On A Person,BURBANK
Animal,Cat,,HOLLAND PARK
Animal,Dog,Fencing Issues,BRACKEN RIDGE
Animal,Cat,,HERSTON
Animal,Cat Trapping,,TAIGUM
Animal,Dog,Fencing Issues,DEAGON
Animal,Dog,,SANDGATE
Animal,Dog,,PADDINGTON
Animal,Other Animal,Nuisance Animal,BULIMBA
Animal,Dog,,KENMORE
Animal,Attack,Attack On An Animal,PARKINSON
Animal,Attack,Attack On A Person,GRANGE
Animal,Other Animal,,FIG TREE POCKET
Animal,Dog,Fencing Issues,SPRING HILL
Animal,Cat,,HERSTON
Animal,Other Animal,Nuisance Animal,WESTLAKE
Animal,Dog,Unregistered,GREENSLOPES
Animal,Dog,Unregistered,GREENSLOPES
Animal,Dog,,BARDON
Animal,Other Animal,Fencing Issues,CAMP HILL
Animal,Cat Trapping,,MANLY
Animal,Attack,Attack On An Animal,DURACK
Animal,Dog,,BANYO
Animal,Other Animal,Fox,KARANA DOWNS
Animal,Dog,Defecating In Public,WEST END
Animal,Dog,Fencing Issues,BRACKEN RIDGE
Animal,Dog,Too Many Animals,KEPERRA
Animal,Dog,Fencing Issues,WYNNUM WEST
Animal,Other Animal,Fencing Issues,PADDINGTON
Animal,Attack,Attack On An Animal,CHERMSIDE WEST
Animal,Other Animal,Fencing Issues,WISHART
Animal,Cat Trapping,,JINDALEE
Animal,Attack,Attack On An Animal,DEAGON
Animal,Cat Trapping,,ACACIA RIDGE
Animal,Other Animal,,BROOKFIELD
Animal,Other Animal,Nuisance Animal,ACACIA RIDGE
Animal,Cat,,CAMP HILL
Animal,Cat Trapping,,RED HILL
Animal,Attack,Not An Attack,INALA
Animal,Dog,Unregistered,ANSTEAD
Animal,Dog,Insufficient Space,GORDON PARK
Animal,Dog,Fencing Issues,HOLLAND PARK WEST
Animal,Dog,Fencing Issues,ZILLMERE
Animal,Dog,Fencing Issues,ZILLMERE
Animal,Other Animal,Nuisance Animal,TAIGUM
Animal,Other Animal,Nuisance Animal,TAIGUM
Animal,Dog,Defecating In Public,HOLLAND PARK
Animal,Cat Trapping,,MOUNT GRAVATT
Animal,Attack,Menacing,DEAGON
Animal,Other Animal,Fencing Issues,UPPER BROOKFIELD
Animal,Dog,Fencing Issues,ALGESTER
Animal,Other Animal,Fencing Issues,PADDINGTON
Animal,Attack,Not An Attack,DOOLANDELLA
Animal,Cat,,BULIMBA
Animal,Attack,Attack On An Animal,DUTTON PARK
Animal,Attack,Not An Attack,DUTTON PARK
Animal,Other Animal,Fox,CHELMER
Animal,Attack,Attack On An Animal,MURARRIE
Animal,Attack,Attack On An Animal,ASPLEY
Animal,Other Animal,Fox,FIG TREE POCKET
Animal,Other Animal,Nuisance Animal,DARRA
Animal,Other Animal,Nuisance Animal,MANSFIELD
Animal,Attack,Attack On An Animal,HOLLAND PARK
Animal,Attack,Menacing,FERNY GROVE
Animal,Attack,Not An Attack,INALA
Animal,Attack,Attack On A Person,INALA
Animal,Attack,Menacing,HOLLAND PARK WEST
Animal,Attack,Menacing,CARINA
Animal,Other Animal,Fox,RUNCORN
Animal,Dog,Fencing Issues,NORTHGATE
Animal,Dog,Odour,CHERMSIDE WEST
Animal,Dog,Fencing Issues,ALGESTER
Animal,Cat,,THE GAP
Animal,Dog,Unregistered,BARDON
Animal,Dog,Too Many Animals,BRACKEN RIDGE
Animal,Dog,Fencing Issues,INALA
Animal,Cat Trapping,,TARRAGINDI
Animal,Dog,Fencing Issues,MANSFIELD
Animal,Attack,Attack On An Animal,MOUNT GRAVATT EAST
Animal,Cat Trapping,,TAIGUM
Animal,Attack,Attack On A Person,TARINGA
Animal,Other Animal,Pest / Feral Animal,CALAMVALE
Animal,Attack,Attack On An Animal,MIDDLE PARK
Animal,Dog,Fencing Issues,MANLY WEST
Animal,Cat Trapping,,MACGREGOR
Animal,Dog,Fencing Issues,NUDGEE
Animal,Other Animal,Fox,INDOOROOPILLY
Animal,Cat Trapping,,WAKERLEY
Animal,Dog,Fencing Issues,ASHGROVE
Animal,Dog,Fencing Issues,EIGHT MILE PLAINS
Animal,Dog,,ACACIA RIDGE
Animal,Attack,Attack On An Animal,KEPERRA
Animal,Cat Trapping,,EIGHT MILE PLAINS
Animal,Dog,Fencing Issues,MORNINGSIDE
Animal,Dog,Fencing Issues,CAMP HILL
Animal,Dog,Fencing Issues,HOLLAND PARK
Animal,Dog,Fencing Issues,PALLARA
Animal,Cat Trapping,,ST LUCIA
Animal,Dog,Too Many Animals,CORINDA
Animal,Attack,Attack On An Animal,BROOKFIELD
Animal,Dog,Unregistered,MACGREGOR
Animal,Other Animal,Nuisance Animal,ASCOT
Animal,Dog,Fencing Issues,CARINA
Animal,Dog,,THE GAP
Animal,Other Animal,Nuisance Animal,INALA
Animal,Dog,Too Many Animals,WACOL
Animal,Attack,Attack On An Animal,MANSFIELD
Animal,Attack,Not An Attack,MORNINGSIDE
Animal,Cat Trapping,,BRACKEN RIDGE
Animal,Cat,,MOUNT OMMANEY
Animal,Attack,Attack On A Person,TINGALPA
Animal,Dog,,BARDON
Animal,Other Animal,,TAIGUM
Animal,Attack,,WOOLLOONGABBA
Animal,Attack,Attack On A Person,SINNAMON PARK
Animal,Dog,Fencing Issues,NUDGEE
Animal,Dog,,FOREST LAKE
Animal,Attack,Attack On An Animal,HAMILTON
Animal,Attack,Attack On An Animal,AUCHENFLOWER
Animal,Other Animal,Wild Dog,THE GAP
Animal,Attack,Attack On A Person,WOOLLOONGABBA
Animal,Other Animal,,RUNCORN
Animal,Attack,Attack On An Animal,HEATHWOOD
Animal,Attack,Attack On An Animal,FITZGIBBON
Animal,Dog,Fencing Issues,BRACKEN RIDGE
Animal,Other Animal,Nuisance Animal,ACACIA RIDGE
Animal,Attack,,INALA
Animal,Dog,Too Many Animals,YERONGA
Animal,Other Animal,,WYNNUM
Animal,Dog,,CAMP HILL
Animal,Dog,,ROBERTSON
Animal,Dog,Defecating In Public,MANLY
Animal,Attack,Attack On A Person,BALD HILLS
Animal,Cat Trapping,,KENMORE
Animal,Other Animal,Fox,CARINDALE
Animal,Dog,Fencing Issues,SUNNYBANK HILLS
Animal,Cat Trapping,,BALD HILLS
Animal,Other Animal,,CORINDA
Animal,Other Animal,Nuisance Animal,ROCHEDALE
Animal,Dog,Fencing Issues,WOOLLOONGABBA
Animal,Cat,,BALMORAL
Animal,Dog,Fencing Issues,YERONGA
Animal,Dog,Defecating In Public,YERONGA
Animal,Dog,Fencing Issues,WYNNUM WEST
Animal,Other Animal,Fencing Issues,UPPER BROOKFIELD
Animal,Attack,,TARRAGINDI
Animal,Other Animal,Wild Dog,THE GAP
Animal,Dog,Fencing Issues,FITZGIBBON
Animal,Dog,Odour,HOLLAND PARK
Animal,Cat Trapping,,WYNNUM
Animal,Other Animal,Fox,PULLENVALE
Animal,Dog,,SALISBURY
Animal,Other Animal,Pest / Feral Animal,CLAYFIELD
Animal,Dog,Fencing Issues,CALAMVALE
Animal,Dog,Fencing Issues,CALAMVALE
Animal,Dog,Too Many Animals,CALAMVALE
Animal,Dog,Too Many Animals,CALAMVALE
Animal,Dog,Odour,CALAMVALE
Animal,Dog,Fencing Issues,MOOROOKA
Animal,Cat,,STAFFORD HEIGHTS
Animal,Other Animal,,RED HILL
Animal,Dog,,ASHGROVE
Animal,Other Animal,,WYNNUM WEST
Animal,Dog,Defecating In Public,NATHAN
Animal,Cat Trapping,,MOUNT GRAVATT EAST
Animal,Dog,Unregistered,CALAMVALE
Animal,Dog,Fencing Issues,CARSELDINE
Animal,Cat,,CHERMSIDE
Animal,Cat Trapping,,LOTA
Animal,Attack,Attack On An Animal,BALD HILLS
Animal,Attack,Attack On A Person,ROBERTSON
Animal,Dog,Defecating In Public,BRIGHTON
Animal,Attack,,KENMORE
Animal,Other Animal,Unregistered,MORNINGSIDE
Animal,Cat,,BRIGHTON
Animal,Dog,Fencing Issues,WYNNUM
Animal,Dog,Defecating In Public,KARAWATHA
Animal,Dog,Fencing Issues,ALDERLEY
Animal,Dog,Defecating In Public,WEST END
Animal,Attack,Not An Attack,ACACIA RIDGE
Animal,Attack,Attack On A Person,INALA
Animal,Attack,Attack On An Animal,KEDRON
Animal,Dog,,HENDRA
Animal,Attack,Attack On A Person,SEVENTEEN MILE ROCKS
Animal,Attack,Attack On A Person,MOOROOKA
Animal,Cat Trapping,,INALA
Animal,Attack,Attack On An Animal,ENOGGERA
Animal,Attack,Attack On A Person,INALA
Animal,Dog,Unregistered,HEMMANT
Animal,Cat Trapping,,MCDOWALL
Animal,Other Animal,Nuisance Animal,MOUNT GRAVATT EAST
Animal,Attack,Attack On An Animal,INALA
Animal,Other Animal,Fox,INDOOROOPILLY
Animal,Dog,Fencing Issues,STAFFORD HEIGHTS
Animal,Attack,Attack On A Person,ENOGGERA
Animal,Dog,,KENMORE
Animal,Attack,Attack On An Animal,ALGESTER
Animal,Dog,Insufficient Space,SANDGATE
Animal,Dog,Fencing Issues,TARRAGINDI
Animal,Attack,Not An Attack,WYNNUM WEST
Animal,Dog,Odour,DOOLANDELLA
Animal,Dog,Fencing Issues,KARANA DOWNS
Animal,Dog,Fencing Issues,BANYO
Animal,Attack,Attack On A Person,ACACIA RIDGE
Animal,Dog,Fencing Issues,DURACK
Animal,Attack,Not An Attack,CARINA HEIGHTS
Animal,Dog,Fencing Issues,MOOROOKA
Animal,Attack,,ALDERLEY
Animal,Attack,Attack On A Person,WESTLAKE
Animal,Dog,Defecating In Public,WYNNUM
Animal,Dog,Too Many Animals,ASPLEY
Animal,Dog,Too Many Animals,ASPLEY
Animal,Cat,,CHANDLER
Animal,Other Animal,Fox,CAMP HILL
Animal,Attack,Menacing,WYNNUM
Animal,Other Animal,,RED HILL
Animal,Attack,Menacing,KEPERRA
Animal,Attack,Attack On An Animal,STAFFORD HEIGHTS
Animal,Attack,Menacing,DARRA
Animal,Dog,Fencing Issues,DARRA
Animal,Attack,Attack On An Animal,MOUNT GRAVATT EAST
Animal,Other Animal,Nuisance Animal,KURABY
Animal,Other Animal,Nuisance Animal,FITZGIBBON
Animal,Attack,Attack On A Person,CARINDALE
Animal,Other Animal,Nuisance Animal,SUNNYBANK
Animal,Dog,,RIVERHILLS
Animal,Dog,Fencing Issues,INALA
Animal,Dog,Fencing Issues,NEW FARM
Animal,Attack,Menacing,WOOLOOWIN
Animal,Dog,Fencing Issues,MOOROOKA
Animal,Dog,Fencing Issues,MOOROOKA
Animal,Other Animal,Nuisance Animal,DURACK
Animal,Dog,Unregistered,INALA
Animal,Attack,Attack On An Animal,STRETTON
Animal,Other Animal,,THE GAP
Animal,Cat,,KARANA DOWNS
Animal,Other Animal,Fencing Issues,FOREST LAKE
Animal,Dog,,BRIGHTON
Animal,Cat Trapping,,BURBANK
Animal,Cat Trapping,,SUNNYBANK HILLS
Animal,Attack,Attack On An Animal,COORPAROO
Animal,Dog,,BRACKEN RIDGE
Animal,Dog,,EVERTON PARK
Animal,Dog,,MANLY WEST
Animal,Dog,,INDOOROOPILLY
Animal,Attack,Attack On A Person,BELLBOWRIE
Animal,Dog,Fencing Issues,ASHGROVE
Animal,Attack,Not An Attack,INALA
Animal,Dog,Fencing Issues,UPPER MOUNT GRAVATT
Animal,Other Animal,Fox,ANSTEAD
Animal,Other Animal,Rabbit,KARAWATHA
Animal,Cat Trapping,,BRISBANE CITY
Animal,Attack,Attack On An Animal,BRACKEN RIDGE
Animal,Cat Trapping,,SANDGATE
Animal,Dog,Fencing Issues,WYNNUM
Animal,Dog,Unregistered,DOOLANDELLA
Animal,Attack,Menacing,CARSELDINE
Animal,Dog,Insufficient Space,WYNNUM
Animal,Dog,,WYNNUM
Animal,Attack,Attack On A Person,CARINA HEIGHTS
Animal,Attack,Menacing,CARINA HEIGHTS
Animal,Attack,Attack On An Animal,TARRAGINDI
Animal,Dog,Defecating In Public,WYNNUM
Animal,Other Animal,Fox,UPPER BROOKFIELD
Animal,Attack,Attack On A Person,RIVERHILLS
Animal,Dog,Fencing Issues,THE GAP
Animal,Other Animal,Fox,KARANA DOWNS
Animal,Other Animal,Wild Dog,BARDON
Animal,Other Animal,Fox,BELMONT
Animal,Attack,Attack On A Person,BELLBOWRIE
Animal,Attack,Attack On An Animal,MOUNT GRAVATT
Animal,Dog,Unregistered,NUNDAH
Animal,Dog,Defecating In Public,MANSFIELD
Animal,Other Animal,Fox,MURARRIE
Animal,Dog,Too Many Animals,HOLLAND PARK WEST
Animal,Other Animal,Fencing Issues,THE GAP
Animal,Dog,Too Many Animals,NUDGEE BEACH
Animal,Dog,,FOREST LAKE
Animal,Dog,,MOOROOKA
Animal,Dog,Defecating In Public,YERONGA
Animal,Dog,Fencing Issues,DUTTON PARK
Animal,Other Animal,Nuisance Animal,ASCOT
Animal,Dog,Fencing Issues,ANNERLEY
Animal,Other Animal,Pest / Feral Animal,RICHLANDS
Animal,Other Animal,Rabbit,WYNNUM
Animal,Attack,Attack On An Animal,NATHAN
Animal,Cat,,NORMAN PARK
Animal,Attack,Attack On An Animal,MURARRIE
Animal,Cat Trapping,,SUNNYBANK
Animal,Other Animal,Nuisance Animal,INDOOROOPILLY
Animal,Dog,Defecating In Public,BALMORAL
Animal,Attack,Attack On An Animal,CARINA
Animal,Dog,Fencing Issues,INDOOROOPILLY
Animal,Dog,Defecating In Public,NEW FARM
Animal,Attack,Attack On An Animal,BRACKEN RIDGE
Animal,Cat Trapping,,ZILLMERE
Animal,Dog,Fencing Issues,CHERMSIDE
Animal,Dog,,HIGHGATE HILL
Animal,Dog,Fencing Issues,GAYTHORNE
Animal,Other Animal,Nuisance Animal,SUNNYBANK
Animal,Other Animal,Nuisance Animal,FOREST LAKE
Animal,Attack,Attack On A Person,CLAYFIELD
Animal,Other Animal,Pest / Feral Animal,CARINDALE
Animal,Cat Trapping,,DOOLANDELLA
Animal,Dog,Insufficient Space,GORDON PARK
Animal,Dog,Insufficient Space,GORDON PARK
Animal,Cat Trapping,,SANDGATE
Animal,Dog,Insufficient Space,BOONDALL
Animal,Dog,Fencing Issues,CARINA HEIGHTS
Animal,Dog,Fencing Issues,PINKENBA
Animal,Dog,Odour,SEVEN HILLS
Animal,Dog,,BARDON
Animal,Attack,Attack On A Person,COORPAROO
Animal,Dog,Fencing Issues,SALISBURY
Animal,Attack,Attack On A Person,LOTA
Animal,Attack,Menacing,KEPERRA
Animal,Dog,Fencing Issues,ZILLMERE
Animal,Other Animal,Nuisance Animal,ROCHEDALE
Animal,Cat Trapping,,CARSELDINE
Animal,Dog,Fencing Issues,SALISBURY
Animal,Attack,,WYNNUM WEST
Animal,Dog,Fencing Issues,YERONGA
Animal,Dog,Odour,BELMONT
Animal,Dog,Fencing Issues,INALA
Animal,Dog,Fencing Issues,BANYO
Animal,Dog,Defecating In Public,TARRAGINDI
Animal,Attack,Not An Attack,EVERTON PARK
Animal,Attack,Attack On An Animal,BELLBOWRIE
Animal,Other Animal,Nuisance Animal,BRIGHTON
Animal,Attack,Attack On A Person,FERNY GROVE
Animal,Cat,,MOGGILL
Animal,Cat,,BULIMBA
Animal,Dog,Fencing Issues,CHAPEL HILL
Animal,Other Animal,Nuisance Animal,STAFFORD
Animal,Dog,,TINGALPA
Animal,Dog,Too Many Animals,TINGALPA
Animal,Dog,,ASPLEY
Animal,Cat,,STAFFORD
Animal,Attack,Attack On A Person,TARRAGINDI
Animal,Cat Trapping,,COOPERS PLAINS
Animal,Attack,Attack On An Animal,EVERTON PARK
Animal,Cat,,
Animal,Attack,Attack On A Person,BULIMBA
Animal,Dog,Fencing Issues,CARINA
Animal,Attack,Not An Attack,RICHLANDS
Animal,Dog,Fencing Issues,GRACEVILLE
Animal,Dog,,HENDRA
Animal,Attack,Menacing,HOLLAND PARK
Animal,Cat,,FOREST LAKE
Animal,Other Animal,Nuisance Animal,KEDRON
Animal,Cat Trapping,,DREWVALE
Animal,Attack,Attack On A Person,BRIGHTON
Animal,Cat Trapping,,FOREST LAKE
Animal,Cat,,ELLEN GROVE
Animal,Attack,Attack On A Person,BARDON
Animal,Attack,Not An Attack,SUNNYBANK HILLS
Animal,Dog,Unregistered,INALA
Animal,Dog,Fencing Issues,CAMP HILL
Animal,Dog,Unregistered,MITCHELTON
Animal,Dog,Defecating In Public,CARSELDINE
Animal,Dog,Defecating In Public,CARSELDINE
Animal,Dog,Fencing Issues,ROCKLEA
Animal,Cat,,NEW FARM
Animal,Other Animal,,MOGGILL
Animal,Dog,Too Many Animals,THE GAP
Animal,Dog,,RIVERHILLS
Animal,Attack,Attack On An Animal,ZILLMERE
Animal,Attack,Not An Attack,WYNNUM WEST
Animal,Cat Trapping,,DEAGON
Animal,Attack,Attack On A Person,HAWTHORNE
Animal,Dog,Fencing Issues,ZILLMERE
Animal,Dog,Fencing Issues,MOGGILL
Animal,Other Animal,Nuisance Animal,BARDON
Animal,Cat Trapping,,MOUNT GRAVATT EAST
Animal,Dog,Unregistered,MITCHELTON
Animal,Dog,,GREENSLOPES
Animal,Other Animal,Deer,PULLENVALE
Animal,Other Animal,Fox,COORPAROO
Animal,Other Animal,Deer,PULLENVALE
Animal,Other Animal,,INDOOROOPILLY
Animal,Cat Trapping,,UPPER KEDRON
Animal,Attack,Attack On A Person,BELLBOWRIE
Animal,Dog,,RED HILL
Animal,Dog,,UPPER KEDRON
Animal,Other Animal,Odour,ST LUCIA
Animal,Other Animal,Fencing Issues,SINNAMON PARK
Animal,Dog,Defecating In Public,FITZGIBBON
Animal,Other Animal,Fox,BELMONT
Animal,Other Animal,Nuisance Animal,BRACKEN RIDGE
Animal,Dog,Fencing Issues,GREENSLOPES
Animal,Attack,Attack On An Animal,WAKERLEY
Animal,Dog,Odour,NEWMARKET
Animal,Dog,Fencing Issues,KURABY
Animal,Other Animal,Fox,KENMORE HILLS
Animal,Other Animal,Fox,BROOKFIELD
Animal,Attack,Attack On An Animal,ANNERLEY
Animal,Cat Trapping,,INALA
Animal,Cat Trapping,,KURABY
Animal,Dog,,BARDON
Animal,Attack,Not An Attack,KEPERRA
Animal,Attack,Attack On A Person,MOOROOKA
Animal,Attack,Attack On An Animal,BOONDALL
Animal,Attack,Not An Attack,WISHART
Animal,Other Animal,Nuisance Animal,DARRA
Animal,Dog,Too Many Animals,WYNNUM
Animal,Dog,Unregistered,STAFFORD
Animal,Dog,Fencing Issues,STAFFORD
Animal,Attack,Attack On An Animal,MOUNT GRAVATT
Animal,Attack,Attack On An Animal,MACGREGOR
Animal,Dog,Defecating In Public,MORNINGSIDE
Animal,Other Animal,Nuisance Animal,NUDGEE
Animal,Attack,Attack On A Person,BRACKEN RIDGE
Animal,Attack,Not An Attack,MACGREGOR
Animal,Attack,Menacing,MACGREGOR
Animal,Attack,Attack On An Animal,WYNNUM
Animal,Dog,Fencing Issues,ELLEN GROVE
Animal,Cat Trapping,,MORNINGSIDE
Animal,Attack,Attack On An Animal,NUNDAH
Animal,Attack,Not An Attack,RUNCORN
Animal,Other Animal,Nuisance Animal,CALAMVALE
Animal,Dog,Fencing Issues,INALA
Animal,Dog,Unregistered,INALA
Animal,Dog,Fencing Issues,OXLEY
Animal,Dog,Fencing Issues,ELLEN GROVE
Animal,Dog,Fencing Issues,ELLEN GROVE
Animal,Attack,Attack On An Animal,SPRING HILL
Animal,Cat,,EVERTON PARK
Animal,Dog,,BARDON
Animal,Attack,Attack On A Person,OXLEY
Animal,Cat Trapping,,KARANA DOWNS
Animal,Dog,Fencing Issues,BANYO
Animal,Dog,Fencing Issues,INALA
Animal,Dog,Fencing Issues,MITCHELTON
Animal,Attack,Attack On An Animal,MACKENZIE
Animal,Dog,Unregistered,MANLY WEST
Animal,Attack,Not An Attack,BRIGHTON
Animal,Attack,Menacing,GEEBUNG
Animal,Attack,Attack On An Animal,ASHGROVE
Animal,Attack,Attack On A Person,OXLEY
Animal,Attack,Attack On A Person,RUNCORN
Animal,Other Animal,Defecating In Public,ROCHEDALE
Animal,Dog,Fencing Issues,WEST END
Animal,Dog,Fencing Issues,WEST END
Animal,Attack,Not An Attack,TINGALPA
Animal,Dog,Fencing Issues,BRIGHTON
Animal,Dog,Fencing Issues,EAST BRISBANE
Animal,Dog,,MOUNT GRAVATT EAST
Animal,Attack,Attack On An Animal,SEVEN HILLS
Animal,Dog,,VIRGINIA
Animal,Cat Trapping,,BRISBANE CITY
Animal,Other Animal,,GEEBUNG
Animal,Dog,Fencing Issues,ASHGROVE
Animal,Dog,Fencing Issues,BARDON
Animal,Attack,Attack On An Animal,BRACKEN RIDGE
Animal,Dog,Fencing Issues,BOONDALL
Animal,Dog,,BOONDALL
Animal,Dog,Fencing Issues,NEW FARM
Animal,Other Animal,Odour,MOOROOKA
Animal,Cat Trapping,,FOREST LAKE
Animal,Other Animal,Fencing Issues,HEATHWOOD
Animal,Cat Trapping,,CALAMVALE
Animal,Cat,,WYNNUM
Animal,Other Animal,Odour,HEATHWOOD
Animal,Other Animal,Rabbit,KARAWATHA
Animal,Other Animal,Fox,KARANA DOWNS
Animal,Attack,Not An Attack,WISHART
Animal,Cat,,BRACKEN RIDGE
Animal,Other Animal,,ROCKLEA
Animal,Attack,Not An Attack,MORNINGSIDE
Animal,Dog,Fencing Issues,ASPLEY
Animal,Dog,Fencing Issues,BARDON
Animal,Attack,Attack On A Person,PALLARA
Animal,Cat Trapping,,INALA
Animal,Dog,Unregistered,WAVELL HEIGHTS
Animal,Cat Trapping,,WINDSOR
Animal,Other Animal,Fox,BALD HILLS
Animal,Attack,Not An Attack,SUNNYBANK HILLS
Animal,Attack,,CALAMVALE
Animal,Dog,Defecating In Public,BANYO
Animal,Dog,Fencing Issues,WYNNUM
Animal,Dog,Fencing Issues,KEPERRA
Animal,Cat Trapping,,DEAGON
Animal,Dog,Fencing Issues,SALISBURY
Animal,Dog,Fencing Issues,CARINA
Animal,Attack,Attack On An Animal,SHERWOOD
Animal,Dog,Fencing Issues,SUNNYBANK HILLS
Animal,Other Animal,Pest / Feral Animal,FOREST LAKE
Animal,Other Animal,Rabbit,ANNERLEY
Animal,Dog,,SEVENTEEN MILE ROCKS
Animal,Dog,,CHERMSIDE WEST
Animal,Attack,Attack On An Animal,DUTTON PARK
Animal,Attack,Attack On An Animal,DUTTON PARK
Animal,Dog,Fencing Issues,BARDON
Animal,Cat,,KURABY
Animal,Other Animal,Deer,DARRA
Animal,Dog,Fencing Issues,NUDGEE
Animal,Dog,Defecating In Public,GRANGE
Animal,Other Animal,Nuisance Animal,INALA
Animal,Cat Trapping,,CANNON HILL
Animal,Cat Trapping,,UPPER KEDRON
Animal,Other Animal,Fox,MURARRIE
Animal,Dog,,ASHGROVE
Animal,Dog,Fencing Issues,KEPERRA
Animal,Other Animal,Nuisance Animal,TAIGUM
Animal,Other Animal,Nuisance Animal,TAIGUM
Animal,Dog,,BULIMBA
Animal,Dog,Fencing Issues,ALGESTER
Animal,Dog,,JINDALEE
Animal,Attack,Attack On An Animal,FITZGIBBON
Animal,Other Animal,Fencing Issues,INALA
Animal,Cat,,BALD HILLS
Animal,Cat,,BALD HILLS
Animal,Dog,Fencing Issues,GEEBUNG
Animal,Other Animal,Nuisance Animal,KARANA DOWNS
Animal,Dog,Defecating In Public,HEMMANT
Animal,Cat,,SUNNYBANK
Animal,Attack,Attack On A Person,STAFFORD HEIGHTS
Animal,Dog,Fencing Issues,MOGGILL
Animal,Attack,Attack On An Animal,HAWTHORNE
Animal,Attack,Not An Attack,MOOROOKA
Animal,Dog,Fencing Issues,BARDON
Animal,Dog,Too Many Animals,YERONGA
Animal,Attack,Attack On An Animal,STAFFORD
Animal,Dog,Fencing Issues,MOUNT GRAVATT EAST
Animal,Other Animal,Nuisance Animal,HEATHWOOD
Animal,Dog,Fencing Issues,BRACKEN RIDGE
Animal,Other Animal,Fencing Issues,KARANA DOWNS
Animal,Dog,Too Many Animals,MANLY
Animal,Dog,Fencing Issues,EVERTON PARK
Animal,Dog,Too Many Animals,YERONGA
Animal,Dog,Defecating In Public,KALINGA
Animal,Cat,,HOLLAND PARK WEST
Animal,Cat,,AUCHENFLOWER
Animal,Attack,Attack On An Animal,MOOROOKA
Animal,Cat,,FOREST LAKE
Animal,Attack,Menacing,BANYO
Animal,Attack,Attack On A Person,MITCHELTON
Animal,Attack,Attack On An Animal,MANSFIELD
Animal,Cat Trapping,,STAFFORD
Animal,Attack,Attack On An Animal,SINNAMON PARK
Animal,Attack,Attack On An Animal,WAKERLEY
Animal,Dog,Fencing Issues,ST LUCIA
Animal,Attack,Not An Attack,TOOWONG
Animal,Cat Trapping,,BRACKEN RIDGE
Animal,Dog,Defecating In Public,MILTON
Animal,Cat Trapping,,INALA
Animal,Attack,Attack On A Person,WESTLAKE
Animal,Other Animal,Fox,KHOLO
Animal,Dog,Fencing Issues,ROCKLEA
Animal,Dog,Fencing Issues,PARKINSON
Animal,Dog,Fencing Issues,PARKINSON
Animal,Dog,,UPPER BROOKFIELD
Animal,Attack,Attack On An Animal,BULIMBA
Animal,Dog,Too Many Animals,STAFFORD
Animal,Cat Trapping,,HERSTON
Animal,Dog,Fencing Issues,BANYO
Animal,Attack,Attack On An Animal,ANNERLEY
Animal,Attack,Attack On A Person,GRANGE
Animal,Dog,Too Many Animals,HOLLAND PARK WEST
Animal,Dog,Fencing Issues,COOPERS PLAINS
Animal,Dog,Fencing Issues,SUNNYBANK HILLS
Animal,Cat Trapping,,ELLEN GROVE
Animal,Other Animal,Deer,JINDALEE
Animal,Other Animal,Deer,MOGGILL
Animal,Other Animal,Nuisance Animal,WYNNUM WEST
Animal,Cat,,WYNNUM WEST
Animal,Dog,,NEWSTEAD
Animal,Attack,Attack On A Person,COOPERS PLAINS
Animal,Dog,,SANDGATE
Animal,Dog,Fencing Issues,THE GAP
Animal,Other Animal,Rabbit,CALAMVALE
Animal,Attack,Attack On A Person,TINGALPA
Animal,Attack,,WESTLAKE
Animal,Dog,,CARINA
Animal,Other Animal,Fox,KARANA DOWNS
Animal,Other Animal,Pest / Feral Animal,HERSTON
Animal,Dog,,NUNDAH
Animal,Attack,Attack On An Animal,HIGHGATE HILL
Animal,Attack,Attack On An Animal,BRACKEN RIDGE
Animal,Dog,Fencing Issues,KURABY
Animal,Attack,,WESTLAKE
Animal,Other Animal,Fencing Issues,BROOKFIELD
Animal,Dog,Odour,MORNINGSIDE
Animal,Cat Trapping,,UPPER MOUNT GRAVATT
Animal,Cat Trapping,,MCDOWALL
Animal,Dog,Fencing Issues,BOONDALL
Animal,Dog,Fencing Issues,UPPER MOUNT GRAVATT
Animal,Dog,Fencing Issues,RICHLANDS
Animal,Dog,Fencing Issues,HEATHWOOD
Animal,Dog,Fencing Issues,BANYO
Animal,Attack,Menacing,CANNON HILL
Animal,Dog,Defecating In Public,MURARRIE
Animal,Dog,,BRISBANE CITY
Animal,Dog,Fencing Issues,WINDSOR
Animal,Other Animal,Nuisance Animal,KEPERRA
Animal,Attack,Not An Attack,DURACK
Animal,Dog,Fencing Issues,BRACKEN RIDGE
Animal,Dog,Fencing Issues,TOOWONG
Animal,Other Animal,Nuisance Animal,ASCOT
Animal,Cat Trapping,,KEDRON
Animal,Dog,Defecating In Public,WAKERLEY
Animal,Dog,Odour,MIDDLE PARK
Animal,Dog,Odour,MIDDLE PARK
Animal,Dog,Fencing Issues,WINDSOR
Animal,Dog,,WAKERLEY
Animal,Dog,Odour,CHERMSIDE WEST
Animal,Attack,Menacing,BROOKFIELD
Animal,Cat,,DARRA
Animal,Cat,,SUNNYBANK HILLS
Animal,Other Animal,Nuisance Animal,WYNNUM WEST
Animal,Other Animal,Odour,ELLEN GROVE
Animal,Dog,Defecating In Public,FITZGIBBON
Animal,Other Animal,,DARRA
Animal,Other Animal,Fox,GAYTHORNE
Animal,Other Animal,Feral Pig,UPPER BROOKFIELD
Animal,Dog,,HEMMANT
Animal,Other Animal,,CARINDALE
Animal,Attack,Not An Attack,BRISBANE CITY
Animal,Attack,Menacing,ZILLMERE
Animal,Attack,Attack On An Animal,KALINGA
Animal,Cat Trapping,,RICHLANDS
Animal,Other Animal,,RED HILL
Animal,Cat Trapping,,MOGGILL
Animal,Dog,,ZILLMERE
Animal,Dog,Defecating In Public,NEWSTEAD
Animal,Attack,Attack On An Animal,STAFFORD HEIGHTS
Animal,Other Animal,Nuisance Animal,INALA
Animal,Cat Trapping,,NEWMARKET
Animal,Other Animal,Fox,BRIDGEMAN DOWNS
Animal,Dog,,CARINDALE
Animal,Cat Trapping,,ST LUCIA
Animal,Attack,Attack On An Animal,MANLY
Animal,Dog,,BALD HILLS
Animal,Dog,Too Many Animals,BALD HILLS
Animal,Dog,Too Many Animals,KEPERRA
Animal,Dog,Too Many Animals,KEPERRA
Animal,Dog,Too Many Animals,KEPERRA
Animal,Cat Trapping,,OXLEY
Animal,Cat,,WAKERLEY
Animal,Other Animal,,WYNNUM
Animal,Other Animal,Nuisance Animal,EIGHT MILE PLAINS
Animal,Dog,Odour,FITZGIBBON
Animal,Cat Trapping,,WYNNUM
Animal,Dog,,INALA
Animal,Dog,Fencing Issues,STAFFORD HEIGHTS
Animal,Attack,Not An Attack,HEATHWOOD
Animal,Other Animal,Too Many Animals,WESTLAKE
Animal,Cat,,MOGGILL
Animal,Other Animal,,KURABY
Animal,Other Animal,Nuisance Animal,MANLY WEST
Animal,Dog,,MANLY
Animal,Attack,Attack On An Animal,TARRAGINDI
Animal,Cat,,ASPLEY
Animal,Dog,,BALMORAL
Animal,Attack,Attack On An Animal,WILSTON
Animal,Cat Trapping,,KENMORE
Animal,Attack,Attack On An Animal,HOLLAND PARK
Animal,Attack,Attack On A Person,BRISBANE CITY
Animal,Attack,Not An Attack,SINNAMON PARK
Animal,Attack,Not An Attack,ASPLEY
Animal,Dog,Fencing Issues,BRIGHTON
Animal,Dog,Fencing Issues,WYNNUM WEST
Animal,Attack,Not An Attack,BRACKEN RIDGE
Animal,Attack,Attack On A Person,MOOROOKA
Animal,Attack,Attack On An Animal,MURARRIE
Animal,Other Animal,Fox,SHERWOOD
Animal,Dog,Fencing Issues,WINDSOR
Animal,Other Animal,Fencing Issues,ACACIA RIDGE
Animal,Attack,Attack On An Animal,GEEBUNG
Animal,Dog,Fencing Issues,COOPERS PLAINS
Animal,Dog,,RED HILL
Animal,Dog,Insufficient Space,BRIGHTON
Animal,Attack,Attack On An Animal,ASHGROVE
Animal,Attack,Attack On An Animal,GEEBUNG
Animal,Dog,Fencing Issues,INALA
Animal,Attack,Attack On A Person,THE GAP
Animal,Dog,Too Many Animals,NORMAN PARK
Animal,Dog,,NORMAN PARK
Animal,Dog,Too Many Animals,NORMAN PARK
Animal,Cat Trapping,,MANLY WEST
Animal,Dog,Fencing Issues,RED HILL
Animal,Other Animal,Nuisance Animal,BOONDALL
Animal,Dog,Defecating In Public,SEVENTEEN MILE ROCKS
Animal,Other Animal,Fox,GRACEVILLE
Animal,Dog,Fencing Issues,BOONDALL
Animal,Attack,Attack On An Animal,STAFFORD HEIGHTS
Animal,Dog,Fencing Issues,SALISBURY
Animal,Attack,Attack On An Animal,BALMORAL
Animal,Dog,,CARINDALE
Animal,Other Animal,Nuisance Animal,KEPERRA
Animal,Dog,,RANSOME
Animal,Dog,Unregistered,MOUNT GRAVATT EAST
Animal,Dog,Fencing Issues,FAIRFIELD
Animal,Other Animal,Nuisance Animal,NORMAN PARK
Animal,Other Animal,Fencing Issues,ZILLMERE
Animal,Dog,Too Many Animals,SHORNCLIFFE
Animal,Dog,Defecating In Public,WYNNUM
Animal,Other Animal,Nuisance Animal,KURABY
Animal,Dog,Unregistered,YERONGA
Animal,Cat Trapping,,RUNCORN
Animal,Other Animal,Nuisance Animal,THE GAP
Animal,Other Animal,Pest / Feral Animal,WOOLLOONGABBA
Animal,Other Animal,,UPPER BROOKFIELD
Animal,Other Animal,Fencing Issues,CARINA
Animal,Dog,Fencing Issues,BRIGHTON
Animal,Dog,Fencing Issues,TINGALPA
Animal,Other Animal,Nuisance Animal,INALA
Animal,Dog,,BROOKFIELD
Animal,Dog,,WAVELL HEIGHTS
Animal,Dog,Fencing Issues,KEDRON
Animal,Cat,,STAFFORD
Animal,Attack,Attack On A Person,RED HILL
Animal,Attack,Attack On A Person,HEMMANT
Animal,Dog,,THE GAP
Animal,Dog,,SANDGATE
Animal,Dog,Fencing Issues,PADDINGTON
Animal,Cat Trapping,,ROCKLEA
Animal,Other Animal,Nuisance Animal,FOREST LAKE
Animal,Cat Trapping,,CAMP HILL
Animal,Dog,,GRANGE
Animal,Other Animal,,VIRGINIA
Animal,Other Animal,Nuisance Animal,OXLEY
Animal,Dog,Fencing Issues,BROOKFIELD
Animal,Dog,Fencing Issues,BROOKFIELD
Animal,Attack,Not An Attack,KEDRON
Animal,Other Animal,Nuisance Animal,KEPERRA
Animal,Attack,Attack On A Person,ASPLEY
Animal,Attack,Attack On A Person,MOGGILL
Animal,Other Animal,Wild Dog,KHOLO
Animal,Dog,Too Many Animals,KEPERRA
Animal,Dog,Fencing Issues,KEPERRA
Animal,Dog,Fencing Issues,KEPERRA
Animal,Dog,Odour,MANLY WEST
Animal,Dog,Fencing Issues,TARRAGINDI
Animal,Cat,,KARANA DOWNS
Animal,Attack,Not An Attack,INDOOROOPILLY
Animal,Cat Trapping,,BALD HILLS
Animal,Dog,Fencing Issues,MOUNT GRAVATT EAST
Animal,Dog,,PARKINSON
Animal,Dog,Too Many Animals,PARKINSON
Animal,Dog,Too Many Animals,PARKINSON
Animal,Attack,Menacing,BALMORAL
Animal,Dog,,KEPERRA
Animal,Dog,Fencing Issues,UPPER MOUNT GRAVATT
Animal,Dog,,ROCHEDALE
Animal,Attack,Attack On An Animal,UPPER MOUNT GRAVATT
Animal,Cat,,MOGGILL
Animal,Attack,Attack On A Person,ENOGGERA
Animal,Dog,,UPPER MOUNT GRAVATT
Animal,Dog,,TARRAGINDI
Animal,Dog,Too Many Animals,SUNNYBANK
Animal,Dog,Too Many Animals,SUNNYBANK
Animal,Dog,Too Many Animals,SUNNYBANK
Animal,Dog,Too Many Animals,SUNNYBANK
Animal,Attack,Menacing,HAMILTON
Animal,Attack,Attack On An Animal,NEWMARKET
Animal,Attack,Attack On An Animal,BULIMBA
Animal,Other Animal,Fox,DURACK
Animal,Cat Trapping,,CORINDA
Animal,Attack,Attack On An Animal,BRIGHTON
Animal,Cat,,HEMMANT
Animal,Cat,,KENMORE
Animal,Dog,Odour,HEMMANT
Animal,Attack,Attack On A Person,EVERTON PARK
Animal,Attack,Attack On An Animal,MITCHELTON
Animal,Attack,Menacing,COORPAROO
Animal,Dog,Fencing Issues,KENMORE HILLS
Animal,Dog,,MILTON
Animal,Other Animal,Fox,MANSFIELD
Animal,Dog,Too Many Animals,ACACIA RIDGE
Animal,Dog,Fencing Issues,WOOLLOONGABBA
Animal,Other Animal,,ROCKLEA
Animal,Cat Trapping,,RUNCORN
Animal,Dog,Fencing Issues,BALD HILLS
Animal,Other Animal,Nuisance Animal,GEEBUNG
Animal,Other Animal,Odour,MORNINGSIDE
Animal,Other Animal,Fencing Issues,UPPER BROOKFIELD
Animal,Attack,Attack On A Person,BURBANK
Animal,Attack,Attack On A Person,WAKERLEY
Animal,Attack,Menacing,ASPLEY
Animal,Dog,Fencing Issues,KURABY
Animal,Dog,,HIGHGATE HILL
Animal,Other Animal,Fox,MOUNT CROSBY
Animal,Dog,Fencing Issues,ASPLEY
Animal,Dog,,HENDRA
Animal,Attack,Attack On An Animal,TARRAGINDI
Animal,Cat Trapping,,KENMORE HILLS
Animal,Cat Trapping,,COORPAROO
Animal,Dog,,NORTHGATE
Animal,Attack,Menacing,WOOLLOONGABBA
Animal,Attack,Attack On A Person,INALA
Animal,Cat Trapping,,BRIGHTON
Animal,Attack,Attack On A Person,COORPAROO
Animal,Attack,Not An Attack,SHERWOOD
Animal,Other Animal,Fox,BRIDGEMAN DOWNS
Animal,Attack,,ASPLEY
Animal,Cat,,BRACKEN RIDGE
Animal,Other Animal,,HEATHWOOD
Animal,Other Animal,Nuisance Animal,RUNCORN
Animal,Attack,Menacing,UPPER MOUNT GRAVATT
Animal,Cat Trapping,,TAIGUM
Animal,Dog,Fencing Issues,CARINDALE
Animal,Cat Trapping,,NORTHGATE
Animal,Attack,Not An Attack,RED HILL
Animal,Attack,,GRACEVILLE
Animal,Dog,Fencing Issues,FOREST LAKE
Animal,Cat,,OXLEY
Animal,Cat,,OXLEY
Animal,Dog,Defecating In Public,ROCHEDALE
Animal,Attack,Attack On An Animal,MOUNT GRAVATT
Animal,Dog,Unregistered,KURABY
Animal,Other Animal,Fox,UPPER KEDRON
Animal,Dog,,DURACK
Animal,Attack,Attack On A Person,ALDERLEY
Animal,Cat,,TINGALPA
Animal,Attack,Attack On A Person,ASPLEY
Animal,Attack,Attack On A Person,BRIGHTON
Animal,Cat,,ST LUCIA
Animal,Dog,Fencing Issues,GAYTHORNE
Animal,Dog,Fencing Issues,MANSFIELD
Animal,Dog,,MANSFIELD
Animal,Dog,,ELLEN GROVE
Animal,Other Animal,Nuisance Animal,BOONDALL
Animal,Dog,Defecating In Public,WEST END
Animal,Attack,,KURABY
Animal,Dog,,NUNDAH
Animal,Other Animal,,UPPER BROOKFIELD
Animal,Attack,Attack On An Animal,MOOROOKA
Animal,Dog,,BRACKEN RIDGE
Animal,Other Animal,Deer,PULLENVALE
Animal,Dog,Too Many Animals,NORMAN PARK
Animal,Other Animal,Fox,INALA
Animal,Dog,Fencing Issues,MANLY
Animal,Dog,Defecating In Public,MANLY
Animal,Dog,,MOUNT COOT-THA
Animal,Cat Trapping,,NORTHGATE
Animal,Dog,,BRIGHTON
Animal,Other Animal,Nuisance Animal,FOREST LAKE
Animal,Dog,Fencing Issues,WYNNUM
Animal,Dog,Fencing Issues,ELLEN GROVE
Animal,Attack,Attack On An Animal,MACGREGOR
Animal,Dog,Fencing Issues,ROCKLEA
Animal,Cat Trapping,,CANNON HILL
Animal,Attack,Attack On An Animal,OXLEY
Animal,Attack,Attack On An Animal,OXLEY
Animal,Cat,,GORDON PARK
Animal,Dog,Fencing Issues,BRISBANE CITY
Animal,Other Animal,Fox,KARANA DOWNS
Animal,Attack,Attack On An Animal,DEAGON
Animal,Other Animal,Fencing Issues,UPPER BROOKFIELD
Animal,Attack,Attack On An Animal,LYTTON
Animal,Cat,,MANLY WEST
Animal,Dog,,HEMMANT
Animal,Cat Trapping,,CHERMSIDE WEST
Animal,Dog,Too Many Animals,BRACKEN RIDGE
Animal,Other Animal,Fox,PULLENVALE
Animal,Dog,Fencing Issues,ACACIA RIDGE
Animal,Cat Trapping,,ASPLEY
Animal,Dog,Too Many Animals,KANGAROO POINT
Animal,Other Animal,Pest / Feral Animal,HOLLAND PARK
Animal,Attack,Attack On A Person,BALD HILLS
Animal,Attack,Attack On An Animal,GREENSLOPES
Animal,Attack,Attack On A Person,KEPERRA
Animal,Cat,,WYNNUM
Animal,Dog,Fencing Issues,UPPER MOUNT GRAVATT
Animal,Dog,,NUDGEE
Animal,Cat,,EVERTON PARK
Animal,Other Animal,Odour,INALA
Animal,Attack,Attack On A Person,TAIGUM
Animal,Dog,Fencing Issues,FOREST LAKE
Animal,Attack,Not An Attack,ROCHEDALE
Animal,Other Animal,Nuisance Animal,TAIGUM
Animal,Dog,Fencing Issues,FAIRFIELD
Animal,Cat Trapping,,NUDGEE
Animal,Attack,Attack On An Animal,CHERMSIDE WEST
Animal,Dog,Unregistered,MITCHELTON
Animal,Dog,Defecating In Public,ASPLEY
Animal,Cat,,ASPLEY
Animal,Dog,Fencing Issues,CARINA HEIGHTS
Animal,Cat,,EIGHT MILE PLAINS
Animal,Other Animal,Fox,MOUNT CROSBY
Animal,Other Animal,Wild Dog,KENMORE HILLS
Animal,Other Animal,Fox,KEPERRA
Animal,Dog,Fencing Issues,SALISBURY
Animal,Dog,Fencing Issues,SALISBURY
Animal,Attack,Attack On A Person,UPPER KEDRON
Animal,Dog,Odour,CHERMSIDE WEST
Animal,Other Animal,Fox,KARANA DOWNS
Animal,Dog,Defecating In Public,SALISBURY
Animal,Attack,Attack On An Animal,OXLEY
Animal,Dog,Fencing Issues,KEPERRA
Animal,Dog,Fencing Issues,THE GAP
Animal,Other Animal,Deer,JINDALEE
Animal,Dog,Fencing Issues,INALA
Animal,Other Animal,Fencing Issues,UPPER BROOKFIELD
Animal,Dog,,NEW FARM
Animal,Dog,Too Many Animals,WYNNUM WEST
Animal,Cat,,MOGGILL
Animal,Attack,Attack On An Animal,UPPER KEDRON
