Category: Nature,Category: Type,Category: Reporting Level,Location: Suburb
Animal,Dog,Fencing Issues,SUNNYBANK
Animal,Dog,Fencing Issues,SUNNYBANK HILLS
Animal,Dog,Defecating In Public,SUNNYBANK
Animal,Dog,Fencing Issues,SUNNYBANK
Animal,Attack,Attack On An Animal,CALAMVALE
Animal,Attack,Attack On A Person,STRETTON
Animal,Dog,,ANNERLEY
Animal,Attack,Attack On An Animal,FOREST LAKE
Animal,Dog,Fencing Issues,HAWTHORNE
Animal,Dog,Defecating In Public,HAWTHORNE
Animal,Dog,,CARINDALE
Animal,Other Animal,,PULLENVALE
Animal,Dog,Fencing Issues,KALINGA
Animal,Dog,Fencing Issues,WYNNUM
Animal,Dog,Fencing Issues,CHERMSIDE WEST
Animal,Dog,Fencing Issues,THE GAP
Animal,Dog,Fencing Issues,TINGALPA
Animal,Other Animal,,RED HILL
Animal,Other Animal,Fox,BURBANK
Animal,Attack,Attack On A Person,EAST BRISBANE
Animal,Attack,Attack On An Animal,FITZGIBBON
Animal,Cat Trapping,,MOOROOKA
Animal,Dog,Fencing Issues,INALA
Animal,Dog,Fencing Issues,SHERWOOD
Animal,Dog,,TINGALPA
Animal,Dog,Too Many Animals,OXLEY
Animal,Other Animal,Pest / Feral Animal,FOREST LAKE
Animal,Attack,Attack On An Animal,THE GAP
Animal,Dog,,MITCHELTON
Animal,Dog,,ASPLEY
Animal,Attack,,TARRAGINDI
Animal,Cat Trapping,,BRIGHTON
Animal,Attack,Attack On A Person,BRIDGEMAN DOWNS
Animal,Attack,Not An Attack,ZILLMERE
Animal,Attack,Attack On An Animal,SHORNCLIFFE
Animal,Attack,Menacing,MANLY WEST
Animal,Attack,Attack On An Animal,BRACKEN RIDGE
Animal,Dog,Fencing Issues,KENMORE
Animal,Dog,,UPPER KEDRON
Animal,Dog,Too Many Animals,SALISBURY
Animal,Attack,Attack On An Animal,STAFFORD HEIGHTS
Animal,Attack,Not An Attack,HOLLAND PARK
Animal,Dog,Fencing Issues,MOOROOKA
Animal,Cat,,ENOGGERA
Animal,Dog,Fencing Issues,MANLY WEST
Animal,Dog,Fencing Issues,WYNNUM WEST
Animal,Dog,Fencing Issues,WYNNUM WEST
Animal,Dog,Fencing Issues,WYNNUM
Animal,Attack,Not An Attack,GREENSLOPES
Animal,Other Animal,Nuisance Animal,DOOLANDELLA
Animal,Dog,Fencing Issues,CARSELDINE
Animal,Attack,,COOPERS PLAINS
Animal,Cat Trapping,,RUNCORN
Animal,Dog,,PARKINSON
Animal,Attack,Not An Attack,FOREST LAKE
Animal,Cat Trapping,,MOUNT GRAVATT EAST
Animal,Dog,Fencing Issues,MITCHELTON
Animal,Dog,Fencing Issues,MOUNT GRAVATT EAST
Animal,Attack,Attack On A Person,CARINA HEIGHTS
Animal,Dog,Fencing Issues,WYNNUM WEST
Animal,Dog,Fencing Issues,ZILLMERE
Animal,Other Animal,Nuisance Animal,HEMMANT
Animal,Attack,Attack On An Animal,SEVENTEEN MILE ROCKS
Animal,Attack,Not An Attack,NORMAN PARK
Animal,Attack,Attack On A Person,FOREST LAKE
Animal,Other Animal,Fox,KHOLO
Animal,Other Animal,Fox,KHOLO
Animal,Cat Trapping,,BRIGHTON
Animal,Attack,Attack On An Animal,NUNDAH
Animal,Attack,Attack On An Animal,HOLLAND PARK
Animal,Dog,Fencing Issues,ASPLEY
Animal,Dog,Fencing Issues,CAMP HILL
Animal,Attack,Menacing,COORPAROO
Animal,Attack,,INALA
Animal,Other Animal,,KARANA DOWNS
Animal,Attack,Menacing,WINDSOR
Animal,Other Animal,Nuisance Animal,INALA
Animal,Other Animal,,DURACK
Animal,Attack,Not An Attack,ELLEN GROVE
Animal,Attack,Not An Attack,BRACKEN RIDGE
Animal,Attack,,MIDDLE PARK
Animal,Other Animal,Fox,KHOLO
Animal,Dog,Fencing Issues,WYNNUM WEST
Animal,Cat Trapping,,MACGREGOR
Animal,Cat Trapping,,ASPLEY
Animal,Cat Trapping,,COOPERS PLAINS
Animal,Attack,Attack On An Animal,RICHLANDS
Animal,Attack,Attack On An Animal,BELLBOWRIE
Animal,Attack,Menacing,STRETTON
Animal,Dog,Fencing Issues,KEPERRA
Animal,Dog,Fencing Issues,STRETTON
Animal,Dog,Defecating In Public,SUNNYBANK
Animal,Dog,Defecating In Public,NEW FARM
Animal,Other Animal,Fox,BRACKEN RIDGE
Animal,Cat Trapping,,ASPLEY
Animal,Dog,Fencing Issues,MITCHELTON
Animal,Dog,Fencing Issues,KENMORE
Animal,Cat Trapping,,CAMP HILL
Animal,Attack,Attack On A Person,WYNNUM
Animal,Other Animal,Fox,KHOLO
Animal,Dog,Fencing Issues,INALA
Animal,Attack,,KARAWATHA
Animal,Other Animal,Too Many Animals,UPPER MOUNT GRAVATT
Animal,Dog,Too Many Animals,GRANGE
Animal,Attack,Attack On An Animal,MITCHELTON
Animal,Attack,Attack On A Person,MOOROOKA
Animal,Dog,Fencing Issues,CANNON HILL
Animal,Attack,Not An Attack,HOLLAND PARK
Animal,Dog,Fencing Issues,NORMAN PARK
Animal,Cat Trapping,,ASPLEY
Animal,Cat Trapping,,ST LUCIA
Animal,Dog,,ELLEN GROVE
Animal,Dog,Fencing Issues,ROCKLEA
Animal,Other Animal,,WINDSOR
Animal,Attack,Attack On An Animal,BALMORAL
Animal,Dog,Fencing Issues,PULLENVALE
Animal,Dog,Defecating In Public,ASPLEY
Animal,Other Animal,Fox,KHOLO
Animal,Other Animal,Pest / Feral Animal,INALA
Animal,Dog,Defecating In Public,HAMILTON
Animal,Dog,Defecating In Public,ASPLEY
Animal,Other Animal,Nuisance Animal,RUNCORN
Animal,Other Animal,Fox,KHOLO
Animal,Dog,Defecating In Public,GRANGE
Animal,Dog,Defecating In Public,CHAPEL HILL
Animal,Dog,Too Many Animals,CHAPEL HILL
Animal,Attack,Attack On An Animal,FERNY GROVE
Animal,Dog,Too Many Animals,HEMMANT
Animal,Attack,Attack On An Animal,JAMBOREE HEIGHTS
Animal,Attack,Not An Attack,MANLY WEST
Animal,Cat,,MOUNT GRAVATT EAST
Animal,Dog,Unregistered,ANNERLEY
Animal,Other Animal,,INDOOROOPILLY
Animal,Attack,,ALGESTER
Animal,Other Animal,Fencing Issues,AUCHENFLOWER
Animal,Other Animal,Odour,ELLEN GROVE
Animal,Dog,Unregistered,BRACKEN RIDGE
Animal,Dog,Unregistered,BRACKEN RIDGE
Animal,Dog,Unregistered,BRACKEN RIDGE
Animal,Dog,Defecating In Public,WEST END
Animal,Other Animal,Nuisance Animal,SUNNYBANK HILLS
Animal,Dog,Fencing Issues,MURARRIE
Animal,Attack,Dangerous,LOTA
Animal,Attack,Attack On A Person,GREENSLOPES
Animal,Dog,Fencing Issues,ELLEN GROVE
Animal,Other Animal,Deer,PULLENVALE
Animal,Dog,Too Many Animals,KEPERRA
Animal,Dog,Defecating In Public,CARINA
Animal,Dog,Unregistered,BRACKEN RIDGE
Animal,Dog,Unregistered,BRACKEN RIDGE
Animal,Dog,Too Many Animals,RIVERHILLS
Animal,Attack,,KARANA DOWNS
Animal,Other Animal,Defecating In Public,NORMAN PARK
Animal,Other Animal,Fox,WAKERLEY
Animal,Dog,Fencing Issues,CAMP HILL
Animal,Other Animal,Fox,RED HILL
Animal,Dog,,KEPERRA
Animal,Other Animal,Nuisance Animal,DURACK
Animal,Attack,Menacing,FOREST LAKE
Animal,Dog,Too Many Animals,CHERMSIDE WEST
Animal,Dog,Fencing Issues,CHERMSIDE WEST
Animal,Dog,Fencing Issues,DEAGON
Animal,Attack,Attack On A Person,CHAPEL HILL
Animal,Attack,Attack On A Person,CHERMSIDE WEST
Animal,Attack,,ACACIA RIDGE
Animal,Attack,Not An Attack,SUNNYBANK HILLS
Animal,Attack,Attack On A Person,MORNINGSIDE
Animal,Cat Trapping,,WOOLLOONGABBA
Animal,Cat,,THE GAP
Animal,Dog,Too Many Animals,HOLLAND PARK
Animal,Attack,Attack On An Animal,BRIGHTON
Animal,Other Animal,Nuisance Animal,SUNNYBANK HILLS
Animal,Dog,Fencing Issues,MOUNT GRAVATT EAST
Animal,Dog,Fencing Issues,KEPERRA
Animal,Other Animal,Fox,MORNINGSIDE
Animal,Dog,Too Many Animals,KEPERRA
Animal,Attack,Attack On A Person,KEPERRA
Animal,Attack,Attack On An Animal,STRETTON
Animal,Cat,,HIGHGATE HILL
Animal,Dog,Fencing Issues,ENOGGERA
Animal,Attack,Attack On An Animal,KEPERRA
Animal,Attack,Attack On A Person,MITCHELTON
Animal,Other Animal,Too Many Animals,FOREST LAKE
Animal,Dog,Defecating In Public,WEST END
Animal,Dog,Fencing Issues,INALA
Animal,Other Animal,Fox,MOUNT GRAVATT EAST
Animal,Attack,Attack On An Animal,HOLLAND PARK
Animal,Attack,Not An Attack,MANLY
Animal,Attack,Attack On A Person,PADDINGTON
Animal,Other Animal,Too Many Animals,LOTA
Animal,Cat Trapping,,CALAMVALE
Animal,Dog,Odour,ENOGGERA
Animal,Other Animal,Fencing Issues,TENNYSON
Animal,Attack,Not An Attack,CARSELDINE
Animal,Attack,Menacing,TOOWONG
Animal,Dog,Defecating In Public,BRIDGEMAN DOWNS
Animal,Cat Trapping,,MANSFIELD
Animal,Attack,Attack On An Animal,CALAMVALE
Animal,Attack,Attack On An Animal,NATHAN
Animal,Attack,Menacing,NEW FARM
Animal,Dog,Too Many Animals,KEPERRA
Animal,Dog,Too Many Animals,WYNNUM
Animal,Other Animal,Pest / Feral Animal,HAMILTON
Animal,Dog,Too Many Animals,WYNNUM
Animal,Attack,Attack On An Animal,MORNINGSIDE
Animal,Attack,Attack On An Animal,UPPER MOUNT GRAVATT
Animal,Other Animal,Deer,PULLENVALE
Animal,Dog,Fencing Issues,FOREST LAKE
Animal,Dog,Fencing Issues,FOREST LAKE
Animal,Attack,Attack On A Person,GREENSLOPES
Animal,Dog,Fencing Issues,MANLY WEST
Animal,Cat Trapping,,MOUNT GRAVATT EAST
Animal,Dog,Defecating In Public,MANLY WEST
Animal,Attack,Attack On An Animal,FITZGIBBON
Animal,Dog,Fencing Issues,UPPER MOUNT GRAVATT
Animal,Attack,Attack On A Person,NORMAN PARK
Animal,Dog,Too Many Animals,BARDON
Animal,Attack,Not An Attack,CALAMVALE
Animal,Dog,Fencing Issues,MOOROOKA
Animal,Attack,Attack On An Animal,BALD HILLS
Animal,Attack,,COOPERS PLAINS
Animal,Cat Trapping,,MOOROOKA
Animal,Attack,,RUNCORN
Animal,Dog,,UPPER MOUNT GRAVATT
Animal,Cat Trapping,,CARINDALE
Animal,Attack,Attack On A Person,WACOL
Animal,Attack,Menacing,STAFFORD
Animal,Cat Trapping,,ROBERTSON
Animal,Dog,Fencing Issues,BRIGHTON
Animal,Cat Trapping,,INALA
Animal,Other Animal,Deer,BRISBANE CITY
Animal,Dog,Fencing Issues,HIGHGATE HILL
Animal,Other Animal,Fox,ROCHEDALE
Animal,Attack,Attack On An Animal,WYNNUM
Animal,Attack,Not An Attack,BALMORAL
Animal,Dog,Defecating In Public,TARRAGINDI
Animal,Other Animal,Nuisance Animal,HOLLAND PARK
Animal,Attack,Attack On An Animal,CANNON HILL
Animal,Attack,Attack On An Animal,SEVEN HILLS
Animal,Dog,Defecating In Public,MILTON
Animal,Dog,Fencing Issues,MOOROOKA
Animal,Dog,Too Many Animals,MCDOWALL
Animal,Dog,Fencing Issues,NUNDAH
Animal,Dog,Fencing Issues,ALGESTER
Animal,Attack,Dangerous,SALISBURY
Animal,Attack,Attack On An Animal,THE GAP
Animal,Dog,Fencing Issues,DUTTON PARK
Animal,Dog,Fencing Issues,DUTTON PARK
Animal,Attack,Menacing,ENOGGERA
Animal,Attack,Not An Attack,JINDALEE
Animal,Cat,,BOONDALL
Animal,Attack,Attack On A Person,ALDERLEY
Animal,Dog,Too Many Animals,HAWTHORNE
Animal,Dog,Defecating In Public,WEST END
Animal,Attack,Attack On An Animal,SINNAMON PARK
Animal,Dog,Fencing Issues,CHAPEL HILL
Animal,Dog,Fencing Issues,GORDON PARK
Animal,Dog,Fencing Issues,BRACKEN RIDGE
Animal,Dog,Fencing Issues,BRACKEN RIDGE
Animal,Cat Trapping,,SUNNYBANK
Animal,Attack,,BRACKEN RIDGE
Animal,Cat Trapping,,BRACKEN RIDGE
Animal,Other Animal,Fox,GUMDALE
Animal,Dog,Fencing Issues,ALBION
Animal,Other Animal,Rabbit,KENMORE HILLS
Animal,Dog,Fencing Issues,CHAPEL HILL
Animal,Dog,Fencing Issues,ALGESTER
Animal,Attack,Attack On A Person,WAVELL HEIGHTS
Animal,Dog,Fencing Issues,STAFFORD HEIGHTS
Animal,Attack,Menacing,COOPERS PLAINS
Animal,Dog,Fencing Issues,ALDERLEY
Animal,Cat Trapping,,WESTLAKE
Animal,Attack,Attack On A Person,ST LUCIA
Animal,Cat Trapping,,SPRING HILL
Animal,Other Animal,Nuisance Animal,SUNNYBANK HILLS
Animal,Dog,Fencing Issues,CHAPEL HILL
Animal,Dog,Fencing Issues,UPPER MOUNT GRAVATT
Animal,Dog,Fencing Issues,INALA
Animal,Attack,Not An Attack,THE GAP
Animal,Dog,Defecating In Public,CARSELDINE
Animal,Other Animal,Defecating In Public,WAVELL HEIGHTS
Animal,Other Animal,Fox,ASHGROVE
Animal,Cat,,INALA
Animal,Other Animal,Nuisance Animal,TAIGUM
Animal,Dog,Fencing Issues,HENDRA
Animal,Attack,Not An Attack,KENMORE
Animal,Attack,Menacing,FOREST LAKE
Animal,Attack,Attack On An Animal,FOREST LAKE
Animal,Attack,Attack On An Animal,MANLY WEST
Animal,Cat,,WYNNUM WEST
Animal,Dog,,CARSELDINE
Animal,Attack,Not An Attack,THE GAP
Animal,Cat Trapping,,SHORNCLIFFE
Animal,Attack,,CARINA
Animal,Other Animal,Nuisance Animal,TINGALPA
Animal,Attack,Attack On An Animal,CHERMSIDE WEST
Animal,Attack,Attack On An Animal,CARSELDINE
Animal,Attack,Menacing,DEAGON
Animal,Attack,Attack On A Person,DEAGON
Animal,Dog,Fencing Issues,DARRA
Animal,Dog,Fencing Issues,CARINDALE
Animal,Dog,Defecating In Public,ASPLEY
Animal,Dog,Defecating In Public,ASPLEY
Animal,Dog,Fencing Issues,WESTLAKE
Animal,Dog,Fencing Issues,WESTLAKE
Animal,Cat,,ELLEN GROVE
Animal,Dog,Fencing Issues,FITZGIBBON
Animal,Dog,Fencing Issues,BRIGHTON
Animal,Dog,,BRIGHTON
Animal,Attack,Menacing,KEPERRA
Animal,Attack,Attack On A Person,TENERIFFE
Animal,Cat,,INALA
Animal,Other Animal,Fox,PULLENVALE
Animal,Cat Trapping,,YERONGA
Animal,Dog,Fencing Issues,KELVIN GROVE
Animal,Attack,Not An Attack,BRIGHTON
Animal,Dog,Fencing Issues,WAVELL HEIGHTS
Animal,Dog,Fencing Issues,STAFFORD
Animal,Dog,Too Many Animals,ACACIA RIDGE
Animal,Dog,Fencing Issues,ACACIA RIDGE
Animal,Cat Trapping,,UPPER MOUNT GRAVATT
Animal,Dog,Fencing Issues,BARDON
Animal,Cat Trapping,,ZILLMERE
Animal,Dog,Fencing Issues,BELLBOWRIE
Animal,Dog,Fencing Issues,BELLBOWRIE
Animal,Other Animal,Nuisance Animal,RUNCORN
Animal,Dog,Fencing Issues,ACACIA RIDGE
Animal,Dog,Fencing Issues,WACOL
Animal,Dog,Fencing Issues,WACOL
Animal,Attack,Attack On A Person,KENMORE
Animal,Other Animal,Odour,EAST BRISBANE
Animal,Dog,Fencing Issues,CAMP HILL
Animal,Attack,Attack On An Animal,BRACKEN RIDGE
Animal,Dog,Fencing Issues,SALISBURY
Animal,Attack,Attack On A Person,GREENSLOPES
Animal,Attack,Menacing,KEDRON
Animal,Attack,Dangerous,JAMBOREE HEIGHTS
Animal,Dog,Fencing Issues,THE GAP
Animal,Attack,Attack On A Person,BARDON
Animal,Attack,Attack On An Animal,UPPER KEDRON
Animal,Dog,Fencing Issues,ANNERLEY
Animal,Dog,Fencing Issues,DARRA
Animal,Cat Trapping,,ARCHERFIELD
Animal,Attack,Attack On A Person,RICHLANDS
Animal,Attack,Menacing,MANLY WEST
Animal,Cat Trapping,,WOOLLOONGABBA
Animal,Cat Trapping,,CORINDA
Animal,Attack,Attack On An Animal,PALLARA
Animal,Dog,Fencing Issues,ASHGROVE
Animal,Attack,Menacing,MOUNT OMMANEY
Animal,Attack,Attack On A Person,CHERMSIDE
Animal,Other Animal,Defecating In Public,GORDON PARK
Animal,Dog,Fencing Issues,STAFFORD HEIGHTS
Animal,Dog,Fencing Issues,BARDON
Animal,Dog,Fencing Issues,STAFFORD HEIGHTS
Animal,Attack,Menacing,UPPER MOUNT GRAVATT
Animal,Attack,Attack On An Animal,GRACEVILLE
Animal,Dog,Fencing Issues,TARRAGINDI
Animal,Attack,Menacing,BANYO
Animal,Attack,Attack On An Animal,BRACKEN RIDGE
Animal,Other Animal,Nuisance Animal,DARRA
Animal,Dog,Fencing Issues,RED HILL
Animal,Other Animal,,PULLENVALE
Animal,Dog,Fencing Issues,ENOGGERA
Animal,Cat Trapping,,SUNNYBANK
Animal,Dog,,WYNNUM WEST
Animal,Cat Trapping,,CLAYFIELD
Animal,Dog,Fencing Issues,PALLARA
Animal,Cat Trapping,,KURABY
Animal,Dog,Fencing Issues,MANLY WEST
Animal,Attack,Attack On An Animal,CARINA
Animal,Dog,Fencing Issues,FERNY GROVE
Animal,Cat Trapping,,ROBERTSON
Animal,Dog,Defecating In Public,MITCHELTON
Animal,Attack,Attack On An Animal,UPPER KEDRON
Animal,Cat Trapping,,BOONDALL
Animal,Attack,Attack On A Person,MOOROOKA
Animal,Attack,Attack On An Animal,BRACKEN RIDGE
Animal,Other Animal,Nuisance Animal,JINDALEE
Animal,Dog,Too Many Animals,GRACEVILLE
Animal,Dog,Fencing Issues,ROCHEDALE
Animal,Dog,Fencing Issues,WESTLAKE
Animal,Other Animal,Nuisance Animal,SHORNCLIFFE
Animal,Cat Trapping,,MOUNT GRAVATT EAST
Animal,Dog,Fencing Issues,CAMP HILL
Animal,Dog,Too Many Animals,CAMP HILL
Animal,Attack,Attack On An Animal,UPPER KEDRON
Animal,Attack,Attack On An Animal,UPPER KEDRON
Animal,Attack,Attack On An Animal,NUDGEE
Animal,Dog,Too Many Animals,MOUNT CROSBY
Animal,Dog,Fencing Issues,MOOROOKA
Animal,Dog,Fencing Issues,GREENSLOPES
Animal,Attack,Attack On A Person,KANGAROO POINT
Animal,Dog,Fencing Issues,WOOLOOWIN
Animal,Dog,Fencing Issues,WAVELL HEIGHTS
Animal,Cat Trapping,,BRACKEN RIDGE
Animal,Attack,Menacing,TARRAGINDI
Animal,Attack,Not An Attack,BARDON
Animal,Dog,Fencing Issues,ASPLEY
Animal,Dog,Fencing Issues,BRIGHTON
Animal,Cat Trapping,,RICHLANDS
Animal,Dog,Fencing Issues,STAFFORD HEIGHTS
Animal,Dog,Fencing Issues,ZILLMERE
Animal,Cat Trapping,,KEPERRA
Animal,Attack,Attack On An Animal,BULIMBA
Animal,Cat,,DREWVALE
Animal,Cat,,TINGALPA
Animal,Cat,,DREWVALE
Animal,Dog,Defecating In Public,GREENSLOPES
Animal,Cat,,DREWVALE
Animal,Dog,Too Many Animals,KANGAROO POINT
Animal,Dog,Too Many Animals,KANGAROO POINT
Animal,Attack,Attack On A Person,SALISBURY
Animal,Attack,Menacing,FITZGIBBON
Animal,Dog,Fencing Issues,WYNNUM
Animal,Attack,Attack On An Animal,BANYO
Animal,Dog,Fencing Issues,CARINA HEIGHTS
Animal,Dog,Too Many Animals,CHAPEL HILL
Animal,Dog,Fencing Issues,ASHGROVE
Animal,Dog,Fencing Issues,ACACIA RIDGE
Animal,Cat Trapping,,UPPER BROOKFIELD
Animal,Attack,Menacing,MOUNT GRAVATT EAST
Animal,Cat,,COORPAROO
Animal,Other Animal,Fox,BROOKFIELD
Animal,Other Animal,Fox,CARINA
Animal,Cat,,BRIGHTON
Animal,Attack,Not An Attack,OXLEY
Animal,Attack,Dangerous,STRETTON
Animal,Other Animal,Nuisance Animal,AUCHENFLOWER
Animal,Dog,Fencing Issues,BRIGHTON
Animal,Cat Trapping,,COOPERS PLAINS
Animal,Other Animal,Fox,BRIGHTON
Animal,Other Animal,,PULLENVALE
Animal,Attack,Menacing,INALA
Animal,Attack,Not An Attack,CALAMVALE
Animal,Other Animal,Nuisance Animal,TINGALPA
Animal,Attack,,KEPERRA
Animal,Cat,,GAYTHORNE
Animal,Dog,Odour,ANNERLEY
Animal,Dog,Fencing Issues,TOOWONG
Animal,Dog,Fencing Issues,TOOWONG
Animal,Dog,Too Many Animals,FIG TREE POCKET
Animal,Dog,Fencing Issues,KARANA DOWNS
Animal,Other Animal,Deer,MOUNT OMMANEY
Animal,Other Animal,Fox,KARANA DOWNS
Animal,Attack,Attack On An Animal,DEAGON
Animal,Dog,Fencing Issues,INALA
Animal,Dog,Fencing Issues,INALA
Animal,Attack,Menacing,GAYTHORNE
Animal,Cat Trapping,,MITCHELTON
Animal,Dog,Fencing Issues,CHERMSIDE
Animal,Other Animal,Nuisance Animal,MITCHELTON
Animal,Dog,Fencing Issues,NUNDAH
Animal,Dog,Fencing Issues,WILSTON
Animal,Dog,Fencing Issues,STAFFORD
Animal,Other Animal,Fox,MURARRIE
Animal,Attack,Not An Attack,CARINA
Animal,Dog,Fencing Issues,COORPAROO
Animal,Dog,Fencing Issues,STAFFORD
Animal,Cat,,KEDRON
Animal,Other Animal,Fox,GUMDALE
Animal,Dog,Fencing Issues,MITCHELTON
Animal,Dog,Fencing Issues,ACACIA RIDGE
Animal,Attack,Not An Attack,RICHLANDS
Animal,Other Animal,Fox,MOGGILL
Animal,Attack,Attack On A Person,KEDRON
Animal,Attack,Attack On An Animal,BRACKEN RIDGE
Animal,Dog,Fencing Issues,BULIMBA
Animal,Other Animal,Odour,EAST BRISBANE
Animal,Dog,Unregistered,MITCHELTON
Animal,Dog,,NORMAN PARK
Animal,Cat,,STAFFORD HEIGHTS
Animal,Attack,Attack On A Person,KEPERRA
Animal,Other Animal,Nuisance Animal,ACACIA RIDGE
Animal,Dog,Fencing Issues,ASHGROVE
Animal,Other Animal,Nuisance Animal,AUCHENFLOWER
Animal,Cat Trapping,,BOONDALL
Animal,Attack,Attack On An Animal,EIGHT MILE PLAINS
Animal,Dog,Surrender,CALAMVALE
Animal,Attack,Not An Attack,HOLLAND PARK WEST
Animal,Dog,Fencing Issues,CARINA
Animal,Other Animal,Nuisance Animal,HOLLAND PARK
Animal,Attack,Not An Attack,EIGHT MILE PLAINS
Animal,Attack,Not An Attack,MITCHELTON
Animal,Dog,Fencing Issues,BALD HILLS
Animal,Attack,Dangerous,TARRAGINDI
Animal,Attack,Attack On A Person,ACACIA RIDGE
Animal,Attack,Not An Attack,WEST END
Animal,Dog,Fencing Issues,BARDON
Animal,Cat,,BRIDGEMAN DOWNS
Animal,Other Animal,Nuisance Animal,ACACIA RIDGE
Animal,Dog,Fencing Issues,INALA
Animal,Other Animal,,BROOKFIELD
Animal,Other Animal,,PALLARA
Animal,Dog,Fencing Issues,MANLY WEST
Animal,Other Animal,Odour,CARINA
Animal,Attack,Attack On An Animal,MITCHELTON
Animal,Attack,Attack On An Animal,CHAPEL HILL
Animal,Dog,Fencing Issues,WAVELL HEIGHTS
Animal,Other Animal,Nuisance Animal,FOREST LAKE
Animal,Attack,Dangerous,SALISBURY
Animal,Dog,Fencing Issues,MOUNT GRAVATT EAST
Animal,Cat Trapping,,NORTHGATE
Animal,Attack,Attack On An Animal,OXLEY
Animal,Attack,Attack On An Animal,DARRA
Animal,Other Animal,Fencing Issues,WAVELL HEIGHTS
Animal,Attack,Not An Attack,SANDGATE
Animal,Attack,Attack On An Animal,GRANGE
Animal,Attack,Attack On A Person,CARINDALE
Animal,Dog,Fencing Issues,GORDON PARK
Animal,Cat,,EVERTON PARK
Animal,Cat Trapping,,WYNNUM
Animal,Attack,Attack On A Person,ACACIA RIDGE
Animal,Dog,Fencing Issues,DARRA
Animal,Attack,,MOGGILL
Animal,Dog,Fencing Issues,ROCHEDALE
Animal,Other Animal,Nuisance Animal,INALA
Animal,Attack,Not An Attack,NEW FARM
Animal,Other Animal,Nuisance Animal,KENMORE
Animal,Dog,Defecating In Public,ROBERTSON
Animal,Other Animal,Fox,WACOL
Animal,Attack,Attack On An Animal,OXLEY
Animal,Dog,Fencing Issues,TARRAGINDI
Animal,Dog,Fencing Issues,WYNNUM
Animal,Attack,Attack On An Animal,FOREST LAKE
Animal,Other Animal,Fox,
Animal,Cat Trapping,,GREENSLOPES
Animal,Other Animal,Fox,ANSTEAD
Animal,Other Animal,Fox,
Animal,Cat,,BOONDALL
Animal,Attack,Attack On A Person,CANNON HILL
Animal,Cat Trapping,,CHERMSIDE
Animal,Dog,Fencing Issues,ZILLMERE
Animal,Attack,Attack On An Animal,CARINA
Animal,Dog,Fencing Issues,KEPERRA
Animal,Other Animal,Nuisance Animal,OXLEY
Animal,Other Animal,Deer,MOUNT OMMANEY
Animal,Attack,Not An Attack,ALGESTER
Animal,Dog,Fencing Issues,MANSFIELD
Animal,Dog,Fencing Issues,GEEBUNG
Animal,Dog,Unregistered,ACACIA RIDGE
Animal,Dog,Unregistered,ACACIA RIDGE
Animal,Dog,Unregistered,ACACIA RIDGE
Animal,Dog,Unregistered,ACACIA RIDGE
Animal,Dog,Unregistered,ACACIA RIDGE
Animal,Attack,Attack On An Animal,HEMMANT
Animal,Dog,Fencing Issues,KEDRON
Animal,Cat Trapping,,ENOGGERA
Animal,Dog,Too Many Animals,ASHGROVE
Animal,Other Animal,Nuisance Animal,BARDON
Animal,Dog,Fencing Issues,ASHGROVE
Animal,Other Animal,Fox,MANLY WEST
Animal,Dog,Fencing Issues,ROCKLEA
Animal,Other Animal,Nuisance Animal,AUCHENFLOWER
Animal,Dog,Fencing Issues,LOTA
Animal,Other Animal,Unregistered,BRISBANE CITY
Animal,Dog,Fencing Issues,CARSELDINE
Animal,Dog,Fencing Issues,CARSELDINE
Animal,Dog,Unregistered,ALDERLEY
Animal,Attack,Menacing,CHERMSIDE
Animal,Dog,Fencing Issues,ELLEN GROVE
Animal,Dog,Fencing Issues,ELLEN GROVE
Animal,Dog,Fencing Issues,DURACK
Animal,Attack,Attack On An Animal,MILTON
Animal,Dog,Fencing Issues,WYNNUM
Animal,Dog,Fencing Issues,WYNNUM
Animal,Attack,Menacing,WYNNUM
Animal,Dog,Too Many Animals,KEPERRA
Animal,Dog,,BANYO
Animal,Attack,Menacing,INALA
Animal,Dog,Fencing Issues,INALA
Animal,Attack,Attack On A Person,NORTHGATE
Animal,Other Animal,Too Many Animals,ACACIA RIDGE
Animal,Attack,,TARRAGINDI
Animal,Cat Trapping,,SANDGATE
Animal,Other Animal,,MURARRIE
Animal,Other Animal,Nuisance Animal,CARINDALE
Animal,Dog,Defecating In Public,SANDGATE
Animal,Other Animal,Pest / Feral Animal,WYNNUM
Animal,Dog,Fencing Issues,RED HILL
Animal,Dog,,ALDERLEY
Animal,Cat Trapping,,INDOOROOPILLY
Animal,Dog,Fencing Issues,MITCHELTON
Animal,Other Animal,Fencing Issues,PULLENVALE
Animal,Dog,,FOREST LAKE
Animal,Other Animal,Odour,KURABY
Animal,Attack,Attack On An Animal,WESTLAKE
Animal,Other Animal,,TENNYSON
Animal,Dog,Fencing Issues,WYNNUM
Animal,Attack,Attack On An Animal,ZILLMERE
Animal,Other Animal,Fox,BOONDALL
Animal,Other Animal,Odour,HOLLAND PARK
Animal,Dog,Defecating In Public,CHAPEL HILL
Animal,Dog,Fencing Issues,ZILLMERE
Animal,Attack,Menacing,WINDSOR
Animal,Attack,Attack On An Animal,MITCHELTON
Animal,Other Animal,Nuisance Animal,HIGHGATE HILL
Animal,Dog,Fencing Issues,FIG TREE POCKET
Animal,Dog,Defecating In Public,GRACEVILLE
Animal,Dog,Fencing Issues,WYNNUM
Animal,Other Animal,Fox,THE GAP
Animal,Other Animal,Fox,CARINA HEIGHTS
Animal,Attack,Attack On An Animal,KEDRON
Animal,Attack,Attack On A Person,MANLY WEST
Animal,Dog,,MOOROOKA
Animal,Attack,Attack On An Animal,HOLLAND PARK
Animal,Other Animal,Too Many Animals,CARINA HEIGHTS
Animal,Dog,Fencing Issues,BRACKEN RIDGE
Animal,Dog,Fencing Issues,BRACKEN RIDGE
Animal,Other Animal,Nuisance Animal,BULIMBA
Animal,Dog,Too Many Animals,BRACKEN RIDGE
Animal,Attack,Attack On An Animal,INALA
Animal,Attack,Not An Attack,NEWMARKET
Animal,Cat,,BULIMBA
Animal,Other Animal,Nuisance Animal,ANSTEAD
Animal,Dog,,CAMP HILL
Animal,Dog,Fencing Issues,CHERMSIDE WEST
Animal,Attack,Attack On A Person,ASPLEY
Animal,Attack,Not An Attack,ACACIA RIDGE
Animal,Other Animal,Nuisance Animal,MOOROOKA
Animal,Other Animal,Nuisance Animal,INALA
Animal,Other Animal,Nuisance Animal,INALA
Animal,Attack,Attack On An Animal,ENOGGERA
Animal,Dog,,ASHGROVE
Animal,Other Animal,Rabbit,OXLEY
Animal,Other Animal,Fox,RICHLANDS
Animal,Dog,,MOOROOKA
Animal,Other Animal,Fencing Issues,PALLARA
Animal,Dog,Odour,WINDSOR
Animal,Cat Trapping,,COORPAROO
Animal,Attack,Attack On A Person,WAKERLEY
Animal,Dog,Fencing Issues,SUNNYBANK
Animal,Attack,Attack On A Person,THE GAP
Animal,Dog,Fencing Issues,EIGHT MILE PLAINS
Animal,Attack,,INALA
Animal,Attack,Attack On A Person,HAMILTON
Animal,Attack,Attack On A Person,BURBANK
Animal,Dog,Fencing Issues,BURBANK
Animal,Dog,Defecating In Public,ASCOT
Animal,Other Animal,,KEPERRA
Animal,Other Animal,,MOUNT COOT-THA
Animal,Other Animal,Fox,KHOLO
Animal,Dog,Odour,FITZGIBBON
Animal,Other Animal,Nuisance Animal,INALA
Animal,Attack,Attack On A Person,KEDRON
Animal,Dog,,HENDRA
Animal,Attack,Menacing,INALA
Animal,Dog,Defecating In Public,ASPLEY
Animal,Attack,Attack On A Person,WOOLLOONGABBA
Animal,Other Animal,Nuisance Animal,MORNINGSIDE
Animal,Attack,Attack On A Person,MOUNT COOT-THA
Animal,Dog,Fencing Issues,NEW FARM
Animal,Dog,Fencing Issues,HOLLAND PARK WEST
Animal,Attack,Attack On A Person,INALA
Animal,Dog,Fencing Issues,MOGGILL
Animal,Other Animal,Deer,PINJARRA HILLS
Animal,Attack,Not An Attack,GREENSLOPES
Animal,Dog,Too Many Animals,CARINDALE
Animal,Attack,,MORNINGSIDE
Animal,Dog,Fencing Issues,WYNNUM
Animal,Dog,Defecating In Public,SANDGATE
Animal,Attack,,BARDON
Animal,Dog,,KEPERRA
Animal,Dog,Odour,BANYO
Animal,Other Animal,Nuisance Animal,FOREST LAKE
Animal,Attack,Attack On A Person,PORT OF BRISBANE
Animal,Dog,Defecating In Public,SANDGATE
Animal,Dog,Unregistered,MANLY WEST
Animal,Dog,Fencing Issues,SUNNYBANK
Animal,Dog,Fencing Issues,BALD HILLS
Animal,Dog,,FITZGIBBON
Animal,Attack,Attack On An Animal,NORTHGATE
Animal,Attack,Not An Attack,BRACKEN RIDGE
Animal,Other Animal,Deer,UPPER BROOKFIELD
Animal,Dog,Too Many Animals,ROCKLEA
Animal,Dog,Fencing Issues,ASCOT
Animal,Attack,Menacing,TOOWONG
Animal,Attack,Attack On An Animal,HOLLAND PARK
Animal,Attack,,HOLLAND PARK
Animal,Other Animal,,KENMORE HILLS
Animal,Cat Trapping,,BOONDALL
Animal,Dog,Fencing Issues,BOONDALL
Animal,Attack,Attack On An Animal,CHERMSIDE WEST
Animal,Attack,,BARDON
Animal,Dog,Too Many Animals,NORTHGATE
Animal,Dog,Too Many Animals,NORTHGATE
Animal,Dog,Unregistered,DARRA
Animal,Dog,,CHERMSIDE WEST
Animal,Dog,Fencing Issues,FIG TREE POCKET
Animal,Cat,,COOPERS PLAINS
Animal,Dog,Fencing Issues,BURBANK
Animal,Dog,Fencing Issues,ELLEN GROVE
Animal,Dog,Fencing Issues,BALD HILLS
Animal,Dog,Fencing Issues,CLAYFIELD
Animal,Dog,Fencing Issues,SANDGATE
Animal,Dog,Fencing Issues,EIGHT MILE PLAINS
Animal,Attack,Attack On A Person,CARSELDINE
Animal,Dog,Fencing Issues,STAFFORD HEIGHTS
Animal,Other Animal,Fox,KHOLO
Animal,Dog,Defecating In Public,ASPLEY
Animal,Dog,Defecating In Public,BRIGHTON
Animal,Dog,,DEAGON
Animal,Cat Trapping,,ELLEN GROVE
Animal,Other Animal,,CHANDLER
Animal,Other Animal,Pest / Feral Animal,CHANDLER
Animal,Attack,Not An Attack,DARRA
Animal,Dog,Fencing Issues,DEAGON
Animal,Cat,,RIVERHILLS
Animal,Cat,,RIVERHILLS
Animal,Cat,,RIVERHILLS
Animal,Other Animal,Nuisance Animal,INALA
Animal,Attack,Attack On A Person,HAWTHORNE
Animal,Cat Trapping,,INALA
Animal,Dog,Fencing Issues,WYNNUM
Animal,Attack,Attack On A Person,INALA
Animal,Dog,Fencing Issues,HEATHWOOD
Animal,Dog,Fencing Issues,HEATHWOOD
Animal,Dog,Fencing Issues,HEATHWOOD
Animal,Dog,Fencing Issues,HEATHWOOD
Animal,Dog,Fencing Issues,HEATHWOOD
Animal,Dog,Unregistered,ZILLMERE
Animal,Dog,Fencing Issues,CHAPEL HILL
Animal,Dog,Fencing Issues,INALA
Animal,Dog,Fencing Issues,FOREST LAKE
Animal,Cat,,BOONDALL
Animal,Dog,Odour,WYNNUM
Animal,Dog,Defecating In Public,SEVEN HILLS
Animal,Cat,,ASHGROVE
Animal,Other Animal,Pest / Feral Animal,CARINA
Animal,Other Animal,Nuisance Animal,DARRA
Animal,Other Animal,Wild Dog,FERNY GROVE
Animal,Attack,Attack On An Animal,ALGESTER
Animal,Dog,Too Many Animals,MANLY
Animal,Dog,Odour,CARINDALE
Animal,Cat,,BOONDALL
Animal,Attack,Menacing,DURACK
Animal,Dog,,MURARRIE
Animal,Attack,,UPPER BROOKFIELD
Animal,Attack,Menacing,MORNINGSIDE
Animal,Other Animal,Nuisance Animal,SUNNYBANK HILLS
Animal,Attack,Menacing,ASHGROVE
Animal,Cat Trapping,,MANSFIELD
Animal,Dog,Fencing Issues,CARINA HEIGHTS
Animal,Dog,,MANSFIELD
Animal,Dog,,FIG TREE POCKET
Animal,Other Animal,Nuisance Animal,KARANA DOWNS
Animal,Cat Trapping,,RUNCORN
Animal,Dog,Defecating In Public,RED HILL
Animal,Attack,Attack On A Person,GEEBUNG
Animal,Attack,Attack On An Animal,MIDDLE PARK
Animal,Dog,Fencing Issues,DARRA
Animal,Attack,Attack On An Animal,CARINA
Animal,Other Animal,Fencing Issues,KARANA DOWNS
Animal,Dog,Fencing Issues,STRETTON
Animal,Other Animal,Nuisance Animal,INALA
Animal,Other Animal,Fox,CHANDLER
Animal,Other Animal,,
Animal,Dog,Odour,BANYO
Animal,Attack,Menacing,NEW FARM
Animal,Attack,Attack On An Animal,THE GAP
Animal,Dog,Fencing Issues,KEPERRA
Animal,Dog,Fencing Issues,JINDALEE
Animal,Other Animal,Nuisance Animal,FOREST LAKE
Animal,Dog,Fencing Issues,INALA
Animal,Other Animal,Fox,CHAPEL HILL
Animal,Dog,Fencing Issues,GAYTHORNE
Animal,Dog,Defecating In Public,NATHAN
Animal,Dog,Fencing Issues,BRACKEN RIDGE
Animal,Cat Trapping,,YEERONGPILLY
Animal,Dog,,MITCHELTON
Animal,Attack,Not An Attack,SHERWOOD
Animal,Dog,Fencing Issues,CHAPEL HILL
Animal,Other Animal,Fencing Issues,BROOKFIELD
Animal,Other Animal,Fox,CARINA
Animal,Dog,Too Many Animals,HOLLAND PARK
Animal,Other Animal,Fencing Issues,DURACK
Animal,Other Animal,Nuisance Animal,INALA
Animal,Attack,Attack On An Animal,BARDON
Animal,Attack,Attack On A Person,NUNDAH
Animal,Dog,Unregistered,BOONDALL
Animal,Other Animal,Pest / Feral Animal,INALA
Animal,Other Animal,Nuisance Animal,INALA
Animal,Other Animal,Pest / Feral Animal,INALA
Animal,Other Animal,Nuisance Animal,INALA
Animal,Dog,Fencing Issues,BULIMBA
Animal,Attack,Attack On A Person,BALD HILLS
Animal,Dog,Defecating In Public,ASHGROVE
Animal,Other Animal,Nuisance Animal,DOOLANDELLA
Animal,Dog,,CARINDALE
Animal,Other Animal,Pest / Feral Animal,MANLY
Animal,Attack,Attack On An Animal,CAMP HILL
Animal,Attack,Attack On An Animal,NUDGEE BEACH
Animal,Dog,Odour,FITZGIBBON
Animal,Cat Trapping,,INALA
Animal,Other Animal,,ROCKLEA
Animal,Other Animal,,OXLEY
Animal,Other Animal,,ROCKLEA
Animal,Attack,Attack On A Person,GREENSLOPES
Animal,Dog,Defecating In Public,EVERTON PARK
Animal,Other Animal,,NUDGEE
Animal,Dog,Too Many Animals,COORPAROO
Animal,Cat,,BRIGHTON
Animal,Dog,Fencing Issues,ZILLMERE
Animal,Dog,Defecating In Public,TINGALPA
Animal,Dog,Fencing Issues,ZILLMERE
Animal,Attack,Attack On A Person,ZILLMERE
Animal,Cat Trapping,,WOOLOOWIN
Animal,Dog,Odour,DOOLANDELLA
Animal,Attack,Attack On An Animal,NUDGEE BEACH
Animal,Cat,,KARANA DOWNS
Animal,Cat Trapping,,BRACKEN RIDGE
Animal,Attack,Not An Attack,BRISBANE CITY
Animal,Dog,Fencing Issues,GRACEVILLE
Animal,Cat Trapping,,TAIGUM
Animal,Dog,Fencing Issues,MITCHELTON
Animal,Dog,Fencing Issues,NUNDAH
Animal,Dog,Defecating In Public,WOOLLOONGABBA
Animal,Cat Trapping,,ALGESTER
Animal,Dog,Defecating In Public,NUDGEE
Animal,Dog,Too Many Animals,MANLY WEST
Animal,Cat Trapping,,MCDOWALL
Animal,Attack,Menacing,KEDRON
Animal,Attack,Attack On A Person,DURACK
Animal,Other Animal,Nuisance Animal,HEATHWOOD
Animal,Dog,Fencing Issues,YERONGA
Animal,Attack,Attack On A Person,DURACK
Animal,Dog,Fencing Issues,GREENSLOPES
Animal,Attack,Attack On An Animal,WINDSOR
Animal,Attack,Attack On A Person,SUNNYBANK HILLS
Animal,Dog,Fencing Issues,TOOWONG
Animal,Attack,Attack On A Person,WYNNUM WEST
Animal,Dog,Fencing Issues,CARINA HEIGHTS
Animal,Dog,Fencing Issues,GREENSLOPES
Animal,Dog,Fencing Issues,BANYO
Animal,Dog,,ALGESTER
Animal,Cat,,ST LUCIA
Animal,Attack,,FOREST LAKE
Animal,Dog,Fencing Issues,CARINA
Animal,Dog,Fencing Issues,CARSELDINE
Animal,Dog,Fencing Issues,CARSELDINE
Animal,Attack,Attack On An Animal,OXLEY
Animal,Dog,Fencing Issues,SUNNYBANK HILLS
Animal,Other Animal,Nuisance Animal,KARANA DOWNS
Animal,Dog,Fencing Issues,MURARRIE
Animal,Dog,Fencing Issues,ROCHEDALE
Animal,Dog,Fencing Issues,BRIGHTON
Animal,Other Animal,Too Many Animals,WYNNUM WEST
Animal,Attack,Attack On An Animal,WYNNUM WEST
Animal,Dog,Fencing Issues,MOUNT GRAVATT
Animal,Dog,Fencing Issues,WYNNUM
Animal,Dog,Fencing Issues,CHERMSIDE WEST
Animal,Attack,Menacing,OXLEY
Animal,Other Animal,Nuisance Animal,INALA
Animal,Dog,Fencing Issues,MANLY
Animal,Attack,Attack On A Person,PARKINSON
Animal,Dog,Fencing Issues,HEATHWOOD
Animal,Dog,,TAIGUM
Animal,Cat,,BRACKEN RIDGE
Animal,Attack,,ASHGROVE
Animal,Dog,Fencing Issues,WYNNUM
Animal,Dog,Fencing Issues,BELLBOWRIE
Animal,Attack,Menacing,STAFFORD
Animal,Dog,Fencing Issues,ALGESTER
Animal,Cat Trapping,,BULIMBA
Animal,Cat Trapping,,NEWMARKET
Animal,Dog,Too Many Animals,FAIRFIELD
Animal,Other Animal,,UPPER BROOKFIELD
Animal,Dog,Fencing Issues,MOOROOKA
Animal,Other Animal,Nuisance Animal,KURABY
Animal,Cat,,WOOLLOONGABBA
Animal,Attack,Not An Attack,NEW FARM
Animal,Attack,Not An Attack,ANNERLEY
Animal,Dog,,ZILLMERE
Animal,Cat Trapping,,SANDGATE
Animal,Attack,Attack On A Person,ROCHEDALE
Animal,Cat Trapping,,DREWVALE
Animal,Other Animal,Feral Goat,BRIDGEMAN DOWNS
Animal,Cat,,BOONDALL
Animal,Attack,Attack On An Animal,RICHLANDS
Animal,Dog,Too Many Animals,WYNNUM
Animal,Dog,,CHAPEL HILL
Animal,Dog,Fencing Issues,CHAPEL HILL
Animal,Attack,Not An Attack,GUMDALE
Animal,Attack,Attack On An Animal,PULLENVALE
Animal,Cat,,STAFFORD
Animal,Attack,Attack On An Animal,MITCHELTON
Animal,Attack,Attack On An Animal,CARINA
Animal,Cat,,MORNINGSIDE
Animal,Dog,Odour,MOUNT GRAVATT EAST
Animal,Dog,Fencing Issues,MANLY WEST
Animal,Attack,Dangerous,STAFFORD HEIGHTS
Animal,Dog,Fencing Issues,KARANA DOWNS
Animal,Attack,Attack On An Animal,TINGALPA
Animal,Attack,Attack On An Animal,ZILLMERE
Animal,Dog,Fencing Issues,BRIDGEMAN DOWNS
Animal,Attack,Attack On A Person,RUNCORN
Animal,Dog,Too Many Animals,NATHAN
Animal,Dog,Fencing Issues,WAVELL HEIGHTS
Animal,Attack,Attack On An Animal,GRANGE
Animal,Other Animal,Odour,INALA
Animal,Attack,Attack On An Animal,UPPER BROOKFIELD
Animal,Other Animal,Pest / Feral Animal,INALA
Animal,Dog,Fencing Issues,BULIMBA
Animal,Other Animal,Fox,NUNDAH
Animal,Attack,Attack On A Person,GORDON PARK
Animal,Cat,,BOONDALL
Animal,Dog,Fencing Issues,MANLY WEST
Animal,Dog,,YEERONGPILLY
Animal,Other Animal,Nuisance Animal,WYNNUM WEST
Animal,Other Animal,Fox,MOUNT GRAVATT EAST
Animal,Dog,Fencing Issues,NATHAN
Animal,Dog,Fencing Issues,DARRA
Animal,Dog,Fencing Issues,DARRA
Animal,Dog,Fencing Issues,FITZGIBBON
Animal,Attack,Menacing,BRACKEN RIDGE
Animal,Attack,Attack On An Animal,DARRA
Animal,Dog,Fencing Issues,RUNCORN
Animal,Attack,Attack On An Animal,RUNCORN
Animal,Attack,Attack On A Person,CALAMVALE
Animal,Attack,Not An Attack,CALAMVALE
Animal,Other Animal,Nuisance Animal,ASPLEY
Animal,Other Animal,Nuisance Animal,ANNERLEY
Animal,Dog,Defecating In Public,ASHGROVE
Animal,Dog,Fencing Issues,CARINDALE
Animal,Dog,Fencing Issues,INALA
Animal,Dog,Fencing Issues,INALA
Animal,Dog,,HEMMANT
Animal,Dog,Fencing Issues,WAVELL HEIGHTS
Animal,Dog,Fencing Issues,ROCKLEA
Animal,Dog,Fencing Issues,KANGAROO POINT
Animal,Attack,Attack On An Animal,FOREST LAKE
Animal,Attack,Attack On A Person,COOPERS PLAINS
Animal,Other Animal,Fencing Issues,KARAWATHA
Animal,Attack,Menacing,STAFFORD
Animal,Dog,Fencing Issues,MITCHELTON
Animal,Attack,Attack On An Animal,RED HILL
Animal,Attack,,ELLEN GROVE
Animal,Dog,Fencing Issues,INALA
Animal,Cat Trapping,,HOLLAND PARK WEST
Animal,Attack,Attack On An Animal,ASHGROVE
Animal,Dog,Fencing Issues,MANLY WEST
Animal,Dog,Defecating In Public,TARINGA
Animal,Attack,Attack On An Animal,DARRA
Animal,Dog,Unregistered,ZILLMERE
Animal,Attack,Attack On A Person,BANYO
Animal,Other Animal,Fox,MOOROOKA
Animal,Attack,Attack On A Person,PINKENBA
Animal,Dog,Fencing Issues,ROCHEDALE
Animal,Dog,Fencing Issues,ROCHEDALE
Animal,Dog,Fencing Issues,ROCHEDALE
Animal,Dog,Fencing Issues,ROCHEDALE
Animal,Dog,Fencing Issues,ROCHEDALE
Animal,Cat Trapping,,FOREST LAKE
Animal,Dog,Unregistered,SUNNYBANK
Animal,Attack,Attack On A Person,TARRAGINDI
Animal,Other Animal,Nuisance Animal,ASPLEY
Animal,Attack,Not An Attack,YEERONGPILLY
Animal,Cat Trapping,,WYNNUM WEST
Animal,Attack,Not An Attack,SUNNYBANK
Animal,Dog,Fencing Issues,GEEBUNG
Animal,Dog,Defecating In Public,INALA
Animal,Dog,Fencing Issues,MITCHELTON
Animal,Dog,Fencing Issues,WYNNUM
Animal,Dog,Nuisance Animal,UPPER BROOKFIELD
Animal,Other Animal,,MOUNT COOT-THA
Animal,Other Animal,Nuisance Animal,RIVERHILLS
Animal,Other Animal,Nuisance Animal,WYNNUM WEST
Animal,Dog,Fencing Issues,ZILLMERE
Animal,Dog,Fencing Issues,ZILLMERE
Animal,Dog,Fencing Issues,ZILLMERE
Animal,Dog,Fencing Issues,UPPER MOUNT GRAVATT
Animal,Attack,,OXLEY
Animal,Cat Trapping,,BANYO
Animal,Attack,Attack On A Person,CANNON HILL
Animal,Dog,Fencing Issues,ASPLEY
Animal,Attack,Attack On An Animal,KEDRON
Animal,Other Animal,Defecating In Public,BELLBOWRIE
Animal,Dog,Fencing Issues,HOLLAND PARK WEST
Animal,Dog,Fencing Issues,DURACK
Animal,Dog,Too Many Animals,KANGAROO POINT
Animal,Dog,Fencing Issues,PULLENVALE
Animal,Attack,Attack On An Animal,FOREST LAKE
Animal,Dog,Too Many Animals,NEWMARKET
Animal,Dog,Unregistered,ELLEN GROVE
Animal,Attack,Not An Attack,UPPER MOUNT GRAVATT
Animal,Dog,Fencing Issues,WYNNUM WEST
Animal,Attack,Attack On An Animal,NORMAN PARK
Animal,Attack,Attack On A Person,GEEBUNG
Animal,Dog,Defecating In Public,MOUNT GRAVATT EAST
Animal,Other Animal,Fox,NORMAN PARK
Animal,Dog,Fencing Issues,OXLEY
Animal,Cat Trapping,,MCDOWALL
Animal,Dog,Too Many Animals,HOLLAND PARK WEST
Animal,Dog,Too Many Animals,HOLLAND PARK WEST
Animal,Attack,Attack On An Animal,GAYTHORNE
Animal,Dog,Fencing Issues,LUTWYCHE
Animal,Attack,Attack On A Person,MOOROOKA
Animal,Attack,Attack On An Animal,MANLY WEST
Animal,Dog,Too Many Animals,BANYO
Animal,Dog,Too Many Animals,BANYO
Animal,Dog,Too Many Animals,BANYO
Animal,Other Animal,Pest / Feral Animal,FAIRFIELD
Animal,Other Animal,Pest / Feral Animal,WYNNUM WEST
Animal,Dog,Fencing Issues,CANNON HILL
Animal,Dog,Fencing Issues,CANNON HILL
Animal,Dog,Fencing Issues,CANNON HILL
Animal,Other Animal,Deer,JINDALEE
Animal,Attack,Attack On An Animal,NEW FARM
Animal,Dog,Fencing Issues,WINDSOR
Animal,Dog,Fencing Issues,CORINDA
Animal,Attack,Attack On A Person,MANLY WEST
Animal,Attack,Menacing,BARDON
Animal,Cat Trapping,,ENOGGERA
Animal,Dog,Fencing Issues,BALD HILLS
Animal,Dog,Fencing Issues,BALD HILLS
Animal,Other Animal,Too Many Animals,ELLEN GROVE
Animal,Dog,Odour,UPPER MOUNT GRAVATT
Animal,Attack,Attack On An Animal,STAFFORD
Animal,Attack,Menacing,OXLEY
Animal,Cat,,MOUNT GRAVATT EAST
Animal,Attack,Not An Attack,INALA
Animal,Attack,Not An Attack,SUNNYBANK
Animal,Dog,Fencing Issues,GORDON PARK
Animal,Attack,Attack On An Animal,WAVELL HEIGHTS
Animal,Dog,Fencing Issues,HIGHGATE HILL
Animal,Cat,,MOUNT GRAVATT EAST
Animal,Attack,Not An Attack,FAIRFIELD
Animal,Other Animal,,BANYO
Animal,Other Animal,,RED HILL
Animal,Dog,Fencing Issues,BARDON
Animal,Attack,,ELLEN GROVE
Animal,Dog,,CARINDALE
Animal,Dog,Fencing Issues,BRACKEN RIDGE
Animal,Dog,,ACACIA RIDGE
Animal,Attack,Menacing,BRACKEN RIDGE
Animal,Dog,Fencing Issues,TENNYSON
Animal,Attack,Attack On An Animal,HOLLAND PARK
Animal,Cat,,MOGGILL
Animal,Attack,Not An Attack,SINNAMON PARK
Animal,Attack,Menacing,CHERMSIDE WEST
Animal,Attack,Attack On An Animal,BANYO
Animal,Other Animal,Fox,ANSTEAD
Animal,Other Animal,Fox,COORPAROO
Animal,Attack,Attack On A Person,SUNNYBANK HILLS
Animal,Dog,Fencing Issues,NUNDAH
Animal,Dog,Fencing Issues,NUNDAH
Animal,Dog,Fencing Issues,UPPER KEDRON
Animal,Dog,Defecating In Public,KEDRON
Animal,Attack,Menacing,HENDRA
Animal,Dog,Fencing Issues,WAVELL HEIGHTS
Animal,Attack,Menacing,MURARRIE
Animal,Attack,Not An Attack,ASHGROVE
Animal,Attack,Attack On An Animal,THE GAP
Animal,Cat Trapping,,RICHLANDS
Animal,Cat,,CARSELDINE
Animal,Dog,Fencing Issues,WAVELL HEIGHTS
Animal,Attack,Attack On A Person,NORMAN PARK
Animal,Cat Trapping,,INALA
Animal,Attack,Attack On An Animal,ANSTEAD
Animal,Attack,Not An Attack,MIDDLE PARK
Animal,Attack,Menacing,MIDDLE PARK
Animal,Attack,Attack On An Animal,STAFFORD
Animal,Attack,Attack On An Animal,THE GAP
Animal,Other Animal,Fencing Issues,NEW FARM
Animal,Dog,Fencing Issues,YERONGA
Animal,Dog,Fencing Issues,PARKINSON
Animal,Cat Trapping,,BOONDALL
Animal,Dog,Defecating In Public,PARKINSON
Animal,Dog,Fencing Issues,STAFFORD
Animal,Attack,Not An Attack,INDOOROOPILLY
Animal,Dog,Fencing Issues,WAVELL HEIGHTS
Animal,Other Animal,Nuisance Animal,HEATHWOOD
Animal,Attack,Not An Attack,ACACIA RIDGE
Animal,Other Animal,Odour,HEMMANT
Animal,Dog,Fencing Issues,ROCKLEA
Animal,Cat Trapping,,SALISBURY
Animal,Cat Trapping,,FOREST LAKE
Animal,Cat,,FERNY GROVE
Animal,Dog,Fencing Issues,UPPER MOUNT GRAVATT
Animal,Cat Trapping,,INALA
Animal,Cat Trapping,,INALA
Animal,Attack,Attack On A Person,WYNNUM
Animal,Dog,Fencing Issues,CARINA HEIGHTS
Animal,Dog,Fencing Issues,WYNNUM
Animal,Cat Trapping,,ASCOT
Animal,Dog,Odour,KEPERRA
Animal,Dog,Odour,KEPERRA
Animal,Attack,Attack On An Animal,NORMAN PARK
Animal,Attack,Attack On An Animal,HIGHGATE HILL
Animal,Attack,Menacing,KEPERRA
Animal,Dog,Fencing Issues,BRIGHTON
Animal,Other Animal,Nuisance Animal,NEW FARM
Animal,Dog,Fencing Issues,NUNDAH
Animal,Dog,Defecating In Public,FITZGIBBON
Animal,Attack,Attack On An Animal,BARDON
Animal,Cat Trapping,,DURACK
Animal,Cat,,HAMILTON
Animal,Dog,Fencing Issues,TOOWONG
Animal,Other Animal,Fox,GUMDALE
Animal,Attack,Attack On A Person,MOUNT GRAVATT EAST
Animal,Cat Trapping,,ALGESTER
Animal,Dog,Too Many Animals,MOUNT CROSBY
Animal,Dog,Too Many Animals,MOUNT CROSBY
Animal,Dog,Too Many Animals,MOUNT CROSBY
Animal,Dog,Fencing Issues,ELLEN GROVE
Animal,Cat Trapping,,MACGREGOR
Animal,Cat,,ACACIA RIDGE
Animal,Dog,Fencing Issues,ASCOT
Animal,Other Animal,Fox,MOUNT CROSBY
Animal,Dog,Fencing Issues,SUNNYBANK HILLS
Animal,Dog,Fencing Issues,WINDSOR
Animal,Dog,Fencing Issues,WINDSOR
Animal,Cat Trapping,,BOONDALL
Animal,Attack,Attack On A Person,CANNON HILL
Animal,Attack,Attack On A Person,CANNON HILL
Animal,Dog,Fencing Issues,CANNON HILL
Animal,Cat Trapping,,FERNY GROVE
Animal,Cat,,BROOKFIELD
Animal,Cat,,BROOKFIELD
Animal,Cat Trapping,,MACGREGOR
Animal,Other Animal,Nuisance Animal,YEERONGPILLY
Animal,Dog,Fencing Issues,DEAGON
Animal,Attack,Attack On An Animal,UPPER BROOKFIELD
Animal,Attack,Attack On An Animal,UPPER BROOKFIELD
Animal,Dog,Fencing Issues,OXLEY
Animal,Cat,,ZILLMERE
Animal,Attack,Attack On A Person,MOUNT GRAVATT
Animal,Other Animal,Nuisance Animal,MOOROOKA
Animal,Attack,Attack On A Person,GEEBUNG
Animal,Cat,,NUDGEE
Animal,Attack,Attack On An Animal,HEMMANT
Animal,Dog,Too Many Animals,WYNNUM
Animal,Dog,Too Many Animals,WYNNUM
Animal,Other Animal,Fox,HOLLAND PARK WEST
Animal,Other Animal,Fox,CHELMER
Animal,Other Animal,Fox,CHELMER
Animal,Other Animal,Too Many Animals,BARDON
Animal,Other Animal,Nuisance Animal,BRACKEN RIDGE
Animal,Attack,Attack On A Person,ZILLMERE
Animal,Other Animal,Fox,SUNNYBANK HILLS
Animal,Cat Trapping,,MOUNT GRAVATT EAST
Animal,Attack,Attack On A Person,MANLY WEST
Animal,Dog,Fencing Issues,COORPAROO
Animal,Dog,Too Many Animals,UPPER MOUNT GRAVATT
Animal,Dog,Fencing Issues,FOREST LAKE
Animal,Attack,Attack On A Person,BANYO
Animal,Attack,Attack On A Person,BANYO
Animal,Dog,Fencing Issues,BRACKEN RIDGE
Animal,Dog,Unregistered,HEMMANT
Animal,Attack,Attack On A Person,HOLLAND PARK
Animal,Dog,Too Many Animals,HOLLAND PARK WEST
Animal,Attack,Menacing,SEVEN HILLS
Animal,Attack,Attack On A Person,HOLLAND PARK WEST
Animal,Attack,Attack On A Person,WAVELL HEIGHTS
Animal,Dog,Fencing Issues,ACACIA RIDGE
Animal,Dog,Fencing Issues,ACACIA RIDGE
Animal,Other Animal,,KEPERRA
Animal,Attack,Attack On An Animal,MOOROOKA
Animal,Dog,Fencing Issues,MOOROOKA
Animal,Other Animal,Nuisance Animal,GAYTHORNE
Animal,Attack,Attack On An Animal,GRANGE
Animal,Other Animal,Nuisance Animal,FOREST LAKE
Animal,Other Animal,Deer,WESTLAKE
Animal,Cat Trapping,,RUNCORN
Animal,Dog,Defecating In Public,MOOROOKA
Animal,Dog,Fencing Issues,MOOROOKA
Animal,Attack,Attack On An Animal,STAFFORD HEIGHTS
Animal,Other Animal,Deer,BROOKFIELD
Animal,Dog,Defecating In Public,OXLEY
Animal,Other Animal,Nuisance Animal,FOREST LAKE
Animal,Other Animal,Fox,ROCHEDALE
Animal,Dog,,HENDRA
Animal,Dog,Fencing Issues,SUNNYBANK HILLS
Animal,Dog,Defecating In Public,BARDON
Animal,Dog,Fencing Issues,WILSTON
Animal,Cat Trapping,,THE GAP
Animal,Dog,Fencing Issues,KARANA DOWNS
Animal,Dog,Fencing Issues,INALA
Animal,Dog,Fencing Issues,INALA
Animal,Dog,Fencing Issues,TARINGA
Animal,Other Animal,Nuisance Animal,WYNNUM WEST
Animal,Dog,Fencing Issues,BALD HILLS
Animal,Dog,Fencing Issues,MANLY WEST
Animal,Attack,Attack On A Person,BRACKEN RIDGE
Animal,Attack,Attack On An Animal,NUDGEE
Animal,Attack,Attack On A Person,ROCHEDALE
Animal,Cat Trapping,,BRACKEN RIDGE
Animal,Cat Trapping,,BRISBANE CITY
Animal,Attack,Menacing,WINDSOR
Animal,Cat Trapping,,BOONDALL
Animal,Dog,,UPPER MOUNT GRAVATT
Animal,Other Animal,Too Many Animals,HOLLAND PARK
Animal,Other Animal,Fox,BURBANK
Animal,Other Animal,Wild Dog,BROOKFIELD
Animal,Other Animal,,BANYO
Animal,Attack,Attack On An Animal,DURACK
Animal,Dog,Fencing Issues,HOLLAND PARK WEST
Animal,Cat,,RIVERHILLS
Animal,Other Animal,,PULLENVALE
Animal,Dog,Fencing Issues,ANSTEAD
Animal,Dog,Fencing Issues,HOLLAND PARK WEST
Animal,Attack,Attack On An Animal,STAFFORD HEIGHTS
Animal,Attack,Attack On An Animal,SUNNYBANK HILLS
Animal,Dog,Fencing Issues,BALD HILLS
Animal,Dog,Fencing Issues,BALD HILLS
Animal,Attack,Attack On A Person,DUTTON PARK
Animal,Dog,Too Many Animals,LOTA
Animal,Other Animal,Nuisance Animal,INALA
Animal,Other Animal,Nuisance Animal,INALA
Animal,Other Animal,Pest / Feral Animal,INALA
Animal,Other Animal,Fencing Issues,INALA
Animal,Dog,Fencing Issues,CANNON HILL
Animal,Attack,,WYNNUM
Animal,Dog,Fencing Issues,CARINA HEIGHTS
Animal,Dog,Defecating In Public,NUNDAH
Animal,Dog,Fencing Issues,TARRAGINDI
Animal,Other Animal,Nuisance Animal,INALA
Animal,Attack,Not An Attack,FOREST LAKE
Animal,Dog,Fencing Issues,NUNDAH
Animal,Attack,Attack On A Person,ANNERLEY
Animal,Other Animal,Deer,OXLEY
Animal,Dog,Fencing Issues,GRACEVILLE
Animal,Other Animal,Deer,PULLENVALE
Animal,Other Animal,Deer,OXLEY
Animal,Other Animal,Deer,BROOKFIELD
Animal,Dog,Unregistered,ACACIA RIDGE
Animal,Dog,Fencing Issues,STAFFORD
Animal,Dog,Fencing Issues,STAFFORD
Animal,Attack,Not An Attack,MOOROOKA
Animal,Attack,Attack On A Person,SUNNYBANK
Animal,Other Animal,Nuisance Animal,ELLEN GROVE
Animal,Cat,,ELLEN GROVE
Animal,Attack,Menacing,THE GAP
Animal,Attack,Attack On An Animal,WILSTON
Animal,Attack,Menacing,STAFFORD HEIGHTS
Animal,Dog,Fencing Issues,CAMP HILL
Animal,Cat Trapping,,TARRAGINDI
Animal,Attack,Attack On An Animal,OXLEY
Animal,Cat Trapping,,ZILLMERE
Animal,Cat,,BALD HILLS
Animal,Attack,Attack On A Person,DARRA
Animal,Other Animal,Nuisance Animal,INALA
Animal,Dog,Fencing Issues,GRACEVILLE
Animal,Other Animal,Too Many Animals,SUNNYBANK HILLS
Animal,Dog,Defecating In Public,BRIGHTON
Animal,Other Animal,Nuisance Animal,WYNNUM WEST
Animal,Dog,Fencing Issues,PALLARA
Animal,Dog,Fencing Issues,WYNNUM
Animal,Dog,Fencing Issues,CARINA HEIGHTS
Animal,Attack,Attack On A Person,GEEBUNG
Animal,Other Animal,Nuisance Animal,MORNINGSIDE
Animal,Cat,,VIRGINIA
Animal,Dog,Fencing Issues,ACACIA RIDGE
Animal,Dog,Fencing Issues,KEPERRA
Animal,Attack,Attack On An Animal,FAIRFIELD
Animal,Dog,Too Many Animals,THE GAP
Animal,Other Animal,Fox,THE GAP
Animal,Attack,Attack On An Animal,OXLEY
Animal,Other Animal,,UPPER BROOKFIELD
Animal,Attack,,ACACIA RIDGE
Animal,Dog,Defecating In Public,BALD HILLS
Animal,Dog,Fencing Issues,THE GAP
Animal,Dog,Too Many Animals,KURABY
Animal,Other Animal,Wild Dog,UPPER BROOKFIELD
Animal,Dog,Fencing Issues,WYNNUM
Animal,Dog,Fencing Issues,HOLLAND PARK
Animal,Dog,Fencing Issues,HOLLAND PARK
Animal,Other Animal,Fox,BURBANK
Animal,Dog,Too Many Animals,TARRAGINDI
Animal,Dog,Fencing Issues,BALD HILLS
Animal,Dog,Odour,MORNINGSIDE
Animal,Other Animal,Nuisance Animal,CAMP HILL
Animal,Attack,Attack On A Person,FAIRFIELD
Animal,Dog,Fencing Issues,BALD HILLS
Animal,Dog,Too Many Animals,ASHGROVE
Animal,Attack,Menacing,WYNNUM
Animal,Dog,Fencing Issues,EVERTON PARK
Animal,Dog,Defecating In Public,PADDINGTON
Animal,Cat,,KEDRON
Animal,Other Animal,,BROOKFIELD
Animal,Dog,Fencing Issues,SPRING HILL
Animal,Dog,Fencing Issues,ALGESTER
Animal,Attack,Attack On An Animal,SUNNYBANK
Animal,Dog,,BARDON
Animal,Dog,Fencing Issues,FITZGIBBON
Animal,Attack,Attack On An Animal,DARRA
Animal,Dog,Fencing Issues,CARINA HEIGHTS
Animal,Attack,Attack On An Animal,NUDGEE
Animal,Dog,Fencing Issues,DARRA
Animal,Dog,Fencing Issues,DARRA
Animal,Dog,Too Many Animals,UPPER KEDRON
Animal,Dog,Fencing Issues,UPPER KEDRON
Animal,Attack,Attack On An Animal,CARINDALE
Animal,Dog,Fencing Issues,INALA
Animal,Attack,Attack On An Animal,CAMP HILL
Animal,Dog,Fencing Issues,UPPER KEDRON
Animal,Dog,Fencing Issues,GREENSLOPES
Animal,Dog,Fencing Issues,INALA
Animal,Attack,Not An Attack,GEEBUNG
Animal,Dog,,WYNNUM
Animal,Cat,,MANLY WEST
Animal,Other Animal,Nuisance Animal,TAIGUM
Animal,Other Animal,Nuisance Animal,ACACIA RIDGE
Animal,Attack,Attack On A Person,WYNNUM
Animal,Dog,Defecating In Public,STRETTON
Animal,Attack,Attack On A Person,CALAMVALE
Animal,Dog,Defecating In Public,MCDOWALL
Animal,Dog,Fencing Issues,SUNNYBANK
Animal,Dog,Fencing Issues,MANLY WEST
Animal,Other Animal,Nuisance Animal,KARANA DOWNS
Animal,Cat Trapping,,FERNY GROVE
Animal,Attack,,CALAMVALE
Animal,Other Animal,Deer,BROOKFIELD
Animal,Dog,Fencing Issues,WYNNUM WEST
Animal,Cat Trapping,,NORTHGATE
Animal,Dog,Fencing Issues,WAVELL HEIGHTS
Animal,Dog,Fencing Issues,WAVELL HEIGHTS
Animal,Dog,Fencing Issues,CARINA HEIGHTS
Animal,Attack,Attack On An Animal,HOLLAND PARK
Animal,Dog,Fencing Issues,SHORNCLIFFE
Animal,Attack,Attack On An Animal,NUDGEE
Animal,Dog,,YERONGA
Animal,Dog,Unregistered,BALD HILLS
Animal,Other Animal,Nuisance Animal,CALAMVALE
Animal,Dog,Fencing Issues,OXLEY
Animal,Attack,Not An Attack,PARKINSON
Animal,Other Animal,Fox,OXLEY
Animal,Cat Trapping,,ASCOT
Animal,Attack,Attack On An Animal,MILTON
Animal,Attack,Attack On An Animal,BRACKEN RIDGE
Animal,Attack,Attack On A Person,CHERMSIDE
Animal,Other Animal,,PULLENVALE
Animal,Attack,Attack On An Animal,WISHART
Animal,Other Animal,Deer,UPPER BROOKFIELD
Animal,Attack,Attack On A Person,KURABY
Animal,Dog,Fencing Issues,OXLEY
Animal,Dog,Too Many Animals,MANLY WEST
Animal,Dog,Too Many Animals,MANLY WEST
Animal,Dog,Too Many Animals,WYNNUM
Animal,Attack,Attack On An Animal,CHAPEL HILL
Animal,Other Animal,,ANSTEAD
Animal,Attack,Attack On An Animal,SUNNYBANK
Animal,Other Animal,Nuisance Animal,BRIGHTON
Animal,Attack,Menacing,WAVELL HEIGHTS
Animal,Other Animal,Fox,BULIMBA
Animal,Other Animal,,RUNCORN
Animal,Attack,Not An Attack,RUNCORN
Animal,Other Animal,,HOLLAND PARK
Animal,Other Animal,Pest / Feral Animal,CALAMVALE
Animal,Dog,Fencing Issues,RED HILL
Animal,Attack,Attack On A Person,INALA
Animal,Dog,Fencing Issues,ASPLEY
Animal,Dog,Defecating In Public,ASPLEY
Animal,Dog,Defecating In Public,ASPLEY
Animal,Other Animal,Nuisance Animal,KEPERRA
Animal,Attack,Attack On An Animal,THE GAP
Animal,Attack,Attack On An Animal,THE GAP
Animal,Attack,,TOOWONG
Animal,Dog,Fencing Issues,HIGHGATE HILL
Animal,Cat Trapping,,BRACKEN RIDGE
Animal,Dog,Fencing Issues,BARDON
Animal,Attack,Not An Attack,ALDERLEY
Animal,Attack,Not An Attack,SANDGATE
Animal,Dog,,ALDERLEY
Animal,Cat Trapping,,CARINDALE
Animal,Cat Trapping,,GEEBUNG
Animal,Attack,Attack On An Animal,CHERMSIDE WEST
Animal,Attack,Attack On A Person,CHERMSIDE
Animal,Attack,Attack On An Animal,INALA
Animal,Other Animal,,KHOLO
Animal,Dog,Too Many Animals,NORTHGATE
Animal,Attack,,EVERTON PARK
Animal,Dog,,BRACKEN RIDGE
Animal,Dog,Unregistered,BRACKEN RIDGE
Animal,Dog,,CALAMVALE
Animal,Other Animal,,RED HILL
Animal,Attack,Attack On An Animal,MOGGILL
Animal,Other Animal,,HEATHWOOD
Animal,Cat Trapping,,NORMAN PARK
Animal,Other Animal,,UPPER BROOKFIELD
Animal,Attack,,NEW FARM
Animal,Attack,,KEPERRA
Animal,Dog,,NORMAN PARK
Animal,Attack,Attack On A Person,WYNNUM WEST
Animal,Attack,Attack On An Animal,DURACK
Animal,Dog,Defecating In Public,WOOLLOONGABBA
Animal,Attack,Attack On An Animal,BRACKEN RIDGE
Animal,Attack,Attack On An Animal,WAVELL HEIGHTS
Animal,Dog,Fencing Issues,DUTTON PARK
Animal,Attack,Not An Attack,PULLENVALE
Animal,Other Animal,Fox,BURBANK
Animal,Dog,Fencing Issues,CARSELDINE
Animal,Cat Trapping,,MOUNT GRAVATT EAST
Animal,Dog,Fencing Issues,BALD HILLS
Animal,Dog,Fencing Issues,SALISBURY
Animal,Other Animal,Fox,KENMORE HILLS
Animal,Dog,Fencing Issues,KEPERRA
Animal,Dog,,BARDON
Animal,Dog,Too Many Animals,MITCHELTON
Animal,Dog,Too Many Animals,MITCHELTON
Animal,Attack,Not An Attack,CHAPEL HILL
Animal,Cat,,ELLEN GROVE
Animal,Dog,Defecating In Public,BOONDALL
Animal,Dog,Fencing Issues,CARINA
Animal,Dog,Fencing Issues,CARINA
Animal,Attack,Attack On An Animal,GRACEVILLE
Animal,Cat,,MORNINGSIDE
Animal,Attack,Attack On A Person,ACACIA RIDGE
Animal,Dog,Fencing Issues,MANLY WEST
Animal,Attack,Not An Attack,MOUNT CROSBY
Animal,Attack,Attack On An Animal,GRACEVILLE
Animal,Attack,Menacing,DARRA
Animal,Attack,Attack On An Animal,CHAPEL HILL
Animal,Attack,Menacing,FERNY GROVE
Animal,Other Animal,Nuisance Animal,OXLEY
Animal,Cat,,ACACIA RIDGE
Animal,Attack,Attack On An Animal,WEST END
Animal,Attack,Not An Attack,BRISBANE CITY
Animal,Cat Trapping,,MCDOWALL
Animal,Other Animal,Nuisance Animal,BRACKEN RIDGE
Animal,Dog,Fencing Issues,CANNON HILL
Animal,Dog,Fencing Issues,STAFFORD
Animal,Attack,Attack On A Person,ELLEN GROVE
Animal,Dog,Fencing Issues,DUTTON PARK
Animal,Other Animal,Fox,BURBANK
Animal,Dog,Fencing Issues,CALAMVALE
Animal,Other Animal,Nuisance Animal,KENMORE
Animal,Attack,Not An Attack,CHELMER
Animal,Other Animal,,PULLENVALE
Animal,Dog,Defecating In Public,EVERTON PARK
Animal,Attack,Not An Attack,BROOKFIELD
Animal,Dog,Fencing Issues,RIVERHILLS
Animal,Cat Trapping,,ALBION
Animal,Dog,Defecating In Public,WYNNUM
Animal,Other Animal,Nuisance Animal,AUCHENFLOWER
Animal,Other Animal,Fox,CARINDALE
Animal,Other Animal,Fox,WAKERLEY
Animal,Cat,,KARANA DOWNS
Animal,Attack,Attack On A Person,WYNNUM
Animal,Cat,,CAMP HILL
Animal,Dog,Too Many Animals,HOLLAND PARK WEST
Animal,Dog,Fencing Issues,CANNON HILL
Animal,Cat Trapping,,SUNNYBANK
Animal,Cat,,INALA
Animal,Cat,,MOOROOKA
Animal,Cat Trapping,,WYNNUM
Animal,Dog,Fencing Issues,ASPLEY
Animal,Attack,Attack On A Person,SUNNYBANK HILLS
Animal,Attack,Menacing,KALINGA
Animal,Cat Trapping,,CALAMVALE
Animal,Attack,Not An Attack,GRACEVILLE
Animal,Attack,Not An Attack,BARDON
Animal,Dog,,WEST END
Animal,Other Animal,Fencing Issues,RED HILL
Animal,Dog,Too Many Animals,BULIMBA
Animal,Dog,Too Many Animals,BULIMBA
Animal,Dog,Too Many Animals,BULIMBA
Animal,Dog,Too Many Animals,BULIMBA
Animal,Dog,Defecating In Public,BULIMBA
Animal,Dog,Defecating In Public,BULIMBA
Animal,Dog,Defecating In Public,BULIMBA
Animal,Dog,Odour,BULIMBA
Animal,Attack,Attack On An Animal,PALLARA
Animal,Attack,Attack On An Animal,FOREST LAKE
Animal,Dog,Defecating In Public,HAMILTON
Animal,Attack,Not An Attack,MOOROOKA
Animal,Dog,Fencing Issues,CANNON HILL
Animal,Other Animal,,KENMORE
Animal,Other Animal,Nuisance Animal,HOLLAND PARK
Animal,Cat,,EVERTON PARK
Animal,Dog,Fencing Issues,BRIDGEMAN DOWNS
Animal,Dog,Defecating In Public,HEMMANT
Animal,Dog,Fencing Issues,BALD HILLS
Animal,Cat Trapping,,UPPER MOUNT GRAVATT
Animal,Attack,Attack On An Animal,STAFFORD HEIGHTS
Animal,Dog,Fencing Issues,BULIMBA
Animal,Other Animal,Nuisance Animal,AUCHENFLOWER
Animal,Attack,Attack On An Animal,FOREST LAKE
Animal,Dog,Fencing Issues,FOREST LAKE
Animal,Dog,Fencing Issues,STAFFORD
Animal,Dog,Fencing Issues,ASCOT
Animal,Cat Trapping,,INALA
Animal,Cat Trapping,,NUNDAH
Animal,Cat Trapping,,BOONDALL
Animal,Dog,Too Many Animals,LOTA
Animal,Attack,Attack On An Animal,WOOLOOWIN
Animal,Attack,Attack On A Person,PADDINGTON
Animal,Dog,Fencing Issues,BALD HILLS
Animal,Attack,Attack On A Person,HEATHWOOD
Animal,Other Animal,Deer,MOUNT OMMANEY
Animal,Dog,Too Many Animals,PADDINGTON
Animal,Other Animal,Deer,KENMORE HILLS
Animal,Cat,,DUTTON PARK
Animal,Dog,Fencing Issues,CHERMSIDE
Animal,Attack,Not An Attack,INALA
Animal,Attack,Not An Attack,BARDON
Animal,Dog,Too Many Animals,MITCHELTON
Animal,Cat Trapping,,UPPER MOUNT GRAVATT
Animal,Dog,Fencing Issues,KARANA DOWNS
Animal,Attack,Not An Attack,PINKENBA
Animal,Attack,Attack On An Animal,PULLENVALE
Animal,Dog,Fencing Issues,PULLENVALE
Animal,Attack,Not An Attack,TINGALPA
Animal,Attack,Attack On An Animal,BOONDALL
Animal,Attack,Menacing,EIGHT MILE PLAINS
Animal,Attack,Attack On An Animal,ACACIA RIDGE
Animal,Dog,Fencing Issues,INALA
Animal,Dog,Fencing Issues,TOOWONG
Animal,Attack,Attack On An Animal,THE GAP
Animal,Attack,Attack On An Animal,BRACKEN RIDGE
Animal,Attack,Not An Attack,STAFFORD
Animal,Attack,Not An Attack,WESTLAKE
Animal,Dog,Fencing Issues,FERNY GROVE
Animal,Cat Trapping,,COORPAROO
Animal,Attack,Attack On An Animal,RIVERHILLS
Animal,Attack,Menacing,STAFFORD
Animal,Dog,Fencing Issues,STAFFORD HEIGHTS
Animal,Dog,Fencing Issues,WYNNUM WEST
Animal,Attack,Attack On An Animal,WEST END
Animal,Dog,Fencing Issues,CHAPEL HILL
Animal,Dog,Fencing Issues,INALA
Animal,Cat Trapping,,COOPERS PLAINS
Animal,Attack,Attack On An Animal,NUNDAH
Animal,Other Animal,Deer,JINDALEE
Animal,Dog,Insufficient Space,CHERMSIDE
Animal,Attack,Attack On A Person,KARANA DOWNS
Animal,Other Animal,,ASHGROVE
Animal,Attack,Attack On A Person,WOOLOOWIN
Animal,Attack,Attack On An Animal,MITCHELTON
Animal,Attack,Not An Attack,ASHGROVE
Animal,Other Animal,Deer,JINDALEE
Animal,Attack,Attack On A Person,RIVERHILLS
Animal,Cat Trapping,,BOONDALL
Animal,Attack,Attack On A Person,UPPER MOUNT GRAVATT
Animal,Other Animal,Fox,MURARRIE
Animal,Dog,Fencing Issues,WOOLLOONGABBA
Animal,Dog,Fencing Issues,TOOWONG
Animal,Attack,Attack On An Animal,WYNNUM
Animal,Other Animal,Odour,EAST BRISBANE
Animal,Other Animal,Odour,EAST BRISBANE
Animal,Attack,Not An Attack,CORINDA
Animal,Attack,Attack On A Person,BRACKEN RIDGE
Animal,Dog,Fencing Issues,MANSFIELD
Animal,Other Animal,Deer,UPPER BROOKFIELD
Animal,Dog,Fencing Issues,PALLARA
Animal,Dog,Fencing Issues,BRIDGEMAN DOWNS
Animal,Dog,Fencing Issues,BRIDGEMAN DOWNS
Animal,Dog,Unregistered,BRIDGEMAN DOWNS
Animal,Dog,Fencing Issues,BRIDGEMAN DOWNS
Animal,Attack,Attack On An Animal,PARKINSON
Animal,Cat,,ST LUCIA
Animal,Dog,Fencing Issues,BELLBOWRIE
Animal,Dog,Too Many Animals,BRACKEN RIDGE
Animal,Dog,Fencing Issues,WYNNUM
Animal,Dog,Fencing Issues,NORTHGATE
Animal,Dog,Fencing Issues,WYNNUM WEST
Animal,Dog,Unregistered,JINDALEE
Animal,Dog,Fencing Issues,WYNNUM WEST
Animal,Cat Trapping,,KARANA DOWNS
Animal,Other Animal,,MOUNT CROSBY
Animal,Dog,Unregistered,KEPERRA
Animal,Dog,Too Many Animals,JAMBOREE HEIGHTS
Animal,Dog,Fencing Issues,SPRING HILL
Animal,Attack,Attack On A Person,MOUNT OMMANEY
Animal,Dog,,SANDGATE
Animal,Other Animal,Nuisance Animal,SUNNYBANK HILLS
Animal,Dog,Fencing Issues,UPPER MOUNT GRAVATT
Animal,Dog,Too Many Animals,KEDRON
Animal,Other Animal,Nuisance Animal,DURACK
Animal,Other Animal,Fox,HOLLAND PARK WEST
Animal,Dog,Defecating In Public,KURABY
Animal,Dog,Fencing Issues,BARDON
Animal,Dog,Too Many Animals,UPPER MOUNT GRAVATT
Animal,Attack,Not An Attack,BARDON
Animal,Other Animal,Fox,MOUNT COOT-THA
Animal,Cat Trapping,,BROOKFIELD
Animal,Attack,Attack On An Animal,ASHGROVE
Animal,Other Animal,Fox,PINJARRA HILLS
Animal,Cat Trapping,,ARCHERFIELD
Animal,Dog,Too Many Animals,UPPER MOUNT GRAVATT
Animal,Attack,Attack On An Animal,UPPER MOUNT GRAVATT
Animal,Dog,Fencing Issues,ROCKLEA
Animal,Dog,Fencing Issues,CARINA HEIGHTS
Animal,Dog,Defecating In Public,MOUNT COOT-THA
Animal,Attack,Attack On A Person,MOUNT GRAVATT EAST
Animal,Dog,Fencing Issues,TARRAGINDI
Animal,Dog,Fencing Issues,MANSFIELD
Animal,Attack,Attack On An Animal,BARDON
Animal,Dog,,SANDGATE
Animal,Dog,Fencing Issues,WEST END
Animal,Attack,Attack On An Animal,ANSTEAD
Animal,Attack,Attack On An Animal,WAKERLEY
Animal,Attack,Attack On An Animal,ARCHERFIELD
Animal,Cat Trapping,,KEDRON
Animal,Attack,Attack On An Animal,WYNNUM
Animal,Attack,Not An Attack,KARANA DOWNS
Animal,Dog,Fencing Issues,ACACIA RIDGE
Animal,Attack,Attack On A Person,ASHGROVE
Animal,Dog,Fencing Issues,BRACKEN RIDGE
Animal,Dog,Fencing Issues,ENOGGERA
Animal,Other Animal,Pest / Feral Animal,CHAPEL HILL
Animal,Dog,Fencing Issues,HOLLAND PARK
Animal,Cat Trapping,,UPPER MOUNT GRAVATT
Animal,Attack,Attack On An Animal,BALD HILLS
Animal,Other Animal,Fox,MOOROOKA
Animal,Other Animal,Nuisance Animal,INALA
Animal,Attack,Menacing,BRACKEN RIDGE
Animal,Dog,Defecating In Public,ANSTEAD
Animal,Attack,Attack On An Animal,ZILLMERE
Animal,Dog,Fencing Issues,EVERTON PARK
Animal,Attack,Attack On A Person,KEDRON
Animal,Cat,,MOUNT GRAVATT
Animal,Attack,Not An Attack,COORPAROO
Animal,Attack,Menacing,ASHGROVE
Animal,Attack,Attack On An Animal,UPPER MOUNT GRAVATT
Animal,Attack,Attack On A Person,CHELMER
Animal,Attack,Attack On A Person,NEWSTEAD
Animal,Other Animal,Nuisance Animal,BRACKEN RIDGE
Animal,Other Animal,Rabbit,INALA
Animal,Dog,Fencing Issues,SANDGATE
Animal,Dog,Too Many Animals,SANDGATE
Animal,Dog,Fencing Issues,UPPER KEDRON
Animal,Attack,Attack On A Person,WINDSOR
Animal,Dog,Fencing Issues,INALA
Animal,Cat,,MOOROOKA
Animal,Attack,Menacing,MOOROOKA
Animal,Other Animal,Rabbit,HERSTON
Animal,Attack,Attack On An Animal,THE GAP
Animal,Other Animal,Deer,JINDALEE
Animal,Other Animal,Odour,HIGHGATE HILL
Animal,Other Animal,Fox,UPPER KEDRON
Animal,Dog,Defecating In Public,NEW FARM
Animal,Dog,Fencing Issues,KENMORE
Animal,Attack,Attack On An Animal,HEMMANT
Animal,Attack,Attack On A Person,MACGREGOR
Animal,Attack,Attack On A Person,CARINA HEIGHTS
Animal,Dog,Fencing Issues,STAFFORD HEIGHTS
Animal,Attack,Attack On A Person,CARINA HEIGHTS
Animal,Dog,Fencing Issues,SANDGATE
Animal,Dog,Fencing Issues,MITCHELTON
Animal,Dog,Fencing Issues,MCDOWALL
Animal,Attack,Menacing,BRACKEN RIDGE
Animal,Dog,Too Many Animals,SALISBURY
Animal,Dog,Too Many Animals,SALISBURY
Animal,Dog,Too Many Animals,SALISBURY
Animal,Dog,Fencing Issues,MOUNT COOT-THA
Animal,Attack,Attack On An Animal,NEW FARM
Animal,Dog,Fencing Issues,FOREST LAKE
Animal,Cat Trapping,,TINGALPA
Animal,Dog,Unregistered,EVERTON PARK
Animal,Dog,Too Many Animals,CHERMSIDE
Animal,Attack,Attack On A Person,NEW FARM
Animal,Attack,Attack On An Animal,NUNDAH
Animal,Dog,Fencing Issues,TARRAGINDI
Animal,Attack,Attack On An Animal,ELLEN GROVE
Animal,Dog,Defecating In Public,WOOLOOWIN
Animal,Dog,Fencing Issues,CAMP HILL
Animal,Other Animal,Fox,MOUNT GRAVATT EAST
Animal,Attack,Attack On An Animal,WYNNUM
Animal,Attack,Not An Attack,WACOL
Animal,Attack,Attack On A Person,ALDERLEY
Animal,Attack,Menacing,STAFFORD HEIGHTS
Animal,Attack,Attack On An Animal,ROBERTSON
Animal,Dog,Fencing Issues,OXLEY
Animal,Dog,Fencing Issues,ACACIA RIDGE
Animal,Dog,Fencing Issues,INDOOROOPILLY
Animal,Dog,Fencing Issues,INDOOROOPILLY
Animal,Dog,Fencing Issues,MITCHELTON
Animal,Dog,Fencing Issues,HOLLAND PARK
Animal,Dog,Unregistered,INALA
Animal,Dog,Fencing Issues,INALA
Animal,Cat Trapping,,RUNCORN
Animal,Dog,Defecating In Public,CARINA
Animal,Other Animal,Fox,CHANDLER
Animal,Dog,Fencing Issues,YERONGA
Animal,Dog,Fencing Issues,INALA
Animal,Other Animal,Too Many Animals,DARRA
Animal,Attack,,PULLENVALE
Animal,Attack,Attack On A Person,HAWTHORNE
Animal,Dog,Defecating In Public,FOREST LAKE
Animal,Attack,,ALDERLEY
Animal,Other Animal,,MCDOWALL
Animal,Dog,,MOOROOKA
Animal,Dog,Fencing Issues,BRIGHTON
Animal,Dog,,STAFFORD HEIGHTS
Animal,Cat Trapping,,MOOROOKA
Animal,Dog,Fencing Issues,DARRA
Animal,Dog,Fencing Issues,COOPERS PLAINS
Animal,Cat Trapping,,CARINDALE
Animal,Attack,Attack On An Animal,WYNNUM
Animal,Dog,Fencing Issues,JINDALEE
Animal,Dog,Fencing Issues,WACOL
Animal,Dog,Fencing Issues,MITCHELTON
Animal,Dog,Fencing Issues,WOOLLOONGABBA
Animal,Dog,Too Many Animals,HEMMANT
Animal,Cat,,NEW FARM
Animal,Cat Trapping,,THE GAP
Animal,Attack,Not An Attack,OXLEY
Animal,Dog,Defecating In Public,ASPLEY
Animal,Cat Trapping,,UPPER BROOKFIELD
Animal,Dog,Fencing Issues,THE GAP
Animal,Attack,Attack On An Animal,HENDRA
Animal,Dog,Fencing Issues,WINDSOR
Animal,Dog,Fencing Issues,WINDSOR
Animal,Cat Trapping,,ROBERTSON
Animal,Other Animal,Fox,MOUNT CROSBY
Animal,Attack,Menacing,FITZGIBBON
Animal,Dog,Fencing Issues,HIGHGATE HILL
Animal,Cat,,NUDGEE
Animal,Other Animal,Fox,WACOL
Animal,Dog,Fencing Issues,INALA
Animal,Dog,Defecating In Public,HAMILTON
Animal,Attack,Menacing,TAIGUM
Animal,Dog,Fencing Issues,BRIDGEMAN DOWNS
Animal,Attack,Attack On A Person,INALA
Animal,Attack,Menacing,GREENSLOPES
Animal,Dog,Fencing Issues,HIGHGATE HILL
Animal,Dog,Fencing Issues,HIGHGATE HILL
Animal,Dog,Fencing Issues,HIGHGATE HILL
Animal,Attack,Attack On An Animal,FOREST LAKE
Animal,Attack,Not An Attack,MANLY WEST
Animal,Other Animal,Odour,EAST BRISBANE
Animal,Dog,Fencing Issues,TOOWONG
Animal,Dog,Fencing Issues,CAMP HILL
Animal,Cat Trapping,,SEVEN HILLS
Animal,Attack,Attack On An Animal,GREENSLOPES
Animal,Dog,Too Many Animals,SANDGATE
Animal,Other Animal,Too Many Animals,KEPERRA
Animal,Cat Trapping,,WYNNUM WEST
Animal,Cat Trapping,,WYNNUM WEST
Animal,Attack,Menacing,FITZGIBBON
Animal,Cat Trapping,,STAFFORD HEIGHTS
Animal,Other Animal,Pest / Feral Animal,RUNCORN
Animal,Dog,Fencing Issues,FIG TREE POCKET
Animal,Attack,,BARDON
Animal,Dog,Fencing Issues,EIGHT MILE PLAINS
Animal,Attack,,HEATHWOOD
Animal,Dog,Fencing Issues,DARRA
Animal,Attack,Attack On A Person,BOONDALL
Animal,Dog,Fencing Issues,SANDGATE
Animal,Dog,Too Many Animals,DARRA
Animal,Dog,Too Many Animals,NEW FARM
Animal,Other Animal,Fox,KHOLO
Animal,Dog,,GRANGE
Animal,Dog,Fencing Issues,DEAGON
Animal,Dog,Fencing Issues,INALA
Animal,Dog,Fencing Issues,INALA
Animal,Attack,Attack On A Person,SEVENTEEN MILE ROCKS
Animal,Attack,Attack On A Person,HIGHGATE HILL
Animal,Attack,Attack On An Animal,WYNNUM
Animal,Dog,Too Many Animals,LOTA
Animal,Dog,Fencing Issues,WYNNUM
Animal,Dog,Fencing Issues,ASHGROVE
Animal,Attack,Attack On A Person,ELLEN GROVE
Animal,Dog,Fencing Issues,PULLENVALE
Animal,Other Animal,Fencing Issues,WYNNUM
Animal,Attack,,FERNY GROVE
Animal,Attack,Attack On An Animal,HOLLAND PARK WEST
Animal,Other Animal,Too Many Animals,GREENSLOPES
Animal,Dog,Fencing Issues,WAVELL HEIGHTS
Animal,Dog,Fencing Issues,WAVELL HEIGHTS
Animal,Dog,Fencing Issues,HOLLAND PARK WEST
Animal,Dog,Fencing Issues,WAVELL HEIGHTS
Animal,Attack,Attack On An Animal,UPPER MOUNT GRAVATT
Animal,Other Animal,,BROOKFIELD
Animal,Attack,Attack On A Person,WISHART
Animal,Dog,Fencing Issues,WYNNUM
Animal,Other Animal,Nuisance Animal,WINDSOR
Animal,Dog,Fencing Issues,BRISBANE CITY
Animal,Dog,Fencing Issues,HOLLAND PARK WEST
Animal,Attack,Attack On An Animal,WYNNUM
Animal,Attack,Attack On A Person,CAMP HILL
Animal,Other Animal,Pest / Feral Animal,BOONDALL
Animal,Dog,Fencing Issues,CHAPEL HILL
Animal,Dog,Fencing Issues,INALA
Animal,Attack,Attack On An Animal,WESTLAKE
Animal,Attack,Attack On An Animal,WESTLAKE
Animal,Dog,Unregistered,MOOROOKA
Animal,Dog,Defecating In Public,WAVELL HEIGHTS
Animal,Dog,Fencing Issues,ROCKLEA
Animal,Dog,Fencing Issues,STAFFORD
Animal,Attack,Attack On An Animal,CHERMSIDE
Animal,Dog,Fencing Issues,KURABY
Animal,Other Animal,Fencing Issues,FOREST LAKE
Animal,Cat Trapping,,ST LUCIA
Animal,Attack,Attack On A Person,KENMORE
Animal,Dog,Fencing Issues,KEPERRA
Animal,Dog,Fencing Issues,TOOWONG
Animal,Attack,Not An Attack,KEPERRA
Animal,Attack,Attack On An Animal,WESTLAKE
Animal,Dog,Too Many Animals,LOTA
Animal,Dog,Too Many Animals,LOTA
Animal,Dog,Too Many Animals,LOTA
Animal,Dog,Defecating In Public,RIVERHILLS
Animal,Attack,Menacing,ZILLMERE
Animal,Dog,Odour,ENOGGERA
Animal,Dog,Odour,ENOGGERA
Animal,Dog,Odour,ENOGGERA
Animal,Attack,,FIG TREE POCKET
Animal,Attack,Attack On An Animal,BANYO
Animal,Other Animal,Nuisance Animal,WINDSOR
Animal,Other Animal,Nuisance Animal,BANYO
Animal,Other Animal,Pest / Feral Animal,FOREST LAKE
Animal,Dog,Fencing Issues,FIG TREE POCKET
Animal,Dog,Unregistered,BALD HILLS
Animal,Dog,Unregistered,BALD HILLS
Animal,Dog,Unregistered,BALD HILLS
Animal,Dog,Unregistered,BALD HILLS
Animal,Dog,Fencing Issues,TOOWONG
Animal,Attack,Not An Attack,ROCKLEA
Animal,Dog,Fencing Issues,FIG TREE POCKET
Animal,Dog,,WESTLAKE
Animal,Dog,Fencing Issues,WYNNUM
Animal,Cat Trapping,,ALGESTER
Animal,Attack,Not An Attack,UPPER MOUNT GRAVATT
Animal,Dog,Fencing Issues,MIDDLE PARK
Animal,Dog,Fencing Issues,BRIGHTON
Animal,Dog,Too Many Animals,MANLY WEST
Animal,Attack,Menacing,MILTON
Animal,Dog,,EIGHT MILE PLAINS
Animal,Other Animal,Nuisance Animal,TAIGUM
Animal,Dog,Too Many Animals,NEWSTEAD
Animal,Other Animal,Wild Dog,PULLENVALE
Animal,Dog,,WINDSOR
Animal,Dog,Fencing Issues,WINDSOR
Animal,Attack,Menacing,SANDGATE
Animal,Attack,Attack On A Person,NUNDAH
