Category: Nature,Category: Type,Category: Reporting Level,Location: Suburb
Animal,Attack,Attack On A Person,MANSFIELD
Animal,Dog,Fencing Issues,MANLY WEST
Animal,Dog,Fencing Issues,DARRA
Animal,Attack,Attack On An Animal,BRACKEN RIDGE
Animal,Cat Trapping,,PARKINSON
Animal,Dog,Fencing Issues,COORPAROO
Animal,Other Animal,Fox,MANLY
Animal,Other Animal,Odour,MACGREGOR
Animal,Dog,Fencing Issues,INDOOROOPILLY
Animal,Dog,Fencing Issues,MANLY WEST
Animal,Other Animal,Fox,WILLAWONG
Animal,Attack,Attack On An Animal,CORINDA
Animal,Attack,Attack On A Person,CARINA
Animal,Dog,Unregistered,BRIGHTON
Animal,Dog,Fencing Issues,TARRAGINDI
Animal,Cat Trapping,,ALGESTER
Animal,Other Animal,Fox,STRETTON
Animal,Attack,Attack On An Animal,BALD HILLS
Animal,Other Animal,Deer,UPPER BROOKFIELD
Animal,Dog,Insufficient Space,GORDON PARK
Animal,Dog,Insufficient Space,GORDON PARK
Animal,Attack,Attack On An Animal,COORPAROO
Animal,Other Animal,Fox,KHOLO
Animal,Other Animal,Fencing Issues,WILLAWONG
Animal,Attack,Not An Attack,THE GAP
Animal,Dog,Fencing Issues,KENMORE
Animal,Dog,Fencing Issues,KENMORE
Animal,Dog,Fencing Issues,BULIMBA
Animal,Dog,Fencing Issues,WAVELL HEIGHTS
Animal,Dog,Fencing Issues,CANNON HILL
Animal,Dog,Defecating In Public,STRETTON
Animal,Dog,Too Many Animals,BOONDALL
Animal,Attack,Attack On An Animal,WOOLOOWIN
Animal,Dog,Fencing Issues,DURACK
Animal,Attack,Not An Attack,GRACEVILLE
Animal,Other Animal,Fencing Issues,SUNNYBANK
Animal,Cat Trapping,,STAFFORD
Animal,Dog,Fencing Issues,SUNNYBANK
Animal,Dog,Fencing Issues,ZILLMERE
Animal,Dog,Fencing Issues,KARANA DOWNS
Animal,Dog,,STAFFORD HEIGHTS
Animal,Dog,Fencing Issues,EIGHT MILE PLAINS
Animal,Dog,Fencing Issues,NEWMARKET
Animal,Dog,Fencing Issues,STAFFORD
Animal,Cat Trapping,,INALA
Animal,Dog,Too Many Animals,LOTA
Animal,Dog,Too Many Animals,LOTA
Animal,Dog,Fencing Issues,BRACKEN RIDGE
Animal,Dog,Fencing Issues,SALISBURY
Animal,Dog,Fencing Issues,WILSTON
Animal,Dog,Fencing Issues,KEDRON
Animal,Attack,Attack On An Animal,TINGALPA
Animal,Attack,Not An Attack,NEW FARM
Animal,Attack,Attack On A Person,WEST END
Animal,Cat Trapping,,CARSELDINE
Animal,Other Animal,Deer,MOUNT OMMANEY
Animal,Other Animal,Feral Cat,STAFFORD HEIGHTS
Animal,Dog,Odour,UPPER MOUNT GRAVATT
Animal,Attack,Not An Attack,WYNNUM
Animal,Dog,Fencing Issues,ELLEN GROVE
Animal,Attack,Attack On An Animal,CHERMSIDE WEST
Animal,Attack,Menacing,MOUNT GRAVATT EAST
Animal,Attack,Attack On An Animal,TARRAGINDI
Animal,Cat Trapping,,MIDDLE PARK
Animal,Attack,Attack On An Animal,RUNCORN
Animal,Attack,Attack On An Animal,RUNCORN
Animal,Attack,Not An Attack,FOREST LAKE
Animal,Dog,Too Many Animals,RUNCORN
Animal,Other Animal,Fencing Issues,TENNYSON
Animal,Cat,,WISHART
Animal,Cat,,INDOOROOPILLY
Animal,Other Animal,Nuisance Animal,WOOLOOWIN
Animal,Attack,Not An Attack,DURACK
Animal,Dog,Fencing Issues,TOOWONG
Animal,Dog,Fencing Issues,MACKENZIE
Animal,Attack,Attack On An Animal,MOGGILL
Animal,Dog,Too Many Animals,FAIRFIELD
Animal,Dog,Odour,SUNNYBANK
Animal,Cat,,MOUNT GRAVATT EAST
Animal,Dog,Fencing Issues,KEPERRA
Animal,Dog,Odour,CHERMSIDE
Animal,Cat Trapping,,FOREST LAKE
Animal,Dog,Fencing Issues,COORPAROO
Animal,Other Animal,Fox,ANSTEAD
Animal,Cat,,SUNNYBANK HILLS
Animal,Attack,Not An Attack,WYNNUM
Animal,Dog,Fencing Issues,DARRA
Animal,Other Animal,Nuisance Animal,HOLLAND PARK WEST
Animal,Dog,Fencing Issues,ZILLMERE
Animal,Dog,Fencing Issues,LOTA
Animal,Dog,Too Many Animals,LOTA
Animal,Attack,Attack On An Animal,TARINGA
Animal,Cat Trapping,,BRACKEN RIDGE
Animal,Other Animal,Fox,MOGGILL
Animal,Dog,Fencing Issues,KEPERRA
Animal,Attack,Attack On A Person,MANLY WEST
Animal,Attack,Not An Attack,BOWEN HILLS
Animal,Other Animal,Deer,PULLENVALE
Animal,Attack,Not An Attack,SPRING HILL
Animal,Cat,,MANLY WEST
Animal,Attack,,INDOOROOPILLY
Animal,Attack,Attack On An Animal,ASHGROVE
Animal,Attack,Menacing,STAFFORD
Animal,Attack,Attack On A Person,BRIGHTON
Animal,Attack,Attack On A Person,CANNON HILL
Animal,Dog,Fencing Issues,PARKINSON
Animal,Attack,Attack On An Animal,CHERMSIDE
Animal,Attack,Attack On An Animal,BOONDALL
Animal,Dog,Fencing Issues,RUNCORN
Animal,Attack,Attack On An Animal,ZILLMERE
Animal,Attack,Attack On An Animal,SEVEN HILLS
Animal,Attack,Not An Attack,STRETTON
Animal,Dog,Fencing Issues,TOOWONG
Animal,Attack,Attack On An Animal,COOPERS PLAINS
Animal,Attack,Attack On A Person,CARINDALE
Animal,Other Animal,Fox,MACGREGOR
Animal,Dog,Fencing Issues,CHERMSIDE
Animal,Attack,Attack On A Person,TINGALPA
Animal,Dog,Fencing Issues,TINGALPA
Animal,Attack,Attack On An Animal,CHAPEL HILL
Animal,Attack,Attack On A Person,ACACIA RIDGE
Animal,Attack,Attack On An Animal,CHELMER
Animal,Attack,Attack On An Animal,MACGREGOR
Animal,Dog,Unregistered,COORPAROO
Animal,Attack,Attack On An Animal,GORDON PARK
Animal,Dog,Fencing Issues,INALA
Animal,Cat Trapping,,LOTA
Animal,Attack,Not An Attack,BROOKFIELD
Animal,Dog,Fencing Issues,ANNERLEY
Animal,Attack,Attack On A Person,FIG TREE POCKET
Animal,Dog,Fencing Issues,STAFFORD
Animal,Attack,Not An Attack,EIGHT MILE PLAINS
Animal,Attack,Menacing,CALAMVALE
Animal,Attack,Menacing,WYNNUM
Animal,Dog,Fencing Issues,STAFFORD HEIGHTS
Animal,Dog,Fencing Issues,COOPERS PLAINS
Animal,Dog,Fencing Issues,MOUNT GRAVATT EAST
Animal,Attack,Attack On An Animal,SALISBURY
Animal,Dog,Too Many Animals,SINNAMON PARK
Animal,Dog,Unregistered,GORDON PARK
Animal,Dog,Fencing Issues,BULIMBA
Animal,Attack,Attack On An Animal,SHERWOOD
Animal,Attack,Attack On A Person,CARINDALE
Animal,Other Animal,Nuisance Animal,ACACIA RIDGE
Animal,Attack,Attack On An Animal,WEST END
Animal,Cat,,NEWMARKET
Animal,Attack,Attack On An Animal,MOUNT GRAVATT EAST
Animal,Dog,Fencing Issues,CORINDA
Animal,Attack,Attack On A Person,STAFFORD HEIGHTS
Animal,Other Animal,Fencing Issues,PULLENVALE
Animal,Other Animal,Nuisance Animal,MACGREGOR
Animal,Dog,Fencing Issues,INALA
Animal,Attack,Menacing,MORNINGSIDE
Animal,Other Animal,Odour,BRIGHTON
Animal,Cat,,STAFFORD
Animal,Dog,Fencing Issues,STAFFORD HEIGHTS
Animal,Other Animal,Fox,PULLENVALE
Animal,Dog,Defecating In Public,NEW FARM
Animal,Dog,Fencing Issues,NORMAN PARK
Animal,Dog,Fencing Issues,ACACIA RIDGE
Animal,Dog,Fencing Issues,WYNNUM
Animal,Dog,Too Many Animals,NORTHGATE
Animal,Dog,Fencing Issues,CARINA
Animal,Attack,Menacing,CARINA
Animal,Attack,Attack On An Animal,PALLARA
Animal,Attack,Attack On A Person,ASHGROVE
Animal,Attack,Menacing,MANLY WEST
Animal,Attack,Attack On An Animal,MITCHELTON
Animal,Dog,Defecating In Public,ASPLEY
Animal,Attack,Menacing,MIDDLE PARK
Animal,Cat,,BRIGHTON
Animal,Dog,Fencing Issues,WAVELL HEIGHTS
Animal,Attack,Attack On An Animal,UPPER MOUNT GRAVATT
Animal,Dog,Fencing Issues,CARSELDINE
Animal,Attack,Menacing,CARINA
Animal,Dog,Fencing Issues,GREENSLOPES
Animal,Attack,Attack On An Animal,DURACK
Animal,Attack,Attack On A Person,LOTA
Animal,Cat Trapping,,COOPERS PLAINS
Animal,Dog,Fencing Issues,CARINA
Animal,Dog,Fencing Issues,PULLENVALE
Animal,Other Animal,Nuisance Animal,SANDGATE
Animal,Dog,Fencing Issues,NUDGEE
Animal,Other Animal,Fox,CARINDALE
Animal,Cat Trapping,,MANLY WEST
Animal,Cat,,SANDGATE
Animal,Attack,Attack On A Person,KANGAROO POINT
Animal,Cat Trapping,,SUNNYBANK
Animal,Cat Trapping,,WYNNUM
Animal,Attack,Attack On A Person,BELLBOWRIE
Animal,Dog,Fencing Issues,PALLARA
Animal,Other Animal,Deer,WILLAWONG
Animal,Dog,Defecating In Public,WILSTON
Animal,Other Animal,Fox,KARANA DOWNS
Animal,Dog,Fencing Issues,TARRAGINDI
Animal,Dog,Fencing Issues,NEW FARM
Animal,Dog,Odour,STRETTON
Animal,Cat Trapping,,KENMORE
Animal,Attack,Menacing,LOTA
Animal,Dog,Too Many Animals,DURACK
Animal,Dog,Too Many Animals,BRIGHTON
Animal,Cat Trapping,,OXLEY
Animal,Dog,Too Many Animals,INALA
Animal,Dog,Fencing Issues,INDOOROOPILLY
Animal,Attack,Attack On A Person,GREENSLOPES
Animal,Dog,Fencing Issues,NEW FARM
Animal,Dog,Fencing Issues,MOGGILL
Animal,Dog,Fencing Issues,DURACK
Animal,Dog,Fencing Issues,ZILLMERE
Animal,Dog,Fencing Issues,ZILLMERE
Animal,Attack,Attack On An Animal,UPPER KEDRON
Animal,Cat,,ELLEN GROVE
Animal,Attack,Attack On An Animal,KEPERRA
Animal,Dog,Fencing Issues,DOOLANDELLA
Animal,Attack,Attack On A Person,PALLARA
Animal,Attack,Attack On An Animal,BRIDGEMAN DOWNS
Animal,Dog,Defecating In Public,CARINDALE
Animal,Attack,Attack On A Person,BULIMBA
Animal,Attack,Attack On An Animal,MOOROOKA
Animal,Attack,Not An Attack,NEW FARM
Animal,Attack,Attack On An Animal,KHOLO
Animal,Attack,Menacing,NORTHGATE
Animal,Dog,,GRACEVILLE
Animal,Dog,Fencing Issues,TOOWONG
Animal,Other Animal,Odour,SUNNYBANK
Animal,Attack,Attack On An Animal,WAVELL HEIGHTS
Animal,Attack,Not An Attack,ENOGGERA
Animal,Attack,Attack On A Person,ANNERLEY
Animal,Other Animal,Too Many Animals,ACACIA RIDGE
Animal,Cat Trapping,,NORTHGATE
Animal,Dog,Odour,MOOROOKA
Animal,Attack,Attack On An Animal,ZILLMERE
Animal,Attack,Attack On An Animal,CARINA HEIGHTS
Animal,Attack,Attack On A Person,ANNERLEY
Animal,Attack,Attack On A Person,BRIGHTON
Animal,Dog,Too Many Animals,ACACIA RIDGE
Animal,Dog,Fencing Issues,STAFFORD
Animal,Dog,Fencing Issues,ACACIA RIDGE
Animal,Dog,Fencing Issues,CALAMVALE
Animal,Other Animal,Wild Dog,UPPER BROOKFIELD
Animal,Attack,Attack On A Person,WACOL
Animal,Attack,Attack On An Animal,MITCHELTON
Animal,Dog,Fencing Issues,KEPERRA
Animal,Dog,Fencing Issues,CHERMSIDE WEST
Animal,Dog,Fencing Issues,WINDSOR
Animal,Dog,Fencing Issues,ELLEN GROVE
Animal,Dog,Fencing Issues,SANDGATE
Animal,Dog,Fencing Issues,SANDGATE
Animal,Other Animal,Fox,FERNY GROVE
Animal,Dog,Fencing Issues,ASCOT
Animal,Attack,Attack On A Person,HAMILTON
Animal,Cat,,BOONDALL
Animal,Attack,Attack On A Person,BALD HILLS
Animal,Other Animal,Pest / Feral Animal,ZILLMERE
Animal,Attack,Attack On An Animal,BRACKEN RIDGE
Animal,Dog,Fencing Issues,BANYO
Animal,Dog,Fencing Issues,INALA
Animal,Dog,Fencing Issues,CARSELDINE
Animal,Attack,Attack On An Animal,ALDERLEY
Animal,Cat Trapping,,OXLEY
Animal,Cat,,DREWVALE
Animal,Other Animal,Fencing Issues,PINJARRA HILLS
Animal,Dog,Fencing Issues,MANSFIELD
Animal,Attack,Not An Attack,FOREST LAKE
Animal,Attack,Menacing,WYNNUM WEST
Animal,Attack,Menacing,HOLLAND PARK WEST
Animal,Dog,Fencing Issues,BARDON
Animal,Other Animal,Deer,BROOKFIELD
Animal,Dog,Fencing Issues,ANSTEAD
Animal,Attack,Attack On A Person,KALINGA
Animal,Attack,Attack On An Animal,BRACKEN RIDGE
Animal,Dog,Fencing Issues,CARINA
Animal,Dog,Fencing Issues,CARINA
Animal,Other Animal,Defecating In Public,WILLAWONG
Animal,Cat Trapping,,INALA
Animal,Cat Trapping,,WYNNUM
Animal,Attack,Attack On An Animal,HAMILTON
Animal,Attack,Attack On An Animal,WYNNUM
Animal,Dog,Fencing Issues,STAFFORD HEIGHTS
Animal,Other Animal,Fox,GUMDALE
Animal,Dog,Defecating In Public,NUDGEE BEACH
Animal,Attack,Attack On A Person,NORTHGATE
Animal,Attack,Menacing,CHERMSIDE
Animal,Dog,Fencing Issues,TOOWONG
Animal,Cat Trapping,,MORNINGSIDE
Animal,Dog,Fencing Issues,DARRA
Animal,Dog,Fencing Issues,DURACK
Animal,Dog,Fencing Issues,DURACK
Animal,Attack,Not An Attack,TOOWONG
Animal,Other Animal,Nuisance Animal,WAVELL HEIGHTS
Animal,Attack,Attack On An Animal,MACKENZIE
Animal,Other Animal,Nuisance Animal,FOREST LAKE
Animal,Other Animal,Odour,ASPLEY
Animal,Dog,Unregistered,WAKERLEY
Animal,Dog,Fencing Issues,SUNNYBANK HILLS
Animal,Dog,Defecating In Public,BOONDALL
Animal,Cat Trapping,,ACACIA RIDGE
Animal,Dog,Fencing Issues,CHERMSIDE
Animal,Attack,Attack On A Person,CLAYFIELD
Animal,Dog,Defecating In Public,BARDON
Animal,Cat,,RUNCORN
Animal,Other Animal,Deer,PULLENVALE
Animal,Attack,Attack On An Animal,GORDON PARK
Animal,Cat,,GREENSLOPES
Animal,Attack,Attack On An Animal,WYNNUM
Animal,Dog,Fencing Issues,BARDON
Animal,Dog,Unregistered,YERONGA
Animal,Cat Trapping,,ST LUCIA
Animal,Attack,Attack On An Animal,AUCHENFLOWER
Animal,Attack,Not An Attack,MANLY WEST
Animal,Dog,Fencing Issues,DUTTON PARK
Animal,Attack,Attack On A Person,ANSTEAD
Animal,Attack,Attack On An Animal,ZILLMERE
Animal,Attack,,TARINGA
Animal,Dog,Fencing Issues,ELLEN GROVE
Animal,Dog,Too Many Animals,ELLEN GROVE
Animal,Cat,,DEAGON
Animal,Dog,Fencing Issues,DURACK
Animal,Dog,Fencing Issues,SEVENTEEN MILE ROCKS
Animal,Attack,Attack On A Person,ROCKLEA
Animal,Attack,Attack On An Animal,OXLEY
Animal,Attack,Attack On A Person,MOOROOKA
Animal,Cat Trapping,,KEPERRA
Animal,Attack,Attack On A Person,MIDDLE PARK
Animal,Dog,Defecating In Public,EVERTON PARK
Animal,Attack,Menacing,HOLLAND PARK
Animal,Dog,Fencing Issues,SANDGATE
Animal,Other Animal,Nuisance Animal,CANNON HILL
Animal,Other Animal,Nuisance Animal,BRACKEN RIDGE
Animal,Attack,Attack On An Animal,KARANA DOWNS
Animal,Dog,Defecating In Public,ASCOT
Animal,Cat,,INDOOROOPILLY
Animal,Attack,Attack On An Animal,ANSTEAD
Animal,Dog,Too Many Animals,TINGALPA
Animal,Dog,Fencing Issues,INALA
Animal,Cat Trapping,,SALISBURY
Animal,Attack,Attack On An Animal,STAFFORD HEIGHTS
Animal,Attack,Attack On An Animal,CARINA
Animal,Dog,Too Many Animals,BRACKEN RIDGE
Animal,Attack,Attack On An Animal,COORPAROO
Animal,Dog,Defecating In Public,CARINDALE
Animal,Dog,Fencing Issues,INALA
Animal,Attack,Attack On An Animal,KALINGA
Animal,Dog,Fencing Issues,BELMONT
Animal,Dog,Fencing Issues,WYNNUM
Animal,Attack,Menacing,HOLLAND PARK
Animal,Other Animal,Fox,PULLENVALE
Animal,Attack,Attack On An Animal,PULLENVALE
Animal,Dog,Defecating In Public,NUDGEE BEACH
Animal,Cat,,CLAYFIELD
Animal,Cat,,MCDOWALL
Animal,Dog,Fencing Issues,CHERMSIDE
Animal,Attack,Attack On An Animal,ZILLMERE
Animal,Attack,Attack On An Animal,OXLEY
Animal,Dog,Fencing Issues,KARANA DOWNS
Animal,Other Animal,Fox,GUMDALE
Animal,Other Animal,Nuisance Animal,WEST END
Animal,Other Animal,Fox,EIGHT MILE PLAINS
Animal,Dog,Fencing Issues,STAFFORD HEIGHTS
Animal,Dog,Fencing Issues,STAFFORD HEIGHTS
Animal,Attack,Dangerous,GRANGE
Animal,Cat,,STAFFORD HEIGHTS
Animal,Attack,Attack On A Person,CAMP HILL
Animal,Attack,Attack On A Person,ASPLEY
Animal,Dog,Fencing Issues,BRIGHTON
Animal,Attack,Attack On An Animal,STAFFORD
Animal,Dog,Unregistered,ALGESTER
Animal,Attack,Attack On An Animal,INALA
Animal,Attack,Attack On An Animal,WOOLOOWIN
Animal,Other Animal,Rabbit,KEDRON
Animal,Other Animal,Nuisance Animal,FOREST LAKE
Animal,Attack,Attack On An Animal,GRACEVILLE
Animal,Cat Trapping,,BARDON
Animal,Other Animal,Pest / Feral Animal,CARINA HEIGHTS
Animal,Cat Trapping,,LOTA
Animal,Cat Trapping,,GRANGE
Animal,Cat Trapping,,LOTA
Animal,Attack,Attack On A Person,KEDRON
Animal,Dog,Unregistered,INALA
Animal,Dog,Fencing Issues,UPPER MOUNT GRAVATT
Animal,Attack,Not An Attack,DEAGON
Animal,Attack,,NUNDAH
Animal,Other Animal,Deer,JINDALEE
Animal,Attack,Attack On A Person,HAWTHORNE
Animal,Dog,Fencing Issues,DURACK
Animal,Cat,,RUNCORN
Animal,Attack,Menacing,TINGALPA
Animal,Dog,Fencing Issues,WOOLLOONGABBA
Animal,Attack,Not An Attack,BOONDALL
Animal,Dog,Fencing Issues,ELLEN GROVE
Animal,Dog,Unregistered,FOREST LAKE
Animal,Dog,Unregistered,STAFFORD
Animal,Attack,Not An Attack,DURACK
Animal,Dog,Fencing Issues,BRIDGEMAN DOWNS
Animal,Other Animal,Nuisance Animal,PARKINSON
Animal,Attack,Not An Attack,BULIMBA
Animal,Dog,Fencing Issues,EAST BRISBANE
Animal,Attack,Attack On A Person,BOONDALL
Animal,Attack,Not An Attack,MANLY WEST
Animal,Attack,Attack On A Person,BANYO
Animal,Other Animal,Fox,NUDGEE BEACH
Animal,Cat Trapping,,NEWMARKET
Animal,Attack,Attack On A Person,HAMILTON
Animal,Other Animal,Nuisance Animal,INALA
Animal,Attack,Menacing,WINDSOR
Animal,Attack,Attack On An Animal,DUTTON PARK
Animal,Attack,Attack On An Animal,NUDGEE
Animal,Attack,Attack On A Person,KARANA DOWNS
Animal,Attack,Attack On An Animal,ACACIA RIDGE
Animal,Dog,Unregistered,HENDRA
Animal,Dog,Fencing Issues,WYNNUM
Animal,Attack,Attack On An Animal,KEPERRA
Animal,Attack,Attack On An Animal,YERONGA
Animal,Dog,Defecating In Public,STRETTON
Animal,Dog,Fencing Issues,MIDDLE PARK
Animal,Other Animal,Fox,MOUNT CROSBY
Animal,Attack,Attack On An Animal,MACGREGOR
Animal,Dog,Fencing Issues,KEPERRA
Animal,Dog,Unregistered,ELLEN GROVE
Animal,Other Animal,Fox,PULLENVALE
Animal,Dog,Fencing Issues,PALLARA
Animal,Dog,Defecating In Public,SUNNYBANK
Animal,Attack,Menacing,WYNNUM
Animal,Dog,Fencing Issues,WYNNUM
Animal,Attack,Not An Attack,CARINA
Animal,Cat Trapping,,MOUNT GRAVATT
Animal,Dog,Unregistered,MOOROOKA
Animal,Cat,,BRISBANE CITY
Animal,Attack,Not An Attack,HENDRA
Animal,Other Animal,Fox,MOOROOKA
Animal,Other Animal,Fox,MOOROOKA
Animal,Dog,Fencing Issues,UPPER MOUNT GRAVATT
Animal,Attack,Attack On A Person,TARRAGINDI
Animal,Dog,Fencing Issues,ACACIA RIDGE
Animal,Dog,Defecating In Public,YERONGA
Animal,Dog,Fencing Issues,HEMMANT
Animal,Attack,Attack On An Animal,FITZGIBBON
Animal,Attack,Attack On An Animal,HERSTON
Animal,Attack,Menacing,NUNDAH
Animal,Dog,Fencing Issues,CHERMSIDE WEST
Animal,Dog,Fencing Issues,MOGGILL
Animal,Dog,Fencing Issues,KARANA DOWNS
Animal,Cat Trapping,,BRIGHTON
Animal,Dog,Fencing Issues,KARANA DOWNS
Animal,Other Animal,Pest / Feral Animal,KURABY
Animal,Attack,Attack On An Animal,GORDON PARK
Animal,Dog,Fencing Issues,NEW FARM
Animal,Dog,Fencing Issues,BRACKEN RIDGE
Animal,Dog,Unregistered,CALAMVALE
Animal,Cat Trapping,,SEVENTEEN MILE ROCKS
Animal,Cat Trapping,,INALA
Animal,Dog,Fencing Issues,HENDRA
Animal,Dog,Fencing Issues,BALMORAL
Animal,Dog,Defecating In Public,FORTITUDE VALLEY
Animal,Cat Trapping,,WINDSOR
Animal,Attack,Attack On An Animal,FITZGIBBON
Animal,Dog,Unregistered,WOOLLOONGABBA
Animal,Attack,,NEW FARM
Animal,Dog,Unregistered,
Animal,Attack,Attack On An Animal,COORPAROO
Animal,Dog,Unregistered,MITCHELTON
Animal,Attack,Menacing,ACACIA RIDGE
Animal,Attack,Attack On A Person,CHAPEL HILL
Animal,Attack,Attack On An Animal,NUDGEE
Animal,Dog,Fencing Issues,HAMILTON
Animal,Other Animal,,RED HILL
Animal,Dog,Odour,OXLEY
Animal,Cat Trapping,,COOPERS PLAINS
Animal,Dog,Defecating In Public,RED HILL
Animal,Attack,Menacing,CAMP HILL
Animal,Dog,Fencing Issues,CALAMVALE
Animal,Attack,Attack On An Animal,CHERMSIDE WEST
Animal,Dog,Defecating In Public,WEST END
Animal,Attack,Not An Attack,OXLEY
Animal,Cat,,MOOROOKA
Animal,Cat Trapping,,WILLAWONG
Animal,Cat,,EIGHT MILE PLAINS
Animal,Cat,,WYNNUM WEST
Animal,Attack,Attack On An Animal,KEPERRA
Animal,Attack,Attack On A Person,SUNNYBANK HILLS
Animal,Attack,Attack On An Animal,BRACKEN RIDGE
Animal,Attack,Attack On An Animal,THE GAP
Animal,Attack,Attack On A Person,BRACKEN RIDGE
Animal,Attack,Not An Attack,MANLY WEST
Animal,Cat Trapping,,GEEBUNG
Animal,Other Animal,Nuisance Animal,VIRGINIA
Animal,Attack,Attack On A Person,LOTA
Animal,Cat Trapping,,BRIGHTON
Animal,Attack,Menacing,BRACKEN RIDGE
Animal,Dog,Fencing Issues,NORTHGATE
Animal,Cat Trapping,,SUNNYBANK
Animal,Attack,Attack On An Animal,KEPERRA
Animal,Dog,Fencing Issues,HENDRA
Animal,Dog,Fencing Issues,RICHLANDS
Animal,Attack,Attack On A Person,BRISBANE CITY
Animal,Attack,Attack On A Person,MACGREGOR
Animal,Attack,Attack On An Animal,TINGALPA
Animal,Cat Trapping,,WYNNUM
Animal,Attack,Menacing,CARINA
Animal,Dog,Fencing Issues,MANLY WEST
Animal,Dog,Fencing Issues,MANLY WEST
Animal,Other Animal,Rabbit,BANYO
Animal,Dog,Fencing Issues,PALLARA
Animal,Dog,Fencing Issues,PALLARA
Animal,Other Animal,Fox,BELLBOWRIE
Animal,Dog,Fencing Issues,INALA
Animal,Dog,Too Many Animals,PINJARRA HILLS
Animal,Dog,Too Many Animals,ROBERTSON
Animal,Dog,Fencing Issues,SALISBURY
Animal,Attack,Attack On A Person,CLAYFIELD
Animal,Dog,Unregistered,DEAGON
Animal,Cat Trapping,,SALISBURY
Animal,Dog,Fencing Issues,CARSELDINE
Animal,Attack,Attack On An Animal,RED HILL
Animal,Attack,Attack On An Animal,TARRAGINDI
Animal,Dog,Fencing Issues,COORPAROO
Animal,Dog,Fencing Issues,NEW FARM
Animal,Attack,Not An Attack,EVERTON PARK
Animal,Attack,Not An Attack,MACGREGOR
Animal,Dog,Fencing Issues,SEVEN HILLS
Animal,Dog,Fencing Issues,SEVEN HILLS
Animal,Dog,Fencing Issues,SEVEN HILLS
Animal,Dog,Fencing Issues,CARINA
Animal,Attack,Not An Attack,DARRA
Animal,Attack,Attack On A Person,GRACEVILLE
Animal,Attack,Attack On An Animal,KEPERRA
Animal,Attack,Attack On An Animal,MACGREGOR
Animal,Attack,Attack On A Person,BRACKEN RIDGE
Animal,Dog,Defecating In Public,BROOKFIELD
Animal,Dog,Odour,BULIMBA
Animal,Cat Trapping,,DOOLANDELLA
Animal,Dog,Fencing Issues,BOONDALL
Animal,Attack,Attack On A Person,NUDGEE BEACH
Animal,Dog,Defecating In Public,DEAGON
Animal,Cat Trapping,,INALA
Animal,Dog,Fencing Issues,WYNNUM WEST
Animal,Other Animal,Fox,THE GAP
Animal,Dog,Too Many Animals,ACACIA RIDGE
Animal,Dog,Fencing Issues,ARCHERFIELD
Animal,Dog,Fencing Issues,ASPLEY
Animal,Dog,Fencing Issues,WYNNUM WEST
Animal,Cat Trapping,,EAST BRISBANE
Animal,Other Animal,Fencing Issues,NORMAN PARK
Animal,Other Animal,Odour,INALA
Animal,Dog,Fencing Issues,WYNNUM WEST
Animal,Attack,Attack On A Person,BROOKFIELD
Animal,Attack,Not An Attack,NUDGEE
Animal,Dog,Fencing Issues,CALAMVALE
Animal,Dog,Fencing Issues,CANNON HILL
Animal,Attack,Attack On An Animal,EIGHT MILE PLAINS
Animal,Other Animal,,RUNCORN
Animal,Dog,Fencing Issues,WYNNUM WEST
Animal,Dog,Defecating In Public,TOOWONG
Animal,Dog,Unregistered,NORMAN PARK
Animal,Other Animal,Nuisance Animal,BALD HILLS
Animal,Attack,Not An Attack,CARINDALE
Animal,Attack,Attack On A Person,MOOROOKA
Animal,Attack,Attack On A Person,PARKINSON
Animal,Dog,Fencing Issues,CARSELDINE
Animal,Dog,Fencing Issues,MANSFIELD
Animal,Other Animal,Odour,KARANA DOWNS
Animal,Cat Trapping,,SUNNYBANK
Animal,Attack,Attack On A Person,INALA
Animal,Cat Trapping,,DARRA
Animal,Dog,Fencing Issues,STAFFORD
Animal,Dog,Fencing Issues,KEDRON
Animal,Dog,Fencing Issues,CARINDALE
Animal,Attack,Menacing,WOOLLOONGABBA
Animal,Attack,Attack On A Person,EAST BRISBANE
Animal,Cat Trapping,,INALA
Animal,Attack,Attack On An Animal,NEW FARM
Animal,Other Animal,Nuisance Animal,INALA
Animal,Dog,Fencing Issues,CARINDALE
Animal,Other Animal,Fox,BELMONT
Animal,Cat,,BOONDALL
Animal,Dog,Fencing Issues,CALAMVALE
Animal,Cat,,DURACK
Animal,Dog,Fencing Issues,MANLY WEST
Animal,Dog,Too Many Animals,PINJARRA HILLS
Animal,Attack,Attack On A Person,MANSFIELD
Animal,Dog,Fencing Issues,STAFFORD
Animal,Cat Trapping,,KHOLO
Animal,Dog,Fencing Issues,SUNNYBANK
Animal,Dog,Fencing Issues,SUNNYBANK
Animal,Other Animal,Defecating In Public,PULLENVALE
Animal,Dog,Fencing Issues,MANSFIELD
Animal,Cat,,WYNNUM
Animal,Attack,Attack On An Animal,ANNERLEY
Animal,Attack,Attack On An Animal,WYNNUM
Animal,Cat Trapping,,MITCHELTON
Animal,Cat Trapping,,SUNNYBANK
Animal,Attack,Attack On A Person,KENMORE
Animal,Other Animal,Too Many Animals,SEVENTEEN MILE ROCKS
Animal,Dog,Fencing Issues,CARINA
Animal,Attack,Not An Attack,YERONGA
Animal,Dog,Fencing Issues,EIGHT MILE PLAINS
Animal,Cat Trapping,,OXLEY
Animal,Dog,Fencing Issues,SINNAMON PARK
Animal,Cat,,INDOOROOPILLY
Animal,Attack,Attack On An Animal,MURARRIE
Animal,Attack,Not An Attack,TARRAGINDI
Animal,Dog,Fencing Issues,BRIGHTON
Animal,Dog,Fencing Issues,BANYO
Animal,Other Animal,Deer,WILLAWONG
Animal,Attack,Not An Attack,MOUNT COOT-THA
Animal,Dog,Fencing Issues,BANYO
Animal,Attack,Attack On An Animal,WYNNUM
Animal,Dog,Fencing Issues,CARINDALE
Animal,Attack,Attack On A Person,INALA
Animal,Cat Trapping,,CORINDA
Animal,Other Animal,Fox,CORINDA
Animal,Attack,Not An Attack,COORPAROO
Animal,Dog,Fencing Issues,BARDON
Animal,Cat Trapping,,WYNNUM
Animal,Attack,Attack On An Animal,MORNINGSIDE
Animal,Attack,Attack On An Animal,EIGHT MILE PLAINS
Animal,Other Animal,Pest / Feral Animal,WAKERLEY
Animal,Attack,Not An Attack,GRANGE
Animal,Attack,Attack On A Person,CHERMSIDE
Animal,Dog,Unregistered,MANSFIELD
Animal,Dog,Defecating In Public,WEST END
Animal,Other Animal,Fox,ANSTEAD
Animal,Dog,Defecating In Public,GREENSLOPES
Animal,Other Animal,Nuisance Animal,CARINA HEIGHTS
Animal,Cat,,COORPAROO
Animal,Attack,Attack On A Person,ANNERLEY
Animal,Attack,Attack On A Person,ASPLEY
Animal,Cat Trapping,,ELLEN GROVE
Animal,Attack,Attack On An Animal,NUNDAH
Animal,Attack,Attack On An Animal,BULIMBA
Animal,Attack,Attack On An Animal,RUNCORN
Animal,Other Animal,Fencing Issues,NORTHGATE
Animal,Attack,Not An Attack,ROBERTSON
Animal,Dog,Fencing Issues,BOONDALL
Animal,Dog,Fencing Issues,BOONDALL
Animal,Dog,Odour,COOPERS PLAINS
Animal,Attack,Attack On A Person,FOREST LAKE
Animal,Attack,Attack On An Animal,DURACK
Animal,Dog,Fencing Issues,INALA
Animal,Attack,Attack On An Animal,GREENSLOPES
Animal,Dog,Fencing Issues,GEEBUNG
Animal,Dog,Fencing Issues,HEATHWOOD
Animal,Cat Trapping,,NORMAN PARK
Animal,Cat Trapping,,ST LUCIA
Animal,Attack,Attack On An Animal,ASHGROVE
Animal,Dog,Fencing Issues,KENMORE
Animal,Other Animal,Too Many Animals,BULIMBA
Animal,Dog,Fencing Issues,RUNCORN
Animal,Dog,Fencing Issues,STAFFORD
Animal,Cat,,FOREST LAKE
Animal,Cat,,WAVELL HEIGHTS
Animal,Cat,,WAVELL HEIGHTS
Animal,Other Animal,Nuisance Animal,ASPLEY
Animal,Dog,Fencing Issues,VIRGINIA
Animal,Attack,Attack On An Animal,FOREST LAKE
Animal,Dog,Fencing Issues,ANSTEAD
Animal,Other Animal,Fox,GUMDALE
Animal,Attack,Menacing,TAIGUM
Animal,Cat Trapping,,MANSFIELD
Animal,Other Animal,Fox,TARINGA
Animal,Attack,Attack On An Animal,KURABY
Animal,Other Animal,Fox,SEVENTEEN MILE ROCKS
Animal,Dog,Fencing Issues,NEWMARKET
Animal,Attack,Menacing,KOORINGAL
Animal,Attack,Attack On An Animal,FOREST LAKE
Animal,Cat Trapping,,UPPER MOUNT GRAVATT
Animal,Dog,Fencing Issues,HOLLAND PARK
Animal,Dog,Fencing Issues,GRACEVILLE
Animal,Dog,Fencing Issues,CARSELDINE
Animal,Dog,Defecating In Public,WILSTON
Animal,Dog,Unregistered,WYNNUM
Animal,Dog,Fencing Issues,ACACIA RIDGE
Animal,Cat,,KEDRON
Animal,Attack,Attack On An Animal,TARRAGINDI
Animal,Attack,Attack On An Animal,TARINGA
Animal,Dog,Fencing Issues,DURACK
Animal,Dog,Defecating In Public,SUNNYBANK
Animal,Dog,Defecating In Public,NEWSTEAD
Animal,Other Animal,Nuisance Animal,HOLLAND PARK WEST
Animal,Dog,Fencing Issues,GAYTHORNE
Animal,Attack,Attack On An Animal,RUNCORN
Animal,Attack,Menacing,WAKERLEY
Animal,Attack,Attack On An Animal,BULIMBA
Animal,Attack,Attack On An Animal,DURACK
Animal,Dog,Fencing Issues,INALA
Animal,Attack,Attack On A Person,ASHGROVE
Animal,Attack,Menacing,WYNNUM
Animal,Other Animal,Fox,ANSTEAD
Animal,Attack,Not An Attack,WAKERLEY
Animal,Attack,Attack On A Person,STAFFORD
Animal,Attack,Not An Attack,NUNDAH
Animal,Cat Trapping,,RUNCORN
Animal,Other Animal,Deer,ANSTEAD
Animal,Attack,Attack On An Animal,BANYO
Animal,Attack,Menacing,DURACK
Animal,Dog,Too Many Animals,CHELMER
Animal,Dog,Fencing Issues,CHANDLER
Animal,Dog,Fencing Issues,KEPERRA
Animal,Attack,Attack On An Animal,ZILLMERE
Animal,Attack,Menacing,BALD HILLS
Animal,Dog,Fencing Issues,BRIGHTON
Animal,Other Animal,Fox,MACKENZIE
Animal,Attack,Not An Attack,THE GAP
Animal,Attack,Attack On An Animal,BRIGHTON
Animal,Attack,Attack On A Person,ELLEN GROVE
Animal,Dog,Fencing Issues,MANLY WEST
Animal,Dog,Defecating In Public,CHAPEL HILL
Animal,Attack,Not An Attack,FERNY GROVE
Animal,Dog,Unregistered,JINDALEE
Animal,Attack,Not An Attack,GRANGE
Animal,Attack,Attack On An Animal,UPPER MOUNT GRAVATT
Animal,Cat Trapping,,MACGREGOR
Animal,Attack,Attack On An Animal,KENMORE
Animal,Attack,Attack On A Person,STAFFORD HEIGHTS
Animal,Dog,Unregistered,NEWMARKET
Animal,Attack,Attack On An Animal,HAMILTON
Animal,Attack,Attack On A Person,BRIGHTON
Animal,Cat Trapping,,EIGHT MILE PLAINS
Animal,Cat Trapping,,GEEBUNG
Animal,Other Animal,Nuisance Animal,ASPLEY
Animal,Dog,Odour,DARRA
Animal,Cat Trapping,,CALAMVALE
Animal,Other Animal,Nuisance Animal,SUNNYBANK HILLS
Animal,Attack,Attack On An Animal,DURACK
Animal,Attack,Attack On An Animal,WEST END
Animal,Cat,,MORNINGSIDE
Animal,Dog,Fencing Issues,CALAMVALE
Animal,Attack,Not An Attack,ZILLMERE
Animal,Dog,Odour,HENDRA
Animal,Attack,Not An Attack,FOREST LAKE
Animal,Dog,Fencing Issues,DARRA
Animal,Attack,Attack On A Person,INALA
Animal,Other Animal,Nuisance Animal,CHERMSIDE
Animal,Other Animal,Nuisance Animal,CHERMSIDE
Animal,Other Animal,Unregistered,SANDGATE
Animal,Dog,Odour,CHERMSIDE
Animal,Dog,Fencing Issues,DARRA
Animal,Attack,Attack On A Person,WISHART
Animal,Dog,Defecating In Public,MILTON
Animal,Attack,Attack On A Person,MOOROOKA
Animal,Dog,Fencing Issues,CALAMVALE
Animal,Attack,Menacing,CARINA
Animal,Cat,,BOONDALL
Animal,Dog,Fencing Issues,WOOLOOWIN
Animal,Attack,Not An Attack,FOREST LAKE
Animal,Attack,Attack On An Animal,FOREST LAKE
Animal,Cat,,CARINA HEIGHTS
Animal,Cat Trapping,,TINGALPA
Animal,Attack,Not An Attack,NUDGEE BEACH
Animal,Dog,Fencing Issues,ACACIA RIDGE
Animal,Other Animal,Nuisance Animal,KENMORE
Animal,Cat Trapping,,NEW FARM
Animal,Attack,Attack On An Animal,BRACKEN RIDGE
Animal,Dog,Too Many Animals,MANSFIELD
Animal,Dog,Fencing Issues,INALA
Animal,Other Animal,Fox,SEVEN HILLS
Animal,Cat Trapping,,SINNAMON PARK
Animal,Dog,Defecating In Public,TAIGUM
Animal,Other Animal,Fox,MOUNT OMMANEY
Animal,Attack,Menacing,STAFFORD
Animal,Other Animal,Nuisance Animal,WISHART
Animal,Attack,Attack On An Animal,ACACIA RIDGE
Animal,Attack,Attack On An Animal,INDOOROOPILLY
Animal,Dog,Fencing Issues,AUCHENFLOWER
Animal,Attack,,SHERWOOD
Animal,Dog,Fencing Issues,ACACIA RIDGE
Animal,Attack,Attack On An Animal,WYNNUM WEST
Animal,Dog,Fencing Issues,THE GAP
Animal,Dog,Defecating In Public,TOOWONG
Animal,Dog,Defecating In Public,TOOWONG
Animal,Attack,Not An Attack,COORPAROO
Animal,Dog,Fencing Issues,CHERMSIDE
Animal,Cat,,BULIMBA
Animal,Attack,Menacing,HERSTON
Animal,Other Animal,Fox,KHOLO
Animal,Dog,Fencing Issues,MOUNT GRAVATT EAST
Animal,Dog,Too Many Animals,ACACIA RIDGE
Animal,Attack,Attack On An Animal,DURACK
Animal,Attack,Attack On An Animal,TAIGUM
Animal,Attack,Not An Attack,DOOLANDELLA
Animal,Attack,Menacing,KEDRON
Animal,Cat Trapping,,SUNNYBANK
Animal,Dog,Fencing Issues,BRACKEN RIDGE
Animal,Dog,Unregistered,RUNCORN
Animal,Dog,Fencing Issues,KEDRON
Animal,Dog,Defecating In Public,CALAMVALE
Animal,Attack,Attack On A Person,MANLY WEST
Animal,Attack,Menacing,MORNINGSIDE
Animal,Dog,Fencing Issues,HAWTHORNE
Animal,Dog,Fencing Issues,BRACKEN RIDGE
Animal,Other Animal,Insufficient Space,MACKENZIE
Animal,Cat Trapping,,MITCHELTON
Animal,Dog,Fencing Issues,CALAMVALE
Animal,Dog,Fencing Issues,SALISBURY
Animal,Attack,Attack On An Animal,STAFFORD
Animal,Other Animal,Nuisance Animal,CAMP HILL
Animal,Dog,Fencing Issues,WAVELL HEIGHTS
Animal,Attack,Attack On An Animal,SANDGATE
Animal,Dog,Fencing Issues,HOLLAND PARK
Animal,Dog,Too Many Animals,WOOLLOONGABBA
Animal,Attack,Menacing,BRACKEN RIDGE
Animal,Dog,Defecating In Public,SUNNYBANK
Animal,Dog,Defecating In Public,FOREST LAKE
Animal,Dog,Defecating In Public,TOOWONG
Animal,Other Animal,Nuisance Animal,NUDGEE
Animal,Attack,Attack On A Person,WISHART
Animal,Dog,Fencing Issues,COORPAROO
Animal,Dog,Fencing Issues,BOONDALL
Animal,Attack,Attack On An Animal,EIGHT MILE PLAINS
Animal,Attack,Attack On An Animal,DEAGON
Animal,Dog,Fencing Issues,BRACKEN RIDGE
Animal,Attack,Attack On An Animal,MOGGILL
Animal,Dog,Defecating In Public,KENMORE HILLS
Animal,Dog,Fencing Issues,MORNINGSIDE
Animal,Dog,Fencing Issues,CAMP HILL
Animal,Cat,,WYNNUM
Animal,Attack,Attack On A Person,DURACK
Animal,Dog,Fencing Issues,GRANGE
Animal,Other Animal,Rabbit,RED HILL
Animal,Attack,Attack On An Animal,HENDRA
Animal,Dog,Defecating In Public,PADDINGTON
Animal,Cat,,EIGHT MILE PLAINS
Animal,Attack,Not An Attack,ANSTEAD
Animal,Attack,Attack On An Animal,ZILLMERE
Animal,Other Animal,Fox,KENMORE
Animal,Dog,Fencing Issues,ZILLMERE
Animal,Attack,Attack On A Person,BRACKEN RIDGE
Animal,Other Animal,Nuisance Animal,HOLLAND PARK
Animal,Attack,Attack On A Person,NATHAN
Animal,Dog,Fencing Issues,ZILLMERE
Animal,Cat Trapping,,MOUNT GRAVATT
Animal,Dog,Fencing Issues,KURABY
Animal,Attack,Attack On An Animal,ASHGROVE
Animal,Cat Trapping,,INALA
Animal,Other Animal,Nuisance Animal,INALA
Animal,Other Animal,Nuisance Animal,INALA
Animal,Attack,Attack On An Animal,DURACK
Animal,Dog,Too Many Animals,HOLLAND PARK WEST
Animal,Dog,Odour,CORINDA
Animal,Attack,Attack On An Animal,WAVELL HEIGHTS
Animal,Cat Trapping,,SUNNYBANK
Animal,Cat Trapping,,SUNNYBANK
Animal,Dog,Fencing Issues,UPPER KEDRON
Animal,Dog,Defecating In Public,KEPERRA
Animal,Attack,Attack On An Animal,NEW FARM
Animal,Attack,Attack On A Person,CLAYFIELD
Animal,Dog,Fencing Issues,PALLARA
Animal,Attack,Attack On A Person,NEWMARKET
Animal,Attack,Attack On An Animal,BELLBOWRIE
Animal,Attack,Attack On An Animal,CHANDLER
Animal,Attack,Not An Attack,CALAMVALE
Animal,Dog,Fencing Issues,HEMMANT
Animal,Dog,Defecating In Public,CARSELDINE
Animal,Cat Trapping,,WYNNUM
Animal,Dog,Fencing Issues,DURACK
Animal,Cat Trapping,,DARRA
Animal,Attack,Attack On An Animal,CAMP HILL
Animal,Dog,Fencing Issues,KALINGA
Animal,Dog,Defecating In Public,TOOWONG
Animal,Dog,Fencing Issues,ASCOT
Animal,Other Animal,Fox,ANSTEAD
Animal,Dog,Defecating In Public,CARINDALE
Animal,Dog,Fencing Issues,WACOL
Animal,Dog,Too Many Animals,BURBANK
Animal,Dog,Fencing Issues,BRIGHTON
Animal,Other Animal,Pest / Feral Animal,PARKINSON
Animal,Cat Trapping,,NORMAN PARK
Animal,Dog,Fencing Issues,KEPERRA
Animal,Attack,Attack On An Animal,KARANA DOWNS
Animal,Attack,Attack On An Animal,STAFFORD
Animal,Cat,,PARKINSON
Animal,Dog,Fencing Issues,VIRGINIA
Animal,Dog,Fencing Issues,CHERMSIDE WEST
Animal,Attack,Attack On A Person,CANNON HILL
Animal,Attack,Attack On An Animal,THE GAP
Animal,Attack,Attack On An Animal,CHERMSIDE
Animal,Dog,Defecating In Public,ASHGROVE
Animal,Cat Trapping,,MOUNT GRAVATT EAST
Animal,Dog,Defecating In Public,HENDRA
Animal,Other Animal,Wild Dog,UPPER BROOKFIELD
Animal,Other Animal,Fencing Issues,PULLENVALE
Animal,Attack,Attack On An Animal,FERNY GROVE
Animal,Dog,Fencing Issues,GRACEVILLE
Animal,Attack,Attack On A Person,SUNNYBANK HILLS
Animal,Dog,Fencing Issues,INALA
Animal,Attack,Attack On An Animal,GRACEVILLE
Animal,Attack,Attack On An Animal,SALISBURY
Animal,Dog,Too Many Animals,BRACKEN RIDGE
Animal,Dog,Fencing Issues,DARRA
Animal,Other Animal,Too Many Animals,ACACIA RIDGE
Animal,Dog,Fencing Issues,MOUNT GRAVATT EAST
Animal,Attack,Attack On An Animal,TINGALPA
Animal,Attack,Attack On A Person,LOTA
Animal,Cat,,SANDGATE
Animal,Dog,Defecating In Public,UPPER KEDRON
Animal,Attack,Attack On A Person,CALAMVALE
Animal,Attack,Attack On An Animal,NEWSTEAD
Animal,Other Animal,Nuisance Animal,SUNNYBANK
Animal,Attack,Not An Attack,NEWMARKET
Animal,Dog,Too Many Animals,MANLY WEST
Animal,Other Animal,,INALA
Animal,Dog,Too Many Animals,ASCOT
Animal,Dog,Fencing Issues,ASCOT
Animal,Dog,Fencing Issues,GEEBUNG
Animal,Dog,Defecating In Public,CARSELDINE
Animal,Attack,Attack On A Person,SUNNYBANK HILLS
Animal,Cat Trapping,,RED HILL
Animal,Dog,,KEPERRA
Animal,Attack,Attack On A Person,MOOROOKA
Animal,Other Animal,Rabbit,PORT OF BRISBANE
Animal,Dog,Fencing Issues,BROOKFIELD
Animal,Dog,Fencing Issues,COOPERS PLAINS
Animal,Dog,Fencing Issues,MURARRIE
Animal,Dog,Too Many Animals,MURARRIE
Animal,Attack,Attack On A Person,INALA
Animal,Dog,Fencing Issues,MANSFIELD
Animal,Cat Trapping,,MANLY WEST
Animal,Cat Trapping,,ANSTEAD
Animal,Attack,Attack On An Animal,ACACIA RIDGE
Animal,Dog,Fencing Issues,CALAMVALE
Animal,Dog,Fencing Issues,CARINA
Animal,Attack,Attack On An Animal,WAKERLEY
Animal,Attack,Attack On An Animal,MACGREGOR
Animal,Attack,Not An Attack,ENOGGERA
Animal,Attack,Attack On A Person,GRANGE
Animal,Cat Trapping,,BALD HILLS
Animal,Dog,Fencing Issues,WAKERLEY
Animal,Dog,Fencing Issues,PARKINSON
Animal,Attack,Menacing,BRIGHTON
Animal,Cat Trapping,,WYNNUM
Animal,Dog,Fencing Issues,THE GAP
Animal,Dog,Fencing Issues,WYNNUM WEST
Animal,Cat Trapping,,WOOLLOONGABBA
Animal,Dog,Fencing Issues,MANLY WEST
Animal,Attack,Menacing,PARKINSON
Animal,Attack,Menacing,CARINDALE
Animal,Dog,Fencing Issues,DARRA
Animal,Cat Trapping,,WYNNUM
Animal,Dog,Defecating In Public,ASPLEY
Animal,Dog,Defecating In Public,GAYTHORNE
Animal,Attack,Attack On A Person,WYNNUM WEST
Animal,Other Animal,Nuisance Animal,CARSELDINE
Animal,Attack,Not An Attack,INALA
Animal,Attack,Attack On A Person,NEWMARKET
Animal,Attack,Attack On An Animal,COORPAROO
Animal,Dog,Odour,UPPER MOUNT GRAVATT
Animal,Dog,Odour,UPPER MOUNT GRAVATT
Animal,Dog,Defecating In Public,TOOWONG
Animal,Other Animal,Fox,DOOLANDELLA
Animal,Other Animal,Fox,BOONDALL
Animal,Dog,Unregistered,WYNNUM WEST
Animal,Dog,Unregistered,WYNNUM WEST
Animal,Dog,Fencing Issues,ASCOT
Animal,Dog,Fencing Issues,ASCOT
Animal,Dog,Fencing Issues,YEERONGPILLY
Animal,Dog,Fencing Issues,STAFFORD
Animal,Dog,Fencing Issues,SANDGATE
Animal,Dog,Defecating In Public,NEW FARM
Animal,Dog,Fencing Issues,ALGESTER
Animal,Attack,Attack On A Person,ALGESTER
Animal,Dog,Fencing Issues,BURBANK
Animal,Dog,Fencing Issues,BURBANK
Animal,Cat,,INDOOROOPILLY
Animal,Attack,Attack On An Animal,WILSTON
Animal,Cat Trapping,,MITCHELTON
Animal,Other Animal,Nuisance Animal,ROCHEDALE
Animal,Attack,Menacing,CHERMSIDE WEST
Animal,Dog,Too Many Animals,WOOLLOONGABBA
Animal,Dog,Fencing Issues,KARANA DOWNS
Animal,Cat Trapping,,INALA
Animal,Cat Trapping,,PARKINSON
Animal,Dog,Fencing Issues,
Animal,Attack,Attack On A Person,KEDRON
Animal,Dog,Odour,MORNINGSIDE
Animal,Cat Trapping,,WYNNUM
Animal,Dog,Defecating In Public,WOOLOOWIN
Animal,Cat Trapping,,WYNNUM WEST
Animal,Attack,Menacing,STAFFORD
Animal,Attack,Attack On An Animal,BOONDALL
Animal,Dog,Fencing Issues,DURACK
Animal,Cat Trapping,,SUNNYBANK
Animal,Dog,Fencing Issues,BANYO
Animal,Cat Trapping,,WYNNUM WEST
Animal,Dog,Fencing Issues,RUNCORN
Animal,Dog,Fencing Issues,EVERTON PARK
Animal,Attack,Attack On An Animal,WACOL
Animal,Dog,Fencing Issues,SANDGATE
Animal,Cat Trapping,,WYNNUM
Animal,Dog,Fencing Issues,WAKERLEY
Animal,Attack,Attack On A Person,TARRAGINDI
Animal,Cat,,CHAPEL HILL
Animal,Attack,Not An Attack,BOONDALL
Animal,Attack,Attack On An Animal,SEVEN HILLS
Animal,Cat Trapping,,NORMAN PARK
Animal,Attack,Menacing,KENMORE
Animal,Dog,Fencing Issues,MIDDLE PARK
Animal,Attack,Attack On A Person,PALLARA
Animal,Dog,Fencing Issues,HEMMANT
Animal,Other Animal,,KEDRON
Animal,Dog,Fencing Issues,DURACK
Animal,Attack,Not An Attack,NUDGEE
Animal,Attack,Attack On A Person,EVERTON PARK
Animal,Attack,Attack On A Person,TARRAGINDI
Animal,Attack,Attack On A Person,TARRAGINDI
Animal,Attack,Attack On A Person,MOUNT GRAVATT EAST
Animal,Dog,Fencing Issues,ACACIA RIDGE
Animal,Other Animal,Fencing Issues,WACOL
Animal,Other Animal,Nuisance Animal,PADDINGTON
Animal,Attack,Attack On A Person,KEPERRA
Animal,Attack,Menacing,KEPERRA
Animal,Other Animal,Fencing Issues,TARRAGINDI
Animal,Attack,Attack On An Animal,COORPAROO
Animal,Dog,Fencing Issues,WYNNUM WEST
Animal,Dog,Fencing Issues,EIGHT MILE PLAINS
Animal,Dog,Defecating In Public,TENERIFFE
Animal,Dog,Fencing Issues,MACGREGOR
Animal,Attack,Attack On A Person,DEAGON
Animal,Attack,Attack On A Person,CALAMVALE
Animal,Other Animal,Deer,JINDALEE
Animal,Attack,Menacing,DARRA
Animal,Cat Trapping,,MANLY WEST
Animal,Dog,,HIGHGATE HILL
Animal,Dog,Fencing Issues,LOTA
Animal,Dog,Fencing Issues,SUNNYBANK HILLS
Animal,Dog,Fencing Issues,TINGALPA
Animal,Other Animal,Fox,GRACEVILLE
Animal,Cat Trapping,,INALA
Animal,Dog,Fencing Issues,WEST END
Animal,Other Animal,Odour,SUNNYBANK
Animal,Cat Trapping,,SANDGATE
Animal,Dog,Fencing Issues,KEPERRA
Animal,Dog,Fencing Issues,BANYO
Animal,Cat Trapping,,DURACK
Animal,Attack,Attack On An Animal,GORDON PARK
Animal,Dog,Odour,MACGREGOR
Animal,Dog,Too Many Animals,NUDGEE BEACH
Animal,Dog,Fencing Issues,BANYO
Animal,Cat,,ASPLEY
Animal,Attack,Attack On A Person,KEPERRA
Animal,Attack,Attack On A Person,MACGREGOR
Animal,Dog,Fencing Issues,BANYO
Animal,Cat Trapping,,ZILLMERE
Animal,Attack,Attack On An Animal,THE GAP
Animal,Dog,Fencing Issues,DARRA
Animal,Dog,Defecating In Public,KENMORE
Animal,Dog,Defecating In Public,KENMORE
Animal,Attack,Attack On An Animal,CANNON HILL
Animal,Cat,,GREENSLOPES
Animal,Dog,Fencing Issues,BANYO
Animal,Dog,Defecating In Public,RUNCORN
Animal,Dog,Fencing Issues,PALLARA
Animal,Cat,,NEW FARM
Animal,Other Animal,Fox,PULLENVALE
Animal,Attack,Attack On A Person,LOTA
Animal,Attack,Attack On An Animal,CARINA
Animal,Attack,Attack On A Person,ASCOT
Animal,Dog,Fencing Issues,HENDRA
Animal,Dog,Fencing Issues,HENDRA
Animal,Cat Trapping,,DOOLANDELLA
Animal,Attack,Attack On An Animal,NORMAN PARK
Animal,Dog,Fencing Issues,CALAMVALE
Animal,Dog,Fencing Issues,DARRA
Animal,Attack,Attack On A Person,WAVELL HEIGHTS
Animal,Attack,Attack On An Animal,MOOROOKA
Animal,Cat,,ENOGGERA
Animal,Attack,Attack On An Animal,GRANGE
Animal,Dog,Odour,CORINDA
Animal,Dog,Too Many Animals,MOGGILL
Animal,Attack,Attack On An Animal,MANLY
Animal,Dog,Fencing Issues,ZILLMERE
Animal,Dog,Fencing Issues,
Animal,Dog,Fencing Issues,ASPLEY
Animal,Dog,,FOREST LAKE
Animal,Dog,Fencing Issues,THE GAP
Animal,Other Animal,Fox,PULLENVALE
Animal,Dog,Insufficient Space,WAVELL HEIGHTS
Animal,Dog,Fencing Issues,GRANGE
Animal,Dog,Unregistered,STAFFORD
Animal,Dog,Unregistered,STAFFORD
Animal,Other Animal,Fox,MANSFIELD
Animal,Attack,Attack On A Person,HEMMANT
Animal,Cat Trapping,,INALA
Animal,Dog,Fencing Issues,ELLEN GROVE
Animal,Attack,Attack On An Animal,UPPER BROOKFIELD
Animal,Dog,Defecating In Public,CHAPEL HILL
Animal,Other Animal,Deer,PULLENVALE
Animal,Other Animal,,PULLENVALE
Animal,Other Animal,Nuisance Animal,COORPAROO
Animal,Dog,Fencing Issues,INALA
Animal,Dog,Fencing Issues,INALA
Animal,Attack,Not An Attack,LOTA
Animal,Dog,Defecating In Public,BARDON
Animal,Cat Trapping,,INDOOROOPILLY
Animal,Other Animal,Wild Dog,INALA
Animal,Dog,Fencing Issues,LOTA
Animal,Dog,Fencing Issues,WYNNUM
Animal,Cat Trapping,,WYNNUM WEST
Animal,Dog,Fencing Issues,ANSTEAD
Animal,Attack,Not An Attack,RUNCORN
Animal,Dog,Fencing Issues,STAFFORD HEIGHTS
Animal,Dog,Fencing Issues,STAFFORD HEIGHTS
Animal,Cat Trapping,,PALLARA
Animal,Other Animal,Nuisance Animal,PARKINSON
Animal,Cat Trapping,,ASPLEY
Animal,Attack,Attack On An Animal,DARRA
Animal,Attack,Attack On An Animal,SHORNCLIFFE
Animal,Attack,Attack On A Person,STAFFORD
Animal,Attack,Menacing,WAVELL HEIGHTS
Animal,Attack,Attack On An Animal,TENERIFFE
Animal,Cat,,BRACKEN RIDGE
Animal,Dog,Fencing Issues,STAFFORD
Animal,Other Animal,Nuisance Animal,SHERWOOD
Animal,Dog,Fencing Issues,FOREST LAKE
Animal,Dog,Fencing Issues,CALAMVALE
Animal,Dog,Fencing Issues,ASPLEY
Animal,Other Animal,Deer,UPPER BROOKFIELD
Animal,Attack,Not An Attack,FOREST LAKE
Animal,Dog,Defecating In Public,CHAPEL HILL
Animal,Other Animal,Fox,
Animal,Attack,Attack On A Person,NEWMARKET
Animal,Attack,Attack On An Animal,EVERTON PARK
Animal,Attack,Attack On An Animal,BROOKFIELD
Animal,Attack,Attack On An Animal,WAVELL HEIGHTS
Animal,Dog,Fencing Issues,MOUNT GRAVATT EAST
Animal,Dog,Fencing Issues,UPPER MOUNT GRAVATT
Animal,Cat Trapping,,SUNNYBANK
Animal,Dog,Too Many Animals,BRACKEN RIDGE
Animal,Dog,Unregistered,SALISBURY
Animal,Dog,Fencing Issues,FERNY GROVE
Animal,Dog,Fencing Issues,SUNNYBANK HILLS
Animal,Cat Trapping,,CORINDA
Animal,Dog,Fencing Issues,HENDRA
Animal,Attack,Attack On A Person,COOPERS PLAINS
Animal,Other Animal,Rabbit,HIGHGATE HILL
Animal,Dog,Fencing Issues,MOOROOKA
Animal,Attack,Not An Attack,GRACEVILLE
Animal,Attack,Attack On A Person,PULLENVALE
Animal,Dog,Fencing Issues,BALMORAL
Animal,Attack,Attack On An Animal,CARINA
Animal,Attack,Attack On An Animal,NORMAN PARK
Animal,Attack,Attack On A Person,ALDERLEY
Animal,Cat Trapping,,ARCHERFIELD
Animal,Dog,Defecating In Public,TAIGUM
Animal,Cat Trapping,,INALA
Animal,Dog,Fencing Issues,GREENSLOPES
Animal,Other Animal,Fox,PINJARRA HILLS
Animal,Dog,Too Many Animals,ZILLMERE
Animal,Cat Trapping,,WYNNUM WEST
Animal,Dog,Defecating In Public,FOREST LAKE
Animal,Dog,Defecating In Public,CHAPEL HILL
Animal,Attack,Attack On An Animal,NEWMARKET
Animal,Dog,Too Many Animals,ROBERTSON
Animal,Dog,Unregistered,SUNNYBANK HILLS
Animal,Cat,,NEW FARM
Animal,Attack,Attack On An Animal,THE GAP
Animal,Attack,Attack On An Animal,JAMBOREE HEIGHTS
Animal,Dog,Fencing Issues,ACACIA RIDGE
Animal,Dog,Defecating In Public,CARINA
Animal,Dog,Fencing Issues,DUTTON PARK
Animal,Attack,Attack On An Animal,EVERTON PARK
Animal,Dog,Fencing Issues,WINDSOR
Animal,Other Animal,Fox,CHANDLER
Animal,Dog,Fencing Issues,MANLY WEST
Animal,Attack,,BALD HILLS
Animal,Dog,Fencing Issues,ELLEN GROVE
Animal,Attack,Attack On A Person,WESTLAKE
Animal,Cat,,HEMMANT
Animal,Attack,Attack On A Person,MIDDLE PARK
Animal,Cat Trapping,,YERONGA
Animal,Other Animal,Fox,PINJARRA HILLS
Animal,Other Animal,Feral Cat,BRISBANE CITY
Animal,Attack,Attack On An Animal,PULLENVALE
Animal,Other Animal,Deer,BROOKFIELD
Animal,Dog,Fencing Issues,WOOLLOONGABBA
Animal,Cat Trapping,,BRISBANE CITY
Animal,Dog,Fencing Issues,SUNNYBANK HILLS
Animal,Dog,Fencing Issues,SUNNYBANK HILLS
Animal,Other Animal,Wild Dog,UPPER BROOKFIELD
Animal,Other Animal,Nuisance Animal,VIRGINIA
Animal,Dog,Fencing Issues,BRIDGEMAN DOWNS
Animal,Dog,Fencing Issues,BANYO
Animal,Dog,Unregistered,SUNNYBANK HILLS
Animal,Dog,,ENOGGERA
Animal,Dog,Fencing Issues,UPPER MOUNT GRAVATT
Animal,Dog,Fencing Issues,BANYO
Animal,Other Animal,Wild Dog,BANYO
Animal,Dog,Defecating In Public,KENMORE HILLS
Animal,Dog,Fencing Issues,WAVELL HEIGHTS
Animal,Cat,,DOOLANDELLA
Animal,Cat,,DOOLANDELLA
Animal,Dog,Fencing Issues,WYNNUM WEST
Animal,Attack,Attack On An Animal,NUDGEE BEACH
Animal,Dog,Fencing Issues,BANYO
Animal,Attack,Attack On An Animal,PETRIE TERRACE
Animal,Attack,Attack On A Person,YERONGA
Animal,Dog,Fencing Issues,CHAPEL HILL
Animal,Dog,Fencing Issues,THE GAP
Animal,Other Animal,Fencing Issues,RUNCORN
Animal,Other Animal,Fox,MOUNT OMMANEY
Animal,Dog,Unregistered,TOOWONG
Animal,Cat Trapping,,ASPLEY
Animal,Dog,Fencing Issues,BURBANK
Animal,Dog,Fencing Issues,BARDON
Animal,Dog,Fencing Issues,CAMP HILL
Animal,Dog,Fencing Issues,CAMP HILL
Animal,Dog,Fencing Issues,ASHGROVE
Animal,Dog,Fencing Issues,COOPERS PLAINS
Animal,Dog,,CALAMVALE
Animal,Dog,Fencing Issues,SUNNYBANK HILLS
Animal,Dog,Defecating In Public,MOUNT COOT-THA
Animal,Other Animal,Odour,BOONDALL
Animal,Cat Trapping,,MANLY
Animal,Cat Trapping,,HEMMANT
Animal,Dog,Fencing Issues,ZILLMERE
Animal,Dog,Defecating In Public,THE GAP
Animal,Cat Trapping,,STAFFORD
Animal,Attack,Attack On An Animal,UPPER MOUNT GRAVATT
Animal,Attack,Attack On An Animal,HOLLAND PARK
Animal,Other Animal,Fox,DOOLANDELLA
Animal,Attack,Not An Attack,SANDGATE
Animal,Attack,,MORNINGSIDE
Animal,Dog,Fencing Issues,BANYO
Animal,Attack,Attack On A Person,INALA
Animal,Attack,Attack On A Person,KARANA DOWNS
Animal,Dog,Fencing Issues,ALGESTER
Animal,Attack,Attack On An Animal,THE GAP
Animal,Cat,,WYNNUM WEST
Animal,Attack,Menacing,CARINA HEIGHTS
Animal,Attack,Menacing,SEVEN HILLS
Animal,Attack,Menacing,CLAYFIELD
Animal,Attack,Attack On A Person,BRIGHTON
Animal,Attack,Not An Attack,WYNNUM
Animal,Dog,Defecating In Public,BRACKEN RIDGE
Animal,Dog,Defecating In Public,NEW FARM
Animal,Dog,Defecating In Public,TARRAGINDI
Animal,Other Animal,Nuisance Animal,ROCHEDALE
Animal,Attack,Attack On An Animal,MOUNT GRAVATT EAST
Animal,Attack,Not An Attack,NUDGEE
Animal,Dog,Fencing Issues,DURACK
Animal,Other Animal,Nuisance Animal,JINDALEE
Animal,Attack,Attack On A Person,KENMORE
Animal,Dog,Fencing Issues,ACACIA RIDGE
Animal,Cat,,MOUNT GRAVATT EAST
Animal,Dog,Too Many Animals,MACGREGOR
Animal,Dog,Fencing Issues,WOOLLOONGABBA
Animal,Dog,Defecating In Public,MACGREGOR
Animal,Attack,Attack On An Animal,RUNCORN
Animal,Attack,Not An Attack,CARINDALE
Animal,Dog,Fencing Issues,HEMMANT
Animal,Dog,Fencing Issues,THE GAP
Animal,Other Animal,,KEPERRA
Animal,Other Animal,Fox,BELLBOWRIE
Animal,Dog,Fencing Issues,ELLEN GROVE
Animal,Cat,,FOREST LAKE
Animal,Other Animal,Nuisance Animal,FOREST LAKE
Animal,Dog,Unregistered,ALGESTER
Animal,Dog,Unregistered,CARINA
Animal,Dog,Fencing Issues,SHERWOOD
Animal,Dog,Fencing Issues,WYNNUM
Animal,Cat,,BRACKEN RIDGE
Animal,Other Animal,Deer,UPPER BROOKFIELD
Animal,Cat Trapping,,WYNNUM WEST
Animal,Attack,Attack On An Animal,INALA
Animal,Dog,Fencing Issues,KALINGA
Animal,Dog,Fencing Issues,MACGREGOR
Animal,Attack,Attack On A Person,MOGGILL
Animal,Dog,Fencing Issues,RUNCORN
Animal,Dog,Fencing Issues,ASPLEY
Animal,Cat Trapping,,HOLLAND PARK
Animal,Other Animal,Deer,JINDALEE
Animal,Dog,Fencing Issues,CARINA
Animal,Other Animal,Nuisance Animal,MOUNT CROSBY
Animal,Cat Trapping,,BRACKEN RIDGE
Animal,Other Animal,Nuisance Animal,GEEBUNG
Animal,Other Animal,Fox,LOTA
Animal,Attack,Attack On An Animal,ACACIA RIDGE
Animal,Other Animal,Deer,PULLENVALE
Animal,Dog,Fencing Issues,INALA
Animal,Cat Trapping,,MOOROOKA
Animal,Attack,Attack On An Animal,HAMILTON
Animal,Other Animal,Nuisance Animal,BRACKEN RIDGE
Animal,Dog,Fencing Issues,BANYO
Animal,Cat,,BRACKEN RIDGE
Animal,Attack,Attack On An Animal,FOREST LAKE
Animal,Dog,Fencing Issues,BANYO
Animal,Other Animal,Fencing Issues,CALAMVALE
Animal,Cat,,WYNNUM
Animal,Attack,Menacing,PALLARA
Animal,Dog,Fencing Issues,FERNY GROVE
Animal,Attack,Attack On An Animal,ALGESTER
Animal,Attack,Attack On An Animal,SUNNYBANK HILLS
Animal,Attack,Attack On An Animal,INALA
Animal,Dog,Fencing Issues,DURACK
Animal,Dog,Fencing Issues,BALD HILLS
Animal,Other Animal,Rabbit,RED HILL
Animal,Dog,Fencing Issues,INALA
Animal,Other Animal,Pest / Feral Animal,CALAMVALE
Animal,Attack,Menacing,SANDGATE
Animal,Attack,Attack On An Animal,RED HILL
Animal,Dog,Fencing Issues,DEAGON
Animal,Dog,Defecating In Public,HOLLAND PARK
Animal,Attack,Attack On An Animal,INDOOROOPILLY
Animal,Dog,Unregistered,MORNINGSIDE
Animal,Attack,Attack On An Animal,MITCHELTON
Animal,Attack,Menacing,KEPERRA
Animal,Other Animal,Fox,CARINA
Animal,Other Animal,Nuisance Animal,ANSTEAD
Animal,Cat,,BOONDALL
Animal,Dog,Fencing Issues,CARSELDINE
Animal,Cat,,MOUNT GRAVATT EAST
Animal,Cat,,MANLY WEST
Animal,Attack,Attack On A Person,COORPAROO
Animal,Dog,Fencing Issues,CARINA
Animal,Dog,Fencing Issues,INALA
Animal,Other Animal,Deer,OXLEY
Animal,Other Animal,Fencing Issues,GEEBUNG
Animal,Dog,Fencing Issues,ELLEN GROVE
Animal,Attack,Attack On A Person,INALA
Animal,Cat Trapping,,CHERMSIDE WEST
Animal,Dog,Unregistered,BALD HILLS
Animal,Attack,Not An Attack,DURACK
Animal,Attack,,SALISBURY
Animal,Attack,Menacing,ASPLEY
Animal,Cat Trapping,,SUNNYBANK
Animal,Dog,Fencing Issues,BRIDGEMAN DOWNS
Animal,Attack,Not An Attack,HAMILTON
Animal,Dog,Fencing Issues,KEPERRA
Animal,Cat,,MCDOWALL
Animal,Dog,Fencing Issues,CARINA
Animal,Dog,Fencing Issues,CARINA
Animal,Other Animal,Fox,KARANA DOWNS
Animal,Dog,Fencing Issues,CARSELDINE
Animal,Attack,Menacing,HAMILTON
Animal,Attack,Menacing,CAMP HILL
Animal,Attack,Attack On An Animal,ELLEN GROVE
Animal,Dog,Too Many Animals,NUDGEE BEACH
Animal,Dog,,MOOROOKA
Animal,Dog,Fencing Issues,MANSFIELD
Animal,Dog,Fencing Issues,NUDGEE
Animal,Dog,Fencing Issues,BANYO
Animal,Dog,Fencing Issues,OXLEY
Animal,Dog,Fencing Issues,WINDSOR
Animal,Attack,Attack On An Animal,ZILLMERE
Animal,Dog,Fencing Issues,HENDRA
Animal,Other Animal,Fox,BALMORAL
Animal,Dog,Fencing Issues,TARRAGINDI
Animal,Dog,Unregistered,ASCOT
Animal,Dog,Fencing Issues,MURARRIE
Animal,Dog,Fencing Issues,INALA
Animal,Attack,Menacing,DURACK
Animal,Attack,Not An Attack,HOLLAND PARK
Animal,Attack,Attack On An Animal,FOREST LAKE
Animal,Other Animal,Fox,CARINA
Animal,Attack,Attack On An Animal,FITZGIBBON
Animal,Dog,Fencing Issues,CARINA
Animal,Dog,Unregistered,MOOROOKA
Animal,Dog,Too Many Animals,MOOROOKA
Animal,Other Animal,Nuisance Animal,ASPLEY
Animal,Dog,Fencing Issues,INALA
Animal,Cat Trapping,,INALA
Animal,Other Animal,Pest / Feral Animal,
Animal,Dog,Fencing Issues,TINGALPA
Animal,Dog,Fencing Issues,MANSFIELD
Animal,Dog,Defecating In Public,ASPLEY
Animal,Attack,Attack On A Person,COOPERS PLAINS
Animal,Attack,Not An Attack,KEPERRA
Animal,Other Animal,Rabbit,MURARRIE
Animal,Dog,,UPPER KEDRON
Animal,Attack,Menacing,CAMP HILL
Animal,Attack,,EIGHT MILE PLAINS
Animal,Attack,Attack On A Person,KEPERRA
Animal,Attack,Attack On An Animal,ASHGROVE
Animal,Cat Trapping,,TAIGUM
Animal,Dog,Fencing Issues,MORNINGSIDE
Animal,Dog,Unregistered,SALISBURY
Animal,Dog,,DUTTON PARK
Animal,Attack,Attack On An Animal,PINKENBA
Animal,Other Animal,Fox,PULLENVALE
Animal,Cat,,KARANA DOWNS
Animal,Other Animal,Deer,MOUNT OMMANEY
Animal,Dog,Fencing Issues,KURABY
Animal,Attack,Attack On An Animal,WYNNUM
Animal,Dog,Defecating In Public,BOONDALL
Animal,Dog,Unregistered,WISHART
Animal,Dog,Unregistered,WISHART
Animal,Other Animal,Fencing Issues,SUNNYBANK
Animal,Cat,,GREENSLOPES
Animal,Attack,Attack On A Person,ANSTEAD
Animal,Attack,Attack On A Person,LOTA
Animal,Attack,Attack On A Person,SANDGATE
Animal,Other Animal,Wild Dog,THE GAP
Animal,Attack,,TARINGA
Animal,Attack,Not An Attack,MANLY
Animal,Dog,Fencing Issues,NUNDAH
Animal,Other Animal,Fencing Issues,DURACK
Animal,Dog,Defecating In Public,BOONDALL
Animal,Dog,Defecating In Public,SUNNYBANK
Animal,Attack,Attack On An Animal,GRACEVILLE
Animal,Attack,Attack On An Animal,WINDSOR
Animal,Attack,Attack On An Animal,OXLEY
Animal,Attack,,WAVELL HEIGHTS
Animal,Attack,Attack On A Person,LOTA
Animal,Other Animal,,CARINDALE
Animal,Dog,Defecating In Public,WYNNUM WEST
Animal,Dog,Fencing Issues,WYNNUM WEST
Animal,Attack,Attack On An Animal,KENMORE
Animal,Attack,Attack On An Animal,FERNY GROVE
Animal,Other Animal,Wild Dog,KHOLO
Animal,Cat Trapping,,MOOROOKA
Animal,Attack,Attack On A Person,MOOROOKA
Animal,Attack,Attack On A Person,INALA
Animal,Dog,Defecating In Public,STRETTON
Animal,Dog,Fencing Issues,KEPERRA
Animal,Attack,Attack On An Animal,MITCHELTON
Animal,Dog,Fencing Issues,HENDRA
Animal,Cat Trapping,,DARRA
Animal,Dog,Too Many Animals,FOREST LAKE
Animal,Cat Trapping,,WYNNUM
Animal,Other Animal,Deer,MOUNT OMMANEY
Animal,Dog,Fencing Issues,CHERMSIDE
Animal,Attack,Attack On A Person,CARINDALE
Animal,Dog,Fencing Issues,DARRA
Animal,Dog,Too Many Animals,ALGESTER
Animal,Dog,Fencing Issues,DURACK
Animal,Attack,Attack On A Person,BANYO
Animal,Cat Trapping,,ASHGROVE
Animal,Attack,Attack On An Animal,BRACKEN RIDGE
Animal,Other Animal,Nuisance Animal,KURABY
Animal,Dog,Fencing Issues,SALISBURY
Animal,Dog,Fencing Issues,BANYO
Animal,Dog,Fencing Issues,BANYO
Animal,Attack,Menacing,BANYO
Animal,Dog,Fencing Issues,WYNNUM
Animal,Attack,Attack On A Person,DURACK
Animal,Attack,Menacing,KEPERRA
Animal,Dog,Fencing Issues,SHERWOOD
Animal,Dog,Fencing Issues,MOUNT COOT-THA
Animal,Dog,Fencing Issues,MACGREGOR
Animal,Dog,Fencing Issues,WYNNUM
Animal,Attack,Attack On A Person,AUCHENFLOWER
Animal,Other Animal,Fox,KHOLO
Animal,Other Animal,Wild Dog,PULLENVALE
Animal,Attack,Attack On A Person,PINKENBA
Animal,Attack,Attack On A Person,MOOROOKA
Animal,Dog,Fencing Issues,LOTA
Animal,Dog,Fencing Issues,PALLARA
Animal,Cat Trapping,,SUNNYBANK
Animal,Dog,Fencing Issues,BALD HILLS
Animal,Attack,Menacing,NUDGEE BEACH
Animal,Attack,Attack On An Animal,WYNNUM
Animal,Dog,Fencing Issues,HENDRA
Animal,Dog,Fencing Issues,SUNNYBANK HILLS
Animal,Attack,Attack On An Animal,KEPERRA
Animal,Attack,Attack On An Animal,INALA
Animal,Attack,Attack On A Person,INALA
Animal,Attack,Attack On An Animal,TENERIFFE
Animal,Attack,Attack On An Animal,WYNNUM
Animal,Other Animal,Deer,KENMORE HILLS
Animal,Attack,Attack On A Person,WACOL
Animal,Dog,Unregistered,WYNNUM
Animal,Cat Trapping,,BALD HILLS
Animal,Other Animal,Deer,UPPER BROOKFIELD
Animal,Attack,Attack On A Person,EAST BRISBANE
Animal,Other Animal,Deer,UPPER BROOKFIELD
Animal,Other Animal,Deer,PULLENVALE
Animal,Attack,Attack On An Animal,CALAMVALE
Animal,Dog,Fencing Issues,BRIGHTON
Animal,Cat Trapping,,STAFFORD HEIGHTS
Animal,Other Animal,Rabbit,FERNY GROVE
Animal,Attack,Attack On An Animal,CARINA
Animal,Attack,Attack On A Person,MOUNT CROSBY
Animal,Attack,Attack On A Person,PINJARRA HILLS
Animal,Dog,Defecating In Public,FIG TREE POCKET
Animal,Attack,Attack On A Person,FOREST LAKE
Animal,Attack,Attack On An Animal,MURARRIE
Animal,Cat Trapping,,INALA
Animal,Dog,Fencing Issues,CORINDA
Animal,Attack,Attack On An Animal,CARSELDINE
Animal,Attack,Dangerous,
Animal,Other Animal,Fox,MOGGILL
Animal,Dog,Fencing Issues,VIRGINIA
Animal,Other Animal,Odour,GRACEVILLE
Animal,Cat Trapping,,INALA
Animal,Attack,Attack On An Animal,MANSFIELD
Animal,Dog,Fencing Issues,BRIGHTON
Animal,Cat,,KEPERRA
Animal,Cat,,KEPERRA
Animal,Dog,Fencing Issues,TOOWONG
Animal,Cat Trapping,,DARRA
Animal,Other Animal,Fox,ANSTEAD
Animal,Cat,,WYNNUM WEST
Animal,Other Animal,,ROCHEDALE
Animal,Dog,Unregistered,WISHART
Animal,Attack,Attack On An Animal,MURARRIE
Animal,Cat Trapping,,ST LUCIA
Animal,Attack,Attack On An Animal,CAMP HILL
Animal,Dog,Defecating In Public,TOOWONG
Animal,Dog,Fencing Issues,TOOWONG
Animal,Dog,Defecating In Public,TOOWONG
Animal,Dog,Defecating In Public,HOLLAND PARK
Animal,Attack,Attack On An Animal,WAKERLEY
Animal,Other Animal,Odour,BULIMBA
Animal,Dog,Odour,SEVENTEEN MILE ROCKS
Animal,Attack,Attack On An Animal,BARDON
Animal,Other Animal,Fox,CANNON HILL
Animal,Cat Trapping,,MOOROOKA
Animal,Dog,Too Many Animals,GEEBUNG
Animal,Attack,Not An Attack,SPRING HILL
Animal,Attack,Attack On A Person,BRIGHTON
Animal,Other Animal,Nuisance Animal,HOLLAND PARK WEST
Animal,Attack,Attack On An Animal,NUNDAH
Animal,Other Animal,Odour,TENNYSON
Animal,Other Animal,Fox,MOUNT CROSBY
Animal,Dog,Fencing Issues,KARANA DOWNS
Animal,Attack,Attack On An Animal,COORPAROO
Animal,Cat Trapping,,VIRGINIA
Animal,Cat Trapping,,CHERMSIDE
Animal,Dog,Fencing Issues,INDOOROOPILLY
Animal,Other Animal,Fox,TAIGUM
Animal,Attack,Attack On An Animal,NEWMARKET
Animal,Attack,Not An Attack,GORDON PARK
Animal,Dog,Fencing Issues,ELLEN GROVE
Animal,Dog,Fencing Issues,TARINGA
Animal,Cat,,TARINGA
Animal,Dog,Fencing Issues,CANNON HILL
Animal,Attack,Not An Attack,CANNON HILL
Animal,Dog,Fencing Issues,EIGHT MILE PLAINS
Animal,Dog,Defecating In Public,OXLEY
Animal,Cat,,FOREST LAKE
Animal,Cat Trapping,,ASCOT
Animal,Other Animal,Fox,UPPER BROOKFIELD
Animal,Other Animal,Nuisance Animal,WINDSOR
Animal,Dog,Fencing Issues,BRACKEN RIDGE
Animal,Attack,Attack On A Person,MOUNT COOT-THA
Animal,Dog,Fencing Issues,KENMORE
Animal,Attack,Attack On An Animal,CARSELDINE
Animal,Dog,,INALA
Animal,Cat,,BOONDALL
Animal,Other Animal,Nuisance Animal,AUCHENFLOWER
Animal,Dog,Fencing Issues,WISHART
Animal,Other Animal,Fox,CAMP HILL
Animal,Dog,Fencing Issues,TINGALPA
Animal,Attack,Attack On A Person,DURACK
Animal,Attack,Attack On An Animal,TARINGA
Animal,Dog,Defecating In Public,TENERIFFE
Animal,Dog,Fencing Issues,STAFFORD
Animal,Dog,Fencing Issues,CARSELDINE
Animal,Attack,Menacing,HOLLAND PARK WEST
Animal,Cat Trapping,,MOOROOKA
Animal,Attack,Attack On A Person,INDOOROOPILLY
Animal,Dog,Fencing Issues,ACACIA RIDGE
Animal,Dog,Fencing Issues,KENMORE
Animal,Dog,Defecating In Public,OXLEY
Animal,Dog,Unregistered,DUTTON PARK
Animal,Dog,Too Many Animals,BARDON
Animal,Attack,Attack On An Animal,WAVELL HEIGHTS
Animal,Attack,Not An Attack,EIGHT MILE PLAINS
Animal,Dog,Fencing Issues,CARINA
Animal,Dog,Fencing Issues,BALD HILLS
Animal,Attack,Attack On An Animal,TINGALPA
Animal,Dog,Too Many Animals,MACGREGOR
Animal,Dog,Fencing Issues,GRACEVILLE
Animal,Cat Trapping,,WACOL
Animal,Other Animal,Pest / Feral Animal,CLAYFIELD
Animal,Cat Trapping,,BRACKEN RIDGE
Animal,Dog,Fencing Issues,GEEBUNG
Animal,Dog,Fencing Issues,NORMAN PARK
Animal,Attack,Attack On An Animal,CHELMER
Animal,Dog,Too Many Animals,THE GAP
Animal,Dog,Fencing Issues,INALA
Animal,Other Animal,Fox,KEPERRA
Animal,Dog,Fencing Issues,INALA
Animal,Dog,Fencing Issues,INALA
Animal,Attack,Attack On A Person,BALD HILLS
Animal,Attack,Not An Attack,CLAYFIELD
Animal,Attack,Attack On A Person,COOPERS PLAINS
Animal,Attack,Attack On An Animal,THE GAP
Animal,Dog,Fencing Issues,BARDON
Animal,Dog,Fencing Issues,SANDGATE
Animal,Attack,Attack On An Animal,KENMORE
Animal,Attack,Attack On A Person,MITCHELTON
Animal,Dog,Fencing Issues,DREWVALE
Animal,Dog,Unregistered,GORDON PARK
Animal,Other Animal,Nuisance Animal,SUNNYBANK HILLS
Animal,Attack,Not An Attack,INALA
Animal,Cat Trapping,,INALA
Animal,Dog,Defecating In Public,ASCOT
Animal,Cat Trapping,,ST LUCIA
Animal,Attack,Attack On A Person,HIGHGATE HILL
Animal,Attack,Not An Attack,KENMORE
Animal,Dog,Fencing Issues,CHANDLER
Animal,Attack,Attack On An Animal,NORMAN PARK
Animal,Cat Trapping,,GEEBUNG
Animal,Dog,Fencing Issues,INALA
Animal,Dog,Fencing Issues,SUNNYBANK HILLS
Animal,Dog,Fencing Issues,PINKENBA
Animal,Attack,Attack On A Person,BELLBOWRIE
Animal,Dog,Fencing Issues,CALAMVALE
Animal,Attack,Menacing,HERSTON
Animal,Other Animal,Fox,BELLBOWRIE
Animal,Dog,Fencing Issues,VIRGINIA
Animal,Dog,Defecating In Public,THE GAP
Animal,Attack,Not An Attack,DURACK
Animal,Attack,Menacing,SHORNCLIFFE
Animal,Attack,Not An Attack,SEVEN HILLS
Animal,Dog,Fencing Issues,CHAPEL HILL
Animal,Dog,Fencing Issues,CARSELDINE
Animal,Dog,Unregistered,SINNAMON PARK
Animal,Dog,Fencing Issues,MANLY WEST
Animal,Attack,Attack On An Animal,TARINGA
Animal,Dog,Fencing Issues,BOONDALL
Animal,Attack,Attack On An Animal,BROOKFIELD
Animal,Other Animal,Fencing Issues,WEST END
Animal,Other Animal,Deer,UPPER BROOKFIELD
Animal,Other Animal,Fox,WILLAWONG
Animal,Cat Trapping,,RUNCORN
