Category: Nature,Category: Type,Category: Reporting Level,Location: Suburb
Animal,Other Animal,Unregistered,MORNINGSIDE
Animal,Other Animal,Fox,GUMDALE
Animal,Cat,,CARSELDINE
Animal,Dog,Fencing Issues,ZILLMERE
Animal,Dog,Odour,CAMP HILL
Animal,Dog,,ELLEN GROVE
Animal,Attack,Attack On An Animal,ALGESTER
Animal,Attack,Attack On An Animal,FIG TREE POCKET
Animal,Other Animal,Fox,GUMDALE
Animal,Attack,Attack On An Animal,CLAYFIELD
Animal,Other Animal,Wild Dog,MOGGILL
Animal,Dog,Fencing Issues,TOOWONG
Animal,Dog,Fencing Issues,MOUNT GRAVATT EAST
Animal,Dog,Unregistered,WYNNUM
Animal,Attack,Not An Attack,MOUNT GRAVATT EAST
Animal,Attack,Menacing,SUNNYBANK HILLS
Animal,Attack,Not An Attack,WYNNUM
Animal,Dog,Fencing Issues,NEWMARKET
Animal,Dog,Fencing Issues,WINDSOR
Animal,Other Animal,Fox,PINJARRA HILLS
Animal,Dog,,HOLLAND PARK WEST
Animal,Dog,Fencing Issues,DARRA
Animal,Attack,,WYNNUM
Animal,Other Animal,Nuisance Animal,TENERIFFE
Animal,Cat,,MOUNT GRAVATT EAST
Animal,Dog,Fencing Issues,EVERTON PARK
Animal,Dog,Fencing Issues,ELLEN GROVE
Animal,Other Animal,Deer,KENMORE HILLS
Animal,Cat,,CLAYFIELD
Animal,Cat,,BRACKEN RIDGE
Animal,Attack,Attack On An Animal,SALISBURY
Animal,Other Animal,Wild Dog,THE GAP
Animal,Cat Trapping,,BOONDALL
Animal,Dog,Fencing Issues,WOOLOOWIN
Animal,Attack,Attack On An Animal,FERNY GROVE
Animal,Dog,Fencing Issues,KARANA DOWNS
Animal,Dog,Fencing Issues,KURABY
Animal,Attack,Menacing,EVERTON PARK
Animal,Attack,Attack On An Animal,HAMILTON
Animal,Cat Trapping,,COOPERS PLAINS
Animal,Dog,Fencing Issues,SANDGATE
Animal,Attack,Not An Attack,DARRA
Animal,Attack,Attack On An Animal,GORDON PARK
Animal,Dog,Fencing Issues,CARINA
Animal,Cat,,BARDON
Animal,Cat,,CHERMSIDE
Animal,Cat Trapping,,CHERMSIDE
Animal,Attack,Attack On A Person,BELLBOWRIE
Animal,Attack,Not An Attack,BELLBOWRIE
Animal,Other Animal,Fox,ROCHEDALE
Animal,Dog,Unregistered,ACACIA RIDGE
Animal,Attack,Attack On An Animal,BULIMBA
Animal,Other Animal,Pest / Feral Animal,FORTITUDE VALLEY
Animal,Attack,Menacing,ACACIA RIDGE
Animal,Other Animal,Nuisance Animal,DARRA
Animal,Attack,Attack On An Animal,YERONGA
Animal,Dog,Fencing Issues,INALA
Animal,Dog,Unregistered,WYNNUM
Animal,Dog,Fencing Issues,INALA
Animal,Cat,,ASCOT
Animal,Attack,Not An Attack,ELLEN GROVE
Animal,Dog,Fencing Issues,GORDON PARK
Animal,Attack,Menacing,MOOROOKA
Animal,Other Animal,Rabbit,RICHLANDS
Animal,Attack,Attack On A Person,BELLBOWRIE
Animal,Other Animal,Wild Dog,UPPER BROOKFIELD
Animal,Attack,Attack On An Animal,FITZGIBBON
Animal,Dog,Fencing Issues,COORPAROO
Animal,Attack,Attack On A Person,NUNDAH
Animal,Dog,Defecating In Public,BRIDGEMAN DOWNS
Animal,Dog,Fencing Issues,GRACEVILLE
Animal,Other Animal,Fox,CARINA
Animal,Attack,Attack On An Animal,COORPAROO
Animal,Attack,Attack On A Person,MANSFIELD
Animal,Attack,Not An Attack,CARINA
Animal,Attack,Not An Attack,MORNINGSIDE
Animal,Other Animal,Fox,CARINDALE
Animal,Cat Trapping,,BELMONT
Animal,Other Animal,Fox,SEVEN HILLS
Animal,Dog,Fencing Issues,MITCHELTON
Animal,Dog,Fencing Issues,KANGAROO POINT
Animal,Attack,Attack On An Animal,FOREST LAKE
Animal,Attack,Attack On A Person,BALD HILLS
Animal,Dog,Fencing Issues,CALAMVALE
Animal,Dog,Fencing Issues,CALAMVALE
Animal,Attack,Attack On An Animal,MOOROOKA
Animal,Other Animal,Nuisance Animal,DEAGON
Animal,Attack,Attack On A Person,STAFFORD HEIGHTS
Animal,Cat Trapping,,EIGHT MILE PLAINS
Animal,Dog,Insufficient Space,THE GAP
Animal,Dog,Fencing Issues,THE GAP
Animal,Cat Trapping,,SINNAMON PARK
Animal,Attack,Not An Attack,CAMP HILL
Animal,Attack,Attack On A Person,WAVELL HEIGHTS
Animal,Other Animal,Fox,MANLY WEST
Animal,Attack,Not An Attack,SUNNYBANK HILLS
Animal,Dog,,BOONDALL
Animal,Dog,Fencing Issues,ROCKLEA
Animal,Dog,Fencing Issues,ROCKLEA
Animal,Other Animal,Insufficient Space,COOPERS PLAINS
Animal,Attack,Menacing,ALGESTER
Animal,Dog,Defecating In Public,WYNNUM WEST
Animal,Dog,Unregistered,COOPERS PLAINS
Animal,Attack,Attack On A Person,ALGESTER
Animal,Dog,Odour,SUNNYBANK HILLS
Animal,Other Animal,Nuisance Animal,CHERMSIDE
Animal,Dog,Odour,BRACKEN RIDGE
Animal,Attack,Attack On An Animal,ASPLEY
Animal,Dog,Too Many Animals,MANLY WEST
Animal,Cat,,WEST END
Animal,Dog,Unregistered,ACACIA RIDGE
Animal,Dog,Fencing Issues,GEEBUNG
Animal,Other Animal,,ANNERLEY
Animal,Cat Trapping,,WYNNUM WEST
Animal,Dog,Fencing Issues,FITZGIBBON
Animal,Dog,Fencing Issues,ASCOT
Animal,Other Animal,Fox,CHELMER
Animal,Cat,,BRIGHTON
Animal,Attack,Attack On A Person,ASPLEY
Animal,Attack,Attack On An Animal,HOLLAND PARK
Animal,Dog,Fencing Issues,CALAMVALE
Animal,Cat Trapping,,CARINA
Animal,Other Animal,Fox,BALD HILLS
Animal,Other Animal,Nuisance Animal,INALA
Animal,Dog,Fencing Issues,SUNNYBANK HILLS
Animal,Other Animal,Fox,UPPER BROOKFIELD
Animal,Cat Trapping,,WEST END
Animal,Dog,Unregistered,CAMP HILL
Animal,Other Animal,Fox,ST LUCIA
Animal,Other Animal,Fox,KARANA DOWNS
Animal,Cat,,MANSFIELD
Animal,Attack,Attack On An Animal,GREENSLOPES
Animal,Attack,Attack On An Animal,BALD HILLS
Animal,Dog,,MOUNT GRAVATT
Animal,Attack,Attack On A Person,KALINGA
Animal,Other Animal,Fox,WYNNUM WEST
Animal,Cat,,WYNNUM
Animal,Attack,Menacing,BROOKFIELD
Animal,Dog,Defecating In Public,FOREST LAKE
Animal,Other Animal,Fox,RANSOME
Animal,Attack,Attack On An Animal,FOREST LAKE
Animal,Cat,,HOLLAND PARK
Animal,Attack,Not An Attack,INALA
Animal,Other Animal,Too Many Animals,INALA
Animal,Dog,Fencing Issues,UPPER KEDRON
Animal,Other Animal,Nuisance Animal,CHERMSIDE
Animal,Cat,,GRANGE
Animal,Attack,Attack On An Animal,MANLY
Animal,Other Animal,Fox,YERONGA
Animal,Other Animal,Deer,WILLAWONG
Animal,Attack,Not An Attack,MOGGILL
Animal,Dog,Fencing Issues,SUNNYBANK HILLS
Animal,Dog,Fencing Issues,SUNNYBANK HILLS
Animal,Attack,Attack On A Person,DEAGON
Animal,Dog,Fencing Issues,STAFFORD
Animal,Cat,,EAST BRISBANE
Animal,Dog,Fencing Issues,WYNNUM
Animal,Dog,Fencing Issues,CARSELDINE
Animal,Dog,Defecating In Public,
Animal,Dog,Fencing Issues,MORNINGSIDE
Animal,Dog,Fencing Issues,MANLY WEST
Animal,Dog,Fencing Issues,MOUNT GRAVATT EAST
Animal,Dog,Defecating In Public,CARSELDINE
Animal,Attack,Attack On An Animal,WACOL
Animal,Cat,,KEDRON
Animal,Attack,Attack On An Animal,RUNCORN
Animal,Attack,Menacing,MIDDLE PARK
Animal,Dog,Fencing Issues,STAFFORD HEIGHTS
Animal,Dog,Unregistered,YERONGA
Animal,Attack,Not An Attack,WYNNUM WEST
Animal,Attack,Attack On An Animal,HEMMANT
Animal,Dog,Fencing Issues,BRIGHTON
Animal,Other Animal,Nuisance Animal,THE GAP
Animal,Dog,Fencing Issues,WAVELL HEIGHTS
Animal,Dog,Too Many Animals,WOOLLOONGABBA
Animal,Attack,Attack On An Animal,BELLBOWRIE
Animal,Dog,Odour,WAVELL HEIGHTS
Animal,Dog,Unregistered,SUNNYBANK
Animal,Other Animal,,RICHLANDS
Animal,Attack,Not An Attack,SEVEN HILLS
Animal,Attack,Attack On A Person,KENMORE HILLS
Animal,Cat Trapping,,MIDDLE PARK
Animal,Dog,Defecating In Public,
Animal,Attack,,FOREST LAKE
Animal,Attack,Attack On An Animal,BARDON
Animal,Attack,Attack On An Animal,ACACIA RIDGE
Animal,Attack,Attack On An Animal,HOLLAND PARK
Animal,Cat Trapping,,MANLY WEST
Animal,Other Animal,Deer,JINDALEE
Animal,Cat,,WYNNUM
Animal,Other Animal,Fox,RANSOME
Animal,Other Animal,Fox,KEPERRA
Animal,Attack,Not An Attack,INALA
Animal,Other Animal,Insufficient Space,FITZGIBBON
Animal,Cat Trapping,,INALA
Animal,Cat,,NORTHGATE
Animal,Dog,Unregistered,CALAMVALE
Animal,Other Animal,Fox,UPPER BROOKFIELD
Animal,Dog,Fencing Issues,VIRGINIA
Animal,Attack,Menacing,JAMBOREE HEIGHTS
Animal,Dog,Too Many Animals,MITCHELTON
Animal,Dog,Fencing Issues,VIRGINIA
Animal,Cat Trapping,,CHERMSIDE WEST
Animal,Attack,Menacing,BALMORAL
Animal,Dog,Too Many Animals,BALD HILLS
Animal,Other Animal,Odour,WYNNUM
Animal,Other Animal,Deer,PULLENVALE
Animal,Dog,Fencing Issues,FITZGIBBON
Animal,Cat,,GRANGE
Animal,Attack,,MILTON
Animal,Other Animal,Fencing Issues,BANYO
Animal,Other Animal,Nuisance Animal,MITCHELTON
Animal,Other Animal,Deer,PULLENVALE
Animal,Cat Trapping,,WYNNUM WEST
Animal,Attack,Attack On A Person,BURBANK
Animal,Attack,Attack On A Person,BOONDALL
Animal,Dog,Too Many Animals,BALD HILLS
Animal,Dog,Too Many Animals,BALD HILLS
Animal,Cat Trapping,,BANYO
Animal,Dog,Odour,WYNNUM WEST
Animal,Cat,,TARRAGINDI
Animal,Attack,Attack On A Person,EVERTON PARK
Animal,Attack,Not An Attack,FITZGIBBON
Animal,Attack,Attack On A Person,THE GAP
Animal,Attack,Menacing,CARINA HEIGHTS
Animal,Cat,,UPPER KEDRON
Animal,Cat Trapping,,SUNNYBANK HILLS
Animal,Cat,,NORTHGATE
Animal,Other Animal,Too Many Animals,GEEBUNG
Animal,Cat Trapping,,HENDRA
Animal,Other Animal,Fox,FOREST LAKE
Animal,Other Animal,Fox,MOGGILL
Animal,Dog,Defecating In Public,WILSTON
Animal,Attack,,ELLEN GROVE
Animal,Dog,Fencing Issues,CHERMSIDE
Animal,Other Animal,Fox,RUNCORN
Animal,Cat Trapping,,OXLEY
Animal,Dog,Fencing Issues,INALA
Animal,Other Animal,Fencing Issues,ALGESTER
Animal,Dog,Fencing Issues,MILTON
Animal,Dog,Fencing Issues,ZILLMERE
Animal,Attack,Not An Attack,WESTLAKE
Animal,Attack,Attack On A Person,BELMONT
Animal,Other Animal,Fencing Issues,ALGESTER
Animal,Cat,,NORTHGATE
Animal,Attack,Menacing,EVERTON PARK
Animal,Cat,,ACACIA RIDGE
Animal,Attack,Attack On A Person,SEVENTEEN MILE ROCKS
Animal,Dog,Fencing Issues,CHERMSIDE
Animal,Other Animal,Deer,PULLENVALE
Animal,Attack,Menacing,MORNINGSIDE
Animal,Cat,,JINDALEE
Animal,Other Animal,Nuisance Animal,BANYO
Animal,Dog,Fencing Issues,CARINA HEIGHTS
Animal,Dog,Fencing Issues,ZILLMERE
Animal,Attack,Attack On A Person,GREENSLOPES
Animal,Dog,Odour,HOLLAND PARK
Animal,Other Animal,Fox,ANSTEAD
Animal,Cat,,ELLEN GROVE
Animal,Other Animal,Fox,DEAGON
Animal,Dog,Fencing Issues,ZILLMERE
Animal,Cat,Wandering,SUNNYBANK HILLS
Animal,Dog,Fencing Issues,UPPER MOUNT GRAVATT
Animal,Dog,Unregistered,YERONGA
Animal,Dog,Fencing Issues,YERONGA
Animal,Attack,Menacing,TENNYSON
Animal,Dog,Fencing Issues,EVERTON PARK
Animal,Dog,Fencing Issues,EVERTON PARK
Animal,Dog,,DARRA
Animal,Dog,Fencing Issues,DARRA
Animal,Attack,Attack On An Animal,GEEBUNG
Animal,Cat Trapping,,ASCOT
Animal,Other Animal,Nuisance Animal,CHAPEL HILL
Animal,Cat,,FERNY GROVE
Animal,Other Animal,Fox,WAKERLEY
Animal,Dog,Fencing Issues,UPPER MOUNT GRAVATT
Animal,Attack,Attack On An Animal,BRIGHTON
Animal,Dog,Defecating In Public,BRACKEN RIDGE
Animal,Dog,Fencing Issues,BRACKEN RIDGE
Animal,Attack,Not An Attack,ELLEN GROVE
Animal,Attack,Not An Attack,CAMP HILL
Animal,Dog,Fencing Issues,MILTON
Animal,Cat Trapping,,MOUNT GRAVATT
Animal,Attack,Attack On An Animal,HAMILTON
Animal,Dog,Fencing Issues,STAFFORD
Animal,Dog,Fencing Issues,HOLLAND PARK
Animal,Other Animal,Nuisance Animal,WYNNUM
Animal,Attack,Attack On An Animal,KENMORE
Animal,Attack,Attack On An Animal,ZILLMERE
Animal,Dog,Unregistered,KURABY
Animal,Attack,Attack On An Animal,RED HILL
Animal,Dog,Defecating In Public,WYNNUM
Animal,Other Animal,Nuisance Animal,FOREST LAKE
Animal,Cat Trapping,,COOPERS PLAINS
Animal,Attack,Attack On A Person,WISHART
Animal,Dog,Fencing Issues,GAYTHORNE
Animal,Attack,Not An Attack,INALA
Animal,Dog,Fencing Issues,MOUNT GRAVATT EAST
Animal,Dog,Fencing Issues,TARRAGINDI
Animal,Attack,Not An Attack,STAFFORD HEIGHTS
Animal,Other Animal,Fox,MOGGILL
Animal,Cat,Wandering,GREENSLOPES
Animal,Dog,Fencing Issues,RED HILL
Animal,Cat Trapping,,BELLBOWRIE
Animal,Attack,Attack On An Animal,RIVERHILLS
Animal,Other Animal,Nuisance Animal,YERONGA
Animal,Dog,Too Many Animals,ALGESTER
Animal,Cat Trapping,,ZILLMERE
Animal,Attack,Attack On An Animal,TARRAGINDI
Animal,Dog,Fencing Issues,EVERTON PARK
Animal,Attack,Menacing,MOUNT GRAVATT EAST
Animal,Attack,Attack On An Animal,HENDRA
Animal,Attack,Not An Attack,WEST END
Animal,Attack,Attack On A Person,BRIDGEMAN DOWNS
Animal,Other Animal,Fox,FOREST LAKE
Animal,Dog,Fencing Issues,MANLY WEST
Animal,Dog,Fencing Issues,CALAMVALE
Animal,Attack,Attack On An Animal,CHANDLER
Animal,Attack,Attack On An Animal,RIVERHILLS
Animal,Other Animal,Too Many Animals,MITCHELTON
Animal,Attack,Not An Attack,ROCKLEA
Animal,Attack,Menacing,PULLENVALE
Animal,Other Animal,Odour,STRETTON
Animal,Cat Trapping,,ACACIA RIDGE
Animal,Dog,Fencing Issues,NUNDAH
Animal,Attack,Attack On A Person,ENOGGERA
Animal,Dog,Fencing Issues,BOWEN HILLS
Animal,Attack,Attack On A Person,ASHGROVE
Animal,Attack,Attack On An Animal,STAFFORD HEIGHTS
Animal,Other Animal,Wild Dog,MOUNT GRAVATT EAST
Animal,Other Animal,Nuisance Animal,KEDRON
Animal,Dog,Defecating In Public,PARKINSON
Animal,Attack,Not An Attack,WACOL
Animal,Dog,Fencing Issues,ASCOT
Animal,Attack,Attack On A Person,MOOROOKA
Animal,Dog,Fencing Issues,ACACIA RIDGE
Animal,Attack,Attack On A Person,CHAPEL HILL
Animal,Dog,Fencing Issues,FITZGIBBON
Animal,Other Animal,Rabbit,WYNNUM WEST
Animal,Dog,Fencing Issues,LUTWYCHE
Animal,Dog,Fencing Issues,KEDRON
Animal,Other Animal,Nuisance Animal,MOUNT GRAVATT EAST
Animal,Cat Trapping,,ROCKLEA
Animal,Dog,Defecating In Public,SHERWOOD
Animal,Other Animal,Fox,CARINA
Animal,Attack,Not An Attack,EVERTON PARK
Animal,Dog,Fencing Issues,EVERTON PARK
Animal,Dog,Fencing Issues,WINDSOR
Animal,Dog,,NUDGEE
Animal,Other Animal,Fox,KARANA DOWNS
Animal,Other Animal,Odour,CHERMSIDE
Animal,Cat,,FOREST LAKE
Animal,Cat Trapping,,WOOLLOONGABBA
Animal,Other Animal,Odour,BARDON
Animal,Attack,Menacing,KARANA DOWNS
Animal,Dog,Unregistered,
Animal,Dog,Unregistered,CARINDALE
Animal,Cat Trapping,,WYNNUM WEST
Animal,Other Animal,Fox,CARSELDINE
Animal,Attack,Attack On A Person,DEAGON
Animal,Cat Trapping,,WYNNUM
Animal,Dog,Unregistered,KARANA DOWNS
Animal,Dog,Unregistered,
Animal,Dog,Fencing Issues,WYNNUM
Animal,Attack,Attack On An Animal,NUDGEE
Animal,Other Animal,Fox,HOLLAND PARK WEST
Animal,Dog,Fencing Issues,SANDGATE
Animal,Dog,Fencing Issues,CALAMVALE
Animal,Attack,Menacing,BOWEN HILLS
Animal,Dog,Fencing Issues,KARANA DOWNS
Animal,Dog,Fencing Issues,NORMAN PARK
Animal,Other Animal,Unregistered,PULLENVALE
Animal,Attack,Attack On An Animal,PULLENVALE
Animal,Other Animal,Fox,HERSTON
Animal,Attack,Not An Attack,COORPAROO
Animal,Cat,,EIGHT MILE PLAINS
Animal,Other Animal,Unregistered,SUNNYBANK
Animal,Other Animal,Too Many Animals,CHERMSIDE
Animal,Cat Trapping,,INALA
Animal,Attack,Menacing,MOUNT GRAVATT
Animal,Attack,Attack On A Person,TAIGUM
Animal,Dog,Fencing Issues,CALAMVALE
Animal,Dog,Defecating In Public,BULIMBA
Animal,Cat,,MANLY WEST
Animal,Cat Trapping,,BELMONT
Animal,Cat Trapping,,MANLY WEST
Animal,Cat,,GRACEVILLE
Animal,Attack,Attack On A Person,ASPLEY
Animal,Dog,,SALISBURY
Animal,Attack,Attack On A Person,ROCKLEA
Animal,Cat Trapping,,COOPERS PLAINS
Animal,Cat Trapping,,EVERTON PARK
Animal,Attack,Attack On An Animal,GUMDALE
Animal,Cat Trapping,,EIGHT MILE PLAINS
Animal,Dog,Fencing Issues,MANLY WEST
Animal,Attack,Attack On An Animal,EAST BRISBANE
Animal,Dog,Fencing Issues,CHERMSIDE WEST
Animal,Cat,,BRIGHTON
Animal,Dog,Fencing Issues,ZILLMERE
Animal,Dog,Fencing Issues,FOREST LAKE
Animal,Dog,Unregistered,ASHGROVE
Animal,Other Animal,Nuisance Animal,FOREST LAKE
Animal,Cat Trapping,,TOOWONG
Animal,Attack,Attack On An Animal,PARKINSON
Animal,Dog,Fencing Issues,KENMORE
Animal,Dog,,INALA
Animal,Dog,Defecating In Public,ASHGROVE
Animal,Attack,Not An Attack,DURACK
Animal,Other Animal,Fox,WAKERLEY
Animal,Dog,Too Many Animals,ZILLMERE
Animal,Dog,,MORNINGSIDE
Animal,Dog,Fencing Issues,ASPLEY
Animal,Attack,Attack On A Person,SUNNYBANK
Animal,Other Animal,Fox,KENMORE
Animal,Dog,Fencing Issues,BRACKEN RIDGE
Animal,Attack,Attack On An Animal,COORPAROO
Animal,Attack,Attack On An Animal,BARDON
Animal,Other Animal,Nuisance Animal,AUCHENFLOWER
Animal,Attack,,CARINA HEIGHTS
Animal,Cat,,STAFFORD HEIGHTS
Animal,Dog,Fencing Issues,WYNNUM
Animal,Dog,Defecating In Public,CANNON HILL
Animal,Attack,Attack On An Animal,CHERMSIDE WEST
Animal,Dog,Fencing Issues,WINDSOR
Animal,Other Animal,,MOUNT CROSBY
Animal,Cat Trapping,,WOOLLOONGABBA
Animal,Dog,Fencing Issues,WILLAWONG
Animal,Other Animal,Nuisance Animal,PULLENVALE
Animal,Cat Trapping,,HOLLAND PARK
Animal,Attack,Attack On An Animal,ASPLEY
Animal,Other Animal,Nuisance Animal,WYNNUM
Animal,Attack,Attack On An Animal,MANLY
Animal,Attack,Attack On A Person,MOGGILL
Animal,Cat Trapping,,ASPLEY
Animal,Cat,,ENOGGERA
Animal,Attack,Attack On An Animal,BRIGHTON
Animal,Dog,Fencing Issues,WISHART
Animal,Attack,,NORMAN PARK
Animal,Cat Trapping,,ROBERTSON
Animal,Dog,Fencing Issues,WISHART
Animal,Dog,Fencing Issues,DURACK
Animal,Attack,,CARINA HEIGHTS
Animal,Dog,Defecating In Public,CORINDA
Animal,Dog,Fencing Issues,CARINA
Animal,Dog,Fencing Issues,ACACIA RIDGE
Animal,Cat Trapping,,WOOLLOONGABBA
Animal,Other Animal,Nuisance Animal,MOUNT GRAVATT EAST
Animal,Cat Trapping,,DURACK
Animal,Attack,Attack On A Person,ENOGGERA
Animal,Other Animal,Fox,ROCKLEA
Animal,Cat,,CARINA HEIGHTS
Animal,Attack,Attack On An Animal,GUMDALE
Animal,Dog,Fencing Issues,CHERMSIDE
Animal,Other Animal,,CARINA
Animal,Cat Trapping,,DURACK
Animal,Dog,Odour,DEAGON
Animal,Dog,Fencing Issues,KELVIN GROVE
Animal,Dog,Fencing Issues,CARINDALE
Animal,Attack,Not An Attack,ELLEN GROVE
Animal,Attack,Attack On An Animal,ROCHEDALE
Animal,Dog,Fencing Issues,INALA
Animal,Other Animal,,HENDRA
Animal,Attack,Attack On A Person,WISHART
Animal,Attack,Attack On An Animal,SEVEN HILLS
Animal,Attack,,DUTTON PARK
Animal,Other Animal,Fox,GUMDALE
Animal,Attack,,INALA
Animal,Attack,Not An Attack,SINNAMON PARK
Animal,Dog,Fencing Issues,CAMP HILL
Animal,Other Animal,Nuisance Animal,STAFFORD HEIGHTS
Animal,Cat Trapping,,COORPAROO
Animal,Cat,,COORPAROO
Animal,Other Animal,Fox,KARANA DOWNS
Animal,Other Animal,,PALLARA
Animal,Cat Trapping,,ROBERTSON
Animal,Other Animal,Fox,KARANA DOWNS
Animal,Other Animal,Odour,TAIGUM
Animal,Attack,Attack On An Animal,MITCHELTON
Animal,Dog,Defecating In Public,COORPAROO
Animal,Attack,Attack On A Person,GEEBUNG
Animal,Other Animal,Nuisance Animal,ZILLMERE
Animal,Other Animal,,RICHLANDS
Animal,Other Animal,Fox,BURBANK
Animal,Cat Trapping,,GORDON PARK
Animal,Other Animal,Pest / Feral Animal,FORTITUDE VALLEY
Animal,Dog,Too Many Animals,EIGHT MILE PLAINS
Animal,Attack,Attack On A Person,NUNDAH
Animal,Dog,Fencing Issues,DARRA
Animal,Attack,Attack On A Person,BRACKEN RIDGE
Animal,Dog,Fencing Issues,KELVIN GROVE
Animal,Dog,Defecating In Public,ASPLEY
Animal,Cat Trapping,,ZILLMERE
Animal,Cat,,BRIGHTON
Animal,Attack,Attack On An Animal,ACACIA RIDGE
Animal,Dog,Fencing Issues,WEST END
Animal,Cat Trapping,,ASCOT
Animal,Dog,Fencing Issues,ZILLMERE
Animal,Dog,Fencing Issues,RUNCORN
Animal,Cat Trapping,,WOOLLOONGABBA
Animal,Dog,Defecating In Public,SUNNYBANK HILLS
Animal,Dog,Unregistered,UPPER MOUNT GRAVATT
Animal,Other Animal,Fox,EIGHT MILE PLAINS
Animal,Dog,,WAVELL HEIGHTS
Animal,Attack,Attack On A Person,MOOROOKA
Animal,Dog,Fencing Issues,NUDGEE
Animal,Dog,Fencing Issues,ASPLEY
Animal,Dog,Fencing Issues,ASPLEY
Animal,Dog,Fencing Issues,BURBANK
Animal,Dog,,NORTHGATE
Animal,Attack,Not An Attack,DARRA
Animal,Dog,Too Many Animals,FITZGIBBON
Animal,Attack,Attack On A Person,FOREST LAKE
Animal,Attack,Attack On A Person,CHELMER
Animal,Dog,Defecating In Public,LOTA
Animal,Dog,Fencing Issues,CAMP HILL
Animal,Dog,Too Many Animals,NUDGEE BEACH
Animal,Dog,Fencing Issues,FITZGIBBON
Animal,Other Animal,Fox,BOONDALL
Animal,Other Animal,,UPPER KEDRON
Animal,Cat,,NORTHGATE
Animal,Attack,Attack On A Person,KURABY
Animal,Dog,Fencing Issues,HIGHGATE HILL
Animal,Attack,Not An Attack,GEEBUNG
Animal,Attack,,EVERTON PARK
Animal,Dog,Unregistered,MANSFIELD
Animal,Dog,Fencing Issues,INDOOROOPILLY
Animal,Other Animal,Nuisance Animal,CARINA HEIGHTS
Animal,Cat Trapping,,TINGALPA
Animal,Dog,Fencing Issues,TOOWONG
Animal,Attack,Menacing,DURACK
Animal,Attack,Menacing,ZILLMERE
Animal,Dog,Fencing Issues,KARANA DOWNS
Animal,Dog,,CARINA
Animal,Dog,Fencing Issues,ASHGROVE
Animal,Attack,Menacing,ANNERLEY
Animal,Attack,Attack On A Person,THE GAP
Animal,Other Animal,Nuisance Animal,CLAYFIELD
Animal,Attack,Attack On An Animal,MOOROOKA
Animal,Other Animal,Fencing Issues,SUMNER
Animal,Dog,Defecating In Public,SALISBURY
Animal,Other Animal,Fox,GUMDALE
Animal,Dog,Fencing Issues,CAMP HILL
Animal,Other Animal,Fox,HOLLAND PARK WEST
Animal,Cat Trapping,,ZILLMERE
Animal,Dog,Fencing Issues,SEVEN HILLS
Animal,Dog,Unregistered,NORMAN PARK
Animal,Dog,,ROCKLEA
Animal,Attack,Attack On An Animal,ROCHEDALE
Animal,Attack,Attack On An Animal,MANLY
Animal,Cat Trapping,,GEEBUNG
Animal,Dog,Too Many Animals,BANYO
Animal,Dog,Defecating In Public,YERONGA
Animal,Cat Trapping,,EIGHT MILE PLAINS
Animal,Cat Trapping,,DOOLANDELLA
Animal,Cat,,COORPAROO
Animal,Cat Trapping,,RED HILL
Animal,Attack,Attack On A Person,EVERTON PARK
Animal,Other Animal,Fox,ANSTEAD
Animal,Other Animal,Odour,COOPERS PLAINS
Animal,Dog,Unregistered,SUNNYBANK HILLS
Animal,Dog,Fencing Issues,EAST BRISBANE
Animal,Dog,Fencing Issues,KARANA DOWNS
Animal,Dog,Fencing Issues,RUNCORN
Animal,Dog,Fencing Issues,THE GAP
Animal,Attack,Attack On An Animal,RIVERHILLS
Animal,Attack,Attack On An Animal,CALAMVALE
Animal,Dog,Too Many Animals,ELLEN GROVE
Animal,Other Animal,Fox,FERNY GROVE
Animal,Attack,Attack On An Animal,KALINGA
Animal,Attack,Attack On An Animal,HOLLAND PARK
Animal,Attack,Menacing,MANSFIELD
Animal,Dog,Insufficient Space,STAFFORD HEIGHTS
Animal,Dog,Too Many Animals,ELLEN GROVE
Animal,Attack,Attack On An Animal,NORTHGATE
Animal,Attack,Not An Attack,PADDINGTON
Animal,Cat Trapping,,WYNNUM
Animal,Attack,Menacing,SUNNYBANK
Animal,Cat Trapping,,GAYTHORNE
Animal,Cat,,WISHART
Animal,Cat,Wandering,ACACIA RIDGE
Animal,Cat Trapping,,ACACIA RIDGE
Animal,Dog,Defecating In Public,WACOL
Animal,Other Animal,Fox,COORPAROO
Animal,Cat,,PALLARA
Animal,Cat,,PALLARA
Animal,Dog,Unregistered,ZILLMERE
Animal,Dog,Fencing Issues,ROCKLEA
Animal,Cat Trapping,,COOPERS PLAINS
Animal,Attack,Attack On A Person,DURACK
Animal,Attack,,PULLENVALE
Animal,Cat,,WYNNUM WEST
Animal,Dog,Fencing Issues,ASPLEY
Animal,Attack,Attack On An Animal,EVERTON PARK
Animal,Other Animal,Fox,MANSFIELD
Animal,Other Animal,Fox,CORINDA
Animal,Cat Trapping,,BALD HILLS
Animal,Cat,,CORINDA
Animal,Dog,Odour,BELMONT
Animal,Attack,Not An Attack,MOUNT COOT-THA
Animal,Attack,Attack On An Animal,FOREST LAKE
Animal,Cat Trapping,,GORDON PARK
Animal,Attack,Attack On An Animal,TARRAGINDI
Animal,Dog,Fencing Issues,KANGAROO POINT
Animal,Dog,Fencing Issues,BULIMBA
Animal,Cat Trapping,,BELLBOWRIE
Animal,Dog,Fencing Issues,WEST END
Animal,Dog,,SUNNYBANK HILLS
Animal,Cat,,MOOROOKA
Animal,Dog,Fencing Issues,UPPER KEDRON
Animal,Dog,Defecating In Public,KALINGA
Animal,Dog,Defecating In Public,NUNDAH
Animal,Dog,Fencing Issues,KARANA DOWNS
Animal,Attack,Attack On An Animal,SUNNYBANK
Animal,Attack,Attack On An Animal,YERONGA
Animal,Other Animal,Pest / Feral Animal,HAMILTON
Animal,Dog,Fencing Issues,FOREST LAKE
Animal,Other Animal,Fox,SEVEN HILLS
Animal,Dog,Fencing Issues,ALGESTER
Animal,Dog,Fencing Issues,ZILLMERE
Animal,Dog,Fencing Issues,ZILLMERE
Animal,Attack,Not An Attack,BRIGHTON
Animal,Dog,Fencing Issues,UPPER KEDRON
Animal,Dog,Fencing Issues,INALA
Animal,Attack,Attack On An Animal,CORINDA
Animal,Dog,Defecating In Public,RUNCORN
Animal,Dog,Fencing Issues,INALA
Animal,Cat,,BALD HILLS
Animal,Other Animal,Nuisance Animal,FOREST LAKE
Animal,Cat Trapping,,ACACIA RIDGE
Animal,Cat Trapping,,WILLAWONG
Animal,Cat,Wandering,UPPER KEDRON
Animal,Dog,Fencing Issues,NUNDAH
Animal,Dog,Too Many Animals,NATHAN
Animal,Other Animal,Fox,RANSOME
Animal,Attack,Attack On An Animal,KEPERRA
Animal,Attack,Attack On An Animal,BULWER
Animal,Dog,Fencing Issues,DEAGON
Animal,Attack,Not An Attack,SALISBURY
Animal,Attack,Attack On A Person,TARINGA
Animal,Attack,Attack On A Person,MOOROOKA
Animal,Cat Trapping,,BALD HILLS
Animal,Attack,Attack On An Animal,BARDON
Animal,Attack,Attack On An Animal,WYNNUM
Animal,Dog,Too Many Animals,ASCOT
Animal,Other Animal,Nuisance Animal,DARRA
Animal,Other Animal,Pest / Feral Animal,MURARRIE
Animal,Cat Trapping,,WAVELL HEIGHTS
Animal,Attack,Attack On A Person,MILTON
Animal,Other Animal,Pest / Feral Animal,RED HILL
Animal,Dog,Fencing Issues,INALA
Animal,Other Animal,Rabbit,SEVEN HILLS
Animal,Dog,Fencing Issues,NUNDAH
Animal,Attack,Attack On A Person,MILTON
Animal,Other Animal,Odour,BRIDGEMAN DOWNS
Animal,Dog,Fencing Issues,NUNDAH
Animal,Other Animal,Pest / Feral Animal,DEAGON
Animal,Dog,Fencing Issues,ZILLMERE
Animal,Dog,Fencing Issues,KEPERRA
Animal,Other Animal,Feral Pig,UPPER BROOKFIELD
Animal,Cat,,WISHART
Animal,Dog,,CHELMER
Animal,Dog,Fencing Issues,BARDON
Animal,Attack,,WEST END
Animal,Dog,,TENERIFFE
Animal,Dog,Fencing Issues,WAVELL HEIGHTS
Animal,Dog,Fencing Issues,CHERMSIDE WEST
Animal,Attack,Attack On An Animal,WAVELL HEIGHTS
Animal,Other Animal,Nuisance Animal,SEVEN HILLS
Animal,Dog,Defecating In Public,MANLY WEST
Animal,Cat,,BRIGHTON
Animal,Cat,,TARRAGINDI
Animal,Cat,,WYNNUM WEST
Animal,Dog,Defecating In Public,ASCOT
Animal,Dog,Fencing Issues,ACACIA RIDGE
Animal,Attack,Menacing,MANSFIELD
Animal,Other Animal,Fox,UPPER BROOKFIELD
Animal,Attack,Attack On A Person,SEVEN HILLS
Animal,Dog,Fencing Issues,CARINA
Animal,Attack,Menacing,INALA
Animal,Cat,,CARINA HEIGHTS
Animal,Attack,,HOLLAND PARK
Animal,Dog,Wandering,STONES CORNER
Animal,Dog,Fencing Issues,INALA
Animal,Dog,Fencing Issues,INALA
Animal,Dog,Fencing Issues,CARINA
Animal,Attack,Not An Attack,PARKINSON
Animal,Other Animal,Fox,GUMDALE
Animal,Cat Trapping,,HAMILTON
Animal,Attack,Attack On An Animal,WYNNUM WEST
Animal,Dog,Defecating In Public,CHERMSIDE WEST
Animal,Dog,,CALAMVALE
Animal,Cat Trapping,,BROOKFIELD
Animal,Dog,Fencing Issues,SEVEN HILLS
Animal,Dog,Fencing Issues,YERONGA
Animal,Dog,Defecating In Public,NORTHGATE
Animal,Other Animal,Wild Dog,BROOKFIELD
Animal,Other Animal,Fox,UPPER BROOKFIELD
Animal,Cat Trapping,,INALA
Animal,Attack,,HOLLAND PARK
Animal,Cat,Wandering,WAVELL HEIGHTS
Animal,Dog,Odour,UPPER MOUNT GRAVATT
Animal,Cat,,GREENSLOPES
Animal,Other Animal,Pest / Feral Animal,HOLLAND PARK
Animal,Other Animal,Pest / Feral Animal,MOUNT OMMANEY
Animal,Attack,Not An Attack,INALA
Animal,Other Animal,Fencing Issues,KEDRON
Animal,Other Animal,Odour,MOUNT GRAVATT EAST
Animal,Cat Trapping,,NEW FARM
Animal,Dog,Fencing Issues,NUNDAH
Animal,Other Animal,Wild Dog,UPPER BROOKFIELD
Animal,Other Animal,Fox,FOREST LAKE
Animal,Attack,Attack On A Person,BALMORAL
Animal,Dog,Unregistered,FOREST LAKE
Animal,Attack,Attack On An Animal,BRIGHTON
Animal,Attack,Menacing,CHERMSIDE
Animal,Other Animal,Wild Dog,UPPER BROOKFIELD
Animal,Dog,Fencing Issues,BRIGHTON
Animal,Dog,Too Many Animals,KANGAROO POINT
Animal,Dog,Fencing Issues,SALISBURY
Animal,Attack,Attack On A Person,FOREST LAKE
Animal,Cat Trapping,,NEWSTEAD
Animal,Cat Trapping,,COORPAROO
Animal,Cat Trapping,,WOOLLOONGABBA
Animal,Attack,Attack On An Animal,BOONDALL
Animal,Attack,Attack On An Animal,WYNNUM WEST
Animal,Attack,Menacing,KENMORE
Animal,Cat,,STAFFORD
Animal,Other Animal,Feral Pig,UPPER BROOKFIELD
Animal,Cat,,DEAGON
Animal,Attack,Attack On A Person,UPPER MOUNT GRAVATT
Animal,Cat Trapping,,SUNNYBANK
Animal,Attack,Attack On An Animal,CAMP HILL
Animal,Other Animal,Fox,CHANDLER
Animal,Other Animal,Fencing Issues,PULLENVALE
Animal,Dog,Fencing Issues,WOOLLOONGABBA
Animal,Dog,Fencing Issues,NUDGEE
Animal,Other Animal,Fencing Issues,KURABY
Animal,Other Animal,Nuisance Animal,DOOLANDELLA
Animal,Dog,Fencing Issues,SUNNYBANK HILLS
Animal,Attack,Attack On An Animal,ALGESTER
Animal,Attack,Attack On A Person,CHERMSIDE WEST
Animal,Attack,Menacing,MOUNT GRAVATT
Animal,Cat,,CHERMSIDE
Animal,Cat Trapping,,CARINA
Animal,Cat Trapping,,KELVIN GROVE
Animal,Attack,Attack On An Animal,ACACIA RIDGE
Animal,Cat Trapping,,MOGGILL
Animal,Other Animal,Fencing Issues,BROOKFIELD
Animal,Dog,Fencing Issues,MOUNT GRAVATT EAST
Animal,Dog,Too Many Animals,SUNNYBANK HILLS
Animal,Attack,Menacing,KARANA DOWNS
Animal,Dog,Wandering,MANSFIELD
Animal,Dog,Fencing Issues,SALISBURY
Animal,Dog,Fencing Issues,SALISBURY
Animal,Cat Trapping,,SALISBURY
Animal,Dog,,STRETTON
Animal,Dog,Unregistered,DARRA
Animal,Attack,Attack On A Person,STAFFORD HEIGHTS
Animal,Dog,Fencing Issues,COORPAROO
Animal,Attack,,ACACIA RIDGE
Animal,Other Animal,Odour,SUNNYBANK
Animal,Other Animal,Fox,MORNINGSIDE
Animal,Other Animal,Fox,UPPER BROOKFIELD
Animal,Attack,Attack On A Person,MURARRIE
Animal,Dog,Fencing Issues,CARINA
Animal,Cat Trapping,,ROBERTSON
Animal,Other Animal,Fox,GREENSLOPES
Animal,Other Animal,Odour,FOREST LAKE
Animal,Dog,Defecating In Public,NEWMARKET
Animal,Cat Trapping,,RUNCORN
Animal,Attack,Menacing,SUNNYBANK HILLS
Animal,Attack,Attack On A Person,ACACIA RIDGE
Animal,Cat Trapping,,CHERMSIDE
Animal,Attack,Attack On An Animal,INALA
Animal,Other Animal,Pest / Feral Animal,WAKERLEY
Animal,Other Animal,Nuisance Animal,ASHGROVE
Animal,Cat Trapping,,ACACIA RIDGE
Animal,Dog,Fencing Issues,KEDRON
Animal,Cat Trapping,,SUNNYBANK HILLS
Animal,Attack,Not An Attack,CHERMSIDE
Animal,Attack,Menacing,CARINDALE
Animal,Other Animal,Fox,HOLLAND PARK
Animal,Attack,Attack On An Animal,SANDGATE
Animal,Cat Trapping,,UPPER BROOKFIELD
Animal,Attack,Attack On An Animal,GREENSLOPES
Animal,Dog,Fencing Issues,JAMBOREE HEIGHTS
Animal,Attack,Attack On An Animal,SUNNYBANK HILLS
Animal,Cat Trapping,,COOPERS PLAINS
Animal,Dog,Fencing Issues,ELLEN GROVE
Animal,Attack,Attack On A Person,ALGESTER
Animal,Attack,Attack On An Animal,CARSELDINE
Animal,Dog,Fencing Issues,DARRA
Animal,Dog,Fencing Issues,SALISBURY
Animal,Dog,Fencing Issues,WYNNUM
Animal,Attack,Attack On A Person,WYNNUM WEST
Animal,Dog,Fencing Issues,WAVELL HEIGHTS
Animal,Attack,Attack On A Person,PARKINSON
Animal,Dog,Fencing Issues,CARSELDINE
Animal,Cat Trapping,,COORPAROO
Animal,Attack,Attack On An Animal,FAIRFIELD
Animal,Dog,Fencing Issues,TARINGA
Animal,Dog,Fencing Issues,WEST END
Animal,Attack,Attack On An Animal,MACGREGOR
Animal,Dog,Fencing Issues,WYNNUM WEST
Animal,Attack,Attack On An Animal,CHANDLER
Animal,Attack,Not An Attack,WEST END
Animal,Other Animal,Nuisance Animal,DURACK
Animal,Other Animal,Fox,CARINDALE
Animal,Other Animal,Fox,WAKERLEY
Animal,Attack,Menacing,MANSFIELD
Animal,Other Animal,Odour,BURBANK
Animal,Other Animal,Nuisance Animal,BALD HILLS
Animal,Dog,Fencing Issues,MOGGILL
Animal,Dog,Fencing Issues,MOGGILL
Animal,Other Animal,Fencing Issues,MOUNT CROSBY
Animal,Dog,Defecating In Public,INALA
Animal,Other Animal,Fox,CARINA
Animal,Dog,Fencing Issues,SUNNYBANK HILLS
Animal,Attack,Attack On An Animal,NORTHGATE
Animal,Attack,Attack On An Animal,MANLY WEST
Animal,Dog,Fencing Issues,EVERTON PARK
Animal,Dog,Fencing Issues,UPPER KEDRON
Animal,Dog,Fencing Issues,STAFFORD
Animal,Dog,Fencing Issues,GREENSLOPES
Animal,Dog,Fencing Issues,CHERMSIDE WEST
Animal,Dog,Fencing Issues,HOLLAND PARK WEST
Animal,Dog,Fencing Issues,STAFFORD HEIGHTS
Animal,Other Animal,Deer,PULLENVALE
Animal,Dog,Defecating In Public,BOONDALL
Animal,Attack,Menacing,SALISBURY
Animal,Dog,Fencing Issues,MORNINGSIDE
Animal,Dog,Unregistered,
Animal,Dog,Fencing Issues,MURARRIE
Animal,Other Animal,Fox,RUNCORN
Animal,Dog,Defecating In Public,TARRAGINDI
Animal,Dog,Fencing Issues,INALA
Animal,Dog,Fencing Issues,INALA
Animal,Attack,Attack On A Person,RUNCORN
Animal,Attack,Not An Attack,CALAMVALE
Animal,Attack,Menacing,COORPAROO
Animal,Attack,Menacing,WYNNUM
Animal,Dog,Fencing Issues,KEPERRA
Animal,Cat Trapping,,ZILLMERE
Animal,Dog,Fencing Issues,GRACEVILLE
Animal,Attack,Not An Attack,CARSELDINE
Animal,Attack,Attack On An Animal,ASPLEY
Animal,Dog,Fencing Issues,
Animal,Attack,Attack On A Person,WYNNUM
Animal,Other Animal,Deer,UPPER BROOKFIELD
Animal,Dog,Fencing Issues,YERONGA
Animal,Dog,Fencing Issues,THE GAP
Animal,Attack,Attack On A Person,WISHART
Animal,Dog,Fencing Issues,INALA
Animal,Dog,Fencing Issues,CHERMSIDE
Animal,Other Animal,Deer,PULLENVALE
Animal,Dog,Too Many Animals,MOOROOKA
Animal,Dog,Fencing Issues,ASPLEY
Animal,Other Animal,Nuisance Animal,ACACIA RIDGE
Animal,Attack,Attack On An Animal,EVERTON PARK
Animal,Other Animal,Feral Pig,UPPER BROOKFIELD
Animal,Other Animal,,DOOLANDELLA
Animal,Dog,,PULLENVALE
Animal,Dog,Fencing Issues,RED HILL
Animal,Attack,Attack On A Person,ELLEN GROVE
Animal,Attack,Attack On An Animal,GRACEVILLE
Animal,Attack,,INALA
Animal,Dog,Unregistered,WISHART
Animal,Other Animal,Fencing Issues,NORMAN PARK
Animal,Other Animal,Fox,WACOL
Animal,Dog,,SALISBURY
Animal,Cat Trapping,,NEW FARM
Animal,Dog,Fencing Issues,
Animal,Other Animal,Nuisance Animal,FOREST LAKE
Animal,Other Animal,Deer,JINDALEE
Animal,Other Animal,Fox,TARRAGINDI
Animal,Cat Trapping,,MANLY WEST
Animal,Other Animal,Deer,PINJARRA HILLS
Animal,Dog,,NUDGEE
Animal,Attack,Menacing,MCDOWALL
Animal,Attack,Menacing,FIG TREE POCKET
Animal,Attack,Attack On A Person,CLAYFIELD
Animal,Cat Trapping,,CHELMER
Animal,Cat,,RUNCORN
Animal,Other Animal,Nuisance Animal,DARRA
Animal,Cat Trapping,,INALA
Animal,Dog,Defecating In Public,CARSELDINE
Animal,Cat,,EAST BRISBANE
Animal,Dog,Unregistered,INALA
Animal,Attack,Attack On An Animal,KEDRON
Animal,Cat Trapping,,SINNAMON PARK
Animal,Cat,,GRANGE
Animal,Other Animal,Fox,FERNY GROVE
Animal,Attack,Not An Attack,BARDON
Animal,Attack,Attack On An Animal,WYNNUM
Animal,Other Animal,Fencing Issues,OXLEY
Animal,Attack,Attack On A Person,INALA
Animal,Dog,Unregistered,WOOLLOONGABBA
Animal,Attack,Attack On An Animal,UPPER BROOKFIELD
Animal,Cat Trapping,,RED HILL
Animal,Attack,Not An Attack,DARRA
Animal,Other Animal,Pest / Feral Animal,SANDGATE
Animal,Dog,Fencing Issues,KEPERRA
Animal,Other Animal,Fox,PULLENVALE
Animal,Dog,Fencing Issues,CHERMSIDE
Animal,Attack,Attack On An Animal,HIGHGATE HILL
Animal,Cat Trapping,,JINDALEE
Animal,Dog,Fencing Issues,DURACK
Animal,Other Animal,Unregistered,SUNNYBANK
Animal,Dog,Fencing Issues,GRACEVILLE
Animal,Attack,Attack On A Person,NEWMARKET
Animal,Cat,,CARSELDINE
Animal,Attack,Attack On An Animal,NORMAN PARK
Animal,Attack,Attack On An Animal,BALMORAL
Animal,Dog,Fencing Issues,CARINA
Animal,Other Animal,Fox,MOUNT OMMANEY
Animal,Dog,Unregistered,CHAPEL HILL
Animal,Dog,Too Many Animals,ELLEN GROVE
Animal,Attack,Menacing,COORPAROO
Animal,Attack,Attack On An Animal,GEEBUNG
Animal,Other Animal,Fox,MORNINGSIDE
Animal,Attack,Menacing,WYNNUM
Animal,Dog,Fencing Issues,DUTTON PARK
Animal,Cat,,NORTHGATE
Animal,Dog,Unregistered,KURABY
Animal,Dog,Too Many Animals,KURABY
Animal,Attack,Attack On A Person,JINDALEE
Animal,Attack,Attack On An Animal,BRIGHTON
Animal,Cat Trapping,,MOOROOKA
Animal,Cat,,SEVEN HILLS
Animal,Dog,Fencing Issues,NUNDAH
Animal,Other Animal,Rabbit,UPPER KEDRON
Animal,Attack,Attack On An Animal,MOGGILL
Animal,Attack,Not An Attack,ACACIA RIDGE
Animal,Attack,,EAST BRISBANE
Animal,Dog,Fencing Issues,INALA
Animal,Attack,Menacing,ELLEN GROVE
Animal,Cat,,SANDGATE
Animal,Attack,Not An Attack,ACACIA RIDGE
Animal,Other Animal,Unregistered,CHERMSIDE
Animal,Attack,,INALA
Animal,Other Animal,Odour,INDOOROOPILLY
Animal,Dog,Fencing Issues,WAVELL HEIGHTS
Animal,Attack,Attack On A Person,KEDRON
Animal,Dog,Fencing Issues,COORPAROO
Animal,Dog,Fencing Issues,KEPERRA
Animal,Cat Trapping,,DURACK
Animal,Other Animal,Fox,HOLLAND PARK WEST
Animal,Attack,Attack On A Person,ELLEN GROVE
Animal,Dog,Unregistered,PADDINGTON
Animal,Attack,,BALMORAL
Animal,Attack,,CARINA HEIGHTS
Animal,Attack,Attack On An Animal,HOLLAND PARK
Animal,Dog,Defecating In Public,TARINGA
Animal,Cat Trapping,,CARINA
Animal,Attack,Not An Attack,STAFFORD HEIGHTS
Animal,Cat,,MORNINGSIDE
Animal,Attack,Menacing,STONES CORNER
Animal,Attack,Attack On A Person,CARINA HEIGHTS
Animal,Other Animal,Fox,CARINA
Animal,Attack,Attack On A Person,JAMBOREE HEIGHTS
Animal,Other Animal,Fox,CHANDLER
Animal,Dog,Too Many Animals,CAMP HILL
Animal,Other Animal,Nuisance Animal,WYNNUM WEST
Animal,Dog,Too Many Animals,RUNCORN
Animal,Attack,Attack On An Animal,CLAYFIELD
Animal,Other Animal,Fox,PULLENVALE
Animal,Attack,Attack On An Animal,CALAMVALE
Animal,Dog,Fencing Issues,HAWTHORNE
Animal,Dog,Fencing Issues,CARSELDINE
Animal,Dog,Unregistered,ZILLMERE
Animal,Other Animal,Pest / Feral Animal,UPPER KEDRON
Animal,Other Animal,Fox,CHERMSIDE
Animal,Attack,Attack On An Animal,NEWSTEAD
Animal,Dog,Fencing Issues,INALA
Animal,Dog,Fencing Issues,MOUNT GRAVATT EAST
Animal,Attack,Attack On An Animal,ROCHEDALE
Animal,Dog,Fencing Issues,CALAMVALE
Animal,Dog,Fencing Issues,CALAMVALE
Animal,Dog,Fencing Issues,THE GAP
Animal,Attack,,THE GAP
Animal,Attack,Attack On An Animal,BRACKEN RIDGE
Animal,Dog,Fencing Issues,ASPLEY
Animal,Attack,Attack On An Animal,KARANA DOWNS
Animal,Attack,Menacing,MOOROOKA
Animal,Dog,Defecating In Public,ASCOT
Animal,Attack,Not An Attack,INALA
Animal,Other Animal,Wild Dog,BROOKFIELD
Animal,Attack,Attack On An Animal,HOLLAND PARK
Animal,Cat Trapping,,WEST END
Animal,Dog,Fencing Issues,UPPER KEDRON
Animal,Dog,Fencing Issues,BRIDGEMAN DOWNS
Animal,Dog,Fencing Issues,WAKERLEY
Animal,Attack,Attack On A Person,HAMILTON
Animal,Attack,Attack On A Person,COORPAROO
Animal,Attack,Not An Attack,CHERMSIDE
Animal,Cat,,KEDRON
Animal,Dog,Fencing Issues,TARINGA
Animal,Dog,Insufficient Space,
Animal,Dog,Fencing Issues,SALISBURY
Animal,Other Animal,Fencing Issues,BALD HILLS
Animal,Cat Trapping,,INALA
Animal,Cat Trapping,,RICHLANDS
Animal,Other Animal,Fox,PULLENVALE
Animal,Dog,Fencing Issues,ZILLMERE
Animal,Other Animal,Fox,KENMORE
Animal,Other Animal,Fox,PULLENVALE
Animal,Cat Trapping,,GEEBUNG
Animal,Other Animal,Fox,MOOROOKA
Animal,Attack,Attack On An Animal,CARSELDINE
Animal,Dog,Fencing Issues,ALDERLEY
Animal,Other Animal,Pest / Feral Animal,ANNERLEY
Animal,Other Animal,Fox,MOGGILL
Animal,Attack,Not An Attack,HEMMANT
Animal,Cat,,FERNY GROVE
Animal,Other Animal,Fox,PULLENVALE
Animal,Dog,Fencing Issues,WYNNUM
Animal,Dog,,WAVELL HEIGHTS
Animal,Other Animal,Pest / Feral Animal,MURARRIE
Animal,Dog,,BALD HILLS
Animal,Cat,,COORPAROO
Animal,Other Animal,Fox,RANSOME
Animal,Dog,Fencing Issues,EVERTON PARK
Animal,Dog,Odour,KANGAROO POINT
Animal,Cat Trapping,,BALD HILLS
Animal,Other Animal,Nuisance Animal,TARINGA
Animal,Dog,Fencing Issues,FOREST LAKE
Animal,Cat,,MANSFIELD
Animal,Attack,Attack On An Animal,MOUNT CROSBY
Animal,Dog,Fencing Issues,EAGLE FARM
Animal,Cat Trapping,,COOPERS PLAINS
Animal,Dog,Fencing Issues,KALINGA
Animal,Dog,Fencing Issues,ASPLEY
Animal,Dog,Fencing Issues,MOUNT GRAVATT EAST
Animal,Dog,Unregistered,MCDOWALL
Animal,Dog,Unregistered,BRACKEN RIDGE
Animal,Dog,Fencing Issues,
Animal,Dog,Too Many Animals,UPPER MOUNT GRAVATT
Animal,Dog,Fencing Issues,NEWMARKET
Animal,Dog,Odour,NORMAN PARK
Animal,Cat Trapping,,ACACIA RIDGE
Animal,Dog,Fencing Issues,ACACIA RIDGE
Animal,Attack,Attack On An Animal,MITCHELTON
Animal,Cat,,COORPAROO
Animal,Cat Trapping,,COORPAROO
Animal,Dog,,RIVERHILLS
Animal,Attack,Attack On An Animal,HOLLAND PARK WEST
Animal,Dog,Fencing Issues,BANYO
Animal,Cat,,PULLENVALE
Animal,Cat,Wandering,ANNERLEY
Animal,Other Animal,Fox,WILLAWONG
Animal,Attack,,CALAMVALE
Animal,Other Animal,Pest / Feral Animal,WAVELL HEIGHTS
Animal,Attack,Attack On A Person,ELLEN GROVE
Animal,Attack,,MORNINGSIDE
Animal,Cat,,ACACIA RIDGE
Animal,Cat Trapping,,ACACIA RIDGE
Animal,Dog,Defecating In Public,KARANA DOWNS
Animal,Attack,Attack On An Animal,SUNNYBANK HILLS
Animal,Dog,Fencing Issues,DURACK
Animal,Dog,Odour,NORMAN PARK
Animal,Dog,,SALISBURY
Animal,Other Animal,Pest / Feral Animal,MACKENZIE
Animal,Dog,Fencing Issues,EVERTON PARK
Animal,Other Animal,Fox,ST LUCIA
Animal,Dog,Fencing Issues,TINGALPA
Animal,Attack,Attack On A Person,MOUNT GRAVATT
Animal,Other Animal,Fox,ASPLEY
Animal,Dog,Fencing Issues,INALA
Animal,Attack,Attack On An Animal,ALDERLEY
Animal,Attack,Not An Attack,COOPERS PLAINS
Animal,Dog,Fencing Issues,BULIMBA
Animal,Dog,Fencing Issues,ACACIA RIDGE
Animal,Attack,Attack On A Person,BRIGHTON
Animal,Dog,Fencing Issues,ACACIA RIDGE
Animal,Dog,Odour,ELLEN GROVE
Animal,Attack,Attack On An Animal,STAFFORD HEIGHTS
Animal,Cat Trapping,,ASPLEY
Animal,Attack,Attack On An Animal,FOREST LAKE
Animal,Cat Trapping,,WYNNUM
Animal,Attack,Not An Attack,WEST END
Animal,Other Animal,Fox,MOGGILL
Animal,Other Animal,Pest / Feral Animal,MURARRIE
Animal,Dog,Defecating In Public,MOOROOKA
Animal,Other Animal,Nuisance Animal,CARINDALE
Animal,Cat Trapping,,BALD HILLS
Animal,Attack,Attack On An Animal,TAIGUM
Animal,Dog,Defecating In Public,GREENSLOPES
Animal,Attack,Attack On An Animal,ACACIA RIDGE
Animal,Attack,,WESTLAKE
Animal,Attack,Attack On A Person,ALBION
Animal,Attack,Not An Attack,WYNNUM
Animal,Attack,Attack On A Person,DARRA
Animal,Attack,Attack On An Animal,RED HILL
Animal,Cat,,CARSELDINE
Animal,Dog,Defecating In Public,KALINGA
Animal,Attack,Attack On An Animal,MORNINGSIDE
Animal,Attack,Attack On An Animal,UPPER MOUNT GRAVATT
Animal,Other Animal,Pest / Feral Animal,UPPER KEDRON
Animal,Attack,Attack On An Animal,BRACKEN RIDGE
Animal,Other Animal,Odour,BELLBOWRIE
Animal,Dog,Fencing Issues,BRIGHTON
Animal,Attack,Attack On A Person,LOTA
Animal,Attack,Attack On A Person,KENMORE HILLS
Animal,Attack,Attack On An Animal,INALA
Animal,Dog,Fencing Issues,BRACKEN RIDGE
Animal,Dog,Fencing Issues,WYNNUM
Animal,Attack,Attack On A Person,CORINDA
Animal,Cat Trapping,,MORNINGSIDE
Animal,Cat,,EAST BRISBANE
Animal,Dog,Too Many Animals,FOREST LAKE
Animal,Dog,Fencing Issues,ZILLMERE
Animal,Other Animal,Pest / Feral Animal,FORTITUDE VALLEY
Animal,Other Animal,Fox,GUMDALE
Animal,Attack,Not An Attack,GREENSLOPES
Animal,Other Animal,Fox,SALISBURY
Animal,Dog,Fencing Issues,WAKERLEY
Animal,Dog,Fencing Issues,EVERTON PARK
Animal,Other Animal,Fox,CARINA
Animal,Other Animal,Deer,THE GAP
Animal,Dog,Fencing Issues,KELVIN GROVE
Animal,Other Animal,Fox,GEEBUNG
Animal,Attack,Attack On A Person,GAYTHORNE
Animal,Cat,,MCDOWALL
Animal,Attack,Attack On A Person,HAWTHORNE
Animal,Attack,Menacing,WYNNUM
Animal,Dog,Fencing Issues,STRETTON
Animal,Dog,Unregistered,WEST END
Animal,Other Animal,Too Many Animals,PALLARA
Animal,Other Animal,Nuisance Animal,NUNDAH
Animal,Other Animal,Nuisance Animal,NEW FARM
Animal,Dog,Fencing Issues,WESTLAKE
Animal,Attack,Attack On A Person,CALAMVALE
Animal,Dog,,BRIGHTON
Animal,Attack,Menacing,BOONDALL
Animal,Cat Trapping,,COOPERS PLAINS
Animal,Attack,Attack On A Person,BANYO
Animal,Attack,Attack On A Person,SALISBURY
Animal,Attack,Attack On An Animal,INDOOROOPILLY
Animal,Dog,Unregistered,MITCHELTON
Animal,Dog,Unregistered,TENERIFFE
Animal,Attack,Attack On An Animal,KARANA DOWNS
Animal,Other Animal,Fox,CHANDLER
Animal,Attack,Attack On An Animal,BOONDALL
Animal,Dog,Fencing Issues,ASPLEY
Animal,Dog,Unregistered,MITCHELTON
Animal,Dog,Fencing Issues,ASHGROVE
Animal,Other Animal,Wild Dog,BROOKFIELD
Animal,Other Animal,Fox,CORINDA
Animal,Dog,Too Many Animals,WOOLLOONGABBA
Animal,Cat,,ALGESTER
Animal,Cat Trapping,,WOOLLOONGABBA
Animal,Dog,Defecating In Public,KEDRON
Animal,Attack,Attack On A Person,KENMORE
Animal,Attack,Attack On A Person,COORPAROO
Animal,Dog,Fencing Issues,RIVERHILLS
Animal,Attack,Not An Attack,INALA
Animal,Attack,Attack On A Person,ALGESTER
Animal,Other Animal,Nuisance Animal,CARINDALE
Animal,Dog,Too Many Animals,JAMBOREE HEIGHTS
Animal,Other Animal,Nuisance Animal,YERONGA
Animal,Attack,Attack On A Person,SUNNYBANK
Animal,Dog,Too Many Animals,INALA
Animal,Attack,Attack On An Animal,FOREST LAKE
Animal,Dog,Unregistered,ACACIA RIDGE
Animal,Attack,Not An Attack,BROOKFIELD
Animal,Dog,Too Many Animals,ZILLMERE
Animal,Dog,Too Many Animals,ZILLMERE
Animal,Attack,Menacing,GREENSLOPES
Animal,Attack,Menacing,SUNNYBANK
Animal,Other Animal,Fox,SALISBURY
Animal,Dog,Too Many Animals,NUDGEE BEACH
Animal,Other Animal,Fox,HOLLAND PARK WEST
Animal,Attack,Attack On An Animal,THE GAP
Animal,Other Animal,Pest / Feral Animal,LYTTON
Animal,Attack,Attack On An Animal,PULLENVALE
Animal,Dog,Too Many Animals,BOONDALL
Animal,Attack,Menacing,MOOROOKA
Animal,Attack,Attack On An Animal,ROBERTSON
Animal,Dog,Fencing Issues,STAFFORD
Animal,Other Animal,Fox,BURBANK
Animal,Attack,Attack On An Animal,PARKINSON
Animal,Other Animal,Fox,TINGALPA
Animal,Dog,Fencing Issues,ROCKLEA
Animal,Other Animal,Wild Dog,PULLENVALE
Animal,Dog,Defecating In Public,EAST BRISBANE
Animal,Other Animal,Deer,KENMORE HILLS
Animal,Other Animal,Nuisance Animal,THE GAP
Animal,Attack,Attack On A Person,CHERMSIDE WEST
Animal,Cat,,MURARRIE
Animal,Other Animal,Fox,DREWVALE
Animal,Dog,Fencing Issues,ACACIA RIDGE
Animal,Cat,,COORPAROO
Animal,Dog,Fencing Issues,
Animal,Dog,Fencing Issues,TARRAGINDI
Animal,Dog,Too Many Animals,LOTA
Animal,Cat Trapping,,HENDRA
Animal,Cat Trapping,,ST LUCIA
Animal,Other Animal,Wild Dog,UPPER BROOKFIELD
Animal,Dog,Fencing Issues,ROCKLEA
Animal,Dog,Fencing Issues,
Animal,Cat,,GAYTHORNE
Animal,Other Animal,,BELMONT
Animal,Dog,Fencing Issues,ANNERLEY
Animal,Cat Trapping,,EIGHT MILE PLAINS
Animal,Dog,Fencing Issues,SEVENTEEN MILE ROCKS
Animal,Dog,Fencing Issues,DOOLANDELLA
Animal,Other Animal,,ELLEN GROVE
Animal,Attack,Attack On A Person,FERNY GROVE
Animal,Cat,,ANNERLEY
Animal,Other Animal,Feral Pig,UPPER BROOKFIELD
Animal,Dog,Unregistered,RUNCORN
Animal,Dog,Fencing Issues,RUNCORN
Animal,Dog,Fencing Issues,
Animal,Dog,Fencing Issues,DARRA
Animal,Other Animal,Fox,CANNON HILL
Animal,Dog,Unregistered,BRISBANE CITY
Animal,Dog,Fencing Issues,MILTON
Animal,Dog,Fencing Issues,UPPER MOUNT GRAVATT
Animal,Other Animal,Fox,CORINDA
Animal,Attack,Not An Attack,MCDOWALL
Animal,Cat Trapping,,EVERTON PARK
Animal,Dog,Fencing Issues,KEDRON
Animal,Dog,Too Many Animals,OXLEY
Animal,Dog,Fencing Issues,KEPERRA
Animal,Other Animal,Nuisance Animal,YERONGA
Animal,Dog,Fencing Issues,BALD HILLS
Animal,Other Animal,Fencing Issues,BRIGHTON
Animal,Cat Trapping,,CAMP HILL
Animal,Cat Trapping,,ZILLMERE
Animal,Other Animal,Pest / Feral Animal,BALD HILLS
Animal,Dog,,ST LUCIA
Animal,Dog,Unregistered,UPPER BROOKFIELD
Animal,Dog,Unregistered,UPPER BROOKFIELD
Animal,Attack,Attack On A Person,ROCKLEA
Animal,Attack,Attack On A Person,MOUNT GRAVATT EAST
Animal,Other Animal,Wild Dog,WYNNUM
Animal,Other Animal,Fox,MANSFIELD
Animal,Attack,Attack On A Person,WINDSOR
Animal,Dog,,HOLLAND PARK
Animal,Cat Trapping,,INALA
Animal,Cat Trapping,,INALA
Animal,Attack,Attack On An Animal,MURARRIE
Animal,Attack,Attack On A Person,ACACIA RIDGE
Animal,Attack,Attack On An Animal,BROOKFIELD
Animal,Cat Trapping,,COOPERS PLAINS
Animal,Attack,Not An Attack,SEVENTEEN MILE ROCKS
Animal,Attack,Attack On An Animal,DARRA
Animal,Cat Trapping,,CARINA HEIGHTS
Animal,Dog,Fencing Issues,BARDON
Animal,Cat,,TINGALPA
Animal,Attack,Attack On An Animal,BRACKEN RIDGE
Animal,Other Animal,Deer,JINDALEE
Animal,Dog,Fencing Issues,FIG TREE POCKET
Animal,Attack,Attack On An Animal,WOOLOOWIN
Animal,Dog,Fencing Issues,HAWTHORNE
Animal,Dog,,GAYTHORNE
Animal,Other Animal,Pest / Feral Animal,MURARRIE
Animal,Cat,,FOREST LAKE
Animal,Dog,Defecating In Public,NORTHGATE
Animal,Other Animal,Nuisance Animal,THE GAP
Animal,Dog,Wandering,
Animal,Attack,Attack On An Animal,CAMP HILL
Animal,Attack,Attack On An Animal,ALDERLEY
Animal,Dog,Fencing Issues,BRACKEN RIDGE
Animal,Attack,,CARINA
Animal,Dog,Fencing Issues,BARDON
Animal,Attack,Attack On A Person,MOOROOKA
Animal,Attack,,MANLY WEST
Animal,Other Animal,Nuisance Animal,SUNNYBANK
Animal,Other Animal,Fox,BELMONT
Animal,Attack,Not An Attack,HEATHWOOD
Animal,Dog,Fencing Issues,MORNINGSIDE
Animal,Dog,Unregistered,EVERTON PARK
Animal,Attack,Attack On An Animal,RIVERHILLS
Animal,Dog,Fencing Issues,
Animal,Other Animal,Pest / Feral Animal,WAKERLEY
Animal,Dog,Fencing Issues,DARRA
Animal,Cat Trapping,,PALLARA
Animal,Attack,Attack On A Person,INALA
Animal,Attack,Not An Attack,HAWTHORNE
Animal,Other Animal,,WAKERLEY
Animal,Attack,Not An Attack,MOUNT GRAVATT EAST
Animal,Dog,Fencing Issues,DURACK
Animal,Dog,Fencing Issues,KARANA DOWNS
Animal,Attack,Attack On A Person,KEDRON
Animal,Cat,,LOTA
Animal,Other Animal,Odour,DURACK
Animal,Dog,Fencing Issues,SUNNYBANK HILLS
Animal,Dog,Wandering,SEVENTEEN MILE ROCKS
Animal,Attack,Attack On An Animal,YERONGA
Animal,Dog,Fencing Issues,ASPLEY
Animal,Attack,Attack On An Animal,FAIRFIELD
Animal,Attack,Attack On A Person,WILSTON
Animal,Attack,Menacing,GORDON PARK
Animal,Other Animal,Fox,RANSOME
Animal,Other Animal,Fencing Issues,ANNERLEY
Animal,Dog,Too Many Animals,AUCHENFLOWER
Animal,Attack,Not An Attack,BALMORAL
Animal,Attack,Attack On A Person,EVERTON PARK
Animal,Attack,Menacing,ACACIA RIDGE
Animal,Cat,,BARDON
Animal,Attack,Not An Attack,COORPAROO
Animal,Dog,,HAMILTON
Animal,Other Animal,Fox,MOGGILL
Animal,Attack,Attack On A Person,FOREST LAKE
Animal,Attack,Attack On An Animal,NORMAN PARK
Animal,Dog,,ZILLMERE
Animal,Cat Trapping,,EVERTON PARK
Animal,Dog,Too Many Animals,STAFFORD
Animal,Attack,Attack On An Animal,BRIGHTON
Animal,Cat,,BULIMBA
Animal,Dog,Fencing Issues,ALGESTER
Animal,Attack,Menacing,EIGHT MILE PLAINS
Animal,Other Animal,Pest / Feral Animal,UPPER BROOKFIELD
Animal,Attack,Attack On An Animal,VIRGINIA
Animal,Dog,Fencing Issues,INALA
Animal,Dog,Fencing Issues,WAVELL HEIGHTS
Animal,Attack,Attack On A Person,KEDRON
Animal,Dog,,ACACIA RIDGE
Animal,Attack,Attack On An Animal,KEPERRA
Animal,Dog,Fencing Issues,ASCOT
Animal,Attack,Attack On An Animal,ALGESTER
Animal,Attack,,MANLY WEST
Animal,Other Animal,Fox,KENMORE
Animal,Cat,,ZILLMERE
Animal,Attack,Menacing,RUNCORN
Animal,Attack,Attack On An Animal,STAFFORD
Animal,Attack,Attack On An Animal,SUNNYBANK HILLS
Animal,Attack,Attack On A Person,BRIGHTON
Animal,Attack,Attack On An Animal,STAFFORD HEIGHTS
Animal,Attack,,LOTA
Animal,Attack,Attack On An Animal,HIGHGATE HILL
Animal,Attack,Attack On A Person,JINDALEE
Animal,Other Animal,Odour,BRIGHTON
Animal,Attack,Attack On An Animal,CAMP HILL
Animal,Cat Trapping,,GORDON PARK
Animal,Dog,Fencing Issues,WOOLLOONGABBA
Animal,Dog,Fencing Issues,INALA
Animal,Attack,Attack On A Person,NUNDAH
Animal,Dog,Too Many Animals,MITCHELTON
Animal,Cat Trapping,,KEDRON
Animal,Attack,,MORNINGSIDE
Animal,Attack,Attack On A Person,CARSELDINE
Animal,Dog,Fencing Issues,GRACEVILLE
Animal,Dog,Too Many Animals,SHORNCLIFFE
Animal,Dog,Fencing Issues,SUNNYBANK HILLS
Animal,Dog,Fencing Issues,GORDON PARK
Animal,Cat,,SHERWOOD
Animal,Attack,,ASHGROVE
Animal,Other Animal,Fox,UPPER BROOKFIELD
Animal,Other Animal,Fox,WEST END
Animal,Attack,,CARINA
Animal,Dog,Fencing Issues,WISHART
Animal,Dog,Unregistered,ACACIA RIDGE
Animal,Dog,Fencing Issues,CAMP HILL
Animal,Attack,Attack On A Person,HAMILTON
Animal,Other Animal,Fox,BELLBOWRIE
Animal,Dog,Fencing Issues,DARRA
Animal,Dog,Fencing Issues,WINDSOR
Animal,Other Animal,Nuisance Animal,INALA
Animal,Dog,Fencing Issues,SUNNYBANK
Animal,Dog,Fencing Issues,SUNNYBANK
Animal,Cat Trapping,,ROCHEDALE
Animal,Dog,,COORPAROO
Animal,Cat Trapping,,ALGESTER
Animal,Other Animal,Fox,ROCHEDALE
Animal,Cat,,ACACIA RIDGE
Animal,Cat,,MORNINGSIDE
Animal,Other Animal,Fox,MACGREGOR
Animal,Attack,Attack On A Person,BRIGHTON
Animal,Cat Trapping,,UPPER MOUNT GRAVATT
Animal,Cat Trapping,,SUNNYBANK
Animal,Cat,,CARSELDINE
Animal,Attack,Not An Attack,SUMNER
Animal,Dog,Fencing Issues,MANSFIELD
Animal,Attack,Not An Attack,TENERIFFE
Animal,Cat Trapping,,TINGALPA
Animal,Attack,Attack On A Person,SEVENTEEN MILE ROCKS
Animal,Other Animal,Rabbit,MURARRIE
Animal,Attack,Attack On An Animal,DREWVALE
Animal,Cat,,SALISBURY
Animal,Cat,,SALISBURY
Animal,Other Animal,Nuisance Animal,DUTTON PARK
Animal,Cat Trapping,,JINDALEE
Animal,Attack,Attack On A Person,SANDGATE
Animal,Dog,Too Many Animals,INALA
Animal,Other Animal,Wild Dog,KHOLO
Animal,Attack,Not An Attack,CHERMSIDE
Animal,Dog,Fencing Issues,TAIGUM
Animal,Attack,Not An Attack,DARRA
Animal,Attack,Not An Attack,FOREST LAKE
Animal,Cat Trapping,,COOPERS PLAINS
Animal,Other Animal,Fox,HOLLAND PARK WEST
Animal,Other Animal,Fox,CHANDLER
Animal,Dog,Fencing Issues,INALA
Animal,Dog,Fencing Issues,WYNNUM
Animal,Dog,Odour,KEPERRA
Animal,Dog,Fencing Issues,KEDRON
Animal,Attack,Not An Attack,FOREST LAKE
Animal,Dog,Defecating In Public,WAVELL HEIGHTS
Animal,Cat Trapping,,ACACIA RIDGE
Animal,Other Animal,Fox,HOLLAND PARK
Animal,Dog,Fencing Issues,MORNINGSIDE
Animal,Attack,Attack On A Person,COORPAROO
Animal,Cat,,CARSELDINE
Animal,Attack,Not An Attack,KENMORE HILLS
Animal,Attack,Not An Attack,GAYTHORNE
Animal,Attack,Not An Attack,CAMP HILL
Animal,Attack,Attack On An Animal,WYNNUM
Animal,Attack,Attack On A Person,CARINA HEIGHTS
Animal,Attack,Not An Attack,SALISBURY
Animal,Attack,Attack On An Animal,NEWMARKET
Animal,Attack,Attack On An Animal,ST LUCIA
Animal,Attack,Not An Attack,THE GAP
Animal,Dog,Fencing Issues,MANSFIELD
Animal,Dog,Fencing Issues,WESTLAKE
Animal,Attack,Not An Attack,COORPAROO
Animal,Other Animal,Nuisance Animal,THE GAP
Animal,Dog,Fencing Issues,MITCHELTON
Animal,Other Animal,Nuisance Animal,SUMNER
Animal,Dog,Fencing Issues,HOLLAND PARK
Animal,Cat Trapping,,BALMORAL
Animal,Attack,Not An Attack,DARRA
Animal,Cat,,CHERMSIDE WEST
Animal,Other Animal,Nuisance Animal,MACGREGOR
Animal,Attack,Attack On An Animal,RUNCORN
Animal,Dog,,BRIDGEMAN DOWNS
Animal,Attack,Attack On An Animal,BELLBOWRIE
Animal,Dog,Unregistered,SANDGATE
Animal,Dog,Fencing Issues,TARINGA
Animal,Dog,Fencing Issues,TARINGA
Animal,Attack,Attack On An Animal,ROCKLEA
Animal,Other Animal,Pest / Feral Animal,BRISBANE AIRPORT
Animal,Dog,Fencing Issues,OXLEY
Animal,Dog,Too Many Animals,HENDRA
Animal,Cat,,CORINDA
Animal,Cat,,BRACKEN RIDGE
Animal,Attack,Attack On An Animal,YERONGA
Animal,Attack,,INALA
Animal,Cat,,ENOGGERA
Animal,Dog,Unregistered,MANSFIELD
Animal,Dog,Fencing Issues,ACACIA RIDGE
Animal,Dog,Defecating In Public,CARSELDINE
Animal,Attack,Menacing,CARINA
Animal,Dog,Unregistered,RUNCORN
Animal,Other Animal,Nuisance Animal,WILLAWONG
Animal,Dog,Fencing Issues,WINDSOR
Animal,Attack,Menacing,ACACIA RIDGE
Animal,Attack,Menacing,CANNON HILL
Animal,Cat,,GORDON PARK
Animal,Other Animal,Fox,UPPER BROOKFIELD
Animal,Cat Trapping,,EIGHT MILE PLAINS
Animal,Dog,Fencing Issues,KEDRON
Animal,Other Animal,Fox,ANSTEAD
Animal,Attack,Attack On A Person,GORDON PARK
Animal,Dog,Fencing Issues,MURARRIE
Animal,Other Animal,Pest / Feral Animal,PINJARRA HILLS
Animal,Cat,,BULIMBA
Animal,Dog,Fencing Issues,GRACEVILLE
Animal,Dog,Fencing Issues,MANLY WEST
Animal,Dog,Defecating In Public,TAIGUM
Animal,Dog,Fencing Issues,WOOLLOONGABBA
Animal,Attack,Menacing,BROOKFIELD
Animal,Dog,Fencing Issues,INALA
Animal,Cat,,WYNNUM
Animal,Attack,Attack On An Animal,PULLENVALE
Animal,Attack,Menacing,OXLEY
Animal,Attack,Not An Attack,WISHART
Animal,Dog,Fencing Issues,DUTTON PARK
Animal,Dog,Fencing Issues,DUTTON PARK
Animal,Attack,Not An Attack,INALA
Animal,Attack,Attack On An Animal,CHERMSIDE WEST
Animal,Attack,Attack On An Animal,OXLEY
Animal,Dog,Fencing Issues,COORPAROO
Animal,Attack,Attack On An Animal,BOONDALL
Animal,Dog,Fencing Issues,PINKENBA
Animal,Attack,Attack On A Person,FOREST LAKE
Animal,Other Animal,Fox,RANSOME
Animal,Dog,Fencing Issues,UPPER KEDRON
Animal,Other Animal,Fox,CARINDALE
Animal,Other Animal,Pest / Feral Animal,ANNERLEY
Animal,Dog,Fencing Issues,COORPAROO
Animal,Dog,Fencing Issues,SUNNYBANK HILLS
Animal,Attack,Attack On A Person,HAMILTON
Animal,Cat,,ANNERLEY
Animal,Other Animal,Nuisance Animal,WYNNUM
Animal,Attack,Attack On An Animal,PARKINSON
Animal,Other Animal,Nuisance Animal,INALA
Animal,Attack,Attack On A Person,WYNNUM
Animal,Dog,Fencing Issues,BRACKEN RIDGE
Animal,Dog,Defecating In Public,STAFFORD
Animal,Cat,Wandering,COORPAROO
Animal,Dog,Fencing Issues,KEPERRA
Animal,Attack,Attack On A Person,WINDSOR
Animal,Cat Trapping,,NEWSTEAD
Animal,Dog,Fencing Issues,EAST BRISBANE
Animal,Other Animal,Fox,MOGGILL
Animal,Cat Trapping,,KURABY
Animal,Dog,Fencing Issues,ACACIA RIDGE
Animal,Dog,Unregistered,PARKINSON
Animal,Other Animal,,OXLEY
Animal,Attack,Attack On A Person,TARRAGINDI
Animal,Attack,Not An Attack,WYNNUM
Animal,Attack,Not An Attack,FIG TREE POCKET
Animal,Other Animal,Fox,UPPER BROOKFIELD
Animal,Cat,,GORDON PARK
Animal,Dog,Unregistered,TENERIFFE
Animal,Dog,Fencing Issues,TARINGA
Animal,Dog,Unregistered,ZILLMERE
Animal,Other Animal,Fox,HOLLAND PARK WEST
Animal,Dog,Fencing Issues,EVERTON PARK
Animal,Other Animal,Rabbit,RICHLANDS
Animal,Dog,Fencing Issues,ALGESTER
Animal,Cat,Wandering,INALA
Animal,Attack,Attack On A Person,KEPERRA
Animal,Attack,Menacing,HERSTON
Animal,Cat Trapping,,CARINDALE
Animal,Dog,Fencing Issues,MANLY WEST
Animal,Cat,,OXLEY
Animal,Dog,Fencing Issues,DUTTON PARK
Animal,Cat Trapping,,ROBERTSON
Animal,Attack,Not An Attack,JAMBOREE HEIGHTS
Animal,Attack,Attack On An Animal,AUCHENFLOWER
Animal,Cat Trapping,,WYNNUM
Animal,Cat,,WYNNUM WEST
Animal,Dog,Fencing Issues,INALA
Animal,Attack,Not An Attack,THE GAP
Animal,Other Animal,Fencing Issues,ALGESTER
Animal,Dog,Fencing Issues,WINDSOR
Animal,Dog,Too Many Animals,CHERMSIDE
Animal,Cat,,GRANGE
Animal,Other Animal,Nuisance Animal,ZILLMERE
Animal,Other Animal,Nuisance Animal,GEEBUNG
Animal,Attack,Attack On A Person,BOONDALL
Animal,Dog,Odour,FOREST LAKE
Animal,Dog,Odour,WYNNUM
Animal,Dog,Fencing Issues,FITZGIBBON
Animal,Other Animal,Rabbit,ALBION
Animal,Dog,Unregistered,MACGREGOR
Animal,Attack,Attack On A Person,MITCHELTON
Animal,Other Animal,Fox,HOLLAND PARK WEST
Animal,Attack,Attack On A Person,SEVENTEEN MILE ROCKS
Animal,Cat Trapping,,INALA
Animal,Attack,Attack On A Person,WAVELL HEIGHTS
Animal,Attack,Attack On A Person,WAVELL HEIGHTS
Animal,Cat,,STAFFORD HEIGHTS
Animal,Cat,,INALA
Animal,Attack,Menacing,MURARRIE
Animal,Attack,Attack On An Animal,MIDDLE PARK
Animal,Cat Trapping,,MOUNT GRAVATT
Animal,Attack,Attack On A Person,ASPLEY
Animal,Attack,Attack On A Person,ASPLEY
Animal,Other Animal,Wild Dog,WISHART
Animal,Dog,Fencing Issues,GREENSLOPES
Animal,Dog,Fencing Issues,MOUNT GRAVATT EAST
Animal,Dog,Defecating In Public,ST LUCIA
Animal,Other Animal,Fox,MOGGILL
Animal,Other Animal,Fox,MOUNT OMMANEY
Animal,Dog,Fencing Issues,PARKINSON
Animal,Attack,Attack On An Animal,COORPAROO
Animal,Dog,Unregistered,KEPERRA
Animal,Attack,Attack On A Person,GREENSLOPES
Animal,Dog,Fencing Issues,BRACKEN RIDGE
Animal,Attack,Not An Attack,BELLBOWRIE
Animal,Cat Trapping,,COOPERS PLAINS
Animal,Other Animal,Nuisance Animal,KEDRON
Animal,Other Animal,Pest / Feral Animal,SUNNYBANK
Animal,Dog,Too Many Animals,ALGESTER
Animal,Dog,Unregistered,RANSOME
Animal,Dog,Unregistered,INALA
Animal,Dog,Fencing Issues,CALAMVALE
Animal,Dog,Fencing Issues,CALAMVALE
Animal,Dog,Fencing Issues,MANLY WEST
Animal,Dog,Too Many Animals,INALA
Animal,Cat,,INALA
Animal,Other Animal,Pest / Feral Animal,RICHLANDS
Animal,Attack,Menacing,ELLEN GROVE
Animal,Cat Trapping,,CHERMSIDE WEST
Animal,Dog,Wandering,WINDSOR
Animal,Dog,Too Many Animals,ASPLEY
Animal,Attack,Attack On An Animal,EVERTON PARK
Animal,Other Animal,Deer,KENMORE HILLS
Animal,Dog,Fencing Issues,WAVELL HEIGHTS
Animal,Dog,Too Many Animals,BOWEN HILLS
Animal,Attack,Menacing,KARANA DOWNS
Animal,Other Animal,Wild Dog,PULLENVALE
Animal,Dog,Fencing Issues,FOREST LAKE
Animal,Cat,,MANSFIELD
Animal,Dog,Fencing Issues,WINDSOR
Animal,Attack,Attack On A Person,ASPLEY
Animal,Cat,,SANDGATE
Animal,Dog,Insufficient Space,DEAGON
Animal,Other Animal,Fox,CARINA
Animal,Cat Trapping,,BELMONT
Animal,Attack,Attack On An Animal,COOPERS PLAINS
Animal,Attack,Attack On A Person,INALA
Animal,Dog,Fencing Issues,INALA
Animal,Attack,Attack On An Animal,RUNCORN
Animal,Attack,Attack On A Person,MOUNT GRAVATT
Animal,Dog,,WEST END
Animal,Attack,Attack On A Person,MOUNT GRAVATT
Animal,Cat,Wandering,SUNNYBANK HILLS
Animal,Cat Trapping,,SALISBURY
Animal,Dog,Fencing Issues,YERONGA
Animal,Other Animal,Feral Pig,BROOKFIELD
Animal,Attack,Menacing,NUNDAH
Animal,Cat,,WYNNUM WEST
Animal,Cat,,WYNNUM WEST
Animal,Other Animal,Fox,BROOKFIELD
Animal,Cat Trapping,,GRACEVILLE
Animal,Attack,,TARRAGINDI
Animal,Dog,,JINDALEE
Animal,Attack,Attack On A Person,HAMILTON
Animal,Attack,Attack On An Animal,FOREST LAKE
Animal,Attack,Attack On An Animal,MANLY WEST
Animal,Dog,,INALA
Animal,Dog,Fencing Issues,INALA
Animal,Attack,Attack On An Animal,INALA
Animal,Other Animal,Fox,FOREST LAKE
Animal,Dog,Fencing Issues,TARRAGINDI
Animal,Attack,Menacing,BALMORAL
Animal,Attack,Not An Attack,EIGHT MILE PLAINS
Animal,Cat Trapping,,GRANGE
Animal,Other Animal,Pest / Feral Animal,FORTITUDE VALLEY
Animal,Cat,,FERNY GROVE
Animal,Attack,,EAST BRISBANE
Animal,Cat Trapping,,ZILLMERE
Animal,Attack,,LUTWYCHE
Animal,Attack,,JAMBOREE HEIGHTS
Animal,Attack,Not An Attack,INALA
Animal,Dog,Fencing Issues,INALA
Animal,Attack,Not An Attack,CARSELDINE
Animal,Attack,Attack On An Animal,COORPAROO
Animal,Attack,Attack On An Animal,WEST END
Animal,Dog,Fencing Issues,ZILLMERE
Animal,Dog,Fencing Issues,MOOROOKA
Animal,Dog,,ACACIA RIDGE
Animal,Cat Trapping,,COOPERS PLAINS
Animal,Dog,Fencing Issues,UPPER KEDRON
Animal,Dog,,EAST BRISBANE
Animal,Cat Trapping,,SUNNYBANK
Animal,Cat Trapping,,MORNINGSIDE
Animal,Dog,Fencing Issues,WINDSOR
Animal,Attack,Attack On An Animal,KEDRON
Animal,Attack,Attack On An Animal,BOONDALL
Animal,Dog,Fencing Issues,INDOOROOPILLY
Animal,Attack,Attack On An Animal,MOOROOKA
Animal,Dog,Too Many Animals,YERONGA
Animal,Attack,Menacing,SUNNYBANK HILLS
Animal,Attack,Not An Attack,UPPER BROOKFIELD
Animal,Dog,Defecating In Public,CLAYFIELD
Animal,Dog,Too Many Animals,ELLEN GROVE
Animal,Attack,Attack On A Person,CHELMER
Animal,Attack,Attack On A Person,BRACKEN RIDGE
Animal,Other Animal,Fox,PULLENVALE
Animal,Dog,Fencing Issues,UPPER KEDRON
Animal,Other Animal,Wild Dog,KHOLO
Animal,Other Animal,Nuisance Animal,SUNNYBANK
Animal,Other Animal,Odour,ELLEN GROVE
Animal,Dog,Defecating In Public,MOOROOKA
Animal,Cat Trapping,,TARRAGINDI
Animal,Cat,,UPPER KEDRON
Animal,Attack,Attack On A Person,CARINA
Animal,Attack,Attack On A Person,GRANGE
Animal,Cat,,KEPERRA
