Category: Nature,Category: Type,Category: Reporting Level,Location: Suburb
Animal,Cat Trapping,,DURACK
Animal,Attack,Attack On An Animal,DARRA
Animal,Cat Trapping,,WEST END
Animal,Attack,Attack On A Person,INALA
Animal,Cat Trapping,,NORTHGATE
Animal,Cat Trapping,,SANDGATE
Animal,Attack,Attack On A Person,KEPERRA
Animal,Attack,Not An Attack,WAKERLEY
Animal,Other Animal,Nuisance Animal,ELLEN GROVE
Animal,Attack,Attack On A Person,ASHGROVE
Animal,Dog,Too Many Animals,SPRING HILL
Animal,Other Animal,Fox,THE GAP
Animal,Attack,Not An Attack,STAFFORD
Animal,Other Animal,Wild Dog,THE GAP
Animal,Dog,Fencing Issues,DOOLANDELLA
Animal,Dog,Too Many Animals,FOREST LAKE
Animal,Attack,Attack On An Animal,ASPLEY
Animal,Cat Trapping,,MOOROOKA
Animal,Dog,Odour,NEWMARKET
Animal,Dog,Fencing Issues,CHERMSIDE
Animal,Attack,Attack On An Animal,NEW FARM
Animal,Dog,Fencing Issues,WYNNUM
Animal,Dog,Too Many Animals,GEEBUNG
Animal,Dog,Fencing Issues,MOUNT GRAVATT EAST
Animal,Other Animal,Feral Pig,BRISBANE CITY
Animal,Attack,Menacing,WISHART
Animal,Attack,Not An Attack,SALISBURY
Animal,Dog,Fencing Issues,ACACIA RIDGE
Animal,Dog,Too Many Animals,SANDGATE
Animal,Other Animal,Fox,ROCKLEA
Animal,Other Animal,Fox,CARINDALE
Animal,Dog,Fencing Issues,ACACIA RIDGE
Animal,Dog,Fencing Issues,CARINA
Animal,Other Animal,Feral Goat,KARAWATHA
Animal,Attack,Attack On An Animal,SEVENTEEN MILE ROCKS
Animal,Dog,Defecating In Public,CHAPEL HILL
Animal,Cat Trapping,,RIVERHILLS
Animal,Attack,Attack On A Person,HOLLAND PARK WEST
Animal,Dog,Fencing Issues,BRIGHTON
Animal,Attack,Attack On A Person,BANYO
Animal,Attack,Menacing,WOOLOOWIN
Animal,Attack,Menacing,DEAGON
Animal,Attack,Not An Attack,CARSELDINE
Animal,Other Animal,Odour,WESTLAKE
Animal,Attack,Attack On An Animal,ASHGROVE
Animal,Cat Trapping,,ELLEN GROVE
Animal,Dog,Too Many Animals,NORTHGATE
Animal,Dog,Too Many Animals,NORTHGATE
Animal,Other Animal,Fox,WILLAWONG
Animal,Other Animal,Wild Dog,UPPER BROOKFIELD
Animal,Attack,Attack On An Animal,TARINGA
Animal,Attack,,DARRA
Animal,Attack,Attack On A Person,COOPERS PLAINS
Animal,Attack,Attack On An Animal,KENMORE
Animal,Attack,Attack On A Person,COORPAROO
Animal,Cat Trapping,,KEDRON
Animal,Dog,Fencing Issues,SUNNYBANK
Animal,Dog,Fencing Issues,BRACKEN RIDGE
Animal,Attack,,SHORNCLIFFE
Animal,Dog,Defecating In Public,UPPER MOUNT GRAVATT
Animal,Other Animal,Nuisance Animal,HENDRA
Animal,Other Animal,Fox,CORINDA
Animal,Dog,,WAVELL HEIGHTS
Animal,Cat Trapping,,ST LUCIA
Animal,Dog,Fencing Issues,TAIGUM
Animal,Attack,Attack On An Animal,THE GAP
Animal,Other Animal,Fox,PINJARRA HILLS
Animal,Dog,Odour,MORNINGSIDE
Animal,Dog,Fencing Issues,STAFFORD HEIGHTS
Animal,Dog,Defecating In Public,PADDINGTON
Animal,Attack,,NUDGEE BEACH
Animal,Attack,Attack On An Animal,INALA
Animal,Dog,Odour,CHERMSIDE
Animal,Attack,Attack On An Animal,CHERMSIDE WEST
Animal,Attack,Attack On An Animal,WAKERLEY
Animal,Dog,Fencing Issues,CARINA HEIGHTS
Animal,Dog,Fencing Issues,UPPER MOUNT GRAVATT
Animal,Other Animal,,MURARRIE
Animal,Other Animal,Odour,ACACIA RIDGE
Animal,Dog,Fencing Issues,BALMORAL
Animal,Dog,Fencing Issues,BELLBOWRIE
Animal,Attack,Not An Attack,EAST BRISBANE
Animal,Dog,Fencing Issues,WAKERLEY
Animal,Other Animal,Pest / Feral Animal,HAMILTON
Animal,Dog,Fencing Issues,TINGALPA
Animal,Attack,Attack On An Animal,RUNCORN
Animal,Dog,Fencing Issues,OXLEY
Animal,Cat Trapping,,PARKINSON
Animal,Attack,Not An Attack,SUNNYBANK HILLS
Animal,Dog,Fencing Issues,BULIMBA
Animal,Attack,Menacing,BANYO
Animal,Dog,Defecating In Public,COORPAROO
Animal,Dog,Defecating In Public,COORPAROO
Animal,Dog,Fencing Issues,SUNNYBANK HILLS
Animal,Other Animal,Nuisance Animal,WESTLAKE
Animal,Attack,Attack On An Animal,INDOOROOPILLY
Animal,Other Animal,Nuisance Animal,NORMAN PARK
Animal,Other Animal,Fencing Issues,PADDINGTON
Animal,Dog,Fencing Issues,PINKENBA
Animal,Other Animal,Fencing Issues,ACACIA RIDGE
Animal,Other Animal,Fox,KENMORE
Animal,Dog,Unregistered,VIRGINIA
Animal,Other Animal,Nuisance Animal,NUNDAH
Animal,Cat Trapping,,SUNNYBANK
Animal,Dog,Fencing Issues,BALD HILLS
Animal,Dog,Fencing Issues,KEDRON
Animal,Dog,Defecating In Public,EAST BRISBANE
Animal,Other Animal,Fox,CARINDALE
Animal,Attack,Attack On A Person,KARANA DOWNS
Animal,Attack,Attack On A Person,ZILLMERE
Animal,Cat,,CALAMVALE
Animal,Attack,Attack On A Person,KURABY
Animal,Dog,Fencing Issues,WINDSOR
Animal,Dog,Fencing Issues,ACACIA RIDGE
Animal,Dog,Defecating In Public,CARINDALE
Animal,Attack,Menacing,INALA
Animal,Attack,Menacing,HOLLAND PARK
Animal,Attack,Attack On An Animal,BULIMBA
Animal,Attack,Attack On An Animal,MITCHELTON
Animal,Dog,Insufficient Space,YERONGA
Animal,Attack,Not An Attack,RUNCORN
Animal,Dog,Defecating In Public,YERONGA
Animal,Cat Trapping,,INALA
Animal,Dog,Fencing Issues,TAIGUM
Animal,Dog,Fencing Issues,BALMORAL
Animal,Attack,Attack On An Animal,EAST BRISBANE
Animal,Attack,Menacing,NEW FARM
Animal,Cat,,INALA
Animal,Dog,Fencing Issues,RED HILL
Animal,Dog,Fencing Issues,HAWTHORNE
Animal,Other Animal,Rabbit,CHERMSIDE WEST
Animal,Dog,Fencing Issues,INALA
Animal,Cat,,PARKINSON
Animal,Attack,Attack On A Person,FIG TREE POCKET
Animal,Dog,Fencing Issues,INALA
Animal,Dog,Too Many Animals,WAVELL HEIGHTS
Animal,Other Animal,Odour,DEAGON
Animal,Dog,Fencing Issues,GEEBUNG
Animal,Dog,Fencing Issues,WYNNUM WEST
Animal,Attack,Attack On An Animal,ASHGROVE
Animal,Attack,Attack On An Animal,MANSFIELD
Animal,Attack,Not An Attack,MITCHELTON
Animal,Attack,Attack On An Animal,FITZGIBBON
Animal,Attack,Attack On An Animal,CALAMVALE
Animal,Attack,Attack On An Animal,WYNNUM
Animal,Dog,Fencing Issues,GREENSLOPES
Animal,Attack,Not An Attack,UPPER MOUNT GRAVATT
Animal,Dog,Fencing Issues,ROCKLEA
Animal,Attack,Attack On An Animal,NORTHGATE
Animal,Cat Trapping,,FOREST LAKE
Animal,Cat Trapping,,LARAPINTA
Animal,Dog,Fencing Issues,LOTA
Animal,Dog,Fencing Issues,LOTA
Animal,Dog,Defecating In Public,EAST BRISBANE
Animal,Cat,,STAFFORD HEIGHTS
Animal,Cat,,BRIGHTON
Animal,Dog,,CHERMSIDE
Animal,Dog,Too Many Animals,CHERMSIDE
Animal,Attack,Menacing,NUDGEE
Animal,Dog,,ZILLMERE
Animal,Dog,Fencing Issues,ENOGGERA
Animal,Cat,,MORNINGSIDE
Animal,Other Animal,Too Many Animals,CHERMSIDE WEST
Animal,Cat,,BULIMBA
Animal,Other Animal,,HIGHGATE HILL
Animal,Attack,Menacing,YERONGA
Animal,Dog,Too Many Animals,SUNNYBANK
Animal,Attack,Menacing,BRIGHTON
Animal,Dog,Too Many Animals,COORPAROO
Animal,Cat Trapping,,ACACIA RIDGE
Animal,Dog,,MACGREGOR
Animal,Attack,Attack On A Person,PULLENVALE
Animal,Attack,Not An Attack,INDOOROOPILLY
Animal,Attack,,FOREST LAKE
Animal,Attack,Attack On A Person,ZILLMERE
Animal,Attack,Attack On An Animal,BOONDALL
Animal,Dog,Unregistered,CARINA HEIGHTS
Animal,Cat Trapping,,KEPERRA
Animal,Dog,Fencing Issues,MANSFIELD
Animal,Cat,,STAFFORD HEIGHTS
Animal,Other Animal,Rabbit,LYTTON
Animal,Attack,Attack On A Person,ALGESTER
Animal,Dog,Fencing Issues,SOUTH BRISBANE
Animal,Attack,Attack On A Person,CARINA HEIGHTS
Animal,Dog,Unregistered,VIRGINIA
Animal,Dog,Unregistered,DURACK
Animal,Attack,Not An Attack,DREWVALE
Animal,Dog,Fencing Issues,COORPAROO
Animal,Dog,Fencing Issues,FAIRFIELD
Animal,Other Animal,Insufficient Space,BALD HILLS
Animal,Attack,Not An Attack,WYNNUM WEST
Animal,Attack,Attack On An Animal,FITZGIBBON
Animal,Attack,Menacing,DUTTON PARK
Animal,Attack,Attack On An Animal,ALGESTER
Animal,Dog,Fencing Issues,KEPERRA
Animal,Dog,Fencing Issues,COORPAROO
Animal,Other Animal,Nuisance Animal,MOGGILL
Animal,Cat,,ST LUCIA
Animal,Cat Trapping,,UPPER MOUNT GRAVATT
Animal,Dog,,AUCHENFLOWER
Animal,Dog,Unregistered,MURARRIE
Animal,Other Animal,,COOPERS PLAINS
Animal,Dog,Defecating In Public,MOUNT GRAVATT EAST
Animal,Other Animal,Nuisance Animal,BOONDALL
Animal,Cat Trapping,,CHERMSIDE
Animal,Cat Trapping,,JINDALEE
Animal,Dog,Fencing Issues,HEMMANT
Animal,Cat Trapping,,MANSFIELD
Animal,Other Animal,Fox,MOUNT GRAVATT EAST
Animal,Attack,Attack On An Animal,NUDGEE
Animal,Dog,Defecating In Public,BELLBOWRIE
Animal,Attack,Attack On An Animal,INALA
Animal,Attack,Attack On An Animal,CAMP HILL
Animal,Cat Trapping,,KEPERRA
Animal,Other Animal,Wild Dog,UPPER BROOKFIELD
Animal,Cat Trapping,,TARRAGINDI
Animal,Attack,Attack On An Animal,MOUNT CROSBY
Animal,Attack,Attack On An Animal,OXLEY
Animal,Dog,Fencing Issues,ROCHEDALE
Animal,Other Animal,,ANNERLEY
Animal,Attack,Menacing,WYNNUM
Animal,Dog,Defecating In Public,SALISBURY
Animal,Attack,Attack On A Person,HEATHWOOD
Animal,Dog,Defecating In Public,GREENSLOPES
Animal,Cat Trapping,,MACGREGOR
Animal,Attack,Attack On A Person,ROCKLEA
Animal,Dog,Defecating In Public,CARINA
Animal,Attack,Attack On A Person,CARINA HEIGHTS
Animal,Dog,Fencing Issues,INALA
Animal,Attack,Attack On A Person,COORPAROO
Animal,Dog,Too Many Animals,YERONGA
Animal,Attack,Menacing,HEATHWOOD
Animal,Attack,Attack On An Animal,INALA
Animal,Attack,Attack On A Person,CAMP HILL
Animal,Dog,Fencing Issues,FAIRFIELD
Animal,Other Animal,Odour,WAVELL HEIGHTS
Animal,Dog,Fencing Issues,INALA
Animal,Attack,Not An Attack,EVERTON PARK
Animal,Other Animal,Fencing Issues,FOREST LAKE
Animal,Attack,Attack On An Animal,ALBION
Animal,Attack,Not An Attack,WAKERLEY
Animal,Dog,Fencing Issues,DUTTON PARK
Animal,Dog,Defecating In Public,KANGAROO POINT
Animal,Attack,Attack On A Person,NUDGEE
Animal,Attack,Attack On A Person,KEPERRA
Animal,Dog,Fencing Issues,CHERMSIDE
Animal,Attack,Not An Attack,KEPERRA
Animal,Cat Trapping,,EIGHT MILE PLAINS
Animal,Dog,Too Many Animals,YERONGA
Animal,Dog,Defecating In Public,YERONGA
Animal,Other Animal,Odour,BANYO
Animal,Attack,,INALA
Animal,Attack,Attack On An Animal,NEW FARM
Animal,Other Animal,Fox,PULLENVALE
Animal,Dog,Fencing Issues,ANSTEAD
Animal,Attack,Attack On An Animal,GAYTHORNE
Animal,Other Animal,Rabbit,BALMORAL
Animal,Dog,Fencing Issues,SINNAMON PARK
Animal,Attack,Attack On An Animal,BRIGHTON
Animal,Attack,Attack On An Animal,BARDON
Animal,Cat Trapping,,NORMAN PARK
Animal,Other Animal,Fox,SEVENTEEN MILE ROCKS
Animal,Attack,Attack On An Animal,INDOOROOPILLY
Animal,Other Animal,,AUCHENFLOWER
Animal,Dog,Fencing Issues,EVERTON PARK
Animal,Cat Trapping,,ANSTEAD
Animal,Dog,Fencing Issues,BRIDGEMAN DOWNS
Animal,Attack,Attack On An Animal,JAMBOREE HEIGHTS
Animal,Dog,Fencing Issues,BOONDALL
Animal,Dog,Fencing Issues,DOOLANDELLA
Animal,Dog,Defecating In Public,HEATHWOOD
Animal,Dog,Too Many Animals,DURACK
Animal,Dog,Too Many Animals,DURACK
Animal,Dog,Too Many Animals,DURACK
Animal,Dog,Too Many Animals,DURACK
Animal,Dog,Too Many Animals,DURACK
Animal,Other Animal,Nuisance Animal,NORMAN PARK
Animal,Dog,Fencing Issues,YERONGA
Animal,Attack,Menacing,MORNINGSIDE
Animal,Cat Trapping,,FAIRFIELD
Animal,Attack,Not An Attack,FITZGIBBON
Animal,Dog,Defecating In Public,CARINA HEIGHTS
Animal,Dog,Fencing Issues,YERONGA
Animal,Dog,Fencing Issues,MIDDLE PARK
Animal,Other Animal,Nuisance Animal,NUNDAH
Animal,Dog,Fencing Issues,DEAGON
Animal,Attack,Attack On A Person,NEWMARKET
Animal,Dog,Too Many Animals,OXLEY
Animal,Attack,Attack On An Animal,FOREST LAKE
Animal,Dog,,RED HILL
Animal,Attack,Attack On A Person,ELLEN GROVE
Animal,Dog,Fencing Issues,TARINGA
Animal,Attack,Menacing,MURARRIE
Animal,Dog,Fencing Issues,PINJARRA HILLS
Animal,Dog,Fencing Issues,WYNNUM
Animal,Attack,Not An Attack,EAST BRISBANE
Animal,Cat Trapping,,FOREST LAKE
Animal,Cat,,HOLLAND PARK
Animal,Dog,Fencing Issues,WYNNUM WEST
Animal,Attack,Attack On An Animal,RUNCORN
Animal,Attack,Attack On An Animal,EIGHT MILE PLAINS
Animal,Cat Trapping,,COOPERS PLAINS
Animal,Attack,Menacing,CORINDA
Animal,Other Animal,Odour,SUNNYBANK HILLS
Animal,Attack,Attack On An Animal,UPPER MOUNT GRAVATT
Animal,Dog,Fencing Issues,MOOROOKA
Animal,Dog,Defecating In Public,YERONGA
Animal,Other Animal,Fencing Issues,ELLEN GROVE
Animal,Cat Trapping,,HAMILTON
Animal,Dog,Unregistered,MOUNT COOT-THA
Animal,Attack,Attack On A Person,SUNNYBANK
Animal,Attack,Attack On A Person,CARSELDINE
Animal,Other Animal,Fencing Issues,ELLEN GROVE
Animal,Other Animal,Nuisance Animal,CHAPEL HILL
Animal,Other Animal,Nuisance Animal,CHAPEL HILL
Animal,Other Animal,Wild Dog,ROCKLEA
Animal,Dog,Fencing Issues,MANSFIELD
Animal,Dog,Fencing Issues,CARSELDINE
Animal,Dog,Fencing Issues,KENMORE
Animal,Dog,Defecating In Public,WYNNUM
Animal,Dog,Unregistered,MORNINGSIDE
Animal,Other Animal,Nuisance Animal,COOPERS PLAINS
Animal,Dog,Fencing Issues,MANLY WEST
Animal,Attack,Attack On An Animal,WYNNUM
Animal,Dog,Odour,BANYO
Animal,Cat Trapping,,ARCHERFIELD
Animal,Dog,Fencing Issues,WYNNUM
Animal,Dog,Defecating In Public,CHAPEL HILL
Animal,Dog,Too Many Animals,EIGHT MILE PLAINS
Animal,Dog,Unregistered,EIGHT MILE PLAINS
Animal,Dog,Fencing Issues,MANLY WEST
Animal,Dog,Fencing Issues,EVERTON PARK
Animal,Attack,Attack On An Animal,LUTWYCHE
Animal,Attack,Attack On A Person,INALA
Animal,Other Animal,Fox,ANSTEAD
Animal,Dog,Fencing Issues,STAFFORD
Animal,Dog,Odour,BANYO
Animal,Other Animal,Deer,PULLENVALE
Animal,Dog,Defecating In Public,CANNON HILL
Animal,Other Animal,Feral Cat,GEEBUNG
Animal,Dog,Unregistered,BALD HILLS
Animal,Dog,Fencing Issues,INDOOROOPILLY
Animal,Other Animal,Nuisance Animal,SUNNYBANK HILLS
Animal,Other Animal,Nuisance Animal,SUNNYBANK HILLS
Animal,Other Animal,Nuisance Animal,SUNNYBANK HILLS
Animal,Cat Trapping,,THE GAP
Animal,Dog,Defecating In Public,YERONGA
Animal,Dog,Defecating In Public,YERONGA
Animal,Attack,Attack On A Person,WISHART
Animal,Dog,Fencing Issues,FOREST LAKE
Animal,Dog,Fencing Issues,ROCHEDALE
Animal,Dog,Fencing Issues,ASPLEY
Animal,Other Animal,Nuisance Animal,WAKERLEY
Animal,Dog,Unregistered,WYNNUM WEST
Animal,Other Animal,Fencing Issues,FOREST LAKE
Animal,Cat Trapping,,MANLY
Animal,Cat,,SUNNYBANK
Animal,Attack,Attack On An Animal,MOUNT CROSBY
Animal,Dog,Fencing Issues,SEVENTEEN MILE ROCKS
Animal,Attack,Menacing,WYNNUM WEST
Animal,Other Animal,Fox,CARINDALE
Animal,Dog,Fencing Issues,WINDSOR
Animal,Dog,Fencing Issues,KEDRON
Animal,Other Animal,Nuisance Animal,CARINA
Animal,Attack,Attack On An Animal,WESTLAKE
Animal,Dog,Fencing Issues,BOONDALL
Animal,Other Animal,Deer,KHOLO
Animal,Cat,,DOOLANDELLA
Animal,Dog,,KANGAROO POINT
Animal,Other Animal,Rabbit,BRISBANE AIRPORT
Animal,Attack,Attack On A Person,MACGREGOR
Animal,Dog,Defecating In Public,EAST BRISBANE
Animal,Dog,Fencing Issues,DEAGON
Animal,Dog,,TINGALPA
Animal,Attack,,WACOL
Animal,Dog,Fencing Issues,WACOL
Animal,Attack,Not An Attack,MANSFIELD
Animal,Dog,Fencing Issues,COOPERS PLAINS
Animal,Attack,Attack On A Person,STAFFORD
Animal,Dog,Fencing Issues,STRETTON
Animal,Attack,Attack On An Animal,ENOGGERA
Animal,Attack,Attack On A Person,ALGESTER
Animal,Other Animal,Wild Dog,BROOKFIELD
Animal,Dog,Too Many Animals,WAVELL HEIGHTS
Animal,Other Animal,,CANNON HILL
Animal,Dog,,MANLY
Animal,Attack,Attack On An Animal,KALINGA
Animal,Attack,Menacing,ZILLMERE
Animal,Dog,Fencing Issues,CHAPEL HILL
Animal,Cat Trapping,,MANSFIELD
Animal,Other Animal,Fox,RUNCORN
Animal,Attack,Attack On An Animal,YERONGA
Animal,Other Animal,Too Many Animals,BOWEN HILLS
Animal,Attack,Menacing,ASPLEY
Animal,Attack,Attack On A Person,INALA
Animal,Attack,Attack On A Person,CARINDALE
Animal,Cat Trapping,,MANLY WEST
Animal,Attack,,SUNNYBANK
Animal,Cat,,BULIMBA
Animal,Attack,Attack On A Person,RED HILL
Animal,Attack,Attack On An Animal,CANNON HILL
Animal,Dog,Unregistered,WYNNUM
Animal,Attack,Menacing,BRIGHTON
Animal,Attack,,MOUNT GRAVATT EAST
Animal,Attack,Attack On An Animal,SEVENTEEN MILE ROCKS
Animal,Attack,Not An Attack,BELMONT
Animal,Dog,Fencing Issues,CHERMSIDE
Animal,Other Animal,Nuisance Animal,WESTLAKE
Animal,Dog,,STAFFORD
Animal,Dog,Fencing Issues,WYNNUM WEST
Animal,Dog,,KEPERRA
Animal,Dog,Fencing Issues,CARINA
Animal,Dog,Fencing Issues,BELLBOWRIE
Animal,Other Animal,Pest / Feral Animal,DOOLANDELLA
Animal,Other Animal,,EIGHT MILE PLAINS
Animal,Attack,Attack On A Person,SANDGATE
Animal,Other Animal,,WESTLAKE
Animal,Attack,Attack On An Animal,YERONGA
Animal,Dog,Too Many Animals,COORPAROO
Animal,Dog,,SANDGATE
Animal,Other Animal,Fox,BELMONT
Animal,Dog,,PINKENBA
Animal,Dog,Fencing Issues,STAFFORD
Animal,Dog,Unregistered,WISHART
Animal,Cat Trapping,,MACGREGOR
Animal,Dog,Fencing Issues,MOGGILL
Animal,Dog,Fencing Issues,WYNNUM
Animal,Other Animal,Nuisance Animal,MITCHELTON
Animal,Other Animal,Fox,RIVERHILLS
Animal,Dog,,FOREST LAKE
Animal,Attack,Attack On A Person,CARINA
Animal,Attack,Attack On An Animal,BANYO
Animal,Other Animal,Fox,MOGGILL
Animal,Dog,Fencing Issues,SALISBURY
Animal,Dog,Fencing Issues,ACACIA RIDGE
Animal,Attack,Not An Attack,OXLEY
Animal,Dog,Too Many Animals,NORTHGATE
Animal,Dog,Too Many Animals,NORTHGATE
Animal,Dog,Too Many Animals,NORTHGATE
Animal,Dog,Too Many Animals,NORTHGATE
Animal,Other Animal,Nuisance Animal,WESTLAKE
Animal,Cat Trapping,,CALAMVALE
Animal,Dog,Fencing Issues,ACACIA RIDGE
Animal,Dog,,WAKERLEY
Animal,Attack,Attack On An Animal,TARINGA
Animal,Other Animal,Pest / Feral Animal,CALAMVALE
Animal,Dog,Fencing Issues,CHERMSIDE WEST
Animal,Attack,Attack On A Person,BARDON
Animal,Other Animal,Nuisance Animal,TINGALPA
Animal,Dog,Defecating In Public,BARDON
Animal,Attack,Attack On An Animal,HOLLAND PARK
Animal,Other Animal,Nuisance Animal,TINGALPA
Animal,Other Animal,Fencing Issues,CARINA
Animal,Attack,Attack On A Person,BRIGHTON
Animal,Dog,Unregistered,MORNINGSIDE
Animal,Cat Trapping,,PALLARA
Animal,Other Animal,,NEWMARKET
Animal,Attack,Attack On An Animal,BRACKEN RIDGE
Animal,Other Animal,,MURARRIE
Animal,Dog,Too Many Animals,NUDGEE
Animal,Attack,Attack On An Animal,KARANA DOWNS
Animal,Dog,Fencing Issues,DOOLANDELLA
Animal,Other Animal,,UPPER BROOKFIELD
Animal,Dog,,BELLBOWRIE
Animal,Attack,,PARKINSON
Animal,Dog,,ASPLEY
Animal,Attack,Menacing,WAKERLEY
Animal,Other Animal,,OXLEY
Animal,Dog,Fencing Issues,KEDRON
Animal,Dog,Fencing Issues,ASPLEY
Animal,Dog,Fencing Issues,INALA
Animal,Dog,Defecating In Public,WAVELL HEIGHTS
Animal,Dog,Too Many Animals,NORTHGATE
Animal,Dog,Fencing Issues,WYNNUM WEST
Animal,Dog,Fencing Issues,WYNNUM WEST
Animal,Dog,Too Many Animals,NORTHGATE
Animal,Dog,Fencing Issues,FERNY GROVE
Animal,Dog,Fencing Issues,STAFFORD
Animal,Dog,Fencing Issues,ZILLMERE
Animal,Other Animal,,PULLENVALE
Animal,Other Animal,Odour,EIGHT MILE PLAINS
Animal,Dog,Fencing Issues,CAMP HILL
Animal,Dog,Odour,MORNINGSIDE
Animal,Dog,Defecating In Public,BRIGHTON
Animal,Other Animal,Fox,MACKENZIE
Animal,Other Animal,Pest / Feral Animal,CALAMVALE
Animal,Attack,Menacing,GEEBUNG
Animal,Attack,Attack On A Person,ELLEN GROVE
Animal,Attack,Attack On An Animal,DURACK
Animal,Attack,Attack On An Animal,CHAPEL HILL
Animal,Other Animal,Fox,MOUNT CROSBY
Animal,Attack,Attack On An Animal,BRIGHTON
Animal,Dog,Fencing Issues,ENOGGERA
Animal,Cat Trapping,,COORPAROO
Animal,Dog,Fencing Issues,ACACIA RIDGE
Animal,Other Animal,Fox,THE GAP
Animal,Attack,Not An Attack,FOREST LAKE
Animal,Dog,Fencing Issues,YERONGA
Animal,Dog,Too Many Animals,GORDON PARK
Animal,Dog,Too Many Animals,GORDON PARK
Animal,Dog,Too Many Animals,GORDON PARK
Animal,Attack,Not An Attack,WISHART
Animal,Other Animal,Feral Pig,UPPER BROOKFIELD
Animal,Dog,Fencing Issues,MANSFIELD
Animal,Dog,Fencing Issues,BELLBOWRIE
Animal,Attack,Attack On An Animal,VIRGINIA
Animal,Attack,Menacing,BRACKEN RIDGE
Animal,Dog,Defecating In Public,NORMAN PARK
Animal,Attack,Attack On A Person,STAFFORD
Animal,Other Animal,Nuisance Animal,INALA
Animal,Dog,Fencing Issues,DARRA
Animal,Attack,Attack On An Animal,HOLLAND PARK
Animal,Dog,Defecating In Public,FITZGIBBON
Animal,Attack,,HOLLAND PARK
Animal,Dog,Defecating In Public,TARINGA
Animal,Dog,Defecating In Public,WEST END
Animal,Dog,Fencing Issues,NORMAN PARK
Animal,Attack,Attack On A Person,MOOROOKA
Animal,Other Animal,,KEDRON
Animal,Cat Trapping,,WYNNUM
Animal,Cat Trapping,,INALA
Animal,Attack,Not An Attack,HEMMANT
Animal,Attack,Attack On An Animal,UPPER KEDRON
Animal,Other Animal,Nuisance Animal,BELLBOWRIE
Animal,Dog,Defecating In Public,HEATHWOOD
Animal,Dog,Fencing Issues,DURACK
Animal,Dog,Too Many Animals,DURACK
Animal,Dog,Fencing Issues,CANNON HILL
Animal,Dog,Fencing Issues,WOOLLOONGABBA
Animal,Cat Trapping,,SEVEN HILLS
Animal,Attack,Attack On A Person,BALMORAL
Animal,Dog,Fencing Issues,DUTTON PARK
Animal,Cat Trapping,,GREENSLOPES
Animal,Attack,Attack On An Animal,MOGGILL
Animal,Other Animal,Nuisance Animal,TAIGUM
Animal,Attack,Attack On A Person,WOOLLOONGABBA
Animal,Attack,Not An Attack,COOPERS PLAINS
Animal,Attack,Attack On An Animal,SANDGATE
Animal,Dog,Unregistered,GRACEVILLE
Animal,Attack,Not An Attack,CARINA
Animal,Attack,Attack On An Animal,DARRA
Animal,Attack,Not An Attack,WYNNUM
Animal,Dog,Unregistered,BOWEN HILLS
Animal,Attack,,NEW FARM
Animal,Attack,Attack On A Person,BRISBANE CITY
Animal,Attack,Attack On An Animal,FOREST LAKE
Animal,Cat Trapping,,HOLLAND PARK
Animal,Attack,Menacing,ANNERLEY
Animal,Dog,Insufficient Space,ALDERLEY
Animal,Attack,Attack On An Animal,LOTA
Animal,Dog,,INALA
Animal,Dog,Fencing Issues,CHERMSIDE WEST
Animal,Dog,Defecating In Public,MANLY WEST
Animal,Dog,,FIG TREE POCKET
Animal,Dog,Fencing Issues,INALA
Animal,Other Animal,,SANDGATE
Animal,Dog,Fencing Issues,FOREST LAKE
Animal,Other Animal,,MOUNT OMMANEY
Animal,Attack,Menacing,WAVELL HEIGHTS
Animal,Dog,Fencing Issues,ROCHEDALE
Animal,Cat,,KENMORE
Animal,Dog,Fencing Issues,BALMORAL
Animal,Dog,Defecating In Public,SEVENTEEN MILE ROCKS
Animal,Cat Trapping,,ELLEN GROVE
Animal,Cat,,COOPERS PLAINS
Animal,Cat,,COOPERS PLAINS
Animal,Dog,Fencing Issues,WYNNUM WEST
Animal,Dog,Odour,GORDON PARK
Animal,Dog,Too Many Animals,ASHGROVE
Animal,Cat,,BANYO
Animal,Dog,Too Many Animals,GORDON PARK
Animal,Cat Trapping,,KENMORE
Animal,Cat Trapping,,WILLAWONG
Animal,Cat Trapping,,WINDSOR
Animal,Cat Trapping,,BANYO
Animal,Cat Trapping,,BANYO
Animal,Cat Trapping,,BANYO
Animal,Dog,Unregistered,ELLEN GROVE
Animal,Cat Trapping,,INALA
Animal,Dog,Fencing Issues,CALAMVALE
Animal,Other Animal,Fox,PADDINGTON
Animal,Dog,Surrender,FIG TREE POCKET
Animal,Dog,Fencing Issues,UPPER KEDRON
Animal,Other Animal,Rabbit,SEVENTEEN MILE ROCKS
Animal,Other Animal,Nuisance Animal,AUCHENFLOWER
Animal,Attack,Attack On A Person,PADDINGTON
Animal,Dog,Fencing Issues,BALMORAL
Animal,Attack,Attack On An Animal,UPPER MOUNT GRAVATT
Animal,Attack,Attack On An Animal,WAKERLEY
Animal,Attack,Attack On A Person,PADDINGTON
Animal,Attack,Attack On An Animal,CARINA HEIGHTS
Animal,Attack,Attack On A Person,GEEBUNG
Animal,Attack,Not An Attack,MCDOWALL
Animal,Other Animal,Fox,THE GAP
Animal,Attack,Attack On A Person,INALA
Animal,Attack,Attack On A Person,MOOROOKA
Animal,Attack,Menacing,MANLY
Animal,Cat,,PARKINSON
Animal,Dog,Defecating In Public,KURABY
Animal,Dog,Fencing Issues,ELLEN GROVE
Animal,Cat Trapping,,BANYO
Animal,Other Animal,Wild Dog,MOUNT CROSBY
Animal,Other Animal,Odour,JINDALEE
Animal,Attack,Attack On A Person,FORTITUDE VALLEY
Animal,Dog,Fencing Issues,DARRA
Animal,Cat Trapping,,CALAMVALE
Animal,Other Animal,Nuisance Animal,BANYO
Animal,Attack,Attack On A Person,SUNNYBANK
Animal,Attack,Menacing,CHELMER
Animal,Dog,Unregistered,INALA
Animal,Other Animal,Defecating In Public,OXLEY
Animal,Dog,Unregistered,BRIGHTON
Animal,Attack,Attack On A Person,TARRAGINDI
Animal,Dog,Defecating In Public,HEATHWOOD
Animal,Dog,Fencing Issues,BOONDALL
Animal,Other Animal,,UPPER KEDRON
Animal,Dog,Fencing Issues,AUCHENFLOWER
Animal,Other Animal,Nuisance Animal,SEVEN HILLS
Animal,Dog,Fencing Issues,SPRING HILL
Animal,Dog,Fencing Issues,SPRING HILL
Animal,Dog,Fencing Issues,PALLARA
Animal,Dog,Fencing Issues,NEW FARM
Animal,Dog,,SINNAMON PARK
Animal,Other Animal,Fencing Issues,UPPER BROOKFIELD
Animal,Attack,Menacing,BRACKEN RIDGE
Animal,Attack,Attack On A Person,ELLEN GROVE
Animal,Dog,Fencing Issues,CLAYFIELD
Animal,Dog,Too Many Animals,LOTA
Animal,Dog,Defecating In Public,THE GAP
Animal,Other Animal,,RICHLANDS
Animal,Other Animal,Fox,CHAPEL HILL
Animal,Attack,Menacing,ZILLMERE
Animal,Other Animal,Fox,WISHART
Animal,Dog,Unregistered,MURARRIE
Animal,Dog,Too Many Animals,MURARRIE
Animal,Dog,Unregistered,MURARRIE
Animal,Dog,Odour,NEWMARKET
Animal,Cat Trapping,,ROCHEDALE
Animal,Attack,Menacing,WAKERLEY
Animal,Attack,Attack On A Person,YERONGA
Animal,Other Animal,Too Many Animals,AUCHENFLOWER
Animal,Dog,Defecating In Public,GREENSLOPES
Animal,Other Animal,Odour,SHERWOOD
Animal,Dog,Unregistered,EIGHT MILE PLAINS
Animal,Attack,Not An Attack,NORTHGATE
Animal,Dog,Insufficient Space,ANSTEAD
Animal,Cat Trapping,,INALA
Animal,Dog,Fencing Issues,COOPERS PLAINS
Animal,Attack,Menacing,BRIGHTON
Animal,Attack,Menacing,STAFFORD
Animal,Attack,Attack On A Person,WAVELL HEIGHTS
Animal,Attack,Menacing,WAKERLEY
Animal,Attack,Menacing,WAKERLEY
Animal,Dog,Fencing Issues,NUNDAH
Animal,Cat Trapping,,ZILLMERE
Animal,Dog,Defecating In Public,RUNCORN
Animal,Dog,Defecating In Public,CARINA
Animal,Dog,Fencing Issues,CARINA
Animal,Attack,Attack On An Animal,MORNINGSIDE
Animal,Dog,Fencing Issues,SANDGATE
Animal,Attack,Attack On A Person,MORNINGSIDE
Animal,Dog,Fencing Issues,RICHLANDS
Animal,Dog,Defecating In Public,NEWSTEAD
Animal,Other Animal,Fox,BURBANK
Animal,Cat Trapping,,FERNY GROVE
Animal,Attack,Attack On An Animal,TARRAGINDI
Animal,Other Animal,Nuisance Animal,MACGREGOR
Animal,Cat Trapping,,INALA
Animal,Attack,Attack On An Animal,OXLEY
Animal,Cat,,FOREST LAKE
Animal,Other Animal,Wild Dog,FERNY GROVE
Animal,Attack,Attack On An Animal,INALA
Animal,Dog,,BARDON
Animal,Other Animal,Odour,INALA
Animal,Cat Trapping,,JINDALEE
Animal,Attack,Attack On A Person,FERNY GROVE
Animal,Other Animal,Rabbit,MOUNT OMMANEY
Animal,Dog,Defecating In Public,NUNDAH
Animal,Attack,Attack On A Person,CHAPEL HILL
Animal,Attack,Attack On A Person,KEPERRA
Animal,Other Animal,,COORPAROO
Animal,Other Animal,Nuisance Animal,SUNNYBANK HILLS
Animal,Dog,Unregistered,STAFFORD
Animal,Cat,,INALA
Animal,Attack,Not An Attack,ELLEN GROVE
Animal,Other Animal,Nuisance Animal,WISHART
Animal,Cat Trapping,,SHERWOOD
Animal,Cat Trapping,,YEERONGPILLY
Animal,Attack,Menacing,WINDSOR
Animal,Other Animal,Fencing Issues,RUNCORN
Animal,Other Animal,Fox,TAIGUM
Animal,Dog,Defecating In Public,SEVENTEEN MILE ROCKS
Animal,Other Animal,Pest / Feral Animal,VIRGINIA
Animal,Dog,Too Many Animals,WAKERLEY
Animal,Dog,Unregistered,ACACIA RIDGE
Animal,Dog,Unregistered,ACACIA RIDGE
Animal,Dog,Unregistered,ACACIA RIDGE
Animal,Other Animal,Fox,KARANA DOWNS
Animal,Cat Trapping,,SUNNYBANK
Animal,Cat Trapping,,MCDOWALL
Animal,Cat Trapping,,WYNNUM
Animal,Attack,Attack On A Person,ZILLMERE
Animal,Dog,Fencing Issues,GORDON PARK
Animal,Dog,Defecating In Public,THE GAP
Animal,Other Animal,Fox,GUMDALE
Animal,Cat,,MOUNT GRAVATT EAST
Animal,Dog,Fencing Issues,HOLLAND PARK
Animal,Other Animal,Feral Goat,KARAWATHA
Animal,Other Animal,Nuisance Animal,HOLLAND PARK
Animal,Dog,Too Many Animals,HAWTHORNE
Animal,Dog,Defecating In Public,WILSTON
Animal,Attack,Attack On A Person,KEPERRA
Animal,Dog,Fencing Issues,INALA
Animal,Dog,Fencing Issues,GRACEVILLE
Animal,Attack,Attack On An Animal,DUTTON PARK
Animal,Dog,Fencing Issues,GRACEVILLE
Animal,Dog,Defecating In Public,CARINDALE
Animal,Cat,,STAFFORD
Animal,Dog,Fencing Issues,BOONDALL
Animal,Dog,Fencing Issues,BRACKEN RIDGE
Animal,Cat Trapping,,DURACK
Animal,Dog,Fencing Issues,SHERWOOD
Animal,Cat,,MOUNT GRAVATT EAST
Animal,Dog,Fencing Issues,CHAPEL HILL
Animal,Other Animal,Odour,MCDOWALL
Animal,Dog,Defecating In Public,ASHGROVE
Animal,Dog,Fencing Issues,NEW FARM
Animal,Dog,Fencing Issues,YERONGA
Animal,Dog,Fencing Issues,YERONGA
Animal,Cat Trapping,,SEVEN HILLS
Animal,Attack,Not An Attack,BOONDALL
Animal,Dog,Fencing Issues,RUNCORN
Animal,Dog,Fencing Issues,KEPERRA
Animal,Attack,Attack On An Animal,SANDGATE
Animal,Dog,Defecating In Public,NEW FARM
Animal,Dog,Unregistered,WYNNUM WEST
Animal,Cat Trapping,,MANLY WEST
Animal,Other Animal,Rabbit,BALMORAL
Animal,Cat Trapping,,STAFFORD HEIGHTS
Animal,Other Animal,Rabbit,BALMORAL
Animal,Dog,Fencing Issues,FERNY GROVE
Animal,Other Animal,Fox,FERNY GROVE
Animal,Attack,Menacing,COOPERS PLAINS
Animal,Other Animal,Wild Dog,MOUNT COOT-THA
Animal,Cat Trapping,,ASPLEY
Animal,Dog,Fencing Issues,ELLEN GROVE
Animal,Dog,Too Many Animals,CHERMSIDE
Animal,Dog,Fencing Issues,MURARRIE
Animal,Dog,Fencing Issues,LOTA
Animal,Attack,Menacing,BALMORAL
Animal,Dog,,HIGHGATE HILL
Animal,Other Animal,Pest / Feral Animal,COORPAROO
Animal,Dog,Fencing Issues,CARINA HEIGHTS
Animal,Attack,Attack On A Person,CAMP HILL
Animal,Dog,Fencing Issues,LUTWYCHE
Animal,Dog,Fencing Issues,MANSFIELD
Animal,Dog,Defecating In Public,LUTWYCHE
Animal,Dog,Fencing Issues,WINDSOR
Animal,Attack,Not An Attack,GRACEVILLE
Animal,Cat Trapping,,ZILLMERE
Animal,Cat,,MOOROOKA
Animal,Attack,Attack On An Animal,KEPERRA
Animal,Attack,Attack On A Person,MORNINGSIDE
Animal,Cat Trapping,,ELLEN GROVE
Animal,Dog,Fencing Issues,KURABY
Animal,Dog,,FAIRFIELD
Animal,Other Animal,Nuisance Animal,INALA
Animal,Dog,Fencing Issues,ASPLEY
Animal,Dog,Fencing Issues,BRACKEN RIDGE
Animal,Cat Trapping,,BRACKEN RIDGE
Animal,Cat,,KURABY
Animal,Dog,Defecating In Public,KURABY
Animal,Other Animal,Wild Dog,UPPER BROOKFIELD
Animal,Dog,Fencing Issues,FOREST LAKE
Animal,Dog,Fencing Issues,BRIDGEMAN DOWNS
Animal,Dog,Too Many Animals,BULIMBA
Animal,Dog,Unregistered,ELLEN GROVE
Animal,Dog,Defecating In Public,MANLY
Animal,Dog,Fencing Issues,ANNERLEY
Animal,Attack,Attack On An Animal,YERONGA
Animal,Dog,Too Many Animals,GORDON PARK
Animal,Attack,Attack On An Animal,SANDGATE
Animal,Dog,Fencing Issues,PADDINGTON
Animal,Dog,Fencing Issues,PADDINGTON
Animal,Attack,Menacing,YERONGA
Animal,Cat Trapping,,COORPAROO
Animal,Cat Trapping,,FOREST LAKE
Animal,Dog,Fencing Issues,GRACEVILLE
Animal,Attack,Attack On A Person,INALA
Animal,Other Animal,Nuisance Animal,INALA
Animal,Dog,Fencing Issues,WYNNUM WEST
Animal,Dog,Fencing Issues,WAKERLEY
Animal,Other Animal,Fox,MANSFIELD
Animal,Other Animal,Fox,PULLENVALE
Animal,Dog,Fencing Issues,KELVIN GROVE
Animal,Cat Trapping,,YEERONGPILLY
Animal,Dog,Fencing Issues,SUNNYBANK
Animal,Attack,Attack On An Animal,CAMP HILL
Animal,Dog,Fencing Issues,PADDINGTON
Animal,Dog,Fencing Issues,PADDINGTON
Animal,Cat Trapping,,LOTA
Animal,Cat Trapping,,HOLLAND PARK
Animal,Dog,Defecating In Public,BOONDALL
Animal,Dog,Defecating In Public,BARDON
Animal,Dog,Defecating In Public,ASHGROVE
Animal,Cat Trapping,,CHAPEL HILL
Animal,Attack,Attack On An Animal,ACACIA RIDGE
Animal,Other Animal,Fox,THE GAP
Animal,Dog,Fencing Issues,CHERMSIDE
Animal,Dog,Defecating In Public,THE GAP
Animal,Dog,Unregistered,OXLEY
Animal,Attack,Attack On An Animal,BANYO
Animal,Other Animal,Fencing Issues,WEST END
Animal,Attack,Menacing,WINDSOR
Animal,Other Animal,Fox,COOPERS PLAINS
Animal,Cat Trapping,,KENMORE
Animal,Dog,Fencing Issues,ACACIA RIDGE
Animal,Cat Trapping,,THE GAP
Animal,Attack,Not An Attack,CALAMVALE
Animal,Dog,Fencing Issues,MOUNT GRAVATT
Animal,Dog,Fencing Issues,MOUNT GRAVATT
Animal,Dog,Fencing Issues,SUNNYBANK HILLS
Animal,Cat Trapping,,CARINA
Animal,Other Animal,Rabbit,GUMDALE
Animal,Cat Trapping,,ELLEN GROVE
Animal,Dog,Unregistered,RIVERHILLS
Animal,Dog,Defecating In Public,FITZGIBBON
Animal,Dog,Defecating In Public,BARDON
Animal,Cat Trapping,,WYNNUM
Animal,Dog,Too Many Animals,TINGALPA
Animal,Other Animal,Fencing Issues,SHORNCLIFFE
Animal,Dog,Fencing Issues,KENMORE
Animal,Attack,Attack On A Person,MOOROOKA
Animal,Dog,Fencing Issues,CARINA
Animal,Other Animal,Fencing Issues,ASHGROVE
Animal,Attack,Menacing,MACGREGOR
Animal,Dog,Fencing Issues,KEPERRA
Animal,Other Animal,Wild Dog,UPPER BROOKFIELD
Animal,Attack,Attack On A Person,SUNNYBANK HILLS
Animal,Cat,,TAIGUM
Animal,Attack,Attack On An Animal,WAKERLEY
Animal,Other Animal,Fencing Issues,PALLARA
Animal,Dog,Defecating In Public,GORDON PARK
Animal,Attack,Attack On An Animal,NEW FARM
Animal,Attack,Attack On A Person,WYNNUM WEST
Animal,Dog,Fencing Issues,ZILLMERE
Animal,Other Animal,Fox,KENMORE HILLS
Animal,Attack,Attack On An Animal,WAKERLEY
Animal,Dog,Too Many Animals,MOUNT CROSBY
Animal,Dog,Defecating In Public,YERONGA
Animal,Dog,Fencing Issues,SEVENTEEN MILE ROCKS
Animal,Attack,Menacing,DEAGON
Animal,Attack,Not An Attack,THE GAP
Animal,Dog,Fencing Issues,ZILLMERE
Animal,Attack,,NORTHGATE
Animal,Other Animal,Fox,WAKERLEY
Animal,Dog,Too Many Animals,BRACKEN RIDGE
Animal,Dog,Too Many Animals,BRACKEN RIDGE
Animal,Dog,Too Many Animals,BRACKEN RIDGE
Animal,Other Animal,Nuisance Animal,KARANA DOWNS
Animal,Cat Trapping,,PETRIE TERRACE
Animal,Attack,Menacing,NEW FARM
Animal,Other Animal,Fox,
Animal,Dog,Fencing Issues,FITZGIBBON
Animal,Attack,Attack On An Animal,SINNAMON PARK
Animal,Dog,Defecating In Public,GREENSLOPES
Animal,Attack,Menacing,RUNCORN
Animal,Attack,Attack On An Animal,BELLBOWRIE
Animal,Dog,Too Many Animals,BELLBOWRIE
Animal,Attack,Not An Attack,LUTWYCHE
Animal,Dog,Fencing Issues,ELLEN GROVE
Animal,Dog,Fencing Issues,INALA
Animal,Attack,Attack On A Person,RUNCORN
Animal,Dog,Fencing Issues,BELLBOWRIE
Animal,Other Animal,Fox,CHANDLER
Animal,Cat Trapping,,THE GAP
Animal,Cat Trapping,,NORMAN PARK
Animal,Attack,Attack On A Person,RIVERHILLS
Animal,Dog,Fencing Issues,RIVERHILLS
Animal,Attack,Attack On An Animal,SPRING HILL
Animal,Attack,Attack On A Person,DARRA
Animal,Dog,Too Many Animals,DURACK
Animal,Attack,Attack On A Person,CARINA
Animal,Cat Trapping,,PARKINSON
Animal,Dog,Defecating In Public,TINGALPA
Animal,Dog,Fencing Issues,ZILLMERE
Animal,Attack,Attack On An Animal,MANLY
Animal,Other Animal,Fox,KHOLO
Animal,Cat,,ACACIA RIDGE
Animal,Dog,Too Many Animals,DURACK
Animal,Dog,,DURACK
Animal,Cat,,COORPAROO
Animal,Dog,Fencing Issues,GAYTHORNE
Animal,Other Animal,Nuisance Animal,WYNNUM WEST
Animal,Attack,Attack On An Animal,FITZGIBBON
Animal,Cat Trapping,,CORINDA
Animal,Other Animal,Too Many Animals,BOWEN HILLS
Animal,Attack,Attack On An Animal,BANYO
Animal,Attack,Attack On An Animal,TAIGUM
Animal,Dog,Fencing Issues,WYNNUM WEST
Animal,Cat,,INALA
Animal,Other Animal,,BROOKFIELD
Animal,Cat Trapping,,BRACKEN RIDGE
Animal,Attack,Attack On An Animal,BRIGHTON
Animal,Dog,Fencing Issues,WYNNUM
Animal,Dog,Too Many Animals,NORTHGATE
Animal,Attack,,PALLARA
Animal,Dog,Fencing Issues,CHAPEL HILL
Animal,Dog,,MOOROOKA
Animal,Cat,,WAKERLEY
Animal,Dog,Fencing Issues,ALBION
Animal,Dog,Too Many Animals,NORTHGATE
Animal,Dog,Too Many Animals,NORMAN PARK
Animal,Dog,Fencing Issues,NORMAN PARK
Animal,Dog,Fencing Issues,NORMAN PARK
Animal,Other Animal,Fox,RIVERHILLS
Animal,Cat,,WYNNUM WEST
Animal,Dog,Fencing Issues,BRIGHTON
Animal,Dog,Fencing Issues,BELLBOWRIE
Animal,Attack,Attack On An Animal,HENDRA
Animal,Other Animal,Deer,JINDALEE
Animal,Other Animal,,BROOKFIELD
Animal,Attack,Attack On An Animal,THE GAP
Animal,Attack,Attack On A Person,COORPAROO
Animal,Other Animal,,PULLENVALE
Animal,Other Animal,Odour,RUNCORN
Animal,Other Animal,Nuisance Animal,CALAMVALE
Animal,Attack,Attack On A Person,THE GAP
Animal,Attack,Attack On An Animal,MOGGILL
Animal,Dog,Fencing Issues,MOOROOKA
Animal,Dog,,ASCOT
Animal,Dog,,BRACKEN RIDGE
Animal,Dog,Fencing Issues,FOREST LAKE
Animal,Attack,Attack On A Person,ASPLEY
Animal,Dog,Fencing Issues,OXLEY
Animal,Attack,Not An Attack,ASCOT
Animal,Attack,Attack On An Animal,CHERMSIDE WEST
Animal,Cat Trapping,,WYNNUM
Animal,Attack,Attack On An Animal,BRIGHTON
Animal,Attack,Menacing,DEAGON
Animal,Dog,Unregistered,HOLLAND PARK
Animal,Other Animal,Odour,CARINDALE
Animal,Attack,Attack On An Animal,NEW FARM
Animal,Cat Trapping,,UPPER KEDRON
Animal,Dog,Fencing Issues,SALISBURY
Animal,Cat Trapping,,ZILLMERE
Animal,Attack,Attack On A Person,NEW FARM
Animal,Dog,Fencing Issues,KEPERRA
Animal,Other Animal,Pest / Feral Animal,INALA
Animal,Cat Trapping,,ZILLMERE
Animal,Dog,Fencing Issues,STAFFORD
Animal,Dog,Fencing Issues,STAFFORD
Animal,Dog,Fencing Issues,KURABY
Animal,Other Animal,Nuisance Animal,DOOLANDELLA
Animal,Attack,Attack On A Person,RUNCORN
Animal,Attack,Attack On A Person,SALISBURY
Animal,Cat,,BALD HILLS
Animal,Dog,,SUMNER
Animal,Attack,Not An Attack,HERSTON
Animal,Attack,Attack On An Animal,INALA
Animal,Other Animal,Fox,SUNNYBANK
Animal,Dog,Fencing Issues,HEMMANT
Animal,Other Animal,Fox,TAIGUM
Animal,Other Animal,Fox,CORINDA
Animal,Attack,Attack On An Animal,MURARRIE
Animal,Attack,Attack On A Person,BRACKEN RIDGE
Animal,Attack,Attack On An Animal,CHAPEL HILL
Animal,Other Animal,Odour,WESTLAKE
Animal,Other Animal,Rabbit,RED HILL
Animal,Dog,Fencing Issues,BRIGHTON
Animal,Dog,Defecating In Public,CALAMVALE
Animal,Dog,Defecating In Public,CALAMVALE
Animal,Attack,Attack On An Animal,WAKERLEY
Animal,Other Animal,Fox,SHERWOOD
Animal,Dog,Defecating In Public,CARINA
Animal,Dog,Fencing Issues,BANYO
Animal,Dog,Defecating In Public,MORNINGSIDE
Animal,Other Animal,Nuisance Animal,WYNNUM
Animal,Dog,Too Many Animals,ALGESTER
Animal,Dog,Fencing Issues,HEMMANT
Animal,Dog,Fencing Issues,FAIRFIELD
Animal,Attack,Attack On A Person,WYNNUM
Animal,Dog,Fencing Issues,THE GAP
Animal,Cat Trapping,,MANLY WEST
Animal,Dog,Unregistered,DARRA
Animal,Attack,Not An Attack,INALA
Animal,Attack,Attack On An Animal,WACOL
Animal,Attack,Menacing,CALAMVALE
Animal,Attack,Attack On An Animal,BELLBOWRIE
Animal,Attack,Menacing,BURBANK
Animal,Cat Trapping,,BRACKEN RIDGE
Animal,Dog,Fencing Issues,MURARRIE
Animal,Attack,Attack On An Animal,SHORNCLIFFE
Animal,Dog,Fencing Issues,BRIGHTON
Animal,Dog,Fencing Issues,HOLLAND PARK WEST
Animal,Other Animal,Fox,BANYO
Animal,Dog,Fencing Issues,INALA
Animal,Dog,Defecating In Public,JINDALEE
Animal,Dog,Defecating In Public,WYNNUM
Animal,Dog,Defecating In Public,FITZGIBBON
Animal,Other Animal,Feral Cat,WILLAWONG
Animal,Cat,,WILLAWONG
Animal,Cat,,WILLAWONG
Animal,Other Animal,Wild Dog,BURBANK
Animal,Other Animal,Fencing Issues,ROCKLEA
Animal,Dog,Defecating In Public,SANDGATE
Animal,Attack,Attack On A Person,HOLLAND PARK
Animal,Dog,Fencing Issues,WYNNUM WEST
Animal,Attack,Attack On An Animal,DURACK
Animal,Cat Trapping,,MACGREGOR
Animal,Dog,Odour,BANYO
Animal,Attack,Attack On An Animal,ANNERLEY
Animal,Dog,Fencing Issues,WYNNUM
Animal,Attack,Attack On A Person,COORPAROO
Animal,Attack,Attack On A Person,SALISBURY
Animal,Dog,Defecating In Public,UPPER KEDRON
Animal,Attack,Menacing,CANNON HILL
Animal,Dog,Fencing Issues,BARDON
Animal,Attack,Attack On An Animal,BALD HILLS
Animal,Dog,Fencing Issues,PULLENVALE
Animal,Dog,Defecating In Public,INALA
Animal,Attack,Attack On An Animal,BALD HILLS
Animal,Attack,Attack On An Animal,WILSTON
Animal,Dog,Too Many Animals,YERONGA
Animal,Dog,Fencing Issues,GORDON PARK
Animal,Dog,Fencing Issues,TINGALPA
Animal,Other Animal,Nuisance Animal,MOUNT CROSBY
Animal,Dog,Defecating In Public,NEW FARM
Animal,Cat Trapping,,INALA
Animal,Cat Trapping,,SALISBURY
Animal,Dog,Fencing Issues,CARINA HEIGHTS
Animal,Other Animal,Nuisance Animal,BRIGHTON
Animal,Cat Trapping,,GAYTHORNE
Animal,Dog,Fencing Issues,STAFFORD
Animal,Dog,Fencing Issues,BALD HILLS
Animal,Cat Trapping,,COORPAROO
Animal,Dog,Defecating In Public,YERONGA
Animal,Attack,,CARSELDINE
Animal,Dog,Fencing Issues,BRACKEN RIDGE
Animal,Dog,Fencing Issues,TAIGUM
Animal,Dog,Fencing Issues,MANLY
Animal,Attack,Attack On An Animal,GRACEVILLE
Animal,Dog,Fencing Issues,CHAPEL HILL
Animal,Dog,Fencing Issues,ZILLMERE
Animal,Dog,Defecating In Public,DEAGON
Animal,Dog,Fencing Issues,SALISBURY
Animal,Dog,Defecating In Public,DEAGON
Animal,Dog,Fencing Issues,INALA
Animal,Other Animal,Fox,UPPER MOUNT GRAVATT
Animal,Attack,Attack On An Animal,BRACKEN RIDGE
Animal,Cat Trapping,,COOPERS PLAINS
Animal,Cat Trapping,,COOPERS PLAINS
Animal,Other Animal,Pest / Feral Animal,KEPERRA
Animal,Dog,Fencing Issues,CHAPEL HILL
Animal,Dog,Too Many Animals,STAFFORD HEIGHTS
Animal,Other Animal,Defecating In Public,RUNCORN
Animal,Cat,,SUNNYBANK
Animal,Dog,Fencing Issues,OXLEY
Animal,Attack,Attack On An Animal,HEMMANT
Animal,Other Animal,Nuisance Animal,DURACK
Animal,Dog,,ELLEN GROVE
Animal,Other Animal,Nuisance Animal,CALAMVALE
Animal,Cat Trapping,,COOPERS PLAINS
Animal,Other Animal,Wild Dog,GREENSLOPES
Animal,Attack,Attack On A Person,BOONDALL
Animal,Dog,Fencing Issues,CHAPEL HILL
Animal,Other Animal,,BROOKFIELD
Animal,Dog,Fencing Issues,JINDALEE
Animal,Attack,Menacing,KEPERRA
Animal,Attack,Attack On A Person,PADDINGTON
Animal,Other Animal,Odour,WESTLAKE
Animal,Other Animal,Odour,WESTLAKE
Animal,Other Animal,Odour,WESTLAKE
Animal,Dog,Fencing Issues,STAFFORD
Animal,Dog,Fencing Issues,STAFFORD
Animal,Dog,,KEDRON
Animal,Dog,Too Many Animals,CHERMSIDE
Animal,Dog,Fencing Issues,STAFFORD HEIGHTS
Animal,Dog,Too Many Animals,ROBERTSON
Animal,Attack,Not An Attack,ASHGROVE
Animal,Dog,Defecating In Public,WEST END
Animal,Dog,Defecating In Public,SUNNYBANK
Animal,Dog,,SUNNYBANK
Animal,Other Animal,Deer,JINDALEE
Animal,Dog,Too Many Animals,GEEBUNG
Animal,Dog,Fencing Issues,ASPLEY
Animal,Attack,Not An Attack,KANGAROO POINT
Animal,Attack,,ASPLEY
Animal,Attack,Attack On A Person,BANYO
Animal,Dog,Too Many Animals,NORTHGATE
Animal,Attack,Attack On An Animal,BRACKEN RIDGE
Animal,Dog,Fencing Issues,KARANA DOWNS
Animal,Attack,Attack On An Animal,BALMORAL
Animal,Dog,Defecating In Public,SUNNYBANK HILLS
Animal,Dog,Fencing Issues,BELLBOWRIE
Animal,Attack,,WYNNUM
Animal,Attack,Attack On An Animal,TINGALPA
Animal,Dog,Fencing Issues,WYNNUM WEST
Animal,Dog,Too Many Animals,TARRAGINDI
Animal,Other Animal,Fox,INDOOROOPILLY
Animal,Attack,Attack On A Person,CHERMSIDE
Animal,Dog,Fencing Issues,WESTLAKE
Animal,Cat Trapping,,COOPERS PLAINS
Animal,Other Animal,,ELLEN GROVE
Animal,Attack,Attack On A Person,EVERTON PARK
Animal,Attack,Attack On A Person,KEPERRA
Animal,Dog,Fencing Issues,THE GAP
Animal,Attack,Attack On An Animal,HOLLAND PARK
Animal,Attack,Attack On A Person,KARANA DOWNS
Animal,Dog,Fencing Issues,OXLEY
Animal,Attack,Attack On An Animal,BALMORAL
Animal,Attack,Not An Attack,TINGALPA
Animal,Attack,Menacing,SEVEN HILLS
Animal,Attack,Attack On A Person,ASHGROVE
Animal,Dog,Too Many Animals,KENMORE
Animal,Dog,Fencing Issues,KEDRON
Animal,Attack,Attack On An Animal,BELLBOWRIE
Animal,Other Animal,,ROCHEDALE
Animal,Attack,,KURABY
Animal,Dog,,WYNNUM
Animal,Dog,Fencing Issues,DARRA
Animal,Other Animal,Nuisance Animal,NEWMARKET
Animal,Dog,Fencing Issues,NORMAN PARK
Animal,Attack,Attack On A Person,SANDGATE
Animal,Other Animal,Rabbit,UPPER KEDRON
Animal,Attack,Not An Attack,TARRAGINDI
Animal,Attack,Attack On A Person,THE GAP
Animal,Attack,Menacing,DEAGON
Animal,Cat,,DOOLANDELLA
Animal,Dog,Fencing Issues,EVERTON PARK
Animal,Attack,Menacing,ALBION
Animal,Dog,Fencing Issues,MOUNT GRAVATT
Animal,Attack,Menacing,MANLY WEST
Animal,Dog,Fencing Issues,CALAMVALE
Animal,Other Animal,Odour,HENDRA
Animal,Dog,Fencing Issues,KEDRON
Animal,Attack,Not An Attack,TARRAGINDI
Animal,Dog,Fencing Issues,KEPERRA
Animal,Dog,,SUNNYBANK
Animal,Cat,,INALA
Animal,Dog,Unregistered,SUNNYBANK HILLS
Animal,Dog,Fencing Issues,TAIGUM
Animal,Dog,Defecating In Public,ZILLMERE
Animal,Other Animal,Wild Dog,MOUNT COOT-THA
Animal,Dog,Odour,DOOLANDELLA
Animal,Dog,Too Many Animals,GEEBUNG
Animal,Dog,Too Many Animals,GEEBUNG
Animal,Other Animal,Fox,SEVENTEEN MILE ROCKS
Animal,Other Animal,Fox,CHAPEL HILL
Animal,Attack,Attack On A Person,FOREST LAKE
Animal,Dog,Odour,WEST END
Animal,Dog,Odour,KELVIN GROVE
Animal,Other Animal,Fox,NUDGEE
Animal,Other Animal,Fox,BOONDALL
Animal,Other Animal,Fox,SANDGATE
Animal,Other Animal,Fox,BALD HILLS
Animal,Other Animal,Fox,BURBANK
Animal,Dog,Too Many Animals,BOONDALL
Animal,Other Animal,Nuisance Animal,DARRA
Animal,Cat,,KEDRON
Animal,Other Animal,Fox,CARINA HEIGHTS
Animal,Attack,Attack On A Person,RUNCORN
Animal,Attack,Attack On An Animal,MILTON
Animal,Dog,Defecating In Public,HOLLAND PARK
Animal,Attack,Attack On A Person,ACACIA RIDGE
Animal,Other Animal,,MOGGILL
Animal,Other Animal,Deer,BROOKFIELD
Animal,Dog,Defecating In Public,TOOWONG
Animal,Dog,Defecating In Public,INDOOROOPILLY
Animal,Attack,Attack On An Animal,RED HILL
Animal,Attack,Attack On An Animal,COORPAROO
Animal,Attack,Attack On An Animal,KEDRON
Animal,Other Animal,Nuisance Animal,HIGHGATE HILL
Animal,Dog,Fencing Issues,SUNNYBANK
Animal,Attack,Attack On An Animal,HENDRA
Animal,Dog,Odour,CARINA
Animal,Other Animal,Nuisance Animal,BRIGHTON
Animal,Dog,Insufficient Space,NEWMARKET
Animal,Attack,Attack On A Person,ACACIA RIDGE
Animal,Dog,Too Many Animals,KARANA DOWNS
Animal,Attack,Attack On A Person,NORTHGATE
Animal,Attack,Attack On A Person,MOOROOKA
Animal,Other Animal,Wild Dog,UPPER BROOKFIELD
Animal,Other Animal,,BOONDALL
Animal,Attack,Attack On A Person,FERNY GROVE
Animal,Dog,Fencing Issues,PALLARA
Animal,Other Animal,,BRISBANE CITY
Animal,Dog,Fencing Issues,WYNNUM WEST
Animal,Dog,Odour,MORNINGSIDE
Animal,Dog,Fencing Issues,MOGGILL
Animal,Dog,Defecating In Public,NORMAN PARK
Animal,Attack,Attack On An Animal,WYNNUM
Animal,Dog,Fencing Issues,ELLEN GROVE
Animal,Attack,Attack On A Person,MANSFIELD
Animal,Attack,Attack On An Animal,FOREST LAKE
Animal,Cat Trapping,,WAVELL HEIGHTS
Animal,Cat Trapping,,BRIDGEMAN DOWNS
Animal,Dog,Fencing Issues,FIG TREE POCKET
Animal,Dog,Fencing Issues,RUNCORN
Animal,Attack,Not An Attack,ROBERTSON
Animal,Cat Trapping,,KEDRON
Animal,Dog,Defecating In Public,ASPLEY
Animal,Cat,,FITZGIBBON
Animal,Other Animal,,DREWVALE
Animal,Attack,Attack On An Animal,CHAPEL HILL
Animal,Dog,Fencing Issues,ZILLMERE
Animal,Dog,Fencing Issues,WYNNUM WEST
Animal,Other Animal,Nuisance Animal,AUCHENFLOWER
Animal,Dog,Odour,GORDON PARK
Animal,Dog,Defecating In Public,CHELMER
Animal,Cat,,MOOROOKA
Animal,Dog,Fencing Issues,HOLLAND PARK
Animal,Other Animal,Nuisance Animal,BRIGHTON
Animal,Other Animal,,AUCHENFLOWER
Animal,Other Animal,Deer,MOUNT OMMANEY
Animal,Dog,Odour,COORPAROO
Animal,Dog,Too Many Animals,MANSFIELD
Animal,Dog,Too Many Animals,YERONGA
Animal,Other Animal,Nuisance Animal,BURBANK
Animal,Attack,Attack On An Animal,GORDON PARK
Animal,Attack,Attack On A Person,PULLENVALE
Animal,Other Animal,,STAFFORD
Animal,Attack,Attack On A Person,GRACEVILLE
Animal,Attack,Attack On An Animal,MANSFIELD
Animal,Attack,Menacing,BRACKEN RIDGE
Animal,Dog,Fencing Issues,BRACKEN RIDGE
Animal,Attack,Attack On An Animal,MOGGILL
Animal,Dog,Too Many Animals,ELLEN GROVE
Animal,Dog,,THE GAP
Animal,Dog,Unregistered,TAIGUM
Animal,Other Animal,,BRACKEN RIDGE
Animal,Dog,Fencing Issues,ASPLEY
Animal,Dog,,MORNINGSIDE
Animal,Dog,Fencing Issues,KEPERRA
Animal,Dog,Fencing Issues,FAIRFIELD
Animal,Dog,Fencing Issues,HAWTHORNE
Animal,Dog,Fencing Issues,ZILLMERE
Animal,Cat Trapping,,MOUNT GRAVATT
Animal,Dog,Defecating In Public,SPRING HILL
Animal,Dog,Defecating In Public,ASPLEY
Animal,Other Animal,Fox,SEVENTEEN MILE ROCKS
Animal,Dog,Too Many Animals,RIVERHILLS
Animal,Attack,Attack On An Animal,PINJARRA HILLS
Animal,Cat,,KEDRON
Animal,Attack,Menacing,SHORNCLIFFE
Animal,Dog,Fencing Issues,TOOWONG
Animal,Attack,Attack On An Animal,BARDON
Animal,Dog,Fencing Issues,CHELMER
Animal,Dog,Fencing Issues,INALA
Animal,Attack,Attack On An Animal,HOLLAND PARK
Animal,Dog,Fencing Issues,CAMP HILL
Animal,Attack,Attack On An Animal,KURABY
Animal,Cat Trapping,,SALISBURY
Animal,Attack,Attack On An Animal,SINNAMON PARK
Animal,Attack,Attack On A Person,BOONDALL
Animal,Dog,Defecating In Public,KEDRON
Animal,Other Animal,Nuisance Animal,INALA
Animal,Dog,Too Many Animals,ZILLMERE
Animal,Attack,Attack On An Animal,BOONDALL
Animal,Cat Trapping,,NUNDAH
Animal,Dog,Unregistered,KARANA DOWNS
Animal,Attack,Attack On An Animal,BURBANK
Animal,Dog,Fencing Issues,CHERMSIDE
Animal,Dog,Fencing Issues,HOLLAND PARK
Animal,Cat,,OXLEY
Animal,Dog,Defecating In Public,MOUNT GRAVATT
Animal,Attack,Not An Attack,CHAPEL HILL
Animal,Dog,Defecating In Public,BRISBANE CITY
Animal,Attack,Attack On An Animal,ELLEN GROVE
Animal,Dog,Too Many Animals,DURACK
Animal,Dog,Fencing Issues,GREENSLOPES
Animal,Dog,Unregistered,ACACIA RIDGE
Animal,Dog,Odour,COOPERS PLAINS
Animal,Attack,Attack On An Animal,MORNINGSIDE
Animal,Other Animal,Nuisance Animal,STRETTON
Animal,Dog,Odour,GORDON PARK
Animal,Attack,Menacing,MORNINGSIDE
Animal,Other Animal,,RIVERHILLS
Animal,Other Animal,Fox,KARANA DOWNS
Animal,Cat Trapping,,COOPERS PLAINS
Animal,Dog,Fencing Issues,BANYO
Animal,Other Animal,Fox,INDOOROOPILLY
Animal,Dog,Fencing Issues,BOONDALL
Animal,Other Animal,Nuisance Animal,KEPERRA
Animal,Dog,Fencing Issues,BARDON
Animal,Dog,Fencing Issues,TOOWONG
Animal,Dog,Fencing Issues,BRIDGEMAN DOWNS
Animal,Dog,Fencing Issues,CAMP HILL
Animal,Attack,Not An Attack,INALA
Animal,Cat Trapping,,SUNNYBANK HILLS
Animal,Attack,Menacing,HEMMANT
Animal,Attack,Attack On An Animal,GORDON PARK
Animal,Attack,Attack On An Animal,ENOGGERA
Animal,Dog,Fencing Issues,HEMMANT
Animal,Attack,Not An Attack,WYNNUM WEST
Animal,Cat,,MANLY WEST
Animal,Attack,Attack On An Animal,GAYTHORNE
Animal,Dog,Defecating In Public,CORINDA
Animal,Attack,Menacing,CARSELDINE
Animal,Dog,Fencing Issues,COOPERS PLAINS
Animal,Attack,Menacing,COOPERS PLAINS
Animal,Other Animal,Pest / Feral Animal,SUNNYBANK HILLS
Animal,Attack,Attack On An Animal,WYNNUM WEST
Animal,Dog,Defecating In Public,NORMAN PARK
Animal,Dog,Fencing Issues,BARDON
Animal,Other Animal,Fox,CHANDLER
Animal,Cat Trapping,,SUNNYBANK
Animal,Attack,Attack On An Animal,DREWVALE
Animal,Other Animal,Fencing Issues,ASHGROVE
Animal,Dog,Fencing Issues,UPPER MOUNT GRAVATT
Animal,Cat Trapping,,JINDALEE
Animal,Other Animal,Fox,BELMONT
Animal,Other Animal,Wild Dog,CORINDA
Animal,Cat Trapping,,BANYO
Animal,Dog,Too Many Animals,BRACKEN RIDGE
Animal,Dog,Too Many Animals,BRACKEN RIDGE
Animal,Dog,Fencing Issues,BRACKEN RIDGE
Animal,Attack,Not An Attack,GRANGE
Animal,Other Animal,Odour,HENDRA
Animal,Attack,Menacing,NUNDAH
Animal,Attack,Not An Attack,WYNNUM WEST
Animal,Attack,Menacing,COORPAROO
Animal,Attack,Not An Attack,HAMILTON
Animal,Other Animal,,BROOKFIELD
Animal,Other Animal,Nuisance Animal,WYNNUM
Animal,Dog,Fencing Issues,ROBERTSON
Animal,Cat,,OXLEY
Animal,Other Animal,,ASPLEY
Animal,Attack,Attack On A Person,ALGESTER
Animal,Attack,Attack On A Person,NEW FARM
Animal,Dog,Odour,MURARRIE
Animal,Dog,Fencing Issues,CALAMVALE
Animal,Attack,Menacing,COORPAROO
Animal,Attack,Not An Attack,ROCKLEA
Animal,Cat,,MOOROOKA
Animal,Attack,Attack On An Animal,NORMAN PARK
Animal,Other Animal,Deer,BROOKFIELD
Animal,Dog,Too Many Animals,GEEBUNG
Animal,Dog,Too Many Animals,GEEBUNG
Animal,Other Animal,Rabbit,KENMORE
Animal,Dog,Defecating In Public,BRIGHTON
Animal,Dog,Fencing Issues,CANNON HILL
Animal,Attack,Attack On A Person,TARRAGINDI
Animal,Dog,Fencing Issues,TARRAGINDI
Animal,Attack,Attack On A Person,NUNDAH
Animal,Attack,Attack On A Person,BRACKEN RIDGE
Animal,Attack,Attack On A Person,ACACIA RIDGE
Animal,Cat,,FITZGIBBON
Animal,Attack,Attack On A Person,BARDON
Animal,Dog,Defecating In Public,BANYO
Animal,Dog,Defecating In Public,HEMMANT
Animal,Attack,Attack On A Person,EVERTON PARK
Animal,Dog,Fencing Issues,UPPER MOUNT GRAVATT
Animal,Attack,Attack On An Animal,RED HILL
Animal,Cat Trapping,,CANNON HILL
Animal,Dog,Fencing Issues,SEVENTEEN MILE ROCKS
Animal,Dog,Fencing Issues,SEVENTEEN MILE ROCKS
Animal,Cat Trapping,,WYNNUM
Animal,Attack,Attack On A Person,EVERTON PARK
Animal,Attack,Attack On An Animal,NUDGEE BEACH
Animal,Dog,Fencing Issues,ELLEN GROVE
Animal,Attack,Attack On A Person,TAIGUM
Animal,Dog,Insufficient Space,GRACEVILLE
Animal,Attack,Attack On An Animal,THE GAP
Animal,Dog,Fencing Issues,FOREST LAKE
Animal,Dog,Too Many Animals,YERONGA
Animal,Dog,Fencing Issues,KENMORE
Animal,Other Animal,Fox,MOUNT COOT-THA
Animal,Attack,Attack On An Animal,ZILLMERE
Animal,Dog,Fencing Issues,INALA
Animal,Dog,Fencing Issues,INALA
Animal,Dog,Fencing Issues,INALA
Animal,Cat,,CAMP HILL
Animal,Attack,Attack On An Animal,UPPER KEDRON
Animal,Dog,Defecating In Public,YERONGA
Animal,Dog,Unregistered,NORTHGATE
Animal,Dog,Unregistered,NORTHGATE
Animal,Dog,Fencing Issues,INALA
Animal,Dog,,CARINA HEIGHTS
Animal,Cat,,JINDALEE
Animal,Attack,Attack On An Animal,GEEBUNG
Animal,Dog,Fencing Issues,BARDON
Animal,Attack,Attack On An Animal,ELLEN GROVE
Animal,Cat Trapping,,SUNNYBANK
Animal,Dog,Unregistered,MITCHELTON
Animal,Other Animal,Fox,GUMDALE
Animal,Dog,Fencing Issues,THE GAP
Animal,Dog,,INALA
Animal,Dog,Unregistered,LOTA
Animal,Cat,,BRACKEN RIDGE
Animal,Attack,Attack On An Animal,WYNNUM
Animal,Attack,Attack On A Person,SANDGATE
Animal,Dog,Fencing Issues,GEEBUNG
Animal,Attack,Not An Attack,BALD HILLS
Animal,Dog,Fencing Issues,TOOWONG
Animal,Dog,Fencing Issues,SUNNYBANK
Animal,Other Animal,Deer,BROOKFIELD
Animal,Cat Trapping,,BULIMBA
Animal,Dog,Fencing Issues,CALAMVALE
Animal,Attack,Attack On An Animal,MOGGILL
Animal,Attack,Attack On An Animal,ASPLEY
Animal,Attack,Attack On An Animal,COOPERS PLAINS
Animal,Attack,Attack On An Animal,DEAGON
Animal,Attack,Attack On A Person,SUNNYBANK HILLS
Animal,Other Animal,Fox,BELMONT
Animal,Cat Trapping,,THE GAP
Animal,Dog,Fencing Issues,MOOROOKA
Animal,Dog,Fencing Issues,LOTA
Animal,Dog,Unregistered,DUTTON PARK
Animal,Dog,Unregistered,ANNERLEY
Animal,Other Animal,Fox,PULLENVALE
Animal,Other Animal,Fencing Issues,WYNNUM
Animal,Cat Trapping,,TARRAGINDI
Animal,Dog,Fencing Issues,THE GAP
Animal,Attack,Attack On A Person,INALA
Animal,Cat,,SUNNYBANK
Animal,Cat Trapping,,CARINDALE
Animal,Dog,Unregistered,NORTHGATE
Animal,Dog,Fencing Issues,NEW FARM
Animal,Dog,Too Many Animals,ASPLEY
Animal,Other Animal,Wild Dog,UPPER KEDRON
Animal,Attack,Attack On An Animal,CALAMVALE
Animal,Dog,Unregistered,FITZGIBBON
Animal,Other Animal,Fox,MOUNT CROSBY
Animal,Dog,,MOGGILL
Animal,Dog,,CALAMVALE
Animal,Dog,Defecating In Public,YERONGA
Animal,Other Animal,,BURBANK
Animal,Dog,Fencing Issues,STAFFORD
Animal,Dog,Fencing Issues,BRIGHTON
Animal,Other Animal,Fencing Issues,ARCHERFIELD
Animal,Cat,,STRETTON
Animal,Other Animal,Nuisance Animal,CALAMVALE
Animal,Other Animal,Fencing Issues,FIG TREE POCKET
Animal,Attack,Attack On An Animal,SPRING HILL
Animal,Attack,Attack On An Animal,BRIGHTON
Animal,Attack,Attack On A Person,BRIGHTON
Animal,Dog,Fencing Issues,CARINA HEIGHTS
Animal,Attack,Attack On An Animal,ST LUCIA
Animal,Attack,Attack On An Animal,THE GAP
Animal,Attack,Attack On A Person,INALA
Animal,Attack,Menacing,WAVELL HEIGHTS
Animal,Cat,,NORMAN PARK
Animal,Cat Trapping,,BULIMBA
Animal,Cat,,RUNCORN
Animal,Dog,Too Many Animals,KENMORE
Animal,Dog,Too Many Animals,KENMORE
