Category: Nature,Category: Type,Category: Reporting Level,Location: Suburb
Animal,Attack,,CHERMSIDE WEST
Animal,Attack,Attack On An Animal,ZILLMERE
Animal,Other Animal,Fox,MOUNT CROSBY
Animal,Dog,Unregistered,WYNNUM
Animal,Dog,Unregistered,ELLEN GROVE
Animal,Attack,Attack On An Animal,EVERTON PARK
Animal,Dog,Wandering,CHERMSIDE
Animal,Dog,Park Patrol Reactive,ASPLEY
Animal,Dog,Defecating In Public,CHERMSIDE WEST
Animal,Other Animal,Fox,MORNINGSIDE
Animal,Dog,Fencing Issues,OXLEY
Animal,Attack,,BRIGHTON
Animal,Attack,Not An Attack,WYNNUM WEST
Animal,Attack,Attack On An Animal,ASPLEY
Animal,Dog,Fencing Issues,WYNNUM
Animal,Dog,Wandering,CHAPEL HILL
Animal,Other Animal,Nuisance Animal,YERONGA
Animal,Other Animal,Nuisance Animal,CANNON HILL
Animal,Attack,,EVERTON PARK
Animal,Cat Trapping,,KEDRON
Animal,Dog,Wandering,NEWSTEAD
Animal,Dog,Wandering,PINKENBA
Animal,Cat,,MACGREGOR
Animal,Dog,Unregistered,FORTITUDE VALLEY
Animal,Dog,Unregistered,MANLY WEST
Animal,Dog,Unregistered,WAKERLEY
Animal,Dog,Unregistered,
Animal,Dog,Unregistered,INALA
Animal,Dog,Wandering,ENOGGERA
Animal,Dog,Wandering,CHERMSIDE
Animal,Cat,Wandering,WYNNUM WEST
Animal,Dog,Wandering,OXLEY
Animal,Dog,Too Many Animals,INALA
Animal,Dog,Too Many Animals,INALA
Animal,Cat,,CARSELDINE
Animal,Attack,Attack On An Animal,KENMORE
Animal,Other Animal,Wild Dog,MOUNT CROSBY
Animal,Cat Trapping,,FOREST LAKE
Animal,Dog,Wandering,KEDRON
Animal,Dog,Defecating In Public,STRETTON
Animal,Dog,Wandering,MOGGILL
Animal,Dog,Unregistered,BOONDALL
Animal,Dog,Wandering,CHERMSIDE
Animal,Dog,Fencing Issues,BELLBOWRIE
Animal,Dog,Defecating In Public,PETRIE TERRACE
Animal,Dog,Wandering,SOUTH BRISBANE
Animal,Dog,Unregistered,ALGESTER
Animal,Dog,Unregistered,MORNINGSIDE
Animal,Dog,Unregistered,CARINA HEIGHTS
Animal,Dog,Fencing Issues,MANLY WEST
Animal,Cat Trapping,,UPPER MOUNT GRAVATT
Animal,Dog,Wandering,NUDGEE
Animal,Cat,,LOTA
Animal,Attack,,GREENSLOPES
Animal,Dog,Unregistered,SUNNYBANK HILLS
Animal,Cat Trapping,,MITCHELTON
Animal,Attack,Attack On An Animal,AUCHENFLOWER
Animal,Dog,Wandering,KANGAROO POINT
Animal,Attack,Attack On An Animal,SALISBURY
Animal,Attack,Not An Attack,INALA
Animal,Attack,Attack On An Animal,UPPER KEDRON
Animal,Attack,Attack On An Animal,NEW FARM
Animal,Dog,Fencing Issues,INALA
Animal,Other Animal,Wandering,ASHGROVE
Animal,Dog,Unregistered,ZILLMERE
Animal,Attack,Attack On An Animal,CALAMVALE
Animal,Attack,,NEW FARM
Animal,Attack,,SUNNYBANK HILLS
Animal,Dog,Unregistered,EIGHT MILE PLAINS
Animal,Dog,Wandering,CAMP HILL
Animal,Dog,Unregistered,CLAYFIELD
Animal,Dog,Odour,GEEBUNG
Animal,Other Animal,Fox,KARANA DOWNS
Animal,Dog,Wandering,CLAYFIELD
Animal,Dog,Wandering,COORPAROO
Animal,Dog,Wandering,LOTA
Animal,Attack,Dangerous,BALD HILLS
Animal,Dog,Wandering,CHERMSIDE
Animal,Cat,Wandering,MANLY
Animal,Attack,Not An Attack,WYNNUM WEST
Animal,Cat Trapping,,TARRAGINDI
Animal,Dog,Unregistered,GRACEVILLE
Animal,Attack,,DOOLANDELLA
Animal,Dog,Wandering,WISHART
Animal,Cat Trapping,,TENERIFFE
Animal,Cat Trapping,,SUNNYBANK HILLS
Animal,Dog,Fencing Issues,ACACIA RIDGE
Animal,Dog,Defecating In Public,NUDGEE
Animal,Attack,Attack On A Person,ROCHEDALE
Animal,Dog,Unregistered,ASPLEY
Animal,Dog,Park Patrol Reactive,KANGAROO POINT
Animal,Dog,Defecating In Public,CALAMVALE
Animal,Dog,Park Patrol Reactive,KANGAROO POINT
Animal,Dog,Park Patrol Reactive,MOOROOKA
Animal,Cat,Wandering,MOUNT GRAVATT EAST
Animal,Other Animal,Wild Dog,BROOKFIELD
Animal,Cat Trapping,,SUNNYBANK HILLS
Animal,Dog,Fencing Issues,BRIGHTON
Animal,Dog,Unregistered,HOLLAND PARK WEST
Animal,Cat,Wandering,WYNNUM WEST
Animal,Cat,Wandering,WYNNUM WEST
Animal,Dog,Unregistered,NEW FARM
Animal,Dog,Wandering,NUDGEE BEACH
Animal,Dog,Wandering,MOUNT COOT-THA
Animal,Dog,Unregistered,WAKERLEY
Animal,Dog,Unregistered,WAKERLEY
Animal,Dog,Unregistered,RIVERHILLS
Animal,Dog,Unregistered,WILSTON
Animal,Other Animal,Fox,THE GAP
Animal,Other Animal,Nuisance Animal,SHERWOOD
Animal,Attack,Attack On A Person,ROCHEDALE
Animal,Other Animal,Wild Dog,ANSTEAD
Animal,Other Animal,Wild Dog,MOUNT CROSBY
Animal,Cat,Wandering,GEEBUNG
Animal,Dog,Unregistered,CAMP HILL
Animal,Dog,Park Patrol Reactive,NUDGEE
Animal,Dog,Fencing Issues,INALA
Animal,Dog,Fencing Issues,INALA
Animal,Dog,Park Patrol Reactive,GREENSLOPES
Animal,Dog,Wandering,MORNINGSIDE
Animal,Cat,,WYNNUM
Animal,Cat,Wandering,MORNINGSIDE
Animal,Cat Trapping,,WOOLOOWIN
Animal,Other Animal,,KEPERRA
Animal,Dog,Unregistered,TARRAGINDI
Animal,Dog,Unregistered,SUNNYBANK HILLS
Animal,Dog,Too Many Animals,WYNNUM WEST
Animal,Dog,Too Many Animals,SEVEN HILLS
Animal,Cat Trapping,,ROCHEDALE
Animal,Other Animal,Nuisance Animal,INALA
Animal,Cat,Wandering,MANLY
Animal,Cat,Wandering,MANLY
Animal,Dog,Wandering,SPRING HILL
Animal,Dog,Unregistered,MITCHELTON
Animal,Cat Trapping,,FOREST LAKE
Animal,Dog,Unregistered,KELVIN GROVE
Animal,Attack,,DARRA
Animal,Dog,Park Patrol Reactive,BANYO
Animal,Attack,Not An Attack,PINKENBA
Animal,Dog,Wandering,KANGAROO POINT
Animal,Dog,Park Patrol Reactive,HEMMANT
Animal,Attack,Not An Attack,CANNON HILL
Animal,Dog,Wandering,ALDERLEY
Animal,Dog,Unregistered,THE GAP
Animal,Attack,Attack On An Animal,LUTWYCHE
Animal,Dog,Unregistered,NEWSTEAD
Animal,Dog,Fencing Issues,FOREST LAKE
Animal,Cat,Wandering,WOOLLOONGABBA
Animal,Dog,Wandering,KANGAROO POINT
Animal,Attack,Attack On An Animal,PULLENVALE
Animal,Dog,Too Many Animals,EVERTON PARK
Animal,Dog,Unregistered,ACACIA RIDGE
Animal,Dog,Wandering,HIGHGATE HILL
Animal,Dog,Wandering,RED HILL
Animal,Other Animal,Wild Dog,BROOKFIELD
Animal,Dog,Fencing Issues,PADDINGTON
Animal,Dog,Wandering,SOUTH BRISBANE
Animal,Other Animal,Wild Dog,PULLENVALE
Animal,Dog,Unregistered,KEDRON
Animal,Dog,Unregistered,BRIGHTON
Animal,Dog,Wandering,CARINA
Animal,Attack,Not An Attack,UPPER MOUNT GRAVATT
Animal,Cat,Wandering,INALA
Animal,Dog,Park Patrol Reactive,FIG TREE POCKET
Animal,Cat Trapping,,KENMORE
Animal,Attack,Menacing,JAMBOREE HEIGHTS
Animal,Other Animal,Fox,BELMONT
Animal,Dog,Wandering,NEW FARM
Animal,Attack,Menacing,EAST BRISBANE
Animal,Cat Trapping,,FITZGIBBON
Animal,Cat,Wandering,CARSELDINE
Animal,Dog,Defecating In Public,HENDRA
Animal,Dog,Defecating In Public,HENDRA
Animal,Other Animal,Fox,CHANDLER
Animal,Attack,Attack On An Animal,GRACEVILLE
Animal,Cat,,OXLEY
Animal,Dog,Unregistered,THE GAP
Animal,Cat Trapping,,STAFFORD
Animal,Dog,Too Many Animals,RED HILL
Animal,Dog,,BULIMBA
Animal,Cat Trapping,,BRIGHTON
Animal,Dog,Unregistered,ASPLEY
Animal,Dog,Fencing Issues,THE GAP
Animal,Dog,Wandering,ASPLEY
Animal,Dog,Wandering,WAVELL HEIGHTS
Animal,Dog,Unregistered,HOLLAND PARK
Animal,Dog,Wandering,PARKINSON
Animal,Cat,Wandering,MCDOWALL
Animal,Cat,Wandering,FIG TREE POCKET
Animal,Other Animal,Deer,MOUNT OMMANEY
Animal,Cat,Wandering,FITZGIBBON
Animal,Dog,Wandering,MORNINGSIDE
Animal,Dog,Wandering,HEMMANT
Animal,Dog,Wandering,SALISBURY
Animal,Attack,Attack On An Animal,SUNNYBANK HILLS
Animal,Attack,,CARINDALE
Animal,Dog,Wandering,ASPLEY
Animal,Attack,Menacing,WYNNUM WEST
Animal,Dog,Unregistered,EIGHT MILE PLAINS
Animal,Other Animal,Deer,MOUNT OMMANEY
Animal,Attack,Attack On An Animal,GEEBUNG
Animal,Dog,Unregistered,KURABY
Animal,Dog,Unregistered,INALA
Animal,Other Animal,Too Many Animals,OXLEY
Animal,Dog,Wandering,BRACKEN RIDGE
Animal,Attack,Menacing,INALA
Animal,Dog,Wandering,INALA
Animal,Other Animal,Deer,PULLENVALE
Animal,Dog,Wandering,CHERMSIDE
Animal,Other Animal,Rabbit,PULLENVALE
Animal,Dog,Wandering,NUDGEE
Animal,Dog,Park Patrol Reactive,SALISBURY
Animal,Other Animal,Wild Dog,BROOKFIELD
Animal,Dog,Fencing Issues,BRIGHTON
Animal,Dog,Unregistered,THE GAP
Animal,Dog,Fencing Issues,BRIGHTON
Animal,Other Animal,Nuisance Animal,INALA
Animal,Dog,Unregistered,DURACK
Animal,Dog,Wandering,ASPLEY
Animal,Other Animal,Fox,HEMMANT
Animal,Dog,Wandering,CHERMSIDE
Animal,Dog,Unregistered,ACACIA RIDGE
Animal,Dog,Park Patrol Reactive,EVERTON PARK
Animal,Dog,Unregistered,KEPERRA
Animal,Dog,Fencing Issues,CALAMVALE
Animal,Attack,Attack On An Animal,EVERTON PARK
Animal,Other Animal,Pest / Feral Animal,HOLLAND PARK
Animal,Dog,Wandering,NEW FARM
Animal,Dog,,CHELMER
Animal,Other Animal,Nuisance Animal,RED HILL
Animal,Dog,,BRISBANE CITY
Animal,Attack,Not An Attack,SPRING HILL
Animal,Attack,Menacing,ALGESTER
Animal,Dog,Unregistered,MORNINGSIDE
Animal,Attack,Not An Attack,KEDRON
Animal,Dog,Wandering,SHERWOOD
Animal,Dog,Wandering,
Animal,Dog,Wandering,INDOOROOPILLY
Animal,Attack,Attack On An Animal,CHAPEL HILL
Animal,Other Animal,Fox,GUMDALE
Animal,Dog,Unregistered,JAMBOREE HEIGHTS
Animal,Dog,Unregistered,ALDERLEY
Animal,Dog,Fencing Issues,NEW FARM
Animal,Attack,Attack On An Animal,BRACKEN RIDGE
Animal,Dog,Wandering,GORDON PARK
Animal,Attack,Not An Attack,MILTON
Animal,Cat,Wandering,FERNY GROVE
Animal,Dog,Unregistered,
Animal,Cat,Wandering,HEMMANT
Animal,Dog,Unregistered,FOREST LAKE
Animal,Dog,Unregistered,COOPERS PLAINS
Animal,Cat Trapping,,CHERMSIDE WEST
Animal,Cat,Wandering,OXLEY
Animal,Attack,Attack On An Animal,MOOROOKA
Animal,Dog,Unregistered,ASPLEY
Animal,Other Animal,Fox,BELLBOWRIE
Animal,Dog,Unregistered,WYNNUM WEST
Animal,Dog,Unregistered,THE GAP
Animal,Dog,Unregistered,BRIGHTON
Animal,Dog,Unregistered,NUNDAH
Animal,Dog,Wandering,CHERMSIDE WEST
Animal,Attack,Attack On An Animal,CARSELDINE
Animal,Dog,Unregistered,WAKERLEY
Animal,Other Animal,Deer,ANSTEAD
Animal,Dog,Fencing Issues,WOOLOOWIN
Animal,Cat,Wandering,DURACK
Animal,Dog,Wandering,DARRA
Animal,Dog,Wandering,BRACKEN RIDGE
Animal,Attack,Not An Attack,FERNY GROVE
Animal,Cat Trapping,,ALGESTER
Animal,Other Animal,Wandering,LUTWYCHE
Animal,Dog,Wandering,NEWSTEAD
Animal,Attack,Attack On A Person,NORTHGATE
Animal,Dog,Unregistered,DARRA
Animal,Dog,Unregistered,NUDGEE
Animal,Attack,,EVERTON PARK
Animal,Dog,Park Patrol Reactive,CAMP HILL
Animal,Other Animal,Nuisance Animal,TAIGUM
Animal,Dog,Unregistered,BRIGHTON
Animal,Cat Trapping,,STAFFORD HEIGHTS
Animal,Attack,,CALAMVALE
Animal,Dog,Unregistered,MOGGILL
Animal,Attack,,STAFFORD
Animal,Attack,,PINKENBA
Animal,Dog,Unregistered,BALD HILLS
Animal,Dog,Unregistered,HAWTHORNE
Animal,Attack,Menacing,WYNNUM WEST
Animal,Cat Trapping,,INDOOROOPILLY
Animal,Cat,,CHELMER
Animal,Other Animal,Fencing Issues,SUNNYBANK
Animal,Cat,Wandering,CHANDLER
Animal,Attack,Attack On A Person,DOOLANDELLA
Animal,Attack,Attack On An Animal,CHANDLER
Animal,Dog,Fencing Issues,WYNNUM
Animal,Cat Trapping,,BALD HILLS
Animal,Dog,Wandering,ALDERLEY
Animal,Dog,Wandering,KENMORE HILLS
Animal,Dog,Wandering,CHERMSIDE
Animal,Dog,Fencing Issues,NEW FARM
Animal,Dog,Unregistered,BANYO
Animal,Attack,Not An Attack,SUNNYBANK HILLS
Animal,Cat,Wandering,BRACKEN RIDGE
Animal,Dog,Park Patrol Reactive,KANGAROO POINT
Animal,Dog,Fencing Issues,ASPLEY
Animal,Dog,Unregistered,WYNNUM
Animal,Cat Trapping,,CALAMVALE
Animal,Dog,Unregistered,THE GAP
Animal,Attack,,KANGAROO POINT
Animal,Dog,Wandering,TOOWONG
Animal,Other Animal,,MOUNT GRAVATT EAST
Animal,Dog,Park Patrol Reactive,NUDGEE BEACH
Animal,Dog,Wandering,KEDRON
Animal,Dog,Fencing Issues,WACOL
Animal,Dog,Fencing Issues,ALDERLEY
Animal,Dog,Unregistered,GEEBUNG
Animal,Other Animal,Wandering,SHORNCLIFFE
Animal,Dog,Fencing Issues,TENERIFFE
Animal,Attack,Attack On An Animal,SUNNYBANK HILLS
Animal,Attack,Attack On An Animal,MORNINGSIDE
Animal,Attack,Attack On An Animal,RIVERHILLS
Animal,Cat Trapping,,ALDERLEY
Animal,Dog,Odour,RUNCORN
Animal,Dog,Unregistered,LUTWYCHE
Animal,Attack,,WYNNUM WEST
Animal,Dog,Park Patrol Reactive,WEST END
Animal,Dog,Wandering,GEEBUNG
Animal,Dog,Unregistered,MORNINGSIDE
Animal,Attack,Not An Attack,INALA
Animal,Dog,Fencing Issues,INALA
Animal,Attack,Attack On A Person,INALA
Animal,Dog,Park Patrol Reactive,DUTTON PARK
Animal,Dog,Unregistered,EVERTON PARK
Animal,Dog,Too Many Animals,ROCHEDALE
Animal,Attack,Attack On A Person,ASCOT
Animal,Dog,Unregistered,INALA
Animal,Dog,Fencing Issues,INALA
Animal,Dog,Unregistered,WISHART
Animal,Cat,Wandering,MOUNT GRAVATT EAST
Animal,Attack,,TINGALPA
Animal,Dog,Unregistered,FOREST LAKE
Animal,Dog,Unregistered,MOGGILL
Animal,Cat Trapping,Wandering,COORPAROO
Animal,Attack,Attack On A Person,VIRGINIA
Animal,Dog,Wandering,MOUNT COOT-THA
Animal,Dog,Wandering,KANGAROO POINT
Animal,Dog,Unregistered,EVERTON PARK
Animal,Cat,Wandering,HEMMANT
Animal,Other Animal,Nuisance Animal,DURACK
Animal,Attack,Attack On An Animal,BULIMBA
Animal,Cat Trapping,,ALGESTER
Animal,Dog,Unregistered,MOGGILL
Animal,Dog,Defecating In Public,CLAYFIELD
Animal,Cat,Wandering,KEDRON
Animal,Other Animal,Deer,BROOKFIELD
Animal,Attack,,NUNDAH
Animal,Dog,Fencing Issues,STAFFORD HEIGHTS
Animal,Dog,Wandering,CHERMSIDE
Animal,Cat Trapping,,PETRIE TERRACE
Animal,Dog,Unregistered,ACACIA RIDGE
Animal,Dog,Unregistered,NEW FARM
Animal,Attack,Attack On A Person,DURACK
Animal,Dog,Defecating In Public,BANYO
Animal,Dog,Fencing Issues,BRIDGEMAN DOWNS
Animal,Cat,Wandering,MANLY
Animal,Cat,Wandering,TOOWONG
Animal,Attack,Not An Attack,FOREST LAKE
Animal,Dog,Wandering,MOUNT COOT-THA
Animal,Dog,Unregistered,CARINA
Animal,Attack,Attack On An Animal,GRACEVILLE
Animal,Dog,Park Patrol Reactive,FAIRFIELD
Animal,Cat,Wandering,GUMDALE
Animal,Attack,Attack On A Person,ACACIA RIDGE
Animal,Cat,Wandering,ELLEN GROVE
Animal,Other Animal,Fox,INALA
Animal,Dog,Unregistered,FORTITUDE VALLEY
Animal,Attack,Not An Attack,GORDON PARK
Animal,Cat Trapping,,OXLEY
Animal,Dog,Park Patrol Reactive,GORDON PARK
Animal,Attack,,MOUNT GRAVATT
Animal,Other Animal,Unregistered,ANNERLEY
Animal,Cat Trapping,,BRACKEN RIDGE
Animal,Dog,Unregistered,MOUNT GRAVATT EAST
Animal,Attack,,DOOLANDELLA
Animal,Dog,Wandering,TINGALPA
Animal,Dog,Fencing Issues,RICHLANDS
Animal,Cat,,MCDOWALL
Animal,Dog,Wandering,ACACIA RIDGE
Animal,Attack,Attack On An Animal,FOREST LAKE
Animal,Dog,Wandering,BRACKEN RIDGE
Animal,Cat,Wandering,NUNDAH
Animal,Dog,Wandering,CHERMSIDE WEST
Animal,Dog,Wandering,WISHART
Animal,Dog,Too Many Animals,MOUNT GRAVATT EAST
Animal,Dog,Park Patrol Reactive,KANGAROO POINT
Animal,Attack,,HOLLAND PARK
Animal,Dog,Unregistered,STAFFORD HEIGHTS
Animal,Dog,Unregistered,INDOOROOPILLY
Animal,Dog,Unregistered,CALAMVALE
Animal,Dog,Unregistered,LOTA
Animal,Dog,Unregistered,EIGHT MILE PLAINS
Animal,Other Animal,Nuisance Animal,HOLLAND PARK WEST
Animal,Attack,,SUNNYBANK HILLS
Animal,Dog,Wandering,YERONGA
Animal,Cat,Wandering,BRIDGEMAN DOWNS
Animal,Dog,Fencing Issues,ACACIA RIDGE
Animal,Attack,,CHERMSIDE
Animal,Attack,,MACKENZIE
Animal,Dog,Unregistered,CARSELDINE
Animal,Dog,Unregistered,CALAMVALE
Animal,Dog,Unregistered,MCDOWALL
Animal,Dog,Unregistered,FOREST LAKE
Animal,Attack,,MITCHELTON
Animal,Dog,Wandering,KANGAROO POINT
Animal,Dog,Park Patrol Reactive,BALD HILLS
Animal,Dog,Unregistered,JAMBOREE HEIGHTS
Animal,Attack,,BELMONT
Animal,Dog,Unregistered,FITZGIBBON
Animal,Dog,Wandering,ELLEN GROVE
Animal,Other Animal,Nuisance Animal,DOOLANDELLA
Animal,Cat,Wandering,FERNY GROVE
Animal,Dog,Park Patrol Proactive,NUDGEE BEACH
Animal,Dog,Wandering,HENDRA
Animal,Dog,Wandering,WYNNUM
Animal,Attack,Menacing,GUMDALE
Animal,Dog,Wandering,YERONGA
Animal,Cat,,PARKINSON
Animal,Other Animal,Fox,FIG TREE POCKET
Animal,Dog,Fencing Issues,STAFFORD
Animal,Attack,,GREENSLOPES
Animal,Cat Trapping,,DURACK
Animal,Cat Trapping,,COORPAROO
Animal,Dog,Fencing Issues,INALA
Animal,Attack,Not An Attack,ASPLEY
Animal,Dog,Too Many Animals,TENERIFFE
Animal,Dog,Fencing Issues,BALD HILLS
Animal,Dog,Wandering,LUTWYCHE
Animal,Dog,Unregistered,DEAGON
Animal,Dog,Wandering,MOOROOKA
Animal,Attack,,WACOL
Animal,Attack,,GEEBUNG
Animal,Attack,,CARINA HEIGHTS
Animal,Attack,Not An Attack,CAMP HILL
Animal,Cat Trapping,,SUNNYBANK
Animal,Dog,Wandering,ELLEN GROVE
Animal,Dog,Unregistered,FERNY GROVE
Animal,Dog,Park Patrol Reactive,MANSFIELD
Animal,Attack,Attack On An Animal,UPPER MOUNT GRAVATT
Animal,Dog,Wandering,AUCHENFLOWER
Animal,Dog,Fencing Issues,SINNAMON PARK
Animal,Dog,Fencing Issues,KENMORE
Animal,Other Animal,Fox,COOPERS PLAINS
Animal,Other Animal,Fox,FIG TREE POCKET
Animal,Attack,Not An Attack,PADDINGTON
Animal,Attack,Attack On An Animal,INALA
Animal,Dog,Wandering,WINDSOR
Animal,Dog,Wandering,CARINA
Animal,Other Animal,Nuisance Animal,ALGESTER
Animal,Other Animal,Odour,OXLEY
Animal,Other Animal,Too Many Animals,KEPERRA
Animal,Other Animal,Fox,TARRAGINDI
Animal,Dog,Fencing Issues,ALDERLEY
Animal,Attack,Attack On A Person,SEVENTEEN MILE ROCKS
Animal,Dog,Unregistered,WYNNUM WEST
Animal,Attack,Attack On A Person,HENDRA
Animal,Attack,,FIG TREE POCKET
Animal,Dog,Unregistered,BARDON
Animal,Dog,Unregistered,EAST BRISBANE
Animal,Dog,,ALGESTER
Animal,Attack,,CARINA
Animal,Dog,Unregistered,NORTHGATE
Animal,Dog,Unregistered,KANGAROO POINT
Animal,Cat Trapping,,SANDGATE
Animal,Dog,Defecating In Public,EAST BRISBANE
Animal,Other Animal,Wild Dog,RIVERHILLS
Animal,Attack,Menacing,ASHGROVE
Animal,Attack,,ALGESTER
Animal,Dog,Wandering,CHERMSIDE
Animal,Dog,Wandering,ALDERLEY
Animal,Dog,Wandering,BARDON
Animal,Dog,Wandering,STONES CORNER
Animal,Attack,Attack On An Animal,GEEBUNG
Animal,Attack,Attack On An Animal,GEEBUNG
Animal,Dog,Wandering,KANGAROO POINT
Animal,Dog,Wandering,BRIGHTON
Animal,Dog,Too Many Animals,BRIGHTON
Animal,Cat Trapping,,WYNNUM
Animal,Attack,,ACACIA RIDGE
Animal,Other Animal,Wild Dog,THE GAP
Animal,Dog,Wandering,KANGAROO POINT
Animal,Dog,Unregistered,BOONDALL
Animal,Dog,Wandering,WEST END
Animal,Dog,Unregistered,INDOOROOPILLY
Animal,Dog,Defecating In Public,HAWTHORNE
Animal,Attack,,UPPER BROOKFIELD
Animal,Dog,Park Patrol Reactive,BRIGHTON
Animal,Dog,Park Patrol Reactive,INDOOROOPILLY
Animal,Dog,Fencing Issues,BARDON
Animal,Attack,,STAFFORD HEIGHTS
Animal,Dog,Fencing Issues,MURARRIE
Animal,Dog,Unregistered,ASPLEY
Animal,Other Animal,Fox,BROOKFIELD
Animal,Attack,,MANLY WEST
Animal,Cat Trapping,,SEVENTEEN MILE ROCKS
Animal,Other Animal,Fox,BELMONT
Animal,Dog,Fencing Issues,STAFFORD HEIGHTS
Animal,Dog,Unregistered,WYNNUM WEST
Animal,Cat,Wandering,STAFFORD HEIGHTS
Animal,Other Animal,Nuisance Animal,GREENSLOPES
Animal,Other Animal,Wild Dog,BROOKFIELD
Animal,Dog,Park Patrol Reactive,RED HILL
Animal,Dog,Park Patrol Reactive,NUDGEE
Animal,Dog,Wandering,WINDSOR
Animal,Dog,Wandering,SOUTH BRISBANE
Animal,Other Animal,Pest / Feral Animal,ST LUCIA
Animal,Dog,Defecating In Public,BELMONT
Animal,Cat,Wandering,MOOROOKA
Animal,Attack,Menacing,CANNON HILL
Animal,Other Animal,,RUNCORN
Animal,Attack,Not An Attack,BALD HILLS
Animal,Other Animal,Wandering,LUTWYCHE
Animal,Other Animal,Wild Dog,ANSTEAD
Animal,Dog,Unregistered,YERONGA
Animal,Other Animal,Fox,TARRAGINDI
Animal,Cat,Wandering,CARINA HEIGHTS
Animal,Dog,Wandering,CHERMSIDE
Animal,Dog,Wandering,HAWTHORNE
Animal,Dog,Wandering,ENOGGERA
Animal,Attack,Attack On An Animal,ROCHEDALE
Animal,Dog,Fencing Issues,WYNNUM
Animal,Dog,Park Patrol Reactive,SUNNYBANK
Animal,Dog,Unregistered,ZILLMERE
Animal,Dog,Unregistered,SUNNYBANK
Animal,Dog,Park Patrol Reactive,KANGAROO POINT
Animal,Attack,Menacing,GRANGE
Animal,Dog,,BRACKEN RIDGE
Animal,Attack,Not An Attack,ANNERLEY
Animal,Dog,Too Many Animals,WOOLLOONGABBA
Animal,Attack,,ELLEN GROVE
Animal,Dog,Park Patrol Reactive,YERONGA
Animal,Cat Trapping,,AUCHENFLOWER
Animal,Dog,Unregistered,CAMP HILL
Animal,Cat,Wandering,WYNNUM
Animal,Dog,Too Many Animals,WYNNUM
Animal,Dog,Fencing Issues,HIGHGATE HILL
Animal,Dog,Wandering,WAKERLEY
Animal,Dog,Unregistered,HERSTON
Animal,Dog,Unregistered,YERONGA
Animal,Dog,Wandering,ASHGROVE
Animal,Dog,Defecating In Public,MCDOWALL
Animal,Dog,Unregistered,UPPER MOUNT GRAVATT
Animal,Dog,Unregistered,CANNON HILL
Animal,Dog,Park Patrol Reactive,STAFFORD
Animal,Cat,Wandering,KENMORE
Animal,Cat,Wandering,STAFFORD HEIGHTS
Animal,Cat Trapping,,HAMILTON
Animal,Dog,Unregistered,FOREST LAKE
Animal,Dog,Defecating In Public,BRIDGEMAN DOWNS
Animal,Other Animal,Nuisance Animal,OXLEY
Animal,Dog,Wandering,ALDERLEY
Animal,Dog,Odour,DARRA
Animal,Dog,Fencing Issues,PALLARA
Animal,Dog,Park Patrol Reactive,TOOWONG
Animal,Dog,Fencing Issues,BALD HILLS
Animal,Attack,Not An Attack,NUNDAH
Animal,Attack,Not An Attack,KENMORE
Animal,Attack,Menacing,KELVIN GROVE
Animal,Dog,Wandering,NATHAN
Animal,Attack,Menacing,CARINA
Animal,Dog,Fencing Issues,SUNNYBANK HILLS
Animal,Dog,Unregistered,HOLLAND PARK WEST
Animal,Attack,Attack On A Person,BRIDGEMAN DOWNS
Animal,Dog,Fencing Issues,INALA
Animal,Dog,Wandering,MIDDLE PARK
Animal,Cat,Wandering,BRACKEN RIDGE
Animal,Cat,Wandering,NUNDAH
Animal,Dog,Wandering,WAVELL HEIGHTS
Animal,Dog,Unregistered,WOOLLOONGABBA
Animal,Dog,Wandering,CHERMSIDE
Animal,Dog,Wandering,LOTA
Animal,Dog,Wandering,STAFFORD HEIGHTS
Animal,Cat,Wandering,SINNAMON PARK
Animal,Dog,Unregistered,ZILLMERE
Animal,Dog,,KEPERRA
Animal,Dog,Too Many Animals,KEPERRA
Animal,Dog,Too Many Animals,KEPERRA
Animal,Dog,Wandering,NEW FARM
Animal,Attack,Not An Attack,KANGAROO POINT
Animal,Dog,Unregistered,TARRAGINDI
Animal,Cat Trapping,,MORNINGSIDE
Animal,Dog,Unregistered,NUNDAH
Animal,Cat,Wandering,PARKINSON
Animal,Cat,,ACACIA RIDGE
Animal,Other Animal,Nuisance Animal,FIG TREE POCKET
Animal,Other Animal,Nuisance Animal,ANNERLEY
Animal,Other Animal,Nuisance Animal,BRISBANE CITY
Animal,Attack,Not An Attack,WYNNUM WEST
Animal,Dog,Park Patrol Reactive,CHERMSIDE
Animal,Attack,,TARRAGINDI
Animal,Dog,Fencing Issues,ACACIA RIDGE
Animal,Dog,Wandering,HEMMANT
Animal,Dog,Unregistered,THE GAP
Animal,Attack,,SUNNYBANK HILLS
Animal,Dog,Unregistered,TINGALPA
Animal,Dog,Unregistered,SHERWOOD
Animal,Dog,Unregistered,MACKENZIE
Animal,Other Animal,Fox,BURBANK
Animal,Attack,,DURACK
Animal,Dog,Wandering,CAMP HILL
Animal,Dog,Wandering,CHERMSIDE
Animal,Dog,Wandering,PINKENBA
Animal,Cat,Wandering,MACGREGOR
Animal,Attack,,ALGESTER
Animal,Dog,Park Patrol Reactive,KANGAROO POINT
Animal,Dog,Wandering,NUDGEE BEACH
Animal,Cat Trapping,,MANSFIELD
Animal,Dog,Fencing Issues,MORNINGSIDE
Animal,Dog,Odour,INALA
Animal,Attack,Not An Attack,BELLBOWRIE
Animal,Attack,Menacing,MCDOWALL
Animal,Dog,Unregistered,KEPERRA
Animal,Dog,Park Patrol Reactive,SANDGATE
Animal,Dog,Unregistered,WYNNUM WEST
Animal,Dog,Park Patrol Reactive,HENDRA
Animal,Dog,Unregistered,ENOGGERA
Animal,Dog,Too Many Animals,CARINA
Animal,Attack,Not An Attack,TARRAGINDI
Animal,Dog,Defecating In Public,EAST BRISBANE
Animal,Other Animal,Odour,CARSELDINE
Animal,Attack,,MOUNT GRAVATT
Animal,Other Animal,Fox,THE GAP
Animal,Other Animal,Deer,KENMORE HILLS
Animal,Attack,Attack On A Person,INALA
Animal,Dog,Wandering,ARCHERFIELD
Animal,Dog,Fencing Issues,HOLLAND PARK
Animal,Dog,Wandering,RUNCORN
Animal,Other Animal,Nuisance Animal,SHERWOOD
Animal,Dog,Wandering,CHERMSIDE
Animal,Cat,Wandering,MORNINGSIDE
Animal,Cat Trapping,,UPPER KEDRON
Animal,Dog,Unregistered,CARSELDINE
Animal,Dog,,HOLLAND PARK WEST
Animal,Dog,Park Patrol Reactive,ST LUCIA
Animal,Other Animal,Unregistered,BRIDGEMAN DOWNS
Animal,Attack,,STAFFORD
Animal,Other Animal,Nuisance Animal,MANSFIELD
Animal,Dog,,MOUNT GRAVATT EAST
Animal,Dog,Too Many Animals,MOUNT GRAVATT EAST
Animal,Dog,Park Patrol Reactive,KANGAROO POINT
Animal,Dog,Unregistered,TENERIFFE
Animal,Cat,,CHELMER
Animal,Attack,,NEW FARM
Animal,Dog,Wandering,STAFFORD HEIGHTS
Animal,Attack,,CARINA
Animal,Attack,Attack On A Person,BOONDALL
Animal,Cat,Wandering,INALA
Animal,Attack,,CANNON HILL
Animal,Other Animal,Wild Dog,SUMNER
Animal,Other Animal,Rabbit,NUDGEE BEACH
Animal,Other Animal,Nuisance Animal,BULIMBA
Animal,Other Animal,Too Many Animals,VIRGINIA
Animal,Dog,Wandering,SALISBURY
Animal,Attack,,CHELMER
Animal,Dog,Wandering,BOWEN HILLS
Animal,Dog,Unregistered,JAMBOREE HEIGHTS
Animal,Dog,Unregistered,EVERTON PARK
Animal,Dog,Park Patrol Reactive,WAVELL HEIGHTS
Animal,Attack,Attack On A Person,SINNAMON PARK
Animal,Attack,,SALISBURY
Animal,Attack,,ALGESTER
Animal,Dog,Wandering,OXLEY
Animal,Other Animal,Fox,KENMORE
Animal,Dog,Unregistered,EVERTON PARK
Animal,Dog,Unregistered,PETRIE TERRACE
Animal,Dog,Unregistered,DURACK
Animal,Dog,Unregistered,PARKINSON
Animal,Other Animal,Rabbit,WACOL
Animal,Dog,Fencing Issues,RANSOME
Animal,Dog,Unregistered,HIGHGATE HILL
Animal,Attack,,COORPAROO
Animal,Dog,Park Patrol Reactive,TENERIFFE
Animal,Dog,Wandering,MILTON
Animal,Dog,Fencing Issues,MURARRIE
Animal,Attack,Attack On An Animal,JINDALEE
Animal,Other Animal,Fox,CHAPEL HILL
Animal,Attack,Not An Attack,WOOLLOONGABBA
Animal,Dog,Park Patrol Reactive,YERONGA
Animal,Cat,Wandering,THE GAP
Animal,Dog,Unregistered,STAFFORD
Animal,Dog,Park Patrol Reactive,YERONGA
Animal,Other Animal,Nuisance Animal,OXLEY
Animal,Dog,Unregistered,BANYO
Animal,Dog,Park Patrol Proactive,NUDGEE
Animal,Attack,,THE GAP
Animal,Dog,Unregistered,FOREST LAKE
Animal,Dog,,MOUNT GRAVATT EAST
Animal,Dog,Unregistered,ROCHEDALE
Animal,Dog,Unregistered,WAVELL HEIGHTS
Animal,Dog,Unregistered,CARSELDINE
Animal,Dog,Unregistered,EVERTON PARK
Animal,Attack,,BARDON
Animal,Dog,Wandering,HIGHGATE HILL
Animal,Attack,Not An Attack,INALA
Animal,Cat,Wandering,CALAMVALE
Animal,Dog,Fencing Issues,MORNINGSIDE
Animal,Other Animal,Wandering,MOUNT GRAVATT EAST
Animal,Dog,,CANNON HILL
Animal,Attack,,GUMDALE
Animal,Dog,Unregistered,CHERMSIDE
Animal,Dog,Park Patrol Reactive,KANGAROO POINT
Animal,Dog,Wandering,CARSELDINE
Animal,Other Animal,Deer,ANSTEAD
Animal,Attack,Attack On An Animal,UPPER KEDRON
Animal,Dog,Wandering,LYTTON
Animal,Attack,Attack On An Animal,NORTHGATE
Animal,Dog,Unregistered,ZILLMERE
Animal,Dog,Wandering,TAIGUM
Animal,Dog,Wandering,CHERMSIDE
Animal,Other Animal,Feral Pig,BROOKFIELD
Animal,Cat Trapping,,CALAMVALE
Animal,Other Animal,,WEST END
Animal,Dog,,DOOLANDELLA
Animal,Dog,Unregistered,ZILLMERE
Animal,Dog,Unregistered,WYNNUM
Animal,Dog,Too Many Animals,BROOKFIELD
Animal,Other Animal,Nuisance Animal,GRANGE
Animal,Dog,Unregistered,FAIRFIELD
Animal,Other Animal,Nuisance Animal,WYNNUM
Animal,Dog,Park Patrol Reactive,FIG TREE POCKET
Animal,Attack,Attack On An Animal,EVERTON PARK
Animal,Other Animal,Nuisance Animal,HAMILTON
Animal,Dog,,MOOROOKA
Animal,Attack,Attack On An Animal,BOONDALL
Animal,Cat Trapping,,THE GAP
Animal,Dog,Unregistered,BRACKEN RIDGE
Animal,Dog,Wandering,RICHLANDS
Animal,Attack,,SALISBURY
Animal,Dog,Wandering,KANGAROO POINT
Animal,Attack,Menacing,ANNERLEY
Animal,Dog,Unregistered,NUNDAH
Animal,Attack,Attack On An Animal,MOUNT GRAVATT EAST
Animal,Dog,Defecating In Public,INALA
Animal,Dog,Wandering,KALINGA
Animal,Cat Trapping,,SALISBURY
Animal,Cat,Wandering,ELLEN GROVE
Animal,Dog,Wandering,EVERTON PARK
Animal,Dog,Unregistered,WOOLOOWIN
Animal,Dog,Unregistered,NUNDAH
Animal,Dog,Unregistered,BRACKEN RIDGE
Animal,Other Animal,Fox,BARDON
Animal,Dog,Unregistered,ASCOT
Animal,Other Animal,Nuisance Animal,FOREST LAKE
Animal,Dog,Wandering,NUDGEE BEACH
Animal,Dog,Park Patrol Reactive,BOONDALL
Animal,Dog,Wandering,KENMORE
Animal,Attack,Menacing,COOPERS PLAINS
Animal,Attack,Menacing,INALA
Animal,Dog,Wandering,HAWTHORNE
Animal,Dog,Unregistered,WYNNUM
Animal,Dog,Unregistered,BRIGHTON
Animal,Cat Trapping,,MOUNT GRAVATT EAST
Animal,Dog,Wandering,WINDSOR
Animal,Dog,Fencing Issues,ENOGGERA
Animal,Dog,Wandering,ASHGROVE
Animal,Dog,Wandering,WINDSOR
Animal,Attack,Attack On An Animal,OXLEY
Animal,Dog,Wandering,HIGHGATE HILL
Animal,Dog,Wandering,KANGAROO POINT
Animal,Cat Trapping,,SUNNYBANK
Animal,Dog,Wandering,NEWSTEAD
Animal,Other Animal,Insufficient Space,KENMORE
Animal,Cat,Wandering,DEAGON
Animal,Dog,Unregistered,BARDON
Animal,Attack,Not An Attack,GORDON PARK
Animal,Attack,Attack On A Person,BRIGHTON
Animal,Dog,Unregistered,BALD HILLS
Animal,Attack,Attack On An Animal,SANDGATE
Animal,Attack,Attack On A Person,KURABY
Animal,Dog,Fencing Issues,UPPER MOUNT GRAVATT
Animal,Dog,Fencing Issues,CARSELDINE
Animal,Dog,Wandering,MANLY WEST
Animal,Dog,Unregistered,BRACKEN RIDGE
Animal,Dog,Unregistered,BRIGHTON
Animal,Dog,Fencing Issues,INALA
Animal,Dog,Fencing Issues,INALA
Animal,Dog,Fencing Issues,DURACK
Animal,Attack,,DURACK
Animal,Attack,,LOTA
Animal,Cat Trapping,,WOOLLOONGABBA
Animal,Dog,Park Patrol Reactive,ROCKLEA
Animal,Dog,Park Patrol Reactive,TOOWONG
Animal,Dog,Unregistered,INALA
Animal,Dog,Unregistered,CARINA
Animal,Dog,Unregistered,HOLLAND PARK
Animal,Attack,Not An Attack,EIGHT MILE PLAINS
Animal,Dog,Unregistered,ACACIA RIDGE
Animal,Other Animal,Fox,TARRAGINDI
Animal,Attack,Attack On A Person,MOGGILL
Animal,Dog,Defecating In Public,BRIDGEMAN DOWNS
Animal,Cat,,GEEBUNG
Animal,Attack,Menacing,STAFFORD
Animal,Attack,,LUTWYCHE
Animal,Dog,Unregistered,FOREST LAKE
Animal,Attack,,STAFFORD
Animal,Dog,Fencing Issues,RICHLANDS
Animal,Attack,Attack On A Person,SINNAMON PARK
Animal,Dog,Unregistered,ANNERLEY
Animal,Dog,Too Many Animals,ZILLMERE
Animal,Cat Trapping,,DURACK
Animal,Dog,Unregistered,MANLY WEST
Animal,Attack,Attack On A Person,BOONDALL
Animal,Dog,Wandering,LOTA
Animal,Dog,Fencing Issues,MANLY WEST
Animal,Dog,Unregistered,RICHLANDS
Animal,Dog,Unregistered,STAFFORD HEIGHTS
Animal,Dog,Wandering,PADDINGTON
Animal,Cat,Wandering,WAVELL HEIGHTS
Animal,Dog,Unregistered,WEST END
Animal,Other Animal,Deer,PULLENVALE
Animal,Dog,Unregistered,THE GAP
Animal,Cat,Wandering,KEPERRA
Animal,Attack,Not An Attack,KEPERRA
Animal,Dog,Unregistered,MCDOWALL
Animal,Dog,Unregistered,CARINA
Animal,Attack,,NORTHGATE
Animal,Dog,Unregistered,THE GAP
Animal,Dog,Fencing Issues,KENMORE
Animal,Cat Trapping,,DOOLANDELLA
Animal,Dog,Unregistered,HAWTHORNE
Animal,Cat,Wandering,MANLY WEST
Animal,Other Animal,Nuisance Animal,WISHART
Animal,Dog,Too Many Animals,TINGALPA
Animal,Dog,Fencing Issues,BRACKEN RIDGE
Animal,Attack,,KEPERRA
Animal,Dog,Wandering,NUDGEE
Animal,Dog,Too Many Animals,INALA
Animal,Dog,Unregistered,WISHART
Animal,Dog,Unregistered,ROCHEDALE
Animal,Cat,,RED HILL
Animal,Other Animal,Fox,ANSTEAD
Animal,Cat,Wandering,RED HILL
Animal,Dog,Park Patrol Reactive,BOONDALL
Animal,Attack,,ALGESTER
Animal,Dog,Wandering,ASPLEY
Animal,Cat,Wandering,MOOROOKA
Animal,Attack,Attack On An Animal,SHERWOOD
Animal,Dog,Wandering,WEST END
Animal,Dog,Unregistered,ROCHEDALE
Animal,Dog,Wandering,MCDOWALL
Animal,Other Animal,Nuisance Animal,DOOLANDELLA
Animal,Dog,Unregistered,CHERMSIDE
Animal,Attack,Attack On A Person,WYNNUM WEST
Animal,Dog,Wandering,ASHGROVE
Animal,Dog,Park Patrol Reactive,MANSFIELD
Animal,Other Animal,Nuisance Animal,RUNCORN
Animal,Dog,Wandering,WEST END
Animal,Attack,Attack On An Animal,ASPLEY
Animal,Attack,Not An Attack,FOREST LAKE
Animal,Dog,Wandering,FOREST LAKE
Animal,Dog,Unregistered,HEMMANT
Animal,Dog,Unregistered,WOOLOOWIN
Animal,Other Animal,Nuisance Animal,BRIGHTON
Animal,Dog,Wandering,CHERMSIDE
Animal,Dog,Wandering,HIGHGATE HILL
Animal,Dog,Wandering,KALINGA
Animal,Dog,Wandering,INDOOROOPILLY
Animal,Dog,,BANYO
Animal,Dog,Fencing Issues,TINGALPA
Animal,Dog,Wandering,MCDOWALL
Animal,Dog,Fencing Issues,WOOLLOONGABBA
Animal,Other Animal,Rabbit,LYTTON
Animal,Attack,Menacing,UPPER MOUNT GRAVATT
Animal,Cat,Wandering,CARSELDINE
Animal,Dog,Odour,CARINA
Animal,Attack,Attack On An Animal,CARSELDINE
Animal,Dog,Unregistered,CHERMSIDE
Animal,Attack,Not An Attack,NEWMARKET
Animal,Dog,Park Patrol Reactive,EAST BRISBANE
Animal,Other Animal,Nuisance Animal,TARINGA
Animal,Attack,Attack On An Animal,WINDSOR
Animal,Dog,Fencing Issues,CHERMSIDE
Animal,Cat,,MOUNT GRAVATT EAST
Animal,Dog,Fencing Issues,EAST BRISBANE
Animal,Dog,,MOOROOKA
Animal,Dog,Wandering,CHERMSIDE WEST
Animal,Dog,Surrender,FOREST LAKE
Animal,Attack,Attack On A Person,BULIMBA
Animal,Cat Trapping,,RICHLANDS
Animal,Cat,Wandering,MANLY
Animal,Attack,,MOOROOKA
Animal,Dog,Wandering,MOUNT COOT-THA
Animal,Dog,Fencing Issues,COORPAROO
Animal,Other Animal,Nuisance Animal,KEPERRA
Animal,Other Animal,Nuisance Animal,SHERWOOD
Animal,Dog,Unregistered,NEW FARM
Animal,Cat,Wandering,THE GAP
Animal,Attack,Attack On A Person,COOPERS PLAINS
Animal,Cat Trapping,,GUMDALE
Animal,Cat,Wandering,BELMONT
Animal,Dog,Park Patrol Reactive,KEPERRA
Animal,Cat,,GREENSLOPES
Animal,Cat,Wandering,CARSELDINE
Animal,Dog,Unregistered,ASPLEY
Animal,Dog,Unregistered,GRACEVILLE
Animal,Dog,Wandering,KALINGA
Animal,Cat Trapping,,CARSELDINE
Animal,Dog,Wandering,CHERMSIDE
Animal,Dog,Wandering,CHERMSIDE
Animal,Other Animal,Fox,MOUNT CROSBY
Animal,Cat,Wandering,MITCHELTON
Animal,Attack,,SUNNYBANK
Animal,Dog,Park Patrol Reactive,CANNON HILL
Animal,Dog,Unregistered,ASHGROVE
Animal,Cat Trapping,,HAMILTON
Animal,Attack,,EIGHT MILE PLAINS
Animal,Cat,Wandering,WYNNUM
Animal,Dog,Unregistered,MOOROOKA
Animal,Other Animal,Nuisance Animal,KELVIN GROVE
Animal,Dog,,STAFFORD
Animal,Other Animal,Nuisance Animal,INALA
Animal,Dog,Wandering,MITCHELTON
Animal,Cat,Wandering,INALA
Animal,Cat,,ALDERLEY
Animal,Cat,Wandering,CHERMSIDE WEST
Animal,Dog,Fencing Issues,BROOKFIELD
Animal,Dog,Unregistered,DOOLANDELLA
Animal,Cat Trapping,,THE GAP
Animal,Attack,Not An Attack,HEMMANT
Animal,Attack,Not An Attack,HOLLAND PARK WEST
Animal,Dog,Unregistered,GORDON PARK
Animal,Other Animal,Fox,KARANA DOWNS
Animal,Cat Trapping,,CANNON HILL
Animal,Attack,Menacing,ASPLEY
Animal,Dog,Park Patrol Reactive,CANNON HILL
Animal,Attack,,RICHLANDS
Animal,Dog,Too Many Animals,GEEBUNG
Animal,Dog,Wandering,MORNINGSIDE
Animal,Cat,Wandering,YEERONGPILLY
Animal,Other Animal,Wandering,INALA
Animal,Dog,Too Many Animals,INALA
Animal,Cat Trapping,,WYNNUM
Animal,Dog,Too Many Animals,MORNINGSIDE
Animal,Dog,Unregistered,UPPER KEDRON
Animal,Other Animal,Insufficient Space,BROOKFIELD
Animal,Other Animal,,KENMORE HILLS
Animal,Other Animal,Unregistered,WISHART
Animal,Dog,Unregistered,WILSTON
Animal,Dog,Wandering,NEWMARKET
Animal,Other Animal,Nuisance Animal,SINNAMON PARK
Animal,Dog,Wandering,KANGAROO POINT
Animal,Attack,Attack On An Animal,CHELMER
Animal,Dog,Fencing Issues,MOUNT GRAVATT EAST
Animal,Attack,Not An Attack,ACACIA RIDGE
Animal,Dog,Fencing Issues,MANLY WEST
Animal,Other Animal,Unregistered,GREENSLOPES
Animal,Dog,Wandering,FOREST LAKE
Animal,Dog,Unregistered,NUNDAH
Animal,Dog,Wandering,BRIDGEMAN DOWNS
Animal,Cat,Wandering,UPPER MOUNT GRAVATT
Animal,Dog,,ALDERLEY
Animal,Attack,Attack On A Person,STAFFORD
Animal,Cat,Wandering,MOOROOKA
Animal,Dog,Park Patrol Reactive,LOTA
Animal,Attack,Menacing,MORNINGSIDE
Animal,Dog,Fencing Issues,MORNINGSIDE
Animal,Other Animal,Deer,KENMORE HILLS
Animal,Dog,Wandering,KANGAROO POINT
Animal,Other Animal,Deer,BROOKFIELD
Animal,Cat Trapping,,SANDGATE
Animal,Dog,Unregistered,KEDRON
Animal,Cat,Wandering,YERONGA
Animal,Dog,Wandering,ZILLMERE
Animal,Dog,Odour,INALA
Animal,Dog,Unregistered,SHERWOOD
Animal,Dog,,CANNON HILL
Animal,Dog,Fencing Issues,INALA
Animal,Dog,Fencing Issues,DARRA
Animal,Dog,Unregistered,PALLARA
Animal,Other Animal,Nuisance Animal,GRACEVILLE
Animal,Other Animal,Nuisance Animal,INALA
Animal,Dog,Wandering,HOLLAND PARK WEST
Animal,Other Animal,Fencing Issues,CHANDLER
Animal,Dog,Unregistered,PARKINSON
Animal,Dog,Fencing Issues,INALA
Animal,Dog,Unregistered,DEAGON
Animal,Other Animal,,MITCHELTON
Animal,Cat,Wandering,CARSELDINE
Animal,Attack,Attack On A Person,INALA
Animal,Other Animal,Fox,ANSTEAD
Animal,Attack,Attack On An Animal,YERONGA
Animal,Dog,Park Patrol Reactive,YERONGA
Animal,Cat,Wandering,UPPER BROOKFIELD
Animal,Other Animal,Nuisance Animal,SUNNYBANK HILLS
Animal,Dog,Park Patrol Reactive,LYTTON
Animal,Dog,Park Patrol Reactive,MURARRIE
Animal,Dog,Fencing Issues,ASPLEY
Animal,Dog,Park Patrol Reactive,HERSTON
Animal,Dog,Wandering,SOUTH BRISBANE
Animal,Other Animal,Nuisance Animal,MANSFIELD
Animal,Attack,,SUNNYBANK HILLS
Animal,Dog,,HEMMANT
Animal,Attack,,ASCOT
Animal,Attack,,BRISBANE CITY
Animal,Dog,Unregistered,BANYO
Animal,Dog,Park Patrol Reactive,CALAMVALE
Animal,Dog,Wandering,HAWTHORNE
Animal,Attack,Attack On A Person,HENDRA
Animal,Dog,Unregistered,NEW FARM
Animal,Dog,Unregistered,ASPLEY
Animal,Dog,Fencing Issues,BRACKEN RIDGE
Animal,Dog,Fencing Issues,NEW FARM
Animal,Dog,Defecating In Public,ELLEN GROVE
Animal,Dog,Unregistered,NEW FARM
Animal,Dog,Unregistered,NEW FARM
Animal,Cat Trapping,,WYNNUM
Animal,Dog,Unregistered,GEEBUNG
Animal,Dog,Unregistered,INALA
Animal,Dog,Unregistered,ZILLMERE
Animal,Other Animal,Fox,NEWMARKET
Animal,Cat Trapping,,GEEBUNG
Animal,Cat,,ENOGGERA
Animal,Dog,Fencing Issues,WISHART
Animal,Dog,Unregistered,STAFFORD HEIGHTS
Animal,Other Animal,Nuisance Animal,TINGALPA
Animal,Attack,Menacing,MANSFIELD
Animal,Attack,Not An Attack,MOGGILL
Animal,Dog,Fencing Issues,ALBION
Animal,Dog,Unregistered,RED HILL
Animal,Dog,Wandering,BRISBANE CITY
Animal,Dog,Wandering,RIVERHILLS
Animal,Dog,Wandering,KANGAROO POINT
Animal,Dog,Park Patrol Reactive,RANSOME
Animal,Dog,Unregistered,MITCHELTON
Animal,Dog,Fencing Issues,OXLEY
Animal,Dog,Unregistered,
Animal,Attack,Menacing,ZILLMERE
Animal,Cat Trapping,,MANLY
Animal,Attack,Attack On An Animal,SOUTH BRISBANE
Animal,Dog,Unregistered,HAWTHORNE
Animal,Dog,Unregistered,ASHGROVE
Animal,Dog,Unregistered,MOUNT GRAVATT
Animal,Other Animal,Nuisance Animal,INALA
Animal,Dog,Unregistered,INALA
Animal,Dog,Park Patrol Reactive,ACACIA RIDGE
Animal,Other Animal,Deer,BROOKFIELD
Animal,Dog,Unregistered,OXLEY
Animal,Dog,Unregistered,CAMP HILL
Animal,Attack,Attack On A Person,WYNNUM
Animal,Attack,Menacing,KELVIN GROVE
Animal,Dog,Unregistered,ZILLMERE
Animal,Dog,Wandering,BRIDGEMAN DOWNS
Animal,Dog,Park Patrol Reactive,LOTA
Animal,Attack,,PINKENBA
Animal,Cat Trapping,,WISHART
Animal,Attack,Attack On A Person,GEEBUNG
Animal,Attack,Not An Attack,KHOLO
Animal,Other Animal,Nuisance Animal,ASPLEY
Animal,Attack,Attack On A Person,SEVEN HILLS
Animal,Attack,Attack On An Animal,BANYO
Animal,Attack,Not An Attack,BULIMBA
Animal,Other Animal,Wild Dog,KARAWATHA
Animal,Dog,Fencing Issues,CAMP HILL
Animal,Dog,Fencing Issues,SALISBURY
Animal,Attack,Not An Attack,WINDSOR
Animal,Cat Trapping,,MORETON ISLAND
Animal,Dog,Wandering,KANGAROO POINT
Animal,Other Animal,Deer,PULLENVALE
Animal,Cat Trapping,,MOUNT GRAVATT
Animal,Dog,Wandering,JINDALEE
Animal,Attack,Attack On An Animal,FOREST LAKE
Animal,Other Animal,Deer,WESTLAKE
Animal,Attack,Attack On An Animal,NEW FARM
Animal,Dog,Fencing Issues,OXLEY
Animal,Cat Trapping,,BARDON
Animal,Attack,Menacing,COORPAROO
Animal,Dog,Wandering,CHERMSIDE WEST
Animal,Attack,Attack On An Animal,MANLY WEST
Animal,Cat Trapping,,DEAGON
Animal,Cat,Wandering,WINDSOR
Animal,Attack,Attack On An Animal,EIGHT MILE PLAINS
Animal,Cat Trapping,,EAGLE FARM
Animal,Attack,,BOONDALL
Animal,Cat,,BRACKEN RIDGE
Animal,Dog,Unregistered,WYNNUM WEST
Animal,Attack,,WISHART
Animal,Attack,Attack On An Animal,FIG TREE POCKET
Animal,Attack,Attack On A Person,ROCKLEA
Animal,Dog,Wandering,STAFFORD HEIGHTS
Animal,Dog,Unregistered,MOOROOKA
Animal,Cat,Wandering,MANLY WEST
Animal,Cat Trapping,,WYNNUM
Animal,Other Animal,Nuisance Animal,KARANA DOWNS
Animal,Dog,Park Patrol Reactive,COORPAROO
Animal,Dog,Wandering,KALINGA
Animal,Cat,Wandering,COORPAROO
Animal,Attack,Not An Attack,CORINDA
Animal,Dog,Unregistered,DEAGON
Animal,Other Animal,Nuisance Animal,MOOROOKA
Animal,Cat,Wandering,WYNNUM WEST
Animal,Dog,Fencing Issues,ELLEN GROVE
Animal,Cat,Wandering,RUNCORN
Animal,Dog,Fencing Issues,FOREST LAKE
Animal,Dog,Unregistered,SHERWOOD
Animal,Attack,Not An Attack,CHERMSIDE
Animal,Attack,,FERNY GROVE
Animal,Dog,Park Patrol Reactive,MCDOWALL
Animal,Dog,Wandering,NUDGEE BEACH
Animal,Dog,Fencing Issues,RUNCORN
Animal,Attack,Attack On An Animal,ASPLEY
Animal,Dog,Unregistered,JAMBOREE HEIGHTS
Animal,Dog,Defecating In Public,FOREST LAKE
Animal,Cat Trapping,,BOWEN HILLS
Animal,Dog,Wandering,KEPERRA
Animal,Cat Trapping,,BRACKEN RIDGE
Animal,Attack,Menacing,ACACIA RIDGE
Animal,Dog,Park Patrol Reactive,THE GAP
Animal,Cat Trapping,,NUDGEE BEACH
Animal,Dog,Defecating In Public,MORNINGSIDE
Animal,Attack,Menacing,SUNNYBANK HILLS
Animal,Dog,Defecating In Public,BRISBANE CITY
Animal,Dog,Unregistered,ALBION
Animal,Dog,Wandering,EVERTON PARK
Animal,Dog,Fencing Issues,KEDRON
Animal,Dog,Unregistered,KEDRON
Animal,Dog,Park Patrol Reactive,ASCOT
Animal,Dog,Fencing Issues,GRANGE
Animal,Dog,Unregistered,HERSTON
Animal,Cat Trapping,,INALA
Animal,Other Animal,Nuisance Animal,FOREST LAKE
Animal,Other Animal,Nuisance Animal,SHERWOOD
Animal,Dog,Unregistered,KEDRON
Animal,Attack,Attack On A Person,GREENSLOPES
Animal,Dog,Too Many Animals,OXLEY
Animal,Dog,Unregistered,WOOLOOWIN
Animal,Dog,Wandering,WINDSOR
Animal,Dog,Unregistered,CARINA HEIGHTS
Animal,Attack,,BRACKEN RIDGE
Animal,Dog,Unregistered,CANNON HILL
Animal,Other Animal,Wild Dog,KENMORE HILLS
Animal,Attack,,BRIGHTON
Animal,Other Animal,Fox,CARINA
Animal,Attack,Not An Attack,INALA
Animal,Dog,Fencing Issues,GEEBUNG
Animal,Other Animal,Fencing Issues,DARRA
Animal,Attack,,BRACKEN RIDGE
Animal,Dog,Wandering,CARINA
Animal,Attack,Attack On A Person,ELLEN GROVE
Animal,Dog,Wandering,SHERWOOD
Animal,Dog,Fencing Issues,SALISBURY
Animal,Attack,Not An Attack,DARRA
Animal,Dog,Wandering,KEDRON
Animal,Other Animal,,ELLEN GROVE
Animal,Other Animal,,ELLEN GROVE
Animal,Other Animal,Nuisance Animal,MOOROOKA
Animal,Attack,,MANLY WEST
Animal,Other Animal,Nuisance Animal,MIDDLE PARK
Animal,Attack,Not An Attack,INALA
Animal,Attack,,TARRAGINDI
Animal,Dog,Wandering,WAVELL HEIGHTS
Animal,Attack,Attack On A Person,WAKERLEY
Animal,Dog,Park Patrol Reactive,NEW FARM
Animal,Cat,,ASCOT
Animal,Dog,Unregistered,ACACIA RIDGE
Animal,Other Animal,Deer,KENMORE HILLS
Animal,Attack,Not An Attack,CHERMSIDE
Animal,Attack,Attack On A Person,TINGALPA
Animal,Cat,Wandering,ALDERLEY
Animal,Attack,Attack On An Animal,BRACKEN RIDGE
Animal,Other Animal,Deer,UPPER BROOKFIELD
Animal,Attack,Menacing,HENDRA
Animal,Attack,Attack On A Person,EVERTON PARK
Animal,Dog,Too Many Animals,WEST END
Animal,Dog,Too Many Animals,CARSELDINE
Animal,Other Animal,Fox,WYNNUM
Animal,Attack,,ACACIA RIDGE
Animal,Other Animal,Nuisance Animal,KEPERRA
Animal,Attack,,FIG TREE POCKET
Animal,Dog,Wandering,RICHLANDS
Animal,Dog,Fencing Issues,MANLY WEST
Animal,Attack,,MANLY WEST
Animal,Cat Trapping,,MITCHELTON
Animal,Other Animal,Fox,KARANA DOWNS
Animal,Other Animal,Nuisance Animal,WYNNUM WEST
Animal,Other Animal,Wandering,CHANDLER
Animal,Dog,Unregistered,MOOROOKA
Animal,Dog,Unregistered,UPPER KEDRON
Animal,Cat Trapping,,INALA
Animal,Dog,Unregistered,JAMBOREE HEIGHTS
Animal,Dog,Unregistered,STAFFORD
Animal,Dog,Park Patrol Reactive,COORPAROO
Animal,Cat,Wandering,CANNON HILL
Animal,Dog,Unregistered,GRANGE
Animal,Dog,Wandering,HERSTON
Animal,Other Animal,,BRIGHTON
Animal,Dog,Unregistered,COORPAROO
Animal,Dog,Unregistered,EIGHT MILE PLAINS
Animal,Dog,Unregistered,HAMILTON
Animal,Dog,Fencing Issues,ENOGGERA
Animal,Dog,Wandering,BRISBANE CITY
Animal,Dog,Unregistered,GRANGE
Animal,Dog,Fencing Issues,ZILLMERE
Animal,Dog,Park Patrol Reactive,FOREST LAKE
Animal,Dog,Wandering,YERONGA
Animal,Cat Trapping,,RED HILL
Animal,Other Animal,Fox,MANSFIELD
Animal,Dog,Wandering,WISHART
Animal,Dog,Park Patrol Reactive,KEPERRA
Animal,Dog,Wandering,OXLEY
Animal,Dog,Fencing Issues,COORPAROO
Animal,Cat,,KEPERRA
Animal,Dog,Defecating In Public,WYNNUM
Animal,Attack,,UPPER MOUNT GRAVATT
Animal,Dog,Wandering,FIG TREE POCKET
Animal,Cat,Wandering,FOREST LAKE
Animal,Cat,,OXLEY
Animal,Cat,,CALAMVALE
Animal,Attack,Menacing,KEPERRA
Animal,Dog,Unregistered,KALINGA
Animal,Cat Trapping,,MITCHELTON
Animal,Attack,,ZILLMERE
Animal,Attack,Not An Attack,LOTA
Animal,Dog,Wandering,CHERMSIDE
Animal,Other Animal,Nuisance Animal,WOOLLOONGABBA
Animal,Dog,Wandering,CAMP HILL
Animal,Cat Trapping,,GUMDALE
Animal,Dog,Park Patrol Reactive,ALDERLEY
Animal,Dog,Unregistered,CHERMSIDE
Animal,Dog,Fencing Issues,ENOGGERA
Animal,Dog,Too Many Animals,DEAGON
Animal,Dog,Unregistered,MANLY
Animal,Dog,Unregistered,CHANDLER
Animal,Cat Trapping,,KEDRON
Animal,Attack,Not An Attack,MANLY
Animal,Dog,Unregistered,
Animal,Other Animal,,CARINA
Animal,Dog,Unregistered,GEEBUNG
Animal,Attack,Menacing,RED HILL
Animal,Dog,Wandering,MILTON
Animal,Dog,Fencing Issues,WISHART
Animal,Attack,Attack On An Animal,BRACKEN RIDGE
Animal,Dog,Unregistered,FOREST LAKE
Animal,Attack,Attack On A Person,NORMAN PARK
Animal,Attack,,GRACEVILLE
Animal,Dog,Too Many Animals,MANLY WEST
Animal,Dog,Fencing Issues,ENOGGERA
Animal,Attack,,SUNNYBANK
Animal,Cat,,JAMBOREE HEIGHTS
Animal,Dog,Unregistered,PARKINSON
Animal,Other Animal,Nuisance Animal,SUNNYBANK HILLS
Animal,Dog,,ASPLEY
Animal,Dog,Unregistered,KARANA DOWNS
Animal,Dog,Unregistered,SEVENTEEN MILE ROCKS
Animal,Dog,Unregistered,FOREST LAKE
Animal,Cat Trapping,,SUNNYBANK HILLS
Animal,Dog,Unregistered,NUNDAH
Animal,Dog,Wandering,KEDRON
Animal,Dog,Wandering,CARINA
Animal,Attack,Not An Attack,ROBERTSON
Animal,Dog,Wandering,CHERMSIDE
Animal,Attack,Not An Attack,THE GAP
Animal,Dog,Unregistered,SHERWOOD
Animal,Cat,,WYNNUM
Animal,Dog,Wandering,TOOWONG
Animal,Dog,Unregistered,DEAGON
Animal,Attack,,ELLEN GROVE
Animal,Cat Trapping,,BALD HILLS
Animal,Other Animal,Deer,RIVERHILLS
Animal,Other Animal,Nuisance Animal,MOOROOKA
Animal,Attack,,HOLLAND PARK
Animal,Dog,Defecating In Public,CARSELDINE
Animal,Cat,Wandering,FIG TREE POCKET
Animal,Dog,Wandering,MOUNT COOT-THA
Animal,Cat Trapping,,GAYTHORNE
Animal,Attack,Menacing,NUDGEE BEACH
Animal,Dog,Wandering,CHERMSIDE
Animal,Other Animal,Fencing Issues,FOREST LAKE
Animal,Other Animal,Rabbit,BANYO
Animal,Dog,Unregistered,KEDRON
Animal,Dog,Unregistered,KENMORE
Animal,Cat,Wandering,YEERONGPILLY
Animal,Cat Trapping,,WOOLLOONGABBA
Animal,Attack,Menacing,ASPLEY
Animal,Attack,Attack On A Person,KENMORE
Animal,Cat Trapping,,SUNNYBANK HILLS
Animal,Cat Trapping,,CHAPEL HILL
Animal,Cat,Wandering,MACGREGOR
Animal,Dog,Park Patrol Reactive,WINDSOR
Animal,Dog,Unregistered,LUTWYCHE
Animal,Dog,Wandering,MITCHELTON
Animal,Dog,Unregistered,WYNNUM WEST
Animal,Cat,Wandering,BRACKEN RIDGE
Animal,Attack,Attack On A Person,GRANGE
Animal,Dog,Unregistered,INALA
Animal,Other Animal,Nuisance Animal,MOOROOKA
Animal,Dog,Wandering,TINGALPA
Animal,Dog,Wandering,HEMMANT
Animal,Attack,Attack On A Person,MOGGILL
Animal,Dog,Wandering,KEDRON
Animal,Attack,,CARSELDINE
Animal,Attack,,TARINGA
Animal,Dog,Unregistered,BARDON
Animal,Attack,Attack On A Person,WYNNUM
Animal,Dog,Unregistered,HOLLAND PARK WEST
Animal,Dog,Wandering,NUDGEE BEACH
Animal,Dog,Wandering,ASPLEY
Animal,Attack,Attack On An Animal,FOREST LAKE
Animal,Attack,,MORNINGSIDE
Animal,Dog,Wandering,CHERMSIDE
Animal,Dog,Wandering,CHERMSIDE
Animal,Dog,Wandering,WEST END
Animal,Attack,Attack On A Person,KEDRON
Animal,Attack,Attack On A Person,RUNCORN
Animal,Attack,Attack On A Person,SUNNYBANK HILLS
Animal,Cat Trapping,,UPPER MOUNT GRAVATT
Animal,Dog,,KALINGA
Animal,Cat,,TARRAGINDI
Animal,Cat Trapping,,BRACKEN RIDGE
Animal,Attack,Menacing,STAFFORD
Animal,Attack,Not An Attack,KEPERRA
Animal,Dog,Park Patrol Reactive,CARINDALE
Animal,Other Animal,Nuisance Animal,EIGHT MILE PLAINS
Animal,Dog,Unregistered,MOUNT GRAVATT EAST
Animal,Dog,Unregistered,SOUTH BRISBANE
Animal,Dog,Wandering,ROCKLEA
Animal,Cat,Wandering,WAVELL HEIGHTS
Animal,Attack,Attack On An Animal,WEST END
Animal,Dog,Wandering,WEST END
Animal,Other Animal,Nuisance Animal,FOREST LAKE
Animal,Cat Trapping,,SANDGATE
Animal,Dog,Wandering,BRISBANE CITY
Animal,Dog,Unregistered,COOPERS PLAINS
Animal,Dog,Wandering,MORNINGSIDE
Animal,Attack,Attack On An Animal,MORNINGSIDE
Animal,Cat Trapping,,INALA
Animal,Attack,,CARINA
Animal,Other Animal,Wandering,ZILLMERE
Animal,Dog,Fencing Issues,CLAYFIELD
Animal,Cat,,NEWMARKET
Animal,Other Animal,Nuisance Animal,FORTITUDE VALLEY
Animal,Attack,Menacing,COOPERS PLAINS
Animal,Dog,Unregistered,FOREST LAKE
Animal,Other Animal,Deer,PULLENVALE
Animal,Dog,Unregistered,CLAYFIELD
Animal,Dog,,WINDSOR
Animal,Dog,Unregistered,WOOLLOONGABBA
Animal,Attack,Attack On A Person,BULIMBA
Animal,Dog,Wandering,BULIMBA
Animal,Dog,Wandering,MOUNT GRAVATT EAST
Animal,Other Animal,Nuisance Animal,FAIRFIELD
Animal,Dog,Unregistered,CLAYFIELD
Animal,Dog,,KALINGA
Animal,Attack,Not An Attack,THE GAP
Animal,Attack,Attack On An Animal,CARINA
Animal,Dog,Wandering,BARDON
Animal,Attack,,ASHGROVE
Animal,Other Animal,Feral Cat,INALA
Animal,Dog,Unregistered,KEDRON
Animal,Attack,Attack On An Animal,STAFFORD HEIGHTS
Animal,Other Animal,Nuisance Animal,WESTLAKE
Animal,Attack,,DURACK
Animal,Dog,Wandering,KANGAROO POINT
Animal,Dog,Wandering,KANGAROO POINT
Animal,Attack,Not An Attack,RIVERHILLS
Animal,Dog,Wandering,NEW FARM
Animal,Attack,Not An Attack,HOLLAND PARK
Animal,Cat,,INALA
Animal,Dog,Unregistered,FITZGIBBON
Animal,Attack,Attack On An Animal,COORPAROO
Animal,Dog,Unregistered,BULIMBA
Animal,Attack,,OXLEY
Animal,Attack,Attack On An Animal,BRIGHTON
Animal,Dog,Unregistered,NUDGEE
Animal,Cat,,MANSFIELD
Animal,Dog,Wandering,CHERMSIDE
Animal,Attack,Attack On An Animal,TARRAGINDI
Animal,Dog,Fencing Issues,UPPER MOUNT GRAVATT
Animal,Cat Trapping,,ST LUCIA
Animal,Other Animal,Fox,CHANDLER
Animal,Attack,,INALA
Animal,Other Animal,Feral Cat,PARKINSON
Animal,Dog,Unregistered,FOREST LAKE
Animal,Dog,Fencing Issues,STAFFORD
Animal,Other Animal,Rabbit,PINKENBA
Animal,Dog,Unregistered,ST LUCIA
Animal,Attack,Menacing,KANGAROO POINT
Animal,Other Animal,Nuisance Animal,WISHART
Animal,Dog,Unregistered,WAKERLEY
Animal,Other Animal,Nuisance Animal,UPPER MOUNT GRAVATT
Animal,Dog,Park Patrol Reactive,HOLLAND PARK
Animal,Dog,Odour,INALA
Animal,Dog,Wandering,CALAMVALE
Animal,Other Animal,,MOUNT GRAVATT EAST
Animal,Dog,Unregistered,FERNY GROVE
Animal,Dog,,NATHAN
Animal,Dog,,BRISBANE CITY
Animal,Dog,,GRACEVILLE
Animal,Attack,,HAMILTON
Animal,Dog,Wandering,HEMMANT
Animal,Dog,Park Patrol Reactive,MOOROOKA
Animal,Dog,Wandering,KEPERRA
Animal,Dog,Too Many Animals,CARINA
Animal,Dog,Too Many Animals,CARINA
Animal,Other Animal,Deer,KENMORE HILLS
Animal,Cat Trapping,,CLAYFIELD
Animal,Cat Trapping,,RUNCORN
Animal,Other Animal,Nuisance Animal,TARINGA
Animal,Attack,Not An Attack,COORPAROO
Animal,Dog,Park Patrol Reactive,HENDRA
Animal,Cat Trapping,,HAMILTON
Animal,Dog,Unregistered,TINGALPA
Animal,Dog,Unregistered,ZILLMERE
Animal,Dog,Wandering,TENERIFFE
Animal,Dog,Unregistered,ASPLEY
Animal,Attack,,WEST END
Animal,Cat,Wandering,INALA
Animal,Attack,Attack On An Animal,MORNINGSIDE
Animal,Dog,Unregistered,GAYTHORNE
Animal,Cat Trapping,,SALISBURY
Animal,Other Animal,Fox,WAKERLEY
Animal,Other Animal,Rabbit,OXLEY
Animal,Dog,Unregistered,ACACIA RIDGE
Animal,Dog,Unregistered,DARRA
Animal,Dog,Wandering,RICHLANDS
Animal,Cat Trapping,,ASHGROVE
Animal,Dog,Park Patrol Reactive,STAFFORD
Animal,Cat Trapping,,BRACKEN RIDGE
Animal,Dog,Too Many Animals,SUNNYBANK HILLS
Animal,Dog,Wandering,CAMP HILL
Animal,Other Animal,Wild Dog,PULLENVALE
Animal,Attack,,WINDSOR
Animal,Dog,Unregistered,JINDALEE
Animal,Dog,Odour,KEDRON
Animal,Dog,Fencing Issues,HOLLAND PARK
Animal,Other Animal,Deer,KENMORE HILLS
Animal,Attack,,ENOGGERA
Animal,Dog,Unregistered,THE GAP
Animal,Cat Trapping,,ALDERLEY
Animal,Attack,,BARDON
Animal,Attack,,SUNNYBANK
Animal,Other Animal,Fox,CHANDLER
Animal,Dog,Park Patrol Reactive,GRANGE
Animal,Dog,,CANNON HILL
Animal,Dog,Fencing Issues,MITCHELTON
Animal,Dog,Fencing Issues,TARRAGINDI
Animal,Dog,Park Patrol Reactive,KENMORE
Animal,Cat Trapping,,HOLLAND PARK
Animal,Dog,Unregistered,MITCHELTON
Animal,Dog,Wandering,SHERWOOD
Animal,Dog,Wandering,NORTHGATE
Animal,Dog,Unregistered,BOONDALL
Animal,Other Animal,Nuisance Animal,INALA
Animal,Dog,Defecating In Public,DUTTON PARK
Animal,Dog,Unregistered,SHORNCLIFFE
Animal,Attack,Attack On A Person,JINDALEE
Animal,Attack,,BELMONT
Animal,Dog,Unregistered,MCDOWALL
Animal,Dog,Unregistered,STAFFORD
Animal,Dog,Unregistered,KURABY
Animal,Cat,Wandering,CARSELDINE
Animal,Dog,Unregistered,CARINA HEIGHTS
Animal,Dog,Wandering,CAMP HILL
Animal,Dog,Unregistered,SEVEN HILLS
Animal,Cat Trapping,,BRACKEN RIDGE
Animal,Dog,Wandering,MITCHELTON
Animal,Dog,,CANNON HILL
Animal,Other Animal,,SUNNYBANK HILLS
Animal,Dog,Unregistered,WYNNUM
Animal,Attack,,WYNNUM
Animal,Dog,Wandering,CHERMSIDE
Animal,Attack,Attack On An Animal,UPPER MOUNT GRAVATT
Animal,Dog,Unregistered,STAFFORD
Animal,Dog,Unregistered,WOOLLOONGABBA
Animal,Dog,Wandering,LOTA
Animal,Dog,Unregistered,WESTLAKE
Animal,Cat Trapping,,MANLY
Animal,Other Animal,Wandering,UPPER KEDRON
Animal,Dog,Wandering,ALDERLEY
Animal,Dog,Defecating In Public,MORNINGSIDE
Animal,Dog,Fencing Issues,SALISBURY
Animal,Cat,Wandering,MANLY WEST
Animal,Cat,Wandering,MANLY WEST
Animal,Dog,Unregistered,FOREST LAKE
Animal,Attack,,CAMP HILL
Animal,Dog,Unregistered,WISHART
Animal,Dog,Wandering,THE GAP
Animal,Other Animal,,KHOLO
Animal,Dog,Unregistered,KENMORE
Animal,Dog,Wandering,RUNCORN
Animal,Dog,Unregistered,CLAYFIELD
Animal,Attack,Attack On An Animal,PADDINGTON
Animal,Dog,Unregistered,EAST BRISBANE
Animal,Dog,Unregistered,ANNERLEY
Animal,Dog,Unregistered,CHERMSIDE WEST
Animal,Attack,Attack On A Person,STAFFORD
Animal,Dog,Park Patrol Reactive,CHERMSIDE
Animal,Dog,Fencing Issues,WEST END
Animal,Dog,,BULIMBA
Animal,Dog,Unregistered,THE GAP
Animal,Dog,Unregistered,MOUNT GRAVATT EAST
Animal,Dog,Wandering,KANGAROO POINT
Animal,Dog,Wandering,HOLLAND PARK
Animal,Dog,Unregistered,FAIRFIELD
Animal,Attack,,OXLEY
Animal,Dog,Unregistered,CALAMVALE
Animal,Dog,Unregistered,ELLEN GROVE
Animal,Attack,,BALMORAL
Animal,Dog,Fencing Issues,KANGAROO POINT
Animal,Dog,Unregistered,ANNERLEY
Animal,Cat Trapping,,KARANA DOWNS
Animal,Dog,Unregistered,HEATHWOOD
Animal,Dog,Unregistered,CALAMVALE
Animal,Dog,Unregistered,HOLLAND PARK
Animal,Dog,Unregistered,WAVELL HEIGHTS
Animal,Dog,Unregistered,HIGHGATE HILL
Animal,Dog,Unregistered,ASPLEY
Animal,Cat,Wandering,MCDOWALL
Animal,Other Animal,Fox,FIG TREE POCKET
Animal,Dog,Unregistered,UPPER KEDRON
Animal,Attack,Attack On An Animal,COORPAROO
Animal,Attack,,ENOGGERA
Animal,Dog,Fencing Issues,BANYO
Animal,Dog,Wandering,CHERMSIDE
Animal,Other Animal,Fox,CANNON HILL
Animal,Dog,Too Many Animals,BURBANK
Animal,Attack,Attack On An Animal,EVERTON PARK
Animal,Dog,Unregistered,STAFFORD
Animal,Dog,Park Patrol Reactive,KANGAROO POINT
Animal,Dog,Unregistered,NEWSTEAD
Animal,Attack,Attack On An Animal,HEMMANT
Animal,Cat Trapping,,INALA
Animal,Dog,Unregistered,CAMP HILL
Animal,Dog,Unregistered,CAMP HILL
Animal,Attack,Attack On A Person,ACACIA RIDGE
Animal,Dog,Wandering,INALA
Animal,Dog,Fencing Issues,VIRGINIA
Animal,Dog,Wandering,NUNDAH
Animal,Other Animal,Deer,BROOKFIELD
Animal,Dog,Wandering,CHERMSIDE
Animal,Dog,Wandering,CARINDALE
Animal,Dog,Wandering,ZILLMERE
Animal,Dog,Unregistered,SUNNYBANK HILLS
Animal,Attack,,LOTA
Animal,Attack,Attack On An Animal,BANYO
Animal,Attack,Attack On A Person,SUNNYBANK
Animal,Dog,Odour,OXLEY
Animal,Dog,Wandering,MANLY
Animal,Dog,Fencing Issues,ALGESTER
Animal,Dog,Wandering,MORNINGSIDE
Animal,Attack,Attack On A Person,MCDOWALL
Animal,Cat,,INALA
Animal,Dog,Wandering,CHERMSIDE
Animal,Other Animal,Fox,UPPER MOUNT GRAVATT
Animal,Attack,Attack On An Animal,INALA
Animal,Dog,Fencing Issues,STAFFORD HEIGHTS
Animal,Attack,Attack On A Person,BOONDALL
Animal,Other Animal,Nuisance Animal,WAVELL HEIGHTS
Animal,Cat Trapping,,SANDGATE
Animal,Other Animal,Deer,BROOKFIELD
Animal,Cat,Wandering,CHERMSIDE
Animal,Dog,Wandering,HOLLAND PARK WEST
Animal,Attack,Attack On An Animal,GRACEVILLE
Animal,Dog,Unregistered,BRIGHTON
Animal,Dog,Odour,NUDGEE
Animal,Cat Trapping,,FOREST LAKE
Animal,Dog,Unregistered,ELLEN GROVE
Animal,Dog,Fencing Issues,NORTHGATE
Animal,Dog,Unregistered,RUNCORN
Animal,Dog,Park Patrol Reactive,ACACIA RIDGE
Animal,Cat,,CARINA
Animal,Cat,Wandering,GRANGE
Animal,Attack,Attack On An Animal,ENOGGERA
Animal,Dog,Unregistered,BRIGHTON
Animal,Attack,,KURABY
Animal,Dog,Unregistered,KARANA DOWNS
Animal,Other Animal,Deer,PULLENVALE
Animal,Dog,Wandering,RED HILL
Animal,Dog,Wandering,NEW FARM
Animal,Other Animal,Wandering,DEAGON
Animal,Dog,Unregistered,EIGHT MILE PLAINS
Animal,Other Animal,Nuisance Animal,MIDDLE PARK
Animal,Dog,Unregistered,MIDDLE PARK
Animal,Attack,Not An Attack,ALBION
Animal,Cat Trapping,,ST LUCIA
Animal,Dog,Wandering,HAWTHORNE
Animal,Dog,Wandering,HEMMANT
Animal,Attack,Menacing,INALA
Animal,Cat,Wandering,MOUNT GRAVATT EAST
Animal,Attack,,DARRA
Animal,Cat,Wandering,BRACKEN RIDGE
Animal,Dog,Unregistered,KEDRON
Animal,Dog,Wandering,CHERMSIDE
Animal,Cat Trapping,,DARRA
Animal,Attack,Attack On An Animal,MACGREGOR
Animal,Attack,Attack On An Animal,SPRING HILL
Animal,Other Animal,,RUNCORN
Animal,Dog,Fencing Issues,ALDERLEY
Animal,Other Animal,Deer,JINDALEE
Animal,Dog,Wandering,HERSTON
Animal,Cat,Wandering,NEW FARM
Animal,Attack,Not An Attack,MACGREGOR
Animal,Dog,Fencing Issues,GREENSLOPES
Animal,Cat Trapping,,MANLY
Animal,Cat,Wandering,MANLY WEST
Animal,Cat Trapping,,ZILLMERE
Animal,Attack,,WEST END
Animal,Attack,Attack On An Animal,SHERWOOD
Animal,Dog,Unregistered,NUDGEE
Animal,Dog,Unregistered,ASCOT
Animal,Attack,Not An Attack,LUTWYCHE
Animal,Dog,Unregistered,WYNNUM
Animal,Cat Trapping,,COORPAROO
Animal,Dog,Unregistered,STAFFORD
Animal,Dog,,CHERMSIDE
Animal,Dog,Unregistered,EIGHT MILE PLAINS
Animal,Attack,,CARINA HEIGHTS
Animal,Attack,Attack On An Animal,ROCHEDALE
Animal,Other Animal,Deer,KENMORE HILLS
Animal,Other Animal,Wild Dog,BELLBOWRIE
Animal,Dog,Wandering,SANDGATE
Animal,Dog,Wandering,BULIMBA
Animal,Dog,Unregistered,BRISBANE CITY
Animal,Dog,Wandering,FAIRFIELD
Animal,Other Animal,Fox,MOUNT CROSBY
Animal,Attack,Attack On An Animal,MANLY WEST
Animal,Dog,Unregistered,MANLY WEST
Animal,Attack,,BRIDGEMAN DOWNS
Animal,Dog,Unregistered,MORNINGSIDE
Animal,Attack,,WAVELL HEIGHTS
Animal,Dog,Wandering,RICHLANDS
Animal,Dog,Unregistered,MOGGILL
Animal,Dog,Unregistered,CALAMVALE
Animal,Dog,Unregistered,NUDGEE
Animal,Dog,Unregistered,INDOOROOPILLY
Animal,Cat Trapping,,INALA
Animal,Dog,Wandering,WINDSOR
Animal,Dog,Park Patrol Reactive,KANGAROO POINT
Animal,Dog,Wandering,ST LUCIA
Animal,Dog,Unregistered,MIDDLE PARK
Animal,Dog,Unregistered,MIDDLE PARK
Animal,Dog,Wandering,EVERTON PARK
Animal,Cat Trapping,,PARKINSON
Animal,Dog,Fencing Issues,INALA
Animal,Dog,Wandering,THE GAP
Animal,Dog,Wandering,NUDGEE BEACH
Animal,Dog,Unregistered,ASPLEY
Animal,Attack,,SEVENTEEN MILE ROCKS
Animal,Other Animal,Fox,MOUNT GRAVATT EAST
Animal,Attack,Attack On An Animal,WEST END
Animal,Dog,Park Patrol Reactive,RUNCORN
Animal,Attack,Menacing,CHAPEL HILL
Animal,Dog,Wandering,BARDON
Animal,Cat Trapping,,COOPERS PLAINS
Animal,Dog,Wandering,ZILLMERE
Animal,Cat,Wandering,DURACK
Animal,Dog,Wandering,CAMP HILL
Animal,Other Animal,Fox,ROCHEDALE
Animal,Dog,Defecating In Public,RANSOME
Animal,Other Animal,Nuisance Animal,ROCHEDALE
Animal,Attack,,BRIGHTON
Animal,Dog,Fencing Issues,THE GAP
Animal,Dog,Wandering,CHERMSIDE
Animal,Attack,Not An Attack,MANLY WEST
Animal,Dog,Unregistered,ROCKLEA
Animal,Attack,,BARDON
Animal,Dog,Fencing Issues,HOLLAND PARK WEST
Animal,Cat Trapping,,WYNNUM WEST
Animal,Other Animal,Wild Dog,SUMNER
Animal,Cat Trapping,,WOOLLOONGABBA
Animal,Attack,Attack On A Person,ROCHEDALE
Animal,Attack,Attack On An Animal,TOOWONG
Animal,Attack,Menacing,LOTA
Animal,Other Animal,Deer,BROOKFIELD
Animal,Dog,Fencing Issues,MANLY WEST
Animal,Cat,Wandering,COOPERS PLAINS
Animal,Dog,Park Patrol Reactive,THE GAP
Animal,Dog,Wandering,WINDSOR
Animal,Dog,Park Patrol Reactive,GRACEVILLE
Animal,Cat Trapping,,DARRA
Animal,Dog,Unregistered,KANGAROO POINT
Animal,Other Animal,Nuisance Animal,EIGHT MILE PLAINS
Animal,Other Animal,Fencing Issues,GREENSLOPES
Animal,Dog,Wandering,TENERIFFE
Animal,Cat,Wandering,FOREST LAKE
Animal,Dog,Unregistered,MANSFIELD
Animal,Dog,Wandering,CHERMSIDE
Animal,Dog,Park Patrol Reactive,UPPER KEDRON
Animal,Attack,Not An Attack,ZILLMERE
Animal,Dog,Too Many Animals,NUNDAH
Animal,Dog,Unregistered,GUMDALE
Animal,Dog,Fencing Issues,KENMORE
Animal,Cat,Wandering,INALA
Animal,Dog,Unregistered,ROCKLEA
Animal,Dog,Park Patrol Reactive,ROCKLEA
Animal,Dog,Fencing Issues,MOOROOKA
Animal,Dog,Unregistered,CARINA HEIGHTS
Animal,Dog,Unregistered,MANLY WEST
Animal,Cat Trapping,,SEVENTEEN MILE ROCKS
Animal,Dog,Wandering,KENMORE
Animal,Dog,,HEATHWOOD
Animal,Dog,Unregistered,YERONGA
Animal,Dog,Fencing Issues,SALISBURY
Animal,Dog,Wandering,SHERWOOD
Animal,Other Animal,Nuisance Animal,KANGAROO POINT
Animal,Cat,Wandering,CANNON HILL
Animal,Dog,Unregistered,CARSELDINE
Animal,Dog,Unregistered,FOREST LAKE
Animal,Dog,Unregistered,HENDRA
Animal,Attack,,CHAPEL HILL
Animal,Attack,Attack On An Animal,FERNY GROVE
Animal,Attack,,FERNY GROVE
Animal,Cat,Wandering,MOOROOKA
Animal,Attack,Not An Attack,BARDON
Animal,Dog,Wandering,GUMDALE
Animal,Dog,Unregistered,TARRAGINDI
Animal,Other Animal,Fox,NUDGEE
Animal,Dog,Unregistered,MOGGILL
Animal,Attack,,YERONGA
Animal,Cat Trapping,,MOUNT GRAVATT
Animal,Dog,Unregistered,BRIGHTON
Animal,Dog,Unregistered,SALISBURY
Animal,Dog,Unregistered,ROBERTSON
Animal,Dog,Unregistered,CHERMSIDE
Animal,Dog,Unregistered,MORNINGSIDE
Animal,Dog,Too Many Animals,INDOOROOPILLY
Animal,Dog,Park Patrol Reactive,STAFFORD HEIGHTS
Animal,Attack,Attack On A Person,BRIDGEMAN DOWNS
Animal,Attack,Attack On A Person,CARSELDINE
Animal,Dog,Unregistered,CALAMVALE
Animal,Dog,Fencing Issues,MOGGILL
Animal,Dog,Unregistered,BELMONT
Animal,Dog,Unregistered,BELLBOWRIE
Animal,Dog,Fencing Issues,INALA
Animal,Dog,Unregistered,BRIDGEMAN DOWNS
Animal,Other Animal,,UPPER BROOKFIELD
Animal,Dog,Fencing Issues,INALA
Animal,Cat Trapping,,SUNNYBANK
Animal,Other Animal,Fox,BELLBOWRIE
Animal,Cat Trapping,,ST LUCIA
Animal,Cat,,MOUNT GRAVATT EAST
Animal,Dog,Wandering,MOUNT COOT-THA
Animal,Dog,Defecating In Public,SUNNYBANK
Animal,Attack,Attack On An Animal,TARINGA
Animal,Dog,Unregistered,GRANGE
Animal,Dog,Wandering,INALA
Animal,Dog,Wandering,WYNNUM WEST
Animal,Cat,Wandering,ELLEN GROVE
Animal,Dog,Unregistered,CARINDALE
Animal,Dog,Unregistered,GRANGE
Animal,Other Animal,Fox,COORPAROO
Animal,Dog,Wandering,BELMONT
Animal,Attack,Attack On An Animal,SPRING HILL
Animal,Other Animal,Fencing Issues,CORINDA
Animal,Dog,Unregistered,EIGHT MILE PLAINS
Animal,Dog,Fencing Issues,SUNNYBANK HILLS
Animal,Dog,Fencing Issues,BULIMBA
Animal,Dog,Wandering,CARINA HEIGHTS
Animal,Dog,Fencing Issues,CARINA HEIGHTS
Animal,Cat Trapping,,MANLY WEST
Animal,Dog,Unregistered,NUDGEE
Animal,Dog,Fencing Issues,MOUNT CROSBY
Animal,Dog,Unregistered,DEAGON
Animal,Cat Trapping,,BRACKEN RIDGE
Animal,Dog,Unregistered,ALBION
Animal,Dog,Wandering,RICHLANDS
Animal,Other Animal,Odour,RIVERHILLS
Animal,Dog,Unregistered,BALD HILLS
Animal,Dog,Wandering,CHERMSIDE
Animal,Dog,Park Patrol Reactive,SHORNCLIFFE
Animal,Dog,Wandering,BULIMBA
Animal,Dog,,YERONGA
Animal,Attack,,TARINGA
Animal,Dog,,NEWSTEAD
Animal,Cat Trapping,,THE GAP
Animal,Dog,Wandering,NATHAN
Animal,Dog,Fencing Issues,WYNNUM WEST
Animal,Dog,Fencing Issues,TOOWONG
Animal,Dog,Unregistered,CALAMVALE
Animal,Other Animal,Fox,ELLEN GROVE
Animal,Other Animal,Wandering,MANLY
Animal,Dog,Fencing Issues,WILSTON
Animal,Attack,Menacing,MORNINGSIDE
Animal,Attack,Attack On An Animal,KEDRON
Animal,Dog,Unregistered,CARINA
Animal,Dog,Park Patrol Reactive,TINGALPA
Animal,Cat Trapping,,SALISBURY
Animal,Other Animal,Fox,THE GAP
Animal,Dog,Fencing Issues,BULIMBA
Animal,Other Animal,Fox,FIG TREE POCKET
Animal,Dog,Unregistered,ASPLEY
Animal,Attack,,CALAMVALE
Animal,Dog,Fencing Issues,STRETTON
Animal,Dog,Wandering,KARAWATHA
Animal,Attack,Not An Attack,CARINA
Animal,Dog,Fencing Issues,SEVEN HILLS
Animal,Attack,,MURARRIE
Animal,Dog,Wandering,DOOLANDELLA
Animal,Dog,Wandering,WYNNUM WEST
Animal,Dog,Unregistered,ASPLEY
Animal,Cat Trapping,,SANDGATE
Animal,Attack,Attack On An Animal,TOOWONG
Animal,Dog,Wandering,ROCKLEA
Animal,Attack,,TARRAGINDI
Animal,Dog,Defecating In Public,ST LUCIA
Animal,Attack,Not An Attack,FOREST LAKE
Animal,Dog,Odour,EAST BRISBANE
Animal,Dog,Fencing Issues,MANLY WEST
Animal,Dog,Fencing Issues,INALA
Animal,Dog,Unregistered,DOOLANDELLA
Animal,Dog,Unregistered,ASPLEY
Animal,Dog,Unregistered,MORNINGSIDE
Animal,Dog,Wandering,TOOWONG
Animal,Dog,Unregistered,MURARRIE
Animal,Dog,Unregistered,FOREST LAKE
Animal,Dog,Fencing Issues,WEST END
Animal,Dog,Wandering,CARINA HEIGHTS
Animal,Dog,Unregistered,THE GAP
Animal,Attack,Menacing,PULLENVALE
Animal,Dog,Wandering,BURBANK
Animal,Dog,Fencing Issues,CAMP HILL
Animal,Dog,Unregistered,NUNDAH
Animal,Dog,Unregistered,CHELMER
Animal,Attack,,SUNNYBANK HILLS
Animal,Other Animal,Nuisance Animal,RUNCORN
Animal,Dog,Wandering,KANGAROO POINT
Animal,Cat Trapping,,STAFFORD HEIGHTS
Animal,Attack,Attack On A Person,KENMORE
Animal,Cat,Wandering,STAFFORD HEIGHTS
Animal,Other Animal,Unregistered,OXLEY
Animal,Cat Trapping,,TAIGUM
Animal,Dog,Wandering,CHERMSIDE
Animal,Dog,Park Patrol Reactive,ALDERLEY
Animal,Dog,Park Patrol Reactive,CHERMSIDE
Animal,Dog,Park Patrol Reactive,CHERMSIDE
Animal,Dog,Wandering,HOLLAND PARK WEST
Animal,Dog,Park Patrol Reactive,BALD HILLS
Animal,Attack,Attack On An Animal,JAMBOREE HEIGHTS
Animal,Cat,,FOREST LAKE
Animal,Cat,,DOOLANDELLA
Animal,Attack,,BALMORAL
Animal,Dog,Park Patrol Reactive,BULIMBA
Animal,Dog,Unregistered,MITCHELTON
Animal,Dog,Unregistered,MORNINGSIDE
Animal,Cat,Wandering,THE GAP
Animal,Attack,Menacing,WAVELL HEIGHTS
Animal,Dog,Wandering,NATHAN
Animal,Dog,Wandering,CHERMSIDE
Animal,Attack,Attack On An Animal,WYNNUM WEST
Animal,Dog,Unregistered,CHERMSIDE
Animal,Dog,Unregistered,HENDRA
Animal,Dog,Fencing Issues,THE GAP
Animal,Dog,Unregistered,
Animal,Attack,Not An Attack,EIGHT MILE PLAINS
Animal,Dog,Park Patrol Reactive,CHERMSIDE
Animal,Dog,Too Many Animals,NUNDAH
Animal,Cat,Wandering,MANLY
Animal,Other Animal,Fox,ROCHEDALE
Animal,Dog,Unregistered,
Animal,Dog,Park Patrol Reactive,CHERMSIDE WEST
Animal,Attack,Attack On A Person,INALA
Animal,Dog,Too Many Animals,DOOLANDELLA
Animal,Dog,Unregistered,MITCHELTON
Animal,Dog,Unregistered,WYNNUM WEST
Animal,Dog,Fencing Issues,NUDGEE
Animal,Dog,Park Patrol Reactive,EAST BRISBANE
Animal,Cat,Wandering,
Animal,Dog,Unregistered,BRIDGEMAN DOWNS
Animal,Other Animal,Fox,MANLY
Animal,Attack,Not An Attack,ALDERLEY
Animal,Dog,Fencing Issues,KENMORE HILLS
Animal,Dog,Fencing Issues,MANLY WEST
Animal,Dog,Fencing Issues,INALA
Animal,Dog,Wandering,EIGHT MILE PLAINS
Animal,Dog,Park Patrol Reactive,WOOLLOONGABBA
Animal,Attack,Attack On A Person,CANNON HILL
Animal,Other Animal,Insufficient Space,NORMAN PARK
Animal,Other Animal,Wild Dog,ELLEN GROVE
Animal,Dog,Unregistered,NORTHGATE
Animal,Dog,Unregistered,HOLLAND PARK
Animal,Dog,Unregistered,CARINA HEIGHTS
Animal,Attack,Attack On A Person,ACACIA RIDGE
Animal,Attack,,WYNNUM
Animal,Cat,Wandering,WISHART
Animal,Dog,Unregistered,NORMAN PARK
Animal,Other Animal,Nuisance Animal,SUNNYBANK HILLS
Animal,Dog,Unregistered,BRIGHTON
Animal,Dog,Unregistered,TARINGA
Animal,Dog,Wandering,KEDRON
Animal,Cat Trapping,,GEEBUNG
Animal,Dog,Fencing Issues,TINGALPA
Animal,Cat,Wandering,EVERTON PARK
Animal,Dog,Unregistered,EVERTON PARK
Animal,Cat,,MCDOWALL
Animal,Dog,Unregistered,INALA
Animal,Dog,Unregistered,CHERMSIDE WEST
Animal,Dog,Unregistered,EAST BRISBANE
Animal,Cat,Wandering,BRACKEN RIDGE
Animal,Cat,,KEDRON
Animal,Attack,,NEW FARM
Animal,Cat,Wandering,SANDGATE
Animal,Dog,Park Patrol Reactive,ALDERLEY
Animal,Dog,Wandering,PADDINGTON
Animal,Dog,Wandering,CHERMSIDE
Animal,Cat,Wandering,KARANA DOWNS
Animal,Dog,Unregistered,MITCHELTON
Animal,Attack,Menacing,ACACIA RIDGE
Animal,Dog,Wandering,KEDRON
Animal,Attack,Attack On An Animal,EVERTON PARK
Animal,Dog,Wandering,LOTA
Animal,Other Animal,Wild Dog,BROOKFIELD
Animal,Dog,Too Many Animals,CARINA
Animal,Dog,Too Many Animals,CARINA
Animal,Dog,Unregistered,MANSFIELD
Animal,Dog,Park Patrol Reactive,GREENSLOPES
Animal,Dog,Unregistered,KEPERRA
Animal,Cat Trapping,,RUNCORN
Animal,Cat,Wandering,TARRAGINDI
Animal,Other Animal,Deer,MOGGILL
Animal,Other Animal,Fox,SANDGATE
Animal,Dog,Unregistered,MURARRIE
Animal,Attack,Attack On A Person,CARINA
Animal,Cat,Wandering,RICHLANDS
Animal,Dog,Unregistered,GORDON PARK
Animal,Cat,Wandering,SALISBURY
Animal,Cat,Wandering,CORINDA
Animal,Other Animal,Rabbit,INALA
Animal,Attack,Attack On An Animal,HEMMANT
Animal,Dog,Wandering,FAIRFIELD
Animal,Attack,Attack On An Animal,EVERTON PARK
Animal,Dog,Fencing Issues,ASPLEY
Animal,Other Animal,Unregistered,CARINA
Animal,Dog,Defecating In Public,CARINDALE
Animal,Attack,Attack On An Animal,ASHGROVE
Animal,Dog,Wandering,GEEBUNG
Animal,Dog,Wandering,MCDOWALL
Animal,Attack,Attack On An Animal,BANYO
Animal,Dog,Defecating In Public,MILTON
Animal,Attack,Attack On An Animal,NUDGEE
Animal,Dog,Wandering,HOLLAND PARK WEST
Animal,Cat Trapping,,MITCHELTON
Animal,Dog,Fencing Issues,CLAYFIELD
Animal,Dog,Wandering,YERONGA
Animal,Attack,Attack On An Animal,KEDRON
Animal,Attack,Attack On A Person,KEDRON
Animal,Dog,Unregistered,UPPER KEDRON
Animal,Cat,Wandering,STAFFORD HEIGHTS
Animal,Dog,Wandering,BULIMBA
Animal,Attack,Attack On A Person,CANNON HILL
Animal,Attack,Attack On A Person,BARDON
Animal,Dog,Unregistered,ALGESTER
Animal,Attack,Attack On An Animal,WINDSOR
Animal,Dog,Unregistered,BRACKEN RIDGE
Animal,Cat,Wandering,BRIDGEMAN DOWNS
Animal,Cat,Wandering,SHORNCLIFFE
Animal,Dog,Unregistered,FOREST LAKE
Animal,Cat Trapping,,INALA
Animal,Dog,Wandering,CAMP HILL
Animal,Dog,Fencing Issues,MANSFIELD
Animal,Attack,,SUNNYBANK HILLS
Animal,Dog,Wandering,CHERMSIDE
Animal,Attack,,BULIMBA
Animal,Dog,Wandering,HIGHGATE HILL
Animal,Dog,Wandering,INDOOROOPILLY
Animal,Dog,Wandering,INDOOROOPILLY
Animal,Cat Trapping,,MITCHELTON
Animal,Cat,Wandering,INALA
Animal,Cat,,TARRAGINDI
Animal,Dog,Unregistered,CHERMSIDE WEST
Animal,Cat,Wandering,MORNINGSIDE
Animal,Attack,,ENOGGERA
Animal,Cat,Wandering,MORNINGSIDE
Animal,Cat,Wandering,ASCOT
Animal,Dog,Fencing Issues,MANLY WEST
Animal,Dog,,STAFFORD
Animal,Cat,,BRACKEN RIDGE
Animal,Dog,Unregistered,MOUNT GRAVATT
Animal,Dog,Wandering,NUDGEE BEACH
Animal,Dog,Wandering,ALDERLEY
Animal,Dog,Wandering,LOTA
Animal,Cat Trapping,,KEPERRA
Animal,Dog,Fencing Issues,LOTA
Animal,Dog,Fencing Issues,CARSELDINE
Animal,Dog,Unregistered,EVERTON PARK
Animal,Cat Trapping,,BALD HILLS
Animal,Dog,Park Patrol Reactive,ROCKLEA
Animal,Attack,Not An Attack,MORNINGSIDE
Animal,Attack,Not An Attack,STAFFORD HEIGHTS
Animal,Dog,Unregistered,THE GAP
Animal,Dog,Wandering,CORINDA
Animal,Dog,Unregistered,DOOLANDELLA
Animal,Attack,Attack On An Animal,THE GAP
Animal,Other Animal,Deer,BROOKFIELD
Animal,Dog,Unregistered,UPPER MOUNT GRAVATT
Animal,Dog,Fencing Issues,BRACKEN RIDGE
Animal,Attack,Menacing,SUNNYBANK
Animal,Attack,Attack On An Animal,KALINGA
Animal,Dog,,EIGHT MILE PLAINS
Animal,Attack,Attack On A Person,BOWEN HILLS
Animal,Dog,Unregistered,CARSELDINE
Animal,Attack,Attack On An Animal,SUNNYBANK HILLS
Animal,Dog,Park Patrol Reactive,SALISBURY
Animal,Dog,Wandering,CHERMSIDE
Animal,Other Animal,Fox,PULLENVALE
Animal,Other Animal,Wandering,SHORNCLIFFE
Animal,Dog,Unregistered,HOLLAND PARK
Animal,Dog,Unregistered,MORNINGSIDE
Animal,Dog,Unregistered,STAFFORD HEIGHTS
Animal,Attack,,ANNERLEY
Animal,Dog,Unregistered,CHERMSIDE
Animal,Attack,,TAIGUM
Animal,Dog,Wandering,WINDSOR
Animal,Other Animal,Nuisance Animal,STRETTON
Animal,Attack,Menacing,WISHART
Animal,Attack,Attack On A Person,KEPERRA
Animal,Dog,Wandering,BELMONT
Animal,Cat Trapping,,DOOLANDELLA
Animal,Dog,Fencing Issues,GEEBUNG
Animal,Dog,Wandering,MORNINGSIDE
Animal,Dog,Wandering,WEST END
Animal,Dog,Fencing Issues,GEEBUNG
Animal,Dog,Unregistered,NEWMARKET
Animal,Cat Trapping,,FOREST LAKE
Animal,Attack,Attack On An Animal,AUCHENFLOWER
Animal,Dog,Unregistered,KURABY
Animal,Dog,Wandering,GREENSLOPES
Animal,Other Animal,Nuisance Animal,DARRA
Animal,Cat,Wandering,HAWTHORNE
Animal,Attack,,ASHGROVE
Animal,Dog,Fencing Issues,THE GAP
Animal,Cat,Wandering,WISHART
Animal,Cat Trapping,,UPPER MOUNT GRAVATT
Animal,Attack,,WEST END
Animal,Attack,Not An Attack,MANLY WEST
Animal,Dog,Unregistered,OXLEY
Animal,Other Animal,Fox,HAWTHORNE
Animal,Dog,Wandering,KANGAROO POINT
Animal,Attack,,MANSFIELD
Animal,Dog,Unregistered,CARINA
Animal,Dog,Wandering,NATHAN
Animal,Dog,,YERONGA
Animal,Dog,Park Patrol Reactive,TOOWONG
Animal,Dog,,YERONGA
Animal,Dog,Unregistered,ELLEN GROVE
Animal,Other Animal,Fox,CHANDLER
Animal,Attack,,BOONDALL
Animal,Attack,,BRIGHTON
Animal,Other Animal,Deer,BROOKFIELD
Animal,Cat,Wandering,CHERMSIDE
Animal,Dog,Fencing Issues,MANLY WEST
Animal,Dog,Defecating In Public,NUDGEE
Animal,Dog,Unregistered,HOLLAND PARK WEST
Animal,Other Animal,Fox,ROCHEDALE
Animal,Dog,Unregistered,RED HILL
Animal,Attack,Attack On A Person,ROCKLEA
Animal,Dog,Unregistered,HOLLAND PARK
Animal,Attack,,FIG TREE POCKET
Animal,Other Animal,Wild Dog,WACOL
Animal,Other Animal,Wild Dog,WACOL
Animal,Attack,Attack On A Person,STAFFORD HEIGHTS
Animal,Dog,Defecating In Public,NEW FARM
Animal,Dog,Fencing Issues,KARANA DOWNS
Animal,Cat Trapping,,MOUNT GRAVATT
Animal,Attack,Attack On A Person,JINDALEE
Animal,Attack,Attack On A Person,EAST BRISBANE
Animal,Cat,Wandering,TARRAGINDI
Animal,Other Animal,Wild Dog,BROOKFIELD
Animal,Dog,,ALGESTER
Animal,Cat,Wandering,EIGHT MILE PLAINS
Animal,Dog,Wandering,HAWTHORNE
Animal,Attack,Menacing,WYNNUM WEST
Animal,Dog,Unregistered,RED HILL
Animal,Other Animal,Wild Dog,KENMORE HILLS
Animal,Dog,Unregistered,JINDALEE
Animal,Dog,Unregistered,YERONGA
Animal,Dog,Fencing Issues,DOOLANDELLA
Animal,Attack,,WAVELL HEIGHTS
Animal,Dog,Fencing Issues,DURACK
Animal,Dog,Wandering,WAVELL HEIGHTS
Animal,Other Animal,Wandering,BALD HILLS
Animal,Dog,Defecating In Public,OXLEY
Animal,Cat,Wandering,WAVELL HEIGHTS
Animal,Dog,Defecating In Public,STAFFORD HEIGHTS
Animal,Dog,Park Patrol Reactive,INALA
Animal,Cat,Wandering,CARINA HEIGHTS
Animal,Attack,,EVERTON PARK
Animal,Attack,,NORTHGATE
Animal,Attack,Attack On A Person,ASPLEY
Animal,Dog,Unregistered,FOREST LAKE
Animal,Attack,,MIDDLE PARK
Animal,Dog,Unregistered,HEATHWOOD
Animal,Dog,Unregistered,KALINGA
Animal,Other Animal,Nuisance Animal,EIGHT MILE PLAINS
Animal,Cat Trapping,,WYNNUM
Animal,Dog,Fencing Issues,OXLEY
Animal,Dog,Too Many Animals,MOGGILL
Animal,Dog,Unregistered,BANYO
Animal,Cat Trapping,,PETRIE TERRACE
Animal,Dog,Unregistered,KENMORE
Animal,Dog,Unregistered,SUNNYBANK HILLS
Animal,Dog,Unregistered,ASPLEY
Animal,Dog,Park Patrol Reactive,WAKERLEY
Animal,Dog,Fencing Issues,ACACIA RIDGE
Animal,Attack,Attack On An Animal,BRACKEN RIDGE
Animal,Dog,Unregistered,NUDGEE
Animal,Other Animal,Fencing Issues,KARAWATHA
Animal,Cat Trapping,,CHERMSIDE
Animal,Cat Trapping,,ACACIA RIDGE
Animal,Dog,Unregistered,WYNNUM WEST
Animal,Dog,Fencing Issues,MOUNT GRAVATT
Animal,Attack,Attack On A Person,MACGREGOR
Animal,Dog,Park Patrol Reactive,TINGALPA
Animal,Dog,Unregistered,COORPAROO
Animal,Attack,Menacing,TINGALPA
Animal,Dog,Wandering,CHERMSIDE
Animal,Dog,Defecating In Public,PINJARRA HILLS
Animal,Attack,Attack On A Person,TINGALPA
Animal,Other Animal,Nuisance Animal,STRETTON
Animal,Dog,Unregistered,BALMORAL
Animal,Attack,,DURACK
Animal,Dog,Defecating In Public,SHERWOOD
Animal,Dog,Wandering,YERONGA
Animal,Cat,Wandering,MANLY
Animal,Other Animal,Deer,BROOKFIELD
Animal,Attack,Attack On A Person,WINDSOR
Animal,Dog,Unregistered,GORDON PARK
Animal,Attack,Attack On An Animal,WEST END
Animal,Dog,Unregistered,MORNINGSIDE
Animal,Dog,Unregistered,MOOROOKA
Animal,Dog,Park Patrol Reactive,GRACEVILLE
Animal,Dog,Park Patrol Reactive,GRACEVILLE
Animal,Attack,Not An Attack,OXLEY
Animal,Dog,Fencing Issues,GEEBUNG
Animal,Other Animal,Deer,BROOKFIELD
Animal,Dog,Unregistered,NEW FARM
Animal,Attack,Attack On An Animal,NUNDAH
Animal,Cat,,WOOLOOWIN
Animal,Dog,Unregistered,ACACIA RIDGE
Animal,Dog,Unregistered,STAFFORD HEIGHTS
Animal,Dog,Wandering,CAMP HILL
Animal,Other Animal,Nuisance Animal,OXLEY
Animal,Attack,Attack On An Animal,ASCOT
Animal,Dog,Wandering,WEST END
Animal,Dog,Wandering,WEST END
Animal,Dog,Park Patrol Reactive,SUNNYBANK HILLS
Animal,Attack,,MANSFIELD
Animal,Dog,Wandering,HEMMANT
Animal,Other Animal,Too Many Animals,MANLY
Animal,Attack,Attack On A Person,TAIGUM
Animal,Dog,Fencing Issues,ALBION
Animal,Attack,Menacing,INALA
Animal,Dog,Unregistered,RIVERHILLS
Animal,Attack,Attack On A Person,DEAGON
Animal,Dog,Park Patrol Reactive,EVERTON PARK
Animal,Cat,Wandering,CARSELDINE
Animal,Other Animal,,ASCOT
Animal,Dog,Wandering,SEVENTEEN MILE ROCKS
Animal,Dog,Unregistered,ROCKLEA
Animal,Dog,Fencing Issues,ACACIA RIDGE
Animal,Attack,Attack On A Person,ELLEN GROVE
Animal,Dog,Fencing Issues,BRACKEN RIDGE
Animal,Dog,Wandering,CLAYFIELD
Animal,Attack,Not An Attack,NEW FARM
Animal,Dog,Fencing Issues,ZILLMERE
Animal,Dog,Wandering,CHERMSIDE
Animal,Other Animal,Pest / Feral Animal,DURACK
Animal,Dog,Unregistered,BARDON
Animal,Attack,Not An Attack,ZILLMERE
Animal,Other Animal,Nuisance Animal,MOOROOKA
Animal,Attack,,ACACIA RIDGE
Animal,Dog,Fencing Issues,ELLEN GROVE
Animal,Dog,Unregistered,INALA
Animal,Dog,Too Many Animals,INALA
Animal,Dog,Too Many Animals,INALA
Animal,Cat Trapping,,WEST END
Animal,Attack,Not An Attack,MOUNT GRAVATT EAST
Animal,Other Animal,Wild Dog,STRETTON
Animal,Dog,Wandering,CHERMSIDE
Animal,Attack,Menacing,DURACK
Animal,Dog,Wandering,GREENSLOPES
Animal,Dog,Unregistered,NUNDAH
Animal,Dog,Fencing Issues,INALA
Animal,Dog,Too Many Animals,INALA
Animal,Other Animal,Insufficient Space,TARINGA
Animal,Attack,Not An Attack,KEDRON
Animal,Other Animal,Rabbit,GUMDALE
Animal,Dog,Wandering,WINDSOR
Animal,Dog,Unregistered,INALA
Animal,Other Animal,Nuisance Animal,CARINA HEIGHTS
Animal,Attack,Menacing,BRIDGEMAN DOWNS
Animal,Attack,Attack On An Animal,BRIDGEMAN DOWNS
Animal,Attack,Attack On An Animal,BRIDGEMAN DOWNS
Animal,Attack,Attack On An Animal,BRIDGEMAN DOWNS
Animal,Other Animal,,MORNINGSIDE
Animal,Dog,Defecating In Public,EIGHT MILE PLAINS
Animal,Other Animal,Deer,MOUNT OMMANEY
Animal,Dog,Unregistered,LUTWYCHE
Animal,Attack,Attack On An Animal,ALGESTER
Animal,Dog,Park Patrol Reactive,INDOOROOPILLY
Animal,Dog,Wandering,CHERMSIDE
Animal,Other Animal,Fox,KENMORE
Animal,Attack,,GREENSLOPES
Animal,Attack,Not An Attack,SOUTH BRISBANE
Animal,Dog,Fencing Issues,NEW FARM
Animal,Dog,Unregistered,SUNNYBANK HILLS
Animal,Cat,Wandering,WAVELL HEIGHTS
Animal,Dog,Fencing Issues,BULIMBA
Animal,Attack,Attack On An Animal,BROOKFIELD
Animal,Dog,Wandering,MOUNT COOT-THA
Animal,Dog,Unregistered,BALD HILLS
Animal,Attack,Not An Attack,WACOL
Animal,Attack,,MOUNT GRAVATT EAST
Animal,Other Animal,Fox,FIG TREE POCKET
Animal,Cat,Wandering,BELMONT
Animal,Other Animal,Fox,CARINA
Animal,Other Animal,Fox,NEWMARKET
Animal,Other Animal,Fox,SEVEN HILLS
Animal,Dog,Wandering,TARRAGINDI
Animal,Attack,,STAFFORD
Animal,Dog,Wandering,MANSFIELD
Animal,Dog,Wandering,CARINDALE
Animal,Attack,,ZILLMERE
Animal,Cat,Wandering,KEPERRA
Animal,Other Animal,Nuisance Animal,OXLEY
Animal,Dog,Defecating In Public,CARINDALE
Animal,Attack,Attack On An Animal,NORMAN PARK
Animal,Dog,Unregistered,RED HILL
Animal,Attack,,WYNNUM
Animal,Attack,Attack On An Animal,COORPAROO
Animal,Dog,Fencing Issues,EVERTON PARK
Animal,Dog,Fencing Issues,MANLY WEST
Animal,Other Animal,Wild Dog,MOUNT COOT-THA
Animal,Dog,Unregistered,HOLLAND PARK WEST
Animal,Dog,Wandering,CHERMSIDE
Animal,Other Animal,Fox,CANNON HILL
Animal,Cat Trapping,,SUNNYBANK HILLS
Animal,Dog,Unregistered,OXLEY
Animal,Attack,,MOUNT GRAVATT EAST
Animal,Other Animal,Deer,PULLENVALE
Animal,Dog,Wandering,BROOKFIELD
Animal,Dog,Wandering,UPPER KEDRON
Animal,Dog,Unregistered,TARRAGINDI
Animal,Dog,Wandering,MITCHELTON
Animal,Attack,Attack On An Animal,WEST END
Animal,Attack,Not An Attack,STAFFORD HEIGHTS
Animal,Dog,Unregistered,RUNCORN
Animal,Other Animal,Wandering,UPPER KEDRON
Animal,Dog,Wandering,UPPER MOUNT GRAVATT
Animal,Dog,,BULIMBA
Animal,Dog,Fencing Issues,FOREST LAKE
Animal,Dog,Wandering,KARANA DOWNS
Animal,Dog,Odour,WYNNUM WEST
Animal,Attack,,CARINA HEIGHTS
Animal,Cat,Wandering,BRIGHTON
Animal,Dog,Unregistered,CARINA
Animal,Dog,Unregistered,EVERTON PARK
Animal,Attack,Not An Attack,KEDRON
Animal,Dog,Fencing Issues,WOOLOOWIN
Animal,Other Animal,Deer,PULLENVALE
Animal,Dog,Wandering,KANGAROO POINT
Animal,Other Animal,Fox,KURABY
Animal,Cat Trapping,,FERNY GROVE
Animal,Attack,Menacing,CARINA HEIGHTS
Animal,Attack,Attack On An Animal,SHORNCLIFFE
Animal,Dog,Unregistered,ROCKLEA
Animal,Dog,Wandering,MOUNT COOT-THA
Animal,Dog,Unregistered,ROCKLEA
Animal,Dog,Unregistered,ROCKLEA
Animal,Other Animal,Fox,NEWMARKET
Animal,Cat Trapping,,TARRAGINDI
Animal,Dog,Park Patrol Reactive,DUTTON PARK
Animal,Dog,Wandering,LOTA
Animal,Dog,Wandering,HERSTON
Animal,Attack,,EVERTON PARK
Animal,Other Animal,Deer,MOGGILL
Animal,Dog,Unregistered,THE GAP
Animal,Attack,,ASPLEY
Animal,Dog,Unregistered,MORNINGSIDE
Animal,Dog,Wandering,CHERMSIDE
Animal,Other Animal,Nuisance Animal,MOOROOKA
Animal,Other Animal,Fox,FERNY GROVE
Animal,Dog,Wandering,THE GAP
Animal,Attack,,ROCKLEA
Animal,Dog,Wandering,CHERMSIDE
Animal,Dog,Park Patrol Reactive,MOUNT GRAVATT EAST
Animal,Cat,,DOOLANDELLA
Animal,Attack,Attack On A Person,CARINDALE
Animal,Attack,,BRIDGEMAN DOWNS
Animal,Cat,Wandering,OXLEY
Animal,Dog,Wandering,FOREST LAKE
Animal,Cat Trapping,,MITCHELTON
Animal,Other Animal,Nuisance Animal,INALA
Animal,Dog,Park Patrol Reactive,RICHLANDS
Animal,Other Animal,Fox,MOGGILL
Animal,Dog,Fencing Issues,WILSTON
Animal,Attack,Attack On A Person,NEW FARM
Animal,Cat,Wandering,MITCHELTON
Animal,Attack,,SUNNYBANK HILLS
Animal,Other Animal,Fox,MURARRIE
Animal,Dog,Park Patrol Reactive,MOUNT GRAVATT EAST
Animal,Attack,Attack On A Person,UPPER MOUNT GRAVATT
Animal,Dog,Fencing Issues,COORPAROO
Animal,Dog,Unregistered,WYNNUM
Animal,Dog,Wandering,ANNERLEY
Animal,Attack,Not An Attack,DOOLANDELLA
Animal,Dog,Defecating In Public,STRETTON
Animal,Attack,,LOTA
Animal,Dog,Wandering,HAMILTON
Animal,Attack,Attack On An Animal,RUNCORN
Animal,Other Animal,Nuisance Animal,HENDRA
Animal,Dog,Park Patrol Reactive,KANGAROO POINT
Animal,Cat,Wandering,PARKINSON
Animal,Dog,Unregistered,PADDINGTON
Animal,Dog,Unregistered,TARRAGINDI
Animal,Other Animal,Nuisance Animal,BRACKEN RIDGE
Animal,Attack,,EIGHT MILE PLAINS
Animal,Dog,Park Patrol Reactive,BROOKFIELD
Animal,Dog,Unregistered,MURARRIE
Animal,Dog,Unregistered,MURARRIE
Animal,Attack,,DUTTON PARK
Animal,Other Animal,Nuisance Animal,TARINGA
Animal,Other Animal,Fox,CHANDLER
Animal,Cat,,STAFFORD HEIGHTS
Animal,Dog,Unregistered,WYNNUM WEST
Animal,Dog,Unregistered,TINGALPA
Animal,Attack,Not An Attack,KEPERRA
Animal,Attack,Attack On An Animal,CARSELDINE
Animal,Other Animal,Nuisance Animal,SUNNYBANK
Animal,Attack,Not An Attack,WEST END
Animal,Other Animal,Rabbit,GUMDALE
Animal,Dog,Wandering,KANGAROO POINT
Animal,Dog,Unregistered,GREENSLOPES
Animal,Attack,Menacing,INALA
Animal,Dog,Unregistered,KALINGA
Animal,Cat,Wandering,CLAYFIELD
Animal,Attack,Not An Attack,ROCKLEA
Animal,Attack,,ZILLMERE
Animal,Dog,Wandering,BULIMBA
Animal,Dog,Wandering,MILTON
Animal,Dog,Park Patrol Reactive,CANNON HILL
Animal,Dog,Unregistered,ALGESTER
Animal,Dog,Unregistered,ASPLEY
Animal,Attack,Attack On A Person,MOUNT OMMANEY
Animal,Other Animal,Nuisance Animal,MANLY
Animal,Dog,Defecating In Public,MORNINGSIDE
Animal,Attack,Attack On An Animal,NUDGEE BEACH
Animal,Dog,Unregistered,HOLLAND PARK WEST
Animal,Attack,,PALLARA
Animal,Dog,Park Patrol Reactive,HOLLAND PARK
Animal,Cat Trapping,,NUDGEE
Animal,Dog,Unregistered,HAWTHORNE
Animal,Dog,Unregistered,BALMORAL
Animal,Cat,Wandering,CORINDA
Animal,Attack,Menacing,FOREST LAKE
Animal,Dog,Wandering,HEMMANT
Animal,Attack,Not An Attack,SANDGATE
Animal,Cat,,MANLY
Animal,Dog,Fencing Issues,STAFFORD
Animal,Dog,Wandering,ZILLMERE
Animal,Attack,Attack On An Animal,ACACIA RIDGE
Animal,Dog,Unregistered,INDOOROOPILLY
Animal,Dog,Unregistered,ZILLMERE
Animal,Attack,,COORPAROO
Animal,Dog,Unregistered,JINDALEE
Animal,Other Animal,Fox,MOUNT GRAVATT EAST
Animal,Dog,Wandering,ALDERLEY
Animal,Attack,Attack On A Person,RIVERHILLS
Animal,Dog,Unregistered,PARKINSON
Animal,Dog,Wandering,HAWTHORNE
Animal,Attack,,WINDSOR
Animal,Dog,Fencing Issues,ASPLEY
Animal,Other Animal,Nuisance Animal,TOOWONG
Animal,Cat Trapping,,WEST END
Animal,Attack,Menacing,FIG TREE POCKET
Animal,Other Animal,Rabbit,CHANDLER
Animal,Cat Trapping,,TARRAGINDI
Animal,Dog,Unregistered,MITCHELTON
Animal,Dog,Unregistered,CLAYFIELD
Animal,Other Animal,Nuisance Animal,INALA
Animal,Cat,Wandering,BRACKEN RIDGE
Animal,Attack,,RED HILL
Animal,Attack,Attack On An Animal,CHAPEL HILL
Animal,Attack,Attack On An Animal,ENOGGERA
Animal,Cat Trapping,,FOREST LAKE
Animal,Dog,Park Patrol Reactive,NEWMARKET
Animal,Attack,Not An Attack,COORPAROO
Animal,Attack,,FOREST LAKE
Animal,Dog,Unregistered,VIRGINIA
Animal,Dog,Unregistered,CARINA
Animal,Attack,Attack On A Person,STAFFORD
Animal,Dog,Unregistered,CARINA HEIGHTS
Animal,Other Animal,Feral Pig,DOOLANDELLA
Animal,Dog,Unregistered,BRIGHTON
Animal,Cat,,ANNERLEY
Animal,Dog,Unregistered,MITCHELTON
Animal,Dog,Unregistered,YERONGA
Animal,Dog,Unregistered,MANSFIELD
Animal,Attack,,BULIMBA
Animal,Attack,Not An Attack,HOLLAND PARK
Animal,Dog,Unregistered,CHAPEL HILL
Animal,Cat Trapping,,DARRA
Animal,Dog,Wandering,SHERWOOD
Animal,Dog,Fencing Issues,EAST BRISBANE
Animal,Dog,Wandering,
Animal,Dog,Wandering,CHERMSIDE
Animal,Dog,Wandering,GREENSLOPES
Animal,Dog,Wandering,CHERMSIDE
Animal,Attack,Attack On A Person,DURACK
Animal,Dog,Unregistered,RED HILL
Animal,Dog,Unregistered,STAFFORD
Animal,Dog,Wandering,SHERWOOD
Animal,Dog,Fencing Issues,NUDGEE
Animal,Dog,Fencing Issues,HOLLAND PARK WEST
Animal,Attack,Attack On A Person,DOOLANDELLA
Animal,Cat Trapping,,BANYO
Animal,Dog,Unregistered,SUNNYBANK HILLS
Animal,Other Animal,Deer,WESTLAKE
Animal,Attack,Attack On A Person,KELVIN GROVE
Animal,Dog,Unregistered,ASCOT
Animal,Dog,Wandering,HEMMANT
Animal,Dog,Unregistered,ROCKLEA
Animal,Dog,Wandering,KEDRON
Animal,Other Animal,Fencing Issues,TARRAGINDI
Animal,Dog,Wandering,CAMP HILL
Animal,Dog,Unregistered,EAST BRISBANE
Animal,Cat,Wandering,KEPERRA
Animal,Attack,Attack On A Person,UPPER KEDRON
Animal,Dog,Unregistered,CARINA
Animal,Dog,Unregistered,RUNCORN
Animal,Attack,Not An Attack,HOLLAND PARK
Animal,Other Animal,Nuisance Animal,FOREST LAKE
Animal,Attack,,CALAMVALE
Animal,Dog,Wandering,CHERMSIDE
Animal,Dog,Unregistered,FAIRFIELD
Animal,Other Animal,Nuisance Animal,HIGHGATE HILL
Animal,Attack,Menacing,GREENSLOPES
Animal,Cat,Wandering,KELVIN GROVE
Animal,Other Animal,Deer,PULLENVALE
Animal,Dog,Defecating In Public,PINJARRA HILLS
Animal,Other Animal,Nuisance Animal,ENOGGERA
Animal,Cat Trapping,,WAVELL HEIGHTS
Animal,Attack,,INDOOROOPILLY
Animal,Cat Trapping,,GEEBUNG
Animal,Dog,Wandering,KEDRON
Animal,Dog,Fencing Issues,CORINDA
Animal,Dog,Unregistered,MORNINGSIDE
Animal,Attack,,NUDGEE BEACH
Animal,Dog,Wandering,CHERMSIDE
Animal,Dog,Unregistered,PALLARA
Animal,Cat Trapping,,ASPLEY
Animal,Dog,Wandering,TINGALPA
Animal,Attack,,PALLARA
Animal,Attack,Not An Attack,NEW FARM
Animal,Cat Trapping,,SUNNYBANK
Animal,Dog,Unregistered,FITZGIBBON
Animal,Dog,Unregistered,WINDSOR
Animal,Dog,Wandering,KANGAROO POINT
Animal,Other Animal,Nuisance Animal,ASHGROVE
Animal,Attack,Attack On A Person,FOREST LAKE
Animal,Dog,,ASPLEY
Animal,Dog,Park Patrol Reactive,CHERMSIDE
Animal,Cat,Wandering,PARKINSON
Animal,Dog,Unregistered,INALA
Animal,Attack,Attack On An Animal,TARRAGINDI
Animal,Attack,Not An Attack,STAFFORD
Animal,Other Animal,Fox,BULIMBA
Animal,Cat Trapping,,WINDSOR
Animal,Cat Trapping,,MANLY
Animal,Other Animal,Fox,UPPER BROOKFIELD
Animal,Dog,Unregistered,STRETTON
Animal,Dog,Park Patrol Reactive,INDOOROOPILLY
Animal,Attack,,MOOROOKA
Animal,Dog,Wandering,MILTON
Animal,Dog,Wandering,MOUNT COOT-THA
Animal,Dog,Unregistered,WAVELL HEIGHTS
Animal,Cat Trapping,,FOREST LAKE
Animal,Attack,Attack On A Person,STAFFORD HEIGHTS
Animal,Dog,Wandering,HIGHGATE HILL
Animal,Dog,Unregistered,GEEBUNG
Animal,Dog,Park Patrol Reactive,MILTON
Animal,Other Animal,Nuisance Animal,YEERONGPILLY
Animal,Other Animal,Odour,BRACKEN RIDGE
Animal,Cat,Wandering,JINDALEE
Animal,Dog,Wandering,HAWTHORNE
Animal,Dog,Wandering,GEEBUNG
Animal,Dog,Unregistered,TINGALPA
Animal,Dog,Unregistered,FORTITUDE VALLEY
Animal,Dog,Unregistered,LUTWYCHE
Animal,Dog,Unregistered,CARINA HEIGHTS
Animal,Cat Trapping,,WAVELL HEIGHTS
Animal,Other Animal,Fox,HOLLAND PARK
Animal,Attack,Not An Attack,BOONDALL
Animal,Dog,Wandering,NEWSTEAD
Animal,Dog,Wandering,WYNNUM
Animal,Dog,Wandering,NEWSTEAD
Animal,Dog,Unregistered,EVERTON PARK
Animal,Dog,Unregistered,ROCKLEA
Animal,Dog,Unregistered,PARKINSON
Animal,Dog,Park Patrol Reactive,MITCHELTON
Animal,Attack,Attack On A Person,FITZGIBBON
Animal,Dog,,LOTA
Animal,Attack,Attack On An Animal,TAIGUM
Animal,Attack,Attack On A Person,MOUNT GRAVATT EAST
Animal,Attack,Attack On An Animal,CARSELDINE
Animal,Other Animal,Nuisance Animal,CALAMVALE
Animal,Other Animal,Nuisance Animal,EVERTON PARK
Animal,Cat,,ASHGROVE
Animal,Dog,Unregistered,GORDON PARK
Animal,Dog,Park Patrol Reactive,CHERMSIDE
Animal,Dog,Unregistered,KEDRON
Animal,Cat Trapping,,MORNINGSIDE
Animal,Dog,Park Patrol Reactive,ASPLEY
Animal,Attack,,STAFFORD HEIGHTS
Animal,Dog,Unregistered,DURACK
Animal,Other Animal,Nuisance Animal,MOOROOKA
Animal,Attack,,BALD HILLS
Animal,Attack,,GAYTHORNE
Animal,Attack,Attack On An Animal,EVERTON PARK
Animal,Dog,Wandering,CAMP HILL
Animal,Attack,Attack On An Animal,MANLY WEST
Animal,Attack,,STAFFORD
Animal,Dog,Unregistered,UPPER MOUNT GRAVATT
Animal,Cat,,CHERMSIDE
Animal,Dog,Unregistered,HERSTON
Animal,Dog,Wandering,KANGAROO POINT
Animal,Dog,,COORPAROO
Animal,Attack,,INDOOROOPILLY
Animal,Cat Trapping,,PETRIE TERRACE
Animal,Dog,Unregistered,MORNINGSIDE
Animal,Dog,Unregistered,STAFFORD
Animal,Dog,Unregistered,DEAGON
Animal,Dog,Wandering,BANYO
Animal,Dog,Too Many Animals,FOREST LAKE
Animal,Cat Trapping,,INALA
Animal,Attack,Not An Attack,THE GAP
Animal,Dog,Fencing Issues,STAFFORD HEIGHTS
Animal,Cat Trapping,,WYNNUM WEST
Animal,Dog,Unregistered,DREWVALE
Animal,Dog,Unregistered,PARKINSON
Animal,Cat Trapping,,INALA
Animal,Other Animal,Fox,ANSTEAD
Animal,Cat Trapping,,STONES CORNER
Animal,Dog,Unregistered,BALD HILLS
Animal,Cat,Wandering,RUNCORN
Animal,Dog,Unregistered,COORPAROO
Animal,Cat,Wandering,WISHART
Animal,Dog,Wandering,GEEBUNG
Animal,Dog,Defecating In Public,NUDGEE
Animal,Dog,Unregistered,JINDALEE
Animal,Dog,Unregistered,BRACKEN RIDGE
Animal,Attack,Menacing,NEWMARKET
Animal,Dog,Fencing Issues,CORINDA
Animal,Dog,Unregistered,NUNDAH
Animal,Other Animal,Nuisance Animal,MIDDLE PARK
Animal,Attack,Attack On An Animal,MORNINGSIDE
Animal,Other Animal,Nuisance Animal,THE GAP
Animal,Other Animal,Wild Dog,KURABY
Animal,Dog,Fencing Issues,UPPER MOUNT GRAVATT
Animal,Dog,Wandering,RICHLANDS
Animal,Dog,Unregistered,GREENSLOPES
Animal,Attack,Menacing,INALA
Animal,Dog,Unregistered,MOOROOKA
Animal,Attack,,PARKINSON
Animal,Other Animal,Deer,KENMORE HILLS
Animal,Other Animal,Nuisance Animal,UPPER MOUNT GRAVATT
Animal,Attack,Attack On A Person,ANNERLEY
Animal,Other Animal,Fox,UPPER MOUNT GRAVATT
Animal,Dog,Wandering,SALISBURY
Animal,Dog,Wandering,MANLY WEST
Animal,Other Animal,Fox,LOTA
Animal,Dog,Unregistered,NEW FARM
Animal,Other Animal,,RUNCORN
Animal,Other Animal,Nuisance Animal,ASPLEY
Animal,Attack,Attack On An Animal,CHERMSIDE WEST
Animal,Dog,Park Patrol Reactive,TAIGUM
Animal,Dog,Wandering,MOUNT COOT-THA
Animal,Dog,Wandering,CHERMSIDE
Animal,Other Animal,Deer,MOUNT OMMANEY
Animal,Dog,Wandering,MORNINGSIDE
Animal,Dog,Unregistered,CHERMSIDE WEST
Animal,Attack,Attack On An Animal,ASPLEY
Animal,Other Animal,Nuisance Animal,BULIMBA
Animal,Cat,Wandering,SEVEN HILLS
Animal,Dog,Unregistered,MANLY
Animal,Dog,Unregistered,KEDRON
Animal,Dog,Unregistered,WYNNUM WEST
Animal,Dog,Park Patrol Reactive,CAMP HILL
Animal,Attack,Dangerous,ACACIA RIDGE
Animal,Attack,,UPPER MOUNT GRAVATT
Animal,Attack,,MIDDLE PARK
Animal,Dog,Unregistered,AUCHENFLOWER
Animal,Dog,Wandering,NUDGEE
Animal,Attack,Not An Attack,ROBERTSON
Animal,Dog,Wandering,KALINGA
Animal,Other Animal,Fox,SALISBURY
Animal,Other Animal,Wandering,UPPER KEDRON
Animal,Dog,Unregistered,FOREST LAKE
Animal,Dog,Unregistered,CARINA
Animal,Attack,,BRACKEN RIDGE
Animal,Dog,Wandering,GREENSLOPES
Animal,Dog,Fencing Issues,ANNERLEY
Animal,Attack,Attack On An Animal,FERNY GROVE
Animal,Dog,Unregistered,MITCHELTON
Animal,Dog,Unregistered,KURABY
Animal,Dog,Fencing Issues,KURABY
Animal,Cat,Wandering,ANNERLEY
Animal,Dog,Fencing Issues,CARINA
Animal,Dog,Fencing Issues,CARINA
Animal,Dog,Wandering,CHERMSIDE
Animal,Attack,Not An Attack,BOONDALL
Animal,Dog,Park Patrol Reactive,NUDGEE
Animal,Cat,,ZILLMERE
Animal,Cat,,GEEBUNG
