Category: Nature,Category: Type,Category: Reporting Level,Location: Suburb
Animal,Other Animal,Odour,INALA
Animal,Other Animal,Insufficient Space,GORDON PARK
Animal,Cat Trapping,,CAMP HILL
Animal,Dog,Fencing Issues,ALGESTER
Animal,Dog,Wandering,KEPERRA
Animal,Dog,Wandering,WOOLLOONGABBA
Animal,Attack,Attack On A Person,BRIGHTON
Animal,Other Animal,Deer,KENMORE HILLS
Animal,Dog,Odour,MITCHELTON
Animal,Dog,Wandering,BRISBANE CITY
Animal,Dog,Wandering,HAWTHORNE
Animal,Dog,Unregistered,NORMAN PARK
Animal,Other Animal,Odour,BALD HILLS
Animal,Cat Trapping,,WOOLOOWIN
Animal,Dog,,GREENSLOPES
Animal,Cat Trapping,,EIGHT MILE PLAINS
Animal,Attack,Menacing,WAVELL HEIGHTS
Animal,Cat,Wandering,FERNY GROVE
Animal,Attack,Attack On An Animal,MOUNT GRAVATT EAST
Animal,Attack,Attack On A Person,CHERMSIDE
Animal,Attack,Attack On A Person,FOREST LAKE
Animal,Attack,Attack On A Person,CALAMVALE
Animal,Attack,Attack On An Animal,THE GAP
Animal,Dog,Wandering,AUCHENFLOWER
Animal,Dog,Wandering,KEPERRA
Animal,Other Animal,Fox,MOGGILL
Animal,Other Animal,Fox,TARRAGINDI
Animal,Dog,Too Many Animals,ROCHEDALE
Animal,Dog,Wandering,BALD HILLS
Animal,Other Animal,Deer,ROCKLEA
Animal,Cat Trapping,,BRIDGEMAN DOWNS
Animal,Other Animal,Wandering,DARRA
Animal,Dog,Too Many Animals,TARRAGINDI
Animal,Dog,Too Many Animals,TARRAGINDI
Animal,Dog,Too Many Animals,TARRAGINDI
Animal,Dog,Too Many Animals,TARRAGINDI
Animal,Dog,Wandering,STAFFORD
Animal,Other Animal,Fox,BOONDALL
Animal,Cat Trapping,,MANLY
Animal,Other Animal,Nuisance Animal,DUTTON PARK
Animal,Dog,Wandering,CANNON HILL
Animal,Dog,Unregistered,DURACK
Animal,Dog,Wandering,BRIDGEMAN DOWNS
Animal,Dog,Wandering,CHERMSIDE
Animal,Dog,Wandering,MCDOWALL
Animal,Dog,Unregistered,CARINA
Animal,Other Animal,Fox,BOONDALL
Animal,Attack,Attack On An Animal,MANLY
Animal,Attack,Attack On A Person,UPPER MOUNT GRAVATT
Animal,Dog,Odour,MOUNT GRAVATT EAST
Animal,Other Animal,Fox,NATHAN
Animal,Dog,Too Many Animals,MOOROOKA
Animal,Attack,Attack On A Person,INALA
Animal,Dog,Wandering,EVERTON PARK
Animal,Dog,Fencing Issues,UPPER KEDRON
Animal,Cat Trapping,,CLAYFIELD
Animal,Dog,Unregistered,EVERTON PARK
Animal,Cat Trapping,,CARINDALE
Animal,Dog,Fencing Issues,MANSFIELD
Animal,Attack,Not An Attack,UPPER MOUNT GRAVATT
Animal,Attack,Attack On A Person,STAFFORD HEIGHTS
Animal,Cat Trapping,,FOREST LAKE
Animal,Cat,Wandering,HOLLAND PARK WEST
Animal,Other Animal,Unregistered,ACACIA RIDGE
Animal,Attack,Attack On An Animal,INALA
Animal,Attack,Attack On A Person,VIRGINIA
Animal,Other Animal,Pest / Feral Animal,MITCHELTON
Animal,Dog,Too Many Animals,LUTWYCHE
Animal,Attack,Menacing,NUNDAH
Animal,Dog,Odour,UPPER KEDRON
Animal,Other Animal,Fox,SEVENTEEN MILE ROCKS
Animal,Cat,Wandering,STAFFORD
Animal,Dog,Wandering,BELMONT
Animal,Dog,Defecating In Public,CARINA
Animal,Attack,Not An Attack,FITZGIBBON
Animal,Attack,Attack On An Animal,MANLY WEST
Animal,Attack,Attack On An Animal,CARINA
Animal,Dog,Defecating In Public,NEWMARKET
Animal,Cat Trapping,,UPPER BROOKFIELD
Animal,Cat Trapping,,MITCHELTON
Animal,Dog,Fencing Issues,MURARRIE
Animal,Other Animal,Fox,CHANDLER
Animal,Dog,Wandering,MCDOWALL
Animal,Cat,Wandering,FITZGIBBON
Animal,Dog,Defecating In Public,NEWMARKET
Animal,Dog,Fencing Issues,INALA
Animal,Attack,Not An Attack,SUNNYBANK HILLS
Animal,Cat Trapping,,SUNNYBANK
Animal,Attack,Attack On An Animal,INALA
Animal,Attack,Attack On An Animal,BULIMBA
Animal,Dog,Too Many Animals,RUNCORN
Animal,Other Animal,Fox,SEVEN HILLS
Animal,Dog,Too Many Animals,CARINA
Animal,Dog,Fencing Issues,PINKENBA
Animal,Attack,Attack On A Person,SUNNYBANK HILLS
Animal,Cat,Wandering,STAFFORD HEIGHTS
Animal,Dog,Fencing Issues,MOUNT GRAVATT
Animal,Attack,Not An Attack,KEPERRA
Animal,Attack,Attack On An Animal,ELLEN GROVE
Animal,Dog,Wandering,ZILLMERE
Animal,Dog,Wandering,BELMONT
Animal,Dog,Wandering,KANGAROO POINT
Animal,Dog,Wandering,GREENSLOPES
Animal,Other Animal,Fox,CHANDLER
Animal,Other Animal,Wild Dog,MOGGILL
Animal,Attack,Not An Attack,FIG TREE POCKET
Animal,Attack,Attack On An Animal,WAVELL HEIGHTS
Animal,Dog,Fencing Issues,GAYTHORNE
Animal,Dog,Fencing Issues,GAYTHORNE
Animal,Attack,Attack On A Person,MITCHELTON
Animal,Dog,Wandering,PULLENVALE
Animal,Dog,Too Many Animals,SUNNYBANK
Animal,Attack,Attack On A Person,COORPAROO
Animal,Other Animal,Nuisance Animal,PULLENVALE
Animal,Dog,Wandering,CAMP HILL
Animal,Dog,Odour,BARDON
Animal,Other Animal,Fox,BURBANK
Animal,Attack,Attack On A Person,KEPERRA
Animal,Other Animal,Nuisance Animal,EIGHT MILE PLAINS
Animal,Attack,Attack On An Animal,RUNCORN
Animal,Attack,Attack On A Person,CARINA HEIGHTS
Animal,Other Animal,Nuisance Animal,INALA
Animal,Dog,Odour,WAVELL HEIGHTS
Animal,Dog,Wandering,STAFFORD HEIGHTS
Animal,Other Animal,Nuisance Animal,STRETTON
Animal,Dog,Unregistered,
Animal,Other Animal,Fox,HOLLAND PARK WEST
Animal,Attack,Attack On An Animal,INALA
Animal,Dog,Unregistered,MOOROOKA
Animal,Dog,Wandering,SALISBURY
Animal,Dog,Fencing Issues,BRACKEN RIDGE
Animal,Cat Trapping,,MANLY WEST
Animal,Attack,Attack On An Animal,MANLY WEST
Animal,Attack,Attack On An Animal,INALA
Animal,Dog,Unregistered,
Animal,Dog,Unregistered,
Animal,Other Animal,Fencing Issues,CARINA HEIGHTS
Animal,Dog,Wandering,VIRGINIA
Animal,Other Animal,Deer,PULLENVALE
Animal,Other Animal,Nuisance Animal,KEPERRA
Animal,Dog,Fencing Issues,INDOOROOPILLY
Animal,Attack,Attack On An Animal,EVERTON PARK
Animal,Cat Trapping,,MANLY
Animal,Dog,Fencing Issues,ANSTEAD
Animal,Dog,Wandering,MOUNT COOT-THA
Animal,Dog,Fencing Issues,CARINA HEIGHTS
Animal,Other Animal,Wild Dog,KHOLO
Animal,Attack,Not An Attack,ZILLMERE
Animal,Dog,Unregistered,
Animal,Attack,Attack On A Person,NUNDAH
Animal,Attack,Menacing,BRACKEN RIDGE
Animal,Cat Trapping,,ROBERTSON
Animal,Dog,Fencing Issues,EVERTON PARK
Animal,Dog,Unregistered,BOONDALL
Animal,Dog,Wandering,MOUNT COOT-THA
Animal,Cat,Wandering,STAFFORD HEIGHTS
Animal,Dog,Defecating In Public,NEWMARKET
Animal,Dog,Defecating In Public,NEWMARKET
Animal,Dog,Wandering,NEWMARKET
Animal,Dog,Defecating In Public,NUNDAH
Animal,Attack,Attack On A Person,CARINDALE
Animal,Cat,Wandering,ROCHEDALE
Animal,Dog,Odour,MORNINGSIDE
Animal,Dog,Fencing Issues,TARRAGINDI
Animal,Attack,Attack On An Animal,SEVENTEEN MILE ROCKS
Animal,Cat,Wandering,BRACKEN RIDGE
Animal,Dog,Defecating In Public,ENOGGERA
Animal,Attack,Not An Attack,SUNNYBANK HILLS
Animal,Other Animal,Nuisance Animal,SUNNYBANK HILLS
Animal,Other Animal,Fox,MORNINGSIDE
Animal,Cat Trapping,,WOOLLOONGABBA
Animal,Other Animal,Wild Dog,MOGGILL
Animal,Attack,Fencing Issues,KENMORE HILLS
Animal,Attack,Attack On An Animal,MACKENZIE
Animal,Attack,Attack On An Animal,MITCHELTON
Animal,Dog,Unregistered,
Animal,Dog,Fencing Issues,INALA
Animal,Cat Trapping,,MOUNT GRAVATT EAST
Animal,Attack,Attack On A Person,MOUNT GRAVATT EAST
Animal,Other Animal,Pest / Feral Animal,MOGGILL
Animal,Dog,Wandering,WYNNUM WEST
Animal,Other Animal,Nuisance Animal,BALD HILLS
Animal,Other Animal,Fox,CAMP HILL
Animal,Dog,Wandering,SANDGATE
Animal,Attack,Attack On A Person,TARRAGINDI
Animal,Other Animal,Deer,JINDALEE
Animal,Cat,Wandering,KEPERRA
Animal,Other Animal,Fox,SEVEN HILLS
Animal,Dog,Fencing Issues,STAFFORD
Animal,Dog,Wandering,BARDON
Animal,Attack,Attack On A Person,CHERMSIDE
Animal,Cat Trapping,,BRIDGEMAN DOWNS
Animal,Cat Trapping,,BRIDGEMAN DOWNS
Animal,Other Animal,Fox,STRETTON
Animal,Other Animal,Wild Dog,MOUNT COOT-THA
Animal,Attack,Attack On A Person,FERNY GROVE
Animal,Dog,Fencing Issues,FOREST LAKE
Animal,Attack,Attack On An Animal,SHERWOOD
Animal,Dog,Fencing Issues,NORTHGATE
Animal,Other Animal,Nuisance Animal,ROCKLEA
Animal,Other Animal,Nuisance Animal,EIGHT MILE PLAINS
Animal,Attack,Attack On An Animal,KELVIN GROVE
Animal,Cat,,BRISBANE CITY
Animal,Dog,Wandering,MCDOWALL
Animal,Cat Trapping,,DARRA
Animal,Cat,Wandering,DUTTON PARK
Animal,Dog,Fencing Issues,SUNNYBANK HILLS
Animal,Dog,Fencing Issues,INALA
Animal,Attack,Attack On A Person,MACGREGOR
Animal,Cat Trapping,,STAFFORD HEIGHTS
Animal,Dog,Wandering,WAVELL HEIGHTS
Animal,Cat Trapping,,BOWEN HILLS
Animal,Dog,Wandering,MILTON
Animal,Dog,Fencing Issues,SPRING HILL
Animal,Dog,Fencing Issues,SPRING HILL
Animal,Dog,Unregistered,FOREST LAKE
Animal,Other Animal,Nuisance Animal,INALA
Animal,Attack,Menacing,SUNNYBANK HILLS
Animal,Dog,Wandering,OXLEY
Animal,Dog,Fencing Issues,BALD HILLS
Animal,Other Animal,Fox,SEVEN HILLS
Animal,Other Animal,Insufficient Space,KEDRON
Animal,Attack,Attack On An Animal,FITZGIBBON
Animal,Dog,Wandering,HAMILTON
Animal,Dog,Wandering,ASCOT
Animal,Cat Trapping,,ALDERLEY
Animal,Other Animal,Insufficient Space,KELVIN GROVE
Animal,Other Animal,Fox,HEATHWOOD
Animal,Attack,Menacing,NORTHGATE
Animal,Other Animal,Fox,HEATHWOOD
Animal,Other Animal,Fox,HEATHWOOD
Animal,Dog,Wandering,BULIMBA
Animal,Dog,Fencing Issues,TARRAGINDI
Animal,Dog,Fencing Issues,NUNDAH
Animal,Attack,Menacing,MOUNT GRAVATT EAST
Animal,Other Animal,Fox,BRISBANE AIRPORT
Animal,Cat,Wandering,MOUNT OMMANEY
Animal,Cat,Wandering,AUCHENFLOWER
Animal,Dog,Fencing Issues,KEPERRA
Animal,Dog,Fencing Issues,TINGALPA
Animal,Attack,Attack On An Animal,WOOLLOONGABBA
Animal,Other Animal,Fox,ROCKLEA
Animal,Other Animal,Fox,BOONDALL
Animal,Other Animal,Nuisance Animal,GRACEVILLE
Animal,Cat,,WYNNUM
Animal,Attack,Not An Attack,HOLLAND PARK
Animal,Other Animal,Insufficient Space,PARKINSON
Animal,Attack,Attack On An Animal,HERSTON
Animal,Other Animal,Fox,ROCKLEA
Animal,Other Animal,Fox,WAVELL HEIGHTS
Animal,Other Animal,Deer,PULLENVALE
Animal,Attack,Attack On A Person,CALAMVALE
Animal,Attack,Not An Attack,FOREST LAKE
Animal,Attack,Attack On A Person,SUNNYBANK HILLS
Animal,Cat,Wandering,ST LUCIA
Animal,Dog,Unregistered,ACACIA RIDGE
Animal,Attack,Attack On An Animal,SOUTH BRISBANE
Animal,Attack,Not An Attack,SOUTH BRISBANE
Animal,Dog,Wandering,SOUTH BRISBANE
Animal,Other Animal,Deer,PULLENVALE
Animal,Dog,Wandering,WAKERLEY
Animal,Dog,Unregistered,
Animal,Cat Trapping,,ZILLMERE
Animal,Dog,Odour,DUTTON PARK
Animal,Dog,Wandering,RUNCORN
Animal,Dog,Fencing Issues,KENMORE
Animal,Cat,Wandering,CARINDALE
Animal,Attack,Attack On A Person,WYNNUM WEST
Animal,Attack,Attack On An Animal,CALAMVALE
Animal,Cat Trapping,,CAMP HILL
Animal,Cat,Wandering,ASHGROVE
Animal,Other Animal,Nuisance Animal,HIGHGATE HILL
Animal,Dog,Odour,CAMP HILL
Animal,Attack,Attack On A Person,STAFFORD HEIGHTS
Animal,Attack,Attack On A Person,ANNERLEY
Animal,Other Animal,Fox,MORNINGSIDE
Animal,Dog,Fencing Issues,FERNY GROVE
Animal,Dog,Unregistered,MCDOWALL
Animal,Attack,Menacing,TAIGUM
Animal,Cat Trapping,,WINDSOR
Animal,Dog,Wandering,GORDON PARK
Animal,Cat Trapping,,SUNNYBANK
Animal,Dog,Fencing Issues,INALA
Animal,Attack,Attack On An Animal,SEVENTEEN MILE ROCKS
Animal,Cat,Wandering,ACACIA RIDGE
Animal,Cat,Wandering,WYNNUM WEST
Animal,Dog,Wandering,MORNINGSIDE
Animal,Attack,Attack On An Animal,STAFFORD
Animal,Attack,Attack On An Animal,TARRAGINDI
Animal,Cat Trapping,,FOREST LAKE
Animal,Cat,Wandering,BELMONT
Animal,Dog,Wandering,CARSELDINE
Animal,Dog,Odour,OXLEY
Animal,Dog,Fencing Issues,CHELMER
Animal,Dog,Odour,INALA
Animal,Attack,Attack On A Person,NUNDAH
Animal,Dog,Fencing Issues,STAFFORD
Animal,Dog,Wandering,MANSFIELD
Animal,Dog,Fencing Issues,MANSFIELD
Animal,Attack,Attack On A Person,SPRING HILL
Animal,Dog,Wandering,CAMP HILL
Animal,Dog,Wandering,EVERTON PARK
Animal,Attack,Not An Attack,EAST BRISBANE
Animal,Attack,Attack On An Animal,TINGALPA
Animal,Dog,Unregistered,FOREST LAKE
Animal,Attack,Attack On A Person,MANLY
Animal,Attack,Attack On An Animal,SPRING HILL
Animal,Other Animal,Nuisance Animal,CARINA HEIGHTS
Animal,Other Animal,Nuisance Animal,ST LUCIA
Animal,Cat Trapping,,GEEBUNG
Animal,Other Animal,Nuisance Animal,EIGHT MILE PLAINS
Animal,Other Animal,Nuisance Animal,ALGESTER
Animal,Dog,Fencing Issues,ZILLMERE
Animal,Other Animal,Fox,WYNNUM
Animal,Attack,Attack On A Person,COORPAROO
Animal,Other Animal,Fox,WAKERLEY
Animal,Dog,Wandering,BULIMBA
Animal,Attack,Attack On An Animal,SALISBURY
Animal,Cat Trapping,,DOOLANDELLA
Animal,Other Animal,Deer,MOGGILL
Animal,Dog,Wandering,MANLY WEST
Animal,Other Animal,Nuisance Animal,SALISBURY
Animal,Dog,Wandering,CHERMSIDE WEST
Animal,Dog,Fencing Issues,INALA
Animal,Dog,Fencing Issues,INALA
Animal,Dog,Wandering,INALA
Animal,Other Animal,Fox,THE GAP
Animal,Other Animal,Fox,MOGGILL
Animal,Other Animal,Deer,MOGGILL
Animal,Other Animal,Insufficient Space,NORTHGATE
Animal,Cat Trapping,,MACGREGOR
Animal,Other Animal,Fox,WAVELL HEIGHTS
Animal,Attack,Attack On A Person,INALA
Animal,Dog,Wandering,HOLLAND PARK WEST
Animal,Cat,Wandering,PARKINSON
Animal,Dog,Fencing Issues,GREENSLOPES
Animal,Cat,Wandering,BARDON
Animal,Attack,Not An Attack,EIGHT MILE PLAINS
Animal,Attack,Not An Attack,EIGHT MILE PLAINS
Animal,Attack,Not An Attack,NUNDAH
Animal,Other Animal,Rabbit,EAGLE FARM
Animal,Attack,Attack On A Person,GREENSLOPES
Animal,Attack,Attack On A Person,KEDRON
Animal,Attack,Menacing,CARINDALE
Animal,Other Animal,Fencing Issues,ARCHERFIELD
Animal,Dog,Fencing Issues,INALA
Animal,Dog,Unregistered,WAVELL HEIGHTS
Animal,Dog,Unregistered,
Animal,Dog,Wandering,WEST END
Animal,Dog,Wandering,WEST END
Animal,Cat Trapping,,HEMMANT
Animal,Attack,Attack On An Animal,ASPLEY
Animal,Attack,Attack On A Person,INALA
Animal,Attack,Attack On A Person,HEATHWOOD
Animal,Attack,Attack On A Person,EAST BRISBANE
Animal,Attack,Attack On A Person,BRIGHTON
Animal,Attack,Attack On A Person,TINGALPA
Animal,Dog,Defecating In Public,MOOROOKA
Animal,Dog,Fencing Issues,MOUNT GRAVATT EAST
Animal,Cat,Wandering,NUDGEE
Animal,Attack,Attack On A Person,FERNY GROVE
Animal,Dog,Fencing Issues,CARINDALE
Animal,Other Animal,Too Many Animals,ACACIA RIDGE
Animal,Other Animal,Fox,CHANDLER
Animal,Dog,Unregistered,ASPLEY
Animal,Dog,Wandering,COORPAROO
Animal,Cat Trapping,,WACOL
Animal,Dog,Wandering,UPPER KEDRON
Animal,Attack,Attack On An Animal,ANSTEAD
Animal,Cat,Wandering,CLAYFIELD
Animal,Cat Trapping,,ENOGGERA
Animal,Dog,Wandering,HERSTON
Animal,Cat,Wandering,BRACKEN RIDGE
Animal,Attack,Menacing,CARSELDINE
Animal,Dog,Too Many Animals,ROCHEDALE
Animal,Dog,Too Many Animals,ROCHEDALE
Animal,Dog,Too Many Animals,ROCHEDALE
Animal,Cat,Wandering,SANDGATE
Animal,Attack,Attack On A Person,MOUNT GRAVATT EAST
Animal,Dog,Wandering,CHERMSIDE
Animal,Attack,Attack On A Person,SALISBURY
Animal,Cat,Wandering,FOREST LAKE
Animal,Cat,Wandering,FOREST LAKE
Animal,Dog,Wandering,MCDOWALL
Animal,Attack,Attack On An Animal,SANDGATE
Animal,Cat Trapping,,CHAPEL HILL
Animal,Attack,Attack On A Person,MOGGILL
Animal,Attack,Not An Attack,COOPERS PLAINS
Animal,Cat Trapping,,WYNNUM
Animal,Dog,Wandering,WYNNUM WEST
Animal,Dog,Unregistered,BRIGHTON
Animal,Other Animal,Fox,BOONDALL
Animal,Dog,Wandering,SUNNYBANK HILLS
Animal,Attack,Attack On An Animal,SUNNYBANK HILLS
Animal,Dog,Wandering,HOLLAND PARK WEST
Animal,Other Animal,Fox,CHANDLER
Animal,Dog,Wandering,SUNNYBANK
Animal,Dog,Fencing Issues,DARRA
Animal,Other Animal,Fox,UPPER BROOKFIELD
Animal,Other Animal,Fox,UPPER BROOKFIELD
Animal,Dog,Wandering,BOONDALL
Animal,Other Animal,Fox,BOONDALL
Animal,Attack,Not An Attack,PADDINGTON
Animal,Dog,Wandering,DOOLANDELLA
Animal,Dog,Wandering,WYNNUM
Animal,Attack,Attack On A Person,NORTHGATE
Animal,Dog,Wandering,KALINGA
Animal,Dog,Fencing Issues,CANNON HILL
Animal,Attack,Menacing,ALDERLEY
Animal,Dog,Fencing Issues,KENMORE
Animal,Attack,Not An Attack,BALMORAL
Animal,Attack,Attack On A Person,SUNNYBANK HILLS
Animal,Dog,Defecating In Public,FOREST LAKE
Animal,Dog,Unregistered,ASCOT
Animal,Cat Trapping,,ENOGGERA
Animal,Dog,Unregistered,BANYO
Animal,Attack,Attack On An Animal,SINNAMON PARK
Animal,Cat Trapping,,INALA
Animal,Attack,Not An Attack,WYNNUM WEST
Animal,Attack,Attack On A Person,STONES CORNER
Animal,Attack,Attack On A Person,YERONGA
Animal,Dog,Too Many Animals,WYNNUM WEST
Animal,Dog,Wandering,KELVIN GROVE
Animal,Dog,,PARKINSON
Animal,Dog,Wandering,CHERMSIDE
Animal,Cat Trapping,,ASCOT
Animal,Dog,Fencing Issues,CARINDALE
Animal,Dog,Unregistered,NUNDAH
Animal,Other Animal,Fox,MANLY
Animal,Dog,Wandering,CHERMSIDE
Animal,Dog,Wandering,BRIGHTON
Animal,Attack,Attack On A Person,ROCHEDALE
Animal,Dog,Wandering,YERONGA
Animal,Dog,Fencing Issues,HOLLAND PARK
Animal,Cat,Wandering,FOREST LAKE
Animal,Attack,Attack On An Animal,BOONDALL
Animal,Dog,Unregistered,TINGALPA
Animal,Attack,Attack On An Animal,HENDRA
Animal,Cat Trapping,,SUNNYBANK
Animal,Dog,Wandering,KENMORE
Animal,Dog,Defecating In Public,HAWTHORNE
Animal,Dog,Wandering,MOUNT COOT-THA
Animal,Cat Trapping,,UPPER MOUNT GRAVATT
Animal,Dog,Fencing Issues,MANLY
Animal,Other Animal,Odour,DEAGON
Animal,Dog,Wandering,YERONGA
Animal,Cat Trapping,,WYNNUM
Animal,Dog,Wandering,CARINDALE
Animal,Cat Trapping,,TARINGA
Animal,Dog,Fencing Issues,CARSELDINE
Animal,Attack,Attack On An Animal,NORMAN PARK
Animal,Attack,Attack On A Person,MORNINGSIDE
Animal,Other Animal,Nuisance Animal,INDOOROOPILLY
Animal,Dog,Wandering,RUNCORN
Animal,Attack,Attack On A Person,BULIMBA
Animal,Attack,Attack On An Animal,HOLLAND PARK WEST
Animal,Other Animal,Fox,MANLY
Animal,Cat Trapping,,STRETTON
Animal,Dog,Defecating In Public,HOLLAND PARK
Animal,Dog,Wandering,BARDON
Animal,Other Animal,Fox,INDOOROOPILLY
Animal,Cat Trapping,,ROCKLEA
Animal,Dog,Fencing Issues,MOUNT GRAVATT EAST
Animal,Dog,Odour,YERONGA
Animal,Cat,Wandering,MIDDLE PARK
Animal,Other Animal,Unregistered,MANSFIELD
Animal,Dog,Wandering,INALA
Animal,Attack,Attack On A Person,TARRAGINDI
Animal,Cat Trapping,,DARRA
Animal,Other Animal,Odour,BELMONT
Animal,Attack,Attack On An Animal,EVERTON PARK
Animal,Dog,Fencing Issues,ELLEN GROVE
Animal,Dog,Wandering,
Animal,Attack,Attack On A Person,WYNNUM WEST
Animal,Dog,Too Many Animals,SHORNCLIFFE
Animal,Dog,Wandering,NEW FARM
Animal,Dog,Too Many Animals,STAFFORD HEIGHTS
Animal,Attack,Attack On A Person,STRETTON
Animal,Attack,Attack On An Animal,EAST BRISBANE
Animal,Dog,Wandering,NATHAN
Animal,Dog,Defecating In Public,KALINGA
Animal,Dog,Too Many Animals,BRIGHTON
Animal,Attack,Attack On An Animal,ASHGROVE
Animal,Attack,Attack On An Animal,ASHGROVE
Animal,Cat Trapping,,BALD HILLS
Animal,Attack,Attack On An Animal,ROCKLEA
Animal,Attack,Attack On An Animal,MOGGILL
Animal,Other Animal,Fox,PULLENVALE
Animal,Dog,Unregistered,DARRA
Animal,Cat Trapping,,MANLY
Animal,Cat,Wandering,ANNERLEY
Animal,Dog,Wandering,CHERMSIDE
Animal,Other Animal,Nuisance Animal,MITCHELTON
Animal,Other Animal,Fox,TARRAGINDI
Animal,Dog,Wandering,EIGHT MILE PLAINS
Animal,Attack,Attack On An Animal,FOREST LAKE
Animal,Cat,Wandering,WESTLAKE
Animal,Attack,Attack On An Animal,CLAYFIELD
Animal,Dog,Wandering,ALDERLEY
Animal,Other Animal,Rabbit,CARINDALE
Animal,Dog,Fencing Issues,ROCKLEA
Animal,Dog,Fencing Issues,GAYTHORNE
Animal,Dog,Wandering,YERONGA
Animal,Other Animal,Fox,MOGGILL
Animal,Dog,Fencing Issues,BULIMBA
Animal,Dog,Wandering,BOONDALL
Animal,Dog,Defecating In Public,NEWMARKET
Animal,Attack,Attack On A Person,TARRAGINDI
Animal,Dog,Unregistered,KANGAROO POINT
Animal,Attack,Not An Attack,BELMONT
Animal,Cat Trapping,,TARRAGINDI
Animal,Other Animal,Nuisance Animal,MACKENZIE
Animal,Cat,Unregistered,ANNERLEY
Animal,Dog,Odour,BARDON
Animal,Attack,Attack On A Person,FIG TREE POCKET
Animal,Other Animal,Fox,MOUNT GRAVATT EAST
Animal,Cat Trapping,,CARINA HEIGHTS
Animal,Cat,Wandering,HOLLAND PARK WEST
Animal,Attack,Attack On An Animal,WISHART
Animal,Dog,Wandering,KANGAROO POINT
Animal,Dog,Wandering,SPRING HILL
Animal,Dog,Wandering,SPRING HILL
Animal,Attack,Attack On An Animal,CLAYFIELD
Animal,Cat,Wandering,SALISBURY
Animal,Attack,Attack On A Person,SHORNCLIFFE
Animal,Dog,Unregistered,HOLLAND PARK
Animal,Attack,Not An Attack,BRIGHTON
Animal,Other Animal,Nuisance Animal,CHERMSIDE WEST
Animal,Attack,Attack On A Person,RICHLANDS
Animal,Dog,Wandering,NORTHGATE
Animal,Dog,Wandering,VIRGINIA
Animal,Attack,Attack On A Person,NUNDAH
Animal,Dog,Wandering,NATHAN
Animal,Dog,Wandering,BRIGHTON
Animal,Attack,Attack On A Person,HEMMANT
Animal,Dog,Wandering,BRACKEN RIDGE
Animal,Other Animal,Nuisance Animal,BELLBOWRIE
Animal,Attack,Attack On A Person,ELLEN GROVE
Animal,Attack,Attack On A Person,MANLY WEST
Animal,Dog,Wandering,BANYO
Animal,Other Animal,Fox,DUTTON PARK
Animal,Dog,,SANDGATE
Animal,Cat,Wandering,KARANA DOWNS
Animal,Cat Trapping,,WAVELL HEIGHTS
Animal,Attack,Attack On A Person,NUNDAH
Animal,Other Animal,Fox,BOONDALL
Animal,Cat,Wandering,KARANA DOWNS
Animal,Dog,Fencing Issues,MORNINGSIDE
Animal,Attack,Attack On An Animal,JINDALEE
Animal,Dog,Fencing Issues,MORNINGSIDE
Animal,Cat,Wandering,VIRGINIA
Animal,Other Animal,Fox,BOONDALL
Animal,Cat Trapping,,BRIDGEMAN DOWNS
Animal,Other Animal,Wandering,HOLLAND PARK WEST
Animal,Dog,Wandering,WAVELL HEIGHTS
Animal,Dog,Fencing Issues,SUNNYBANK HILLS
Animal,Other Animal,Pest / Feral Animal,INALA
Animal,Dog,Wandering,NUNDAH
Animal,Other Animal,Nuisance Animal,RANSOME
Animal,Attack,Attack On An Animal,INALA
Animal,Attack,Attack On A Person,NORMAN PARK
Animal,Dog,Unregistered,ROCHEDALE
Animal,Dog,Unregistered,ROCHEDALE
Animal,Dog,Unregistered,BULIMBA
Animal,Dog,Unregistered,EIGHT MILE PLAINS
Animal,Attack,Attack On An Animal,EVERTON PARK
Animal,Cat Trapping,,KURABY
Animal,Other Animal,Deer,PULLENVALE
Animal,Dog,Wandering,TENERIFFE
Animal,Dog,Wandering,SANDGATE
Animal,Other Animal,Pest / Feral Animal,ROCHEDALE
Animal,Cat,Wandering,TAIGUM
Animal,Dog,Too Many Animals,SUNNYBANK
Animal,Attack,Attack On An Animal,TARRAGINDI
Animal,Cat Trapping,,TARINGA
Animal,Dog,Fencing Issues,SUNNYBANK HILLS
Animal,Dog,Wandering,GEEBUNG
Animal,Other Animal,Nuisance Animal,INALA
Animal,Other Animal,Fencing Issues,KURABY
Animal,Attack,Attack On An Animal,ZILLMERE
Animal,Dog,Fencing Issues,DARRA
Animal,Other Animal,Odour,STRETTON
Animal,Cat,Wandering,FOREST LAKE
Animal,Dog,Fencing Issues,BRACKEN RIDGE
Animal,Dog,Wandering,MOUNT COOT-THA
Animal,Attack,Attack On A Person,ELLEN GROVE
Animal,Dog,,SHORNCLIFFE
Animal,Dog,Defecating In Public,DUTTON PARK
Animal,Other Animal,Nuisance Animal,BOONDALL
Animal,Dog,Unregistered,MANSFIELD
Animal,Other Animal,Wild Dog,PULLENVALE
Animal,Other Animal,Wild Dog,PULLENVALE
Animal,Dog,Unregistered,NEW FARM
Animal,Attack,Attack On An Animal,HOLLAND PARK WEST
Animal,Dog,Odour,INALA
Animal,Cat,Wandering,WYNNUM WEST
Animal,Attack,Attack On An Animal,MOOROOKA
Animal,Attack,Attack On A Person,DURACK
Animal,Dog,Wandering,CORINDA
Animal,Dog,Unregistered,NORMAN PARK
Animal,Dog,Fencing Issues,CANNON HILL
Animal,Dog,Fencing Issues,CANNON HILL
Animal,Other Animal,Unregistered,KURABY
Animal,Other Animal,Wandering,HOLLAND PARK
Animal,Dog,Odour,HIGHGATE HILL
Animal,Attack,Attack On An Animal,BRIGHTON
Animal,Cat,Wandering,NUDGEE
Animal,Dog,Wandering,MORNINGSIDE
Animal,Attack,Attack On A Person,ACACIA RIDGE
Animal,Attack,Menacing,MANLY WEST
Animal,Dog,Odour,BRACKEN RIDGE
Animal,Dog,Wandering,STONES CORNER
Animal,Attack,Attack On A Person,CHERMSIDE WEST
Animal,Dog,Fencing Issues,CHAPEL HILL
Animal,Dog,Fencing Issues,CHAPEL HILL
Animal,Attack,Not An Attack,CHAPEL HILL
Animal,Attack,Attack On A Person,ANNERLEY
Animal,Dog,Fencing Issues,WESTLAKE
Animal,Other Animal,Fox,BOONDALL
Animal,Dog,Unregistered,CARSELDINE
Animal,Dog,Too Many Animals,CARINA
Animal,Other Animal,Too Many Animals,DARRA
Animal,Attack,Not An Attack,CHAPEL HILL
Animal,Attack,Attack On An Animal,CARINA
Animal,Cat Trapping,,ASCOT
Animal,Cat,Wandering,HOLLAND PARK WEST
Animal,Other Animal,Rabbit,BRACKEN RIDGE
Animal,Dog,Unregistered,
Animal,Other Animal,Wandering,FOREST LAKE
Animal,Cat,Wandering,INALA
Animal,Cat,Wandering,MORNINGSIDE
Animal,Dog,Too Many Animals,TARRAGINDI
Animal,Dog,Wandering,SHORNCLIFFE
Animal,Dog,Wandering,BELMONT
Animal,Cat,Wandering,CARINDALE
Animal,Cat Trapping,,INALA
Animal,Attack,Attack On An Animal,MOUNT COOT-THA
Animal,Attack,Attack On An Animal,BRACKEN RIDGE
Animal,Cat Trapping,,BALD HILLS
Animal,Attack,Attack On An Animal,INALA
Animal,Other Animal,Deer,KENMORE HILLS
Animal,Dog,Odour,WYNNUM
Animal,Dog,Fencing Issues,NUDGEE
Animal,Attack,Not An Attack,WACOL
Animal,Attack,Attack On A Person,ZILLMERE
Animal,Cat Trapping,,CARINA
Animal,Attack,Attack On An Animal,UPPER KEDRON
Animal,Dog,Wandering,STAFFORD
Animal,Dog,Fencing Issues,MANSFIELD
Animal,Attack,Attack On A Person,RED HILL
Animal,Dog,Fencing Issues,RIVERHILLS
Animal,Dog,Fencing Issues,INALA
Animal,Dog,Wandering,CARINA
Animal,Attack,Not An Attack,EVERTON PARK
Animal,Dog,Odour,CHERMSIDE
Animal,Attack,Attack On An Animal,ASHGROVE
Animal,Attack,Attack On A Person,CLAYFIELD
Animal,Attack,Attack On A Person,CLAYFIELD
Animal,Other Animal,Odour,INDOOROOPILLY
Animal,Cat,Wandering,WYNNUM
Animal,Dog,Unregistered,EAST BRISBANE
Animal,Dog,Wandering,BALD HILLS
Animal,Dog,Fencing Issues,ASPLEY
Animal,Dog,Fencing Issues,ASPLEY
Animal,Cat,Wandering,EAST BRISBANE
Animal,Attack,Attack On An Animal,NORTHGATE
Animal,Attack,Attack On An Animal,WYNNUM WEST
Animal,Attack,Attack On A Person,ACACIA RIDGE
Animal,Other Animal,Unregistered,CARINA
Animal,Dog,Fencing Issues,BELMONT
Animal,Dog,Wandering,WYNNUM
Animal,Dog,Wandering,MILTON
Animal,Dog,Wandering,CORINDA
Animal,Dog,Defecating In Public,CORINDA
Animal,Attack,Menacing,STAFFORD HEIGHTS
Animal,Attack,Attack On A Person,HAWTHORNE
Animal,Attack,Attack On An Animal,OXLEY
Animal,Dog,Fencing Issues,EIGHT MILE PLAINS
Animal,Attack,Attack On An Animal,CALAMVALE
Animal,Dog,Fencing Issues,DARRA
Animal,Dog,Fencing Issues,NUDGEE
Animal,Other Animal,Fox,CHANDLER
Animal,Dog,Wandering,CARINDALE
Animal,Dog,Wandering,MANSFIELD
Animal,Dog,Wandering,CARINDALE
Animal,Dog,Defecating In Public,ALGESTER
Animal,Attack,Attack On A Person,MANLY WEST
Animal,Attack,Attack On An Animal,SEVENTEEN MILE ROCKS
Animal,Cat Trapping,,YERONGA
Animal,Dog,Wandering,EVERTON PARK
Animal,Attack,Attack On An Animal,HOLLAND PARK
Animal,Cat Trapping,,LOTA
Animal,Dog,Wandering,WEST END
Animal,Cat Trapping,,CLAYFIELD
Animal,Dog,Dog,FAIRFIELD
Animal,Cat,Wandering,VIRGINIA
Animal,Dog,Wandering,EVERTON PARK
Animal,Dog,Wandering,INALA
Animal,Dog,Fencing Issues,INALA
Animal,Attack,Attack On An Animal,RUNCORN
Animal,Dog,Wandering,ASPLEY
Animal,Attack,Attack On An Animal,TOOWONG
Animal,Attack,Attack On A Person,FIG TREE POCKET
Animal,Attack,Attack On A Person,PARKINSON
Animal,Other Animal,Fencing Issues,DOOLANDELLA
Animal,Cat Trapping,,BRACKEN RIDGE
Animal,Other Animal,Fox,SALISBURY
Animal,Cat,Wandering,FOREST LAKE
Animal,Attack,Attack On An Animal,KENMORE
Animal,Dog,Defecating In Public,YERONGA
Animal,Cat,Wandering,BRIGHTON
Animal,Cat Trapping,,BALD HILLS
Animal,Cat Trapping,,CAMP HILL
Animal,Cat Trapping,,CARINA
Animal,Dog,Wandering,WYNNUM
Animal,Attack,Attack On A Person,BOONDALL
Animal,Dog,Wandering,EIGHT MILE PLAINS
Animal,Cat,Wandering,FOREST LAKE
Animal,Cat,,CHERMSIDE
Animal,Other Animal,Fox,MOUNT CROSBY
Animal,Dog,Wandering,LOTA
Animal,Dog,Wandering,CORINDA
Animal,Dog,Wandering,TENERIFFE
Animal,Other Animal,Fox,KARANA DOWNS
Animal,Dog,Unregistered,EVERTON PARK
Animal,Other Animal,Deer,PULLENVALE
Animal,Attack,Attack On An Animal,MORNINGSIDE
Animal,Dog,Wandering,BRACKEN RIDGE
Animal,Dog,Wandering,DARRA
Animal,Dog,Fencing Issues,DARRA
Animal,Dog,Fencing Issues,AUCHENFLOWER
Animal,Dog,Fencing Issues,AUCHENFLOWER
Animal,Dog,,STAFFORD
Animal,Dog,Wandering,COOPERS PLAINS
Animal,Dog,Wandering,KEDRON
Animal,Dog,Wandering,STAFFORD
Animal,Dog,,RUNCORN
Animal,Attack,Attack On A Person,WILSTON
Animal,Dog,Wandering,ASCOT
Animal,Cat,Wandering,WAVELL HEIGHTS
Animal,Dog,Wandering,ASCOT
Animal,Dog,,ROCKLEA
Animal,Dog,Fencing Issues,HEMMANT
Animal,Attack,Menacing,ACACIA RIDGE
Animal,Cat,Wandering,CARINDALE
Animal,Dog,Wandering,HENDRA
Animal,Attack,Attack On A Person,TARRAGINDI
Animal,Attack,Attack On An Animal,HOLLAND PARK
Animal,Attack,Menacing,FOREST LAKE
Animal,Dog,Too Many Animals,SOUTH BRISBANE
Animal,Dog,Wandering,WEST END
Animal,Attack,Attack On An Animal,ASHGROVE
Animal,Dog,Wandering,MORNINGSIDE
Animal,Other Animal,Wandering,FOREST LAKE
Animal,Other Animal,Fox,BOONDALL
Animal,Dog,Wandering,KEPERRA
Animal,Attack,Not An Attack,WACOL
Animal,Dog,Wandering,BRIGHTON
Animal,Dog,Defecating In Public,NEWMARKET
Animal,Dog,Fencing Issues,INALA
Animal,Attack,Attack On A Person,BRIDGEMAN DOWNS
Animal,Dog,Wandering,CHERMSIDE WEST
Animal,Dog,Fencing Issues,MOUNT GRAVATT EAST
Animal,Attack,Not An Attack,CHERMSIDE
Animal,Other Animal,Fox,MANLY
Animal,Dog,Wandering,BALD HILLS
Animal,Dog,Wandering,CHERMSIDE
Animal,Attack,Attack On An Animal,ALDERLEY
Animal,Cat,Wandering,TAIGUM
Animal,Dog,Fencing Issues,ACACIA RIDGE
Animal,Dog,Fencing Issues,MANSFIELD
Animal,Attack,Attack On An Animal,HOLLAND PARK
Animal,Attack,Attack On An Animal,WISHART
Animal,Other Animal,Pest / Feral Animal,COORPAROO
Animal,Cat Trapping,,INALA
Animal,Dog,Fencing Issues,BALD HILLS
Animal,Attack,Attack On An Animal,EAST BRISBANE
Animal,Dog,Fencing Issues,DARRA
Animal,Other Animal,Fox,MORNINGSIDE
Animal,Dog,Wandering,MCDOWALL
Animal,Cat Trapping,,EAST BRISBANE
Animal,Other Animal,Fox,KARANA DOWNS
Animal,Attack,Attack On A Person,NUDGEE BEACH
Animal,Dog,Unregistered,STAFFORD HEIGHTS
Animal,Other Animal,Fox,BROOKFIELD
Animal,Other Animal,Pest / Feral Animal,MORNINGSIDE
Animal,Dog,Wandering,WEST END
Animal,Dog,Unregistered,HEMMANT
Animal,Other Animal,Wild Dog,KHOLO
Animal,Dog,Unregistered,HEMMANT
Animal,Dog,Too Many Animals,UPPER MOUNT GRAVATT
Animal,Attack,Not An Attack,WEST END
Animal,Other Animal,Pest / Feral Animal,PINKENBA
Animal,Dog,Wandering,RIVERHILLS
Animal,Cat Trapping,,ASPLEY
Animal,Other Animal,Fox,MORNINGSIDE
Animal,Attack,Attack On An Animal,CLAYFIELD
Animal,Dog,Too Many Animals,BULIMBA
Animal,Dog,Wandering,WEST END
Animal,Other Animal,Nuisance Animal,INALA
Animal,Other Animal,Nuisance Animal,INALA
Animal,Cat Trapping,,BRIGHTON
Animal,Dog,Fencing Issues,MOOROOKA
Animal,Dog,Too Many Animals,BRIGHTON
Animal,Dog,Wandering,NEW FARM
Animal,Cat Trapping,,WYNNUM WEST
Animal,Dog,Wandering,GORDON PARK
Animal,Other Animal,Fox,PINJARRA HILLS
Animal,Dog,,NEWSTEAD
Animal,Dog,,BOONDALL
Animal,Cat Trapping,,SUNNYBANK
Animal,Dog,Fencing Issues,FOREST LAKE
Animal,Cat Trapping,,EAST BRISBANE
Animal,Dog,Fencing Issues,NUNDAH
Animal,Dog,,STAFFORD
Animal,Attack,Attack On An Animal,HAMILTON
Animal,Attack,Attack On An Animal,ZILLMERE
Animal,Dog,Fencing Issues,GAYTHORNE
Animal,Dog,Wandering,ALDERLEY
Animal,Cat Trapping,,DARRA
Animal,Other Animal,Rabbit,GUMDALE
Animal,Cat,Wandering,WYNNUM
Animal,Cat Trapping,,EIGHT MILE PLAINS
Animal,Dog,Odour,FAIRFIELD
Animal,Dog,Unregistered,CLAYFIELD
Animal,Cat Trapping,,SALISBURY
Animal,Other Animal,Too Many Animals,MOUNT GRAVATT EAST
Animal,Other Animal,Odour,BARDON
Animal,Dog,Unregistered,INALA
Animal,Dog,Unregistered,UPPER MOUNT GRAVATT
Animal,Other Animal,Pest / Feral Animal,HAMILTON
Animal,Attack,Not An Attack,SANDGATE
Animal,Dog,Wandering,CHERMSIDE
Animal,Attack,Attack On A Person,HENDRA
Animal,Other Animal,Odour,NUNDAH
Animal,Cat Trapping,,COOPERS PLAINS
Animal,Attack,Attack On An Animal,SUNNYBANK HILLS
Animal,Attack,Attack On A Person,MITCHELTON
Animal,Other Animal,Pest / Feral Animal,MURARRIE
Animal,Other Animal,Fox,BOONDALL
Animal,Dog,Wandering,WYNNUM
Animal,Dog,Wandering,CHERMSIDE
Animal,Dog,Wandering,MOUNT GRAVATT EAST
Animal,Dog,Wandering,CHERMSIDE
Animal,Dog,Wandering,CHERMSIDE
Animal,Other Animal,Fox,WESTLAKE
Animal,Dog,Fencing Issues,PINJARRA HILLS
Animal,Cat,Wandering,VIRGINIA
Animal,Other Animal,Feral Cat,INALA
Animal,Dog,Unregistered,BALD HILLS
Animal,Dog,Unregistered,BALD HILLS
Animal,Dog,Wandering,BRIGHTON
Animal,Cat Trapping,,INALA
Animal,Attack,Attack On A Person,BRACKEN RIDGE
Animal,Attack,Not An Attack,MOOROOKA
Animal,Dog,Wandering,CANNON HILL
Animal,Attack,Attack On An Animal,EAST BRISBANE
Animal,Other Animal,Wild Dog,MOUNT CROSBY
Animal,Cat,Wandering,SANDGATE
Animal,Dog,Too Many Animals,TARRAGINDI
Animal,Dog,Defecating In Public,FOREST LAKE
Animal,Dog,Fencing Issues,ACACIA RIDGE
Animal,Cat,Wandering,PADDINGTON
Animal,Dog,Fencing Issues,INALA
Animal,Attack,,DURACK
Animal,Dog,Fencing Issues,SUNNYBANK HILLS
Animal,Dog,Too Many Animals,EAST BRISBANE
Animal,Dog,Odour,EIGHT MILE PLAINS
Animal,Attack,Not An Attack,ROCKLEA
Animal,Dog,Wandering,WYNNUM
Animal,Attack,Attack On An Animal,THE GAP
Animal,Dog,Defecating In Public,FOREST LAKE
Animal,Dog,Fencing Issues,TARINGA
Animal,Dog,Unregistered,CARSELDINE
Animal,Other Animal,Insufficient Space,WAVELL HEIGHTS
Animal,Attack,Attack On A Person,COOPERS PLAINS
Animal,Dog,Too Many Animals,TARRAGINDI
Animal,Dog,Too Many Animals,TARRAGINDI
Animal,Dog,Too Many Animals,TARRAGINDI
Animal,Dog,Too Many Animals,TARRAGINDI
Animal,Dog,Too Many Animals,TARRAGINDI
Animal,Cat Trapping,,HEATHWOOD
Animal,Cat Trapping,,ZILLMERE
Animal,Attack,Attack On An Animal,WYNNUM
Animal,Dog,Fencing Issues,RIVERHILLS
Animal,Dog,Wandering,LOTA
Animal,Cat Trapping,,MANLY WEST
Animal,Dog,Unregistered,MOOROOKA
Animal,Attack,Attack On A Person,INALA
Animal,Attack,Attack On An Animal,ASPLEY
Animal,Dog,Fencing Issues,STAFFORD
Animal,Other Animal,Fox,MOUNT GRAVATT
Animal,Attack,Attack On An Animal,PARKINSON
Animal,Dog,Defecating In Public,AUCHENFLOWER
Animal,Cat,Wandering,CARINA HEIGHTS
Animal,Cat,Wandering,PADDINGTON
Animal,Attack,Attack On A Person,DOOLANDELLA
Animal,Other Animal,Too Many Animals,BARDON
Animal,Other Animal,Fox,BOONDALL
Animal,Attack,Menacing,ASHGROVE
Animal,Attack,Attack On A Person,MILTON
Animal,Dog,Wandering,YERONGA
Animal,Cat,Wandering,FOREST LAKE
Animal,Cat,Wandering,ELLEN GROVE
Animal,Attack,,WYNNUM
Animal,Other Animal,Fox,BOONDALL
Animal,Attack,Attack On A Person,BRACKEN RIDGE
Animal,Dog,Defecating In Public,KANGAROO POINT
Animal,Dog,Wandering,SUNNYBANK HILLS
Animal,Cat Trapping,,SALISBURY
Animal,Attack,Attack On A Person,INALA
Animal,Dog,Unregistered,INALA
Animal,Dog,Fencing Issues,UPPER MOUNT GRAVATT
Animal,Attack,Attack On An Animal,PARKINSON
Animal,Attack,Not An Attack,CARINDALE
Animal,Attack,Not An Attack,YERONGA
Animal,Attack,Attack On A Person,YERONGA
Animal,Attack,Attack On An Animal,HEMMANT
Animal,Cat,Wandering,INDOOROOPILLY
Animal,Dog,Wandering,RUNCORN
Animal,Dog,,STAFFORD
Animal,Attack,Attack On A Person,HAWTHORNE
Animal,Dog,Defecating In Public,CARINDALE
Animal,Attack,Attack On A Person,INALA
Animal,Cat,Wandering,BRACKEN RIDGE
Animal,Cat Trapping,,SUNNYBANK HILLS
Animal,Attack,Not An Attack,PINJARRA HILLS
Animal,Attack,Not An Attack,HOLLAND PARK
Animal,Dog,Wandering,NUDGEE BEACH
Animal,Dog,Wandering,CHERMSIDE
Animal,Cat Trapping,,BRACKEN RIDGE
Animal,Dog,,FOREST LAKE
Animal,Dog,Wandering,INALA
Animal,Dog,Unregistered,INALA
Animal,Cat Trapping,,CLAYFIELD
Animal,Attack,Attack On An Animal,ALDERLEY
Animal,Cat Trapping,,TENERIFFE
Animal,Other Animal,Feral Pig,UPPER BROOKFIELD
Animal,Dog,Fencing Issues,CARSELDINE
Animal,Dog,Fencing Issues,CARINA
Animal,Dog,Fencing Issues,HOLLAND PARK
Animal,Attack,Attack On An Animal,CALAMVALE
Animal,Dog,Wandering,BULIMBA
Animal,Dog,Too Many Animals,MANLY WEST
Animal,Dog,Too Many Animals,CARINA HEIGHTS
Animal,Dog,Fencing Issues,THE GAP
Animal,Dog,Unregistered,KEPERRA
Animal,Dog,Wandering,LYTTON
Animal,Cat,Wandering,BELLBOWRIE
Animal,Attack,Attack On A Person,MANLY WEST
Animal,Attack,Attack On An Animal,LOTA
Animal,Dog,Defecating In Public,WAKERLEY
Animal,Dog,Wandering,MANLY
Animal,Other Animal,Nuisance Animal,KURABY
Animal,Other Animal,Nuisance Animal,ASPLEY
Animal,Other Animal,Fox,DUTTON PARK
Animal,Attack,Attack On An Animal,EVERTON PARK
Animal,Cat Trapping,,BRIGHTON
Animal,Other Animal,Nuisance Animal,ASPLEY
Animal,Other Animal,Nuisance Animal,ASPLEY
Animal,Dog,Fencing Issues,BULIMBA
Animal,Attack,Attack On An Animal,INALA
Animal,Attack,Attack On An Animal,MOGGILL
Animal,Dog,Fencing Issues,BRIDGEMAN DOWNS
Animal,Dog,Wandering,BARDON
Animal,Other Animal,Fox,BOONDALL
Animal,Attack,Attack On A Person,FOREST LAKE
Animal,Other Animal,Fox,UPPER BROOKFIELD
Animal,Attack,Attack On An Animal,CORINDA
Animal,Dog,Fencing Issues,ROCHEDALE
Animal,Dog,Wandering,ACACIA RIDGE
Animal,Other Animal,Fox,KARANA DOWNS
Animal,Attack,Attack On A Person,MOUNT GRAVATT EAST
Animal,Dog,Unregistered,SUNNYBANK HILLS
Animal,Other Animal,Fencing Issues,EAST BRISBANE
Animal,Attack,Attack On An Animal,THE GAP
Animal,Dog,Wandering,COORPAROO
Animal,Dog,Fencing Issues,BULIMBA
Animal,Attack,Attack On An Animal,BALD HILLS
Animal,Dog,Fencing Issues,DARRA
Animal,Dog,Unregistered,WAVELL HEIGHTS
Animal,Attack,Attack On An Animal,MCDOWALL
Animal,Attack,Attack On A Person,ACACIA RIDGE
Animal,Cat Trapping,,BRACKEN RIDGE
Animal,Attack,Not An Attack,RANSOME
Animal,Attack,Attack On An Animal,MANLY WEST
Animal,Cat,Wandering,EAST BRISBANE
Animal,Other Animal,Pest / Feral Animal,CHERMSIDE
Animal,Cat Trapping,,LAKE MANCHESTER
Animal,Dog,Wandering,MOUNT GRAVATT
Animal,Dog,Wandering,NEW FARM
Animal,Cat,Wandering,STAFFORD HEIGHTS
Animal,Cat Trapping,,KELVIN GROVE
Animal,Dog,Wandering,HOLLAND PARK WEST
Animal,Dog,Odour,CHERMSIDE
Animal,Cat,Wandering,RUNCORN
Animal,Dog,Wandering,ASHGROVE
Animal,Dog,Fencing Issues,MORNINGSIDE
Animal,Dog,Too Many Animals,CARINA
Animal,Dog,Too Many Animals,CARINA
Animal,Attack,Attack On An Animal,CARINA
Animal,Other Animal,Odour,PULLENVALE
Animal,Dog,Wandering,MOUNT GRAVATT EAST
Animal,Dog,Unregistered,WAVELL HEIGHTS
Animal,Dog,Too Many Animals,DEAGON
Animal,Cat Trapping,,BALD HILLS
Animal,Attack,Attack On An Animal,ZILLMERE
Animal,Dog,Unregistered,
Animal,Dog,Unregistered,INALA
Animal,Other Animal,Fox,INDOOROOPILLY
Animal,Dog,Wandering,CHERMSIDE
Animal,Other Animal,Feral Goat,KARAWATHA
Animal,Attack,Attack On An Animal,SUNNYBANK HILLS
Animal,Dog,,SANDGATE
Animal,Attack,Attack On A Person,ACACIA RIDGE
Animal,Dog,Unregistered,DARRA
Animal,Other Animal,Wild Dog,UPPER BROOKFIELD
Animal,Dog,Fencing Issues,BROOKFIELD
Animal,Attack,Attack On An Animal,RUNCORN
Animal,Dog,Wandering,MILTON
Animal,Attack,Attack On A Person,PALLARA
Animal,Dog,Fencing Issues,BELLBOWRIE
Animal,Dog,Unregistered,
Animal,Attack,Attack On An Animal,PADDINGTON
Animal,Attack,Not An Attack,PULLENVALE
Animal,Other Animal,Deer,MOUNT CROSBY
Animal,Cat Trapping,,CHERMSIDE
Animal,Attack,Attack On An Animal,FOREST LAKE
Animal,Attack,Attack On A Person,MANLY WEST
Animal,Attack,Attack On A Person,HIGHGATE HILL
Animal,Dog,,CARSELDINE
Animal,Cat Trapping,,WYNNUM
Animal,Dog,Wandering,TARRAGINDI
Animal,Dog,Too Many Animals,TARRAGINDI
Animal,Attack,Attack On An Animal,EVERTON PARK
Animal,Dog,Wandering,NEWSTEAD
Animal,Dog,Wandering,WEST END
Animal,Cat,Wandering,STONES CORNER
Animal,Attack,Attack On An Animal,THE GAP
Animal,Other Animal,Fox,COOPERS PLAINS
Animal,Dog,Fencing Issues,SUNNYBANK HILLS
Animal,Dog,Odour,INALA
Animal,Attack,Attack On An Animal,RUNCORN
Animal,Dog,Unregistered,NUNDAH
Animal,Other Animal,Deer,PULLENVALE
Animal,Dog,Wandering,PARKINSON
Animal,Dog,Too Many Animals,TENERIFFE
Animal,Dog,Too Many Animals,TENERIFFE
Animal,Dog,,KELVIN GROVE
Animal,Attack,,UPPER MOUNT GRAVATT
Animal,Dog,Wandering,MANLY WEST
Animal,Dog,Too Many Animals,PALLARA
Animal,Dog,Too Many Animals,FOREST LAKE
Animal,Attack,Attack On An Animal,MURARRIE
Animal,Dog,Fencing Issues,EVERTON PARK
Animal,Dog,Wandering,COORPAROO
Animal,Dog,Fencing Issues,BULIMBA
Animal,Attack,Not An Attack,YERONGA
Animal,Cat,Wandering,BRACKEN RIDGE
Animal,Cat Trapping,,BALD HILLS
Animal,Dog,Too Many Animals,PARKINSON
Animal,Cat,,GREENSLOPES
Animal,Dog,Wandering,NEWSTEAD
Animal,Attack,Attack On An Animal,COORPAROO
Animal,Dog,Unregistered,COORPAROO
Animal,Dog,Wandering,DARRA
Animal,Dog,Fencing Issues,INALA
Animal,Other Animal,Fox,BOONDALL
Animal,Other Animal,Rabbit,CARINDALE
Animal,Dog,Wandering,THE GAP
Animal,Dog,,DOOLANDELLA
Animal,Cat,Wandering,SANDGATE
Animal,Dog,Fencing Issues,WYNNUM WEST
Animal,Cat,Wandering,WYNNUM
Animal,Dog,Fencing Issues,NORMAN PARK
Animal,Dog,Fencing Issues,KEPERRA
Animal,Attack,Attack On An Animal,KEDRON
Animal,Attack,Attack On An Animal,PINKENBA
Animal,Cat,Wandering,EIGHT MILE PLAINS
Animal,Dog,Fencing Issues,WOOLLOONGABBA
Animal,Dog,Wandering,MOUNT COOT-THA
Animal,Attack,Menacing,INDOOROOPILLY
Animal,Other Animal,Fox,BOONDALL
Animal,Dog,Fencing Issues,INALA
Animal,Dog,Fencing Issues,MANLY WEST
Animal,Dog,Wandering,MANLY WEST
Animal,Dog,Defecating In Public,FERNY GROVE
Animal,Cat Trapping,,INALA
Animal,Dog,Fencing Issues,UPPER KEDRON
Animal,Attack,Not An Attack,YERONGA
Animal,Cat,Wandering,WILLAWONG
Animal,Attack,Attack On A Person,CAMP HILL
Animal,Attack,Attack On A Person,ANNERLEY
Animal,Dog,Defecating In Public,MURARRIE
Animal,Cat,Wandering,MIDDLE PARK
Animal,Dog,Unregistered,BARDON
Animal,Dog,Wandering,KALINGA
Animal,Attack,Attack On An Animal,UPPER MOUNT GRAVATT
Animal,Cat Trapping,,ACACIA RIDGE
Animal,Dog,Odour,FAIRFIELD
Animal,Dog,Wandering,STAFFORD
Animal,Dog,,KEPERRA
Animal,Dog,Wandering,CHERMSIDE
Animal,Other Animal,Pest / Feral Animal,CALAMVALE
Animal,Attack,Attack On A Person,ALDERLEY
Animal,Other Animal,Pest / Feral Animal,SHERWOOD
Animal,Attack,Attack On A Person,WINDSOR
Animal,Dog,Wandering,WYNNUM
Animal,Cat,Wandering,SEVENTEEN MILE ROCKS
Animal,Dog,Wandering,CHERMSIDE
Animal,Dog,Wandering,PADDINGTON
Animal,Other Animal,,KENMORE HILLS
Animal,Cat,Wandering,SEVEN HILLS
Animal,Other Animal,Odour,BALD HILLS
Animal,Cat Trapping,,ROCHEDALE
Animal,Cat Trapping,,DEAGON
Animal,Cat,,MORNINGSIDE
Animal,Attack,Menacing,BRACKEN RIDGE
Animal,Cat,,ZILLMERE
Animal,Dog,Fencing Issues,UPPER MOUNT GRAVATT
Animal,Attack,Attack On An Animal,THE GAP
Animal,Cat Trapping,,ZILLMERE
Animal,Attack,Attack On A Person,MORNINGSIDE
Animal,Attack,Attack On An Animal,BRACKEN RIDGE
Animal,Cat Trapping,,DOOLANDELLA
Animal,Cat Trapping,,KURABY
Animal,Attack,Attack On An Animal,INDOOROOPILLY
Animal,Cat,Wandering,MANLY WEST
Animal,Dog,Fencing Issues,MIDDLE PARK
Animal,Other Animal,Nuisance Animal,BOWEN HILLS
Animal,Attack,Attack On An Animal,BARDON
Animal,Other Animal,Fox,CHELMER
Animal,Attack,Attack On An Animal,PARKINSON
Animal,Dog,Fencing Issues,BANYO
Animal,Other Animal,Nuisance Animal,ACACIA RIDGE
Animal,Other Animal,Fox,MOUNT CROSBY
Animal,Other Animal,Fox,BALMORAL
Animal,Dog,Wandering,WEST END
Animal,Dog,Wandering,WEST END
Animal,Other Animal,Fox,PULLENVALE
Animal,Dog,Wandering,CHERMSIDE
Animal,Cat Trapping,,DARRA
Animal,Attack,Attack On An Animal,CANNON HILL
Animal,Dog,Defecating In Public,FOREST LAKE
Animal,Dog,Wandering,ASCOT
Animal,Attack,Attack On A Person,TOOWONG
Animal,Attack,Not An Attack,CHERMSIDE
Animal,Dog,Fencing Issues,STAFFORD
Animal,Dog,Wandering,CARINA
Animal,Dog,Wandering,STAFFORD HEIGHTS
Animal,Other Animal,Fox,SEVEN HILLS
Animal,Attack,Attack On An Animal,THE GAP
Animal,Attack,Attack On A Person,BANYO
Animal,Dog,Unregistered,BARDON
Animal,Other Animal,Odour,DEAGON
Animal,Dog,Wandering,EVERTON PARK
Animal,Attack,Attack On A Person,WEST END
Animal,Attack,Attack On An Animal,CLAYFIELD
Animal,Attack,Attack On An Animal,ASPLEY
Animal,Dog,Wandering,EIGHT MILE PLAINS
Animal,Cat,Wandering,CAMP HILL
Animal,Attack,Attack On A Person,INALA
Animal,Dog,Fencing Issues,INALA
Animal,Attack,Attack On A Person,BOONDALL
Animal,Attack,Attack On An Animal,TINGALPA
Animal,Dog,Wandering,HENDRA
Animal,Dog,Wandering,DARRA
Animal,Dog,Fencing Issues,DARRA
Animal,Attack,Attack On A Person,FOREST LAKE
Animal,Dog,Fencing Issues,CARINDALE
Animal,Attack,Attack On An Animal,LUTWYCHE
Animal,Cat Trapping,,WOOLOOWIN
Animal,Cat Trapping,,GEEBUNG
Animal,Dog,Wandering,CHERMSIDE
Animal,Attack,Attack On An Animal,ANNERLEY
Animal,Dog,Defecating In Public,HAWTHORNE
Animal,Cat Trapping,,HEMMANT
Animal,Dog,Wandering,ASPLEY
Animal,Other Animal,Fencing Issues,PULLENVALE
Animal,Dog,Wandering,CHERMSIDE
Animal,Dog,Wandering,ASCOT
Animal,Attack,Attack On A Person,MOOROOKA
Animal,Dog,Unregistered,BRACKEN RIDGE
Animal,Dog,Unregistered,SALISBURY
Animal,Dog,Unregistered,INALA
Animal,Attack,Menacing,ROCKLEA
Animal,Dog,Wandering,WEST END
Animal,Attack,Attack On An Animal,CLAYFIELD
Animal,Dog,Fencing Issues,INALA
Animal,Dog,Wandering,CHERMSIDE
Animal,Attack,Not An Attack,CARINA HEIGHTS
Animal,Dog,Unregistered,CARSELDINE
Animal,Attack,Attack On A Person,RUNCORN
Animal,Other Animal,Fox,WAVELL HEIGHTS
Animal,Other Animal,Rabbit,GUMDALE
Animal,Dog,Wandering,CHERMSIDE
Animal,Dog,Wandering,BRIGHTON
Animal,Attack,Not An Attack,CARINA HEIGHTS
Animal,Dog,Wandering,MCDOWALL
Animal,Dog,Wandering,ALDERLEY
Animal,Dog,Unregistered,WYNNUM WEST
Animal,Dog,Wandering,WYNNUM
Animal,Cat,Wandering,BOWEN HILLS
Animal,Dog,Fencing Issues,MANLY WEST
Animal,Attack,Not An Attack,STAFFORD HEIGHTS
Animal,Dog,Unregistered,CARINA HEIGHTS
Animal,Attack,Attack On A Person,PARKINSON
Animal,Dog,Wandering,SANDGATE
Animal,Dog,Wandering,BARDON
Animal,Other Animal,Fox,UPPER BROOKFIELD
Animal,Attack,Attack On A Person,DEAGON
Animal,Dog,Wandering,BRIGHTON
Animal,Attack,Not An Attack,JINDALEE
Animal,Attack,Attack On A Person,DURACK
Animal,Dog,Wandering,CHERMSIDE
Animal,Attack,Attack On A Person,INALA
Animal,Dog,Wandering,NEWMARKET
Animal,Dog,Fencing Issues,CHAPEL HILL
Animal,Dog,Fencing Issues,CHAPEL HILL
Animal,Cat,Wandering,BELLBOWRIE
Animal,Dog,Fencing Issues,MOOROOKA
Animal,Attack,Attack On An Animal,MOOROOKA
Animal,Other Animal,Fox,COOPERS PLAINS
Animal,Dog,Wandering,KEDRON
Animal,Other Animal,Nuisance Animal,DURACK
Animal,Cat Trapping,,WYNNUM WEST
Animal,Dog,Wandering,YERONGA
Animal,Attack,Attack On A Person,BRISBANE CITY
Animal,Attack,Attack On An Animal,RUNCORN
Animal,Dog,Wandering,WEST END
Animal,Attack,Attack On An Animal,MOGGILL
Animal,Cat Trapping,,FOREST LAKE
Animal,Other Animal,Fox,CHAPEL HILL
Animal,Attack,Attack On An Animal,BRIGHTON
Animal,Other Animal,Deer,PINJARRA HILLS
Animal,Cat Trapping,,ACACIA RIDGE
Animal,Dog,Wandering,CHERMSIDE WEST
Animal,Cat Trapping,,SUNNYBANK
Animal,Other Animal,Fox,BELMONT
Animal,Dog,Unregistered,ASPLEY
Animal,Other Animal,Pest / Feral Animal,EAGLE FARM
Animal,Dog,Wandering,KEPERRA
Animal,Dog,Wandering,KEPERRA
Animal,Dog,Fencing Issues,BULIMBA
Animal,Attack,Attack On An Animal,MURARRIE
Animal,Dog,Fencing Issues,BULIMBA
Animal,Cat Trapping,,INDOOROOPILLY
Animal,Dog,Wandering,HEMMANT
Animal,Dog,Wandering,WEST END
Animal,Cat,Wandering,ANNERLEY
Animal,Dog,Wandering,CARINDALE
Animal,Attack,Attack On A Person,MOOROOKA
Animal,Dog,Wandering,LUTWYCHE
Animal,Dog,Wandering,DARRA
Animal,Dog,Wandering,DARRA
Animal,Dog,Unregistered,MOOROOKA
Animal,Dog,Unregistered,MOOROOKA
Animal,Dog,Wandering,KALINGA
Animal,Dog,Defecating In Public,KANGAROO POINT
Animal,Dog,Wandering,KEDRON
Animal,Attack,Attack On An Animal,BRACKEN RIDGE
Animal,Other Animal,Pest / Feral Animal,BRISBANE CITY
Animal,Dog,Wandering,SUNNYBANK
Animal,Dog,Wandering,KALINGA
Animal,Attack,Attack On A Person,NATHAN
Animal,Other Animal,Nuisance Animal,SOUTH BRISBANE
Animal,Dog,Unregistered,MOGGILL
Animal,Dog,Wandering,CHERMSIDE
Animal,Attack,Attack On A Person,FAIRFIELD
Animal,Dog,Wandering,NORMAN PARK
Animal,Dog,Wandering,TARRAGINDI
Animal,Attack,Attack On A Person,TARRAGINDI
Animal,Cat Trapping,,GEEBUNG
Animal,Other Animal,Nuisance Animal,WYNNUM WEST
Animal,Other Animal,Deer,KENMORE HILLS
Animal,Dog,Fencing Issues,BULIMBA
Animal,Attack,Attack On An Animal,MOGGILL
Animal,Cat,Wandering,ANNERLEY
Animal,Attack,Attack On A Person,INALA
Animal,Other Animal,,BURBANK
Animal,Other Animal,Deer,BROOKFIELD
Animal,Other Animal,Unregistered,SHERWOOD
Animal,Dog,Fencing Issues,OXLEY
Animal,Attack,Attack On An Animal,FAIRFIELD
Animal,Dog,Wandering,SHERWOOD
Animal,Cat Trapping,,INALA
Animal,Attack,Attack On An Animal,MOGGILL
Animal,Other Animal,Nuisance Animal,STAFFORD
Animal,Cat,Wandering,INALA
Animal,Cat,Wandering,FOREST LAKE
Animal,Dog,Wandering,ALDERLEY
Animal,Attack,Attack On An Animal,MORNINGSIDE
Animal,Attack,Attack On A Person,CHERMSIDE WEST
Animal,Dog,Wandering,YERONGA
Animal,Attack,Attack On An Animal,CARINDALE
Animal,Dog,Wandering,NEWSTEAD
Animal,Attack,Attack On A Person,RANSOME
Animal,Attack,Attack On A Person,GORDON PARK
Animal,Dog,Wandering,GORDON PARK
Animal,Attack,Attack On A Person,GORDON PARK
Animal,Cat Trapping,,EIGHT MILE PLAINS
Animal,Other Animal,Pest / Feral Animal,BRISBANE AIRPORT
Animal,Dog,Wandering,YERONGA
Animal,Attack,Not An Attack,INALA
Animal,Other Animal,Nuisance Animal,MITCHELTON
Animal,Dog,Wandering,NATHAN
Animal,Other Animal,Pest / Feral Animal,UPPER KEDRON
Animal,Cat,Wandering,FOREST LAKE
Animal,Cat,Wandering,MACGREGOR
Animal,Cat,Wandering,ROBERTSON
Animal,Cat,Wandering,MANLY
Animal,Attack,Attack On An Animal,FITZGIBBON
Animal,Attack,Attack On A Person,CARINA
Animal,Dog,Odour,COORPAROO
Animal,Dog,Wandering,MOGGILL
Animal,Dog,Unregistered,EVERTON PARK
Animal,Dog,Wandering,FIG TREE POCKET
Animal,Cat Trapping,,ACACIA RIDGE
Animal,Dog,Wandering,HERSTON
Animal,Other Animal,Nuisance Animal,EIGHT MILE PLAINS
Animal,Other Animal,Fox,BOONDALL
Animal,Cat,Wandering,PADDINGTON
Animal,Cat,Wandering,TINGALPA
Animal,Dog,Wandering,DARRA
Animal,Dog,Too Many Animals,DARRA
Animal,Attack,Attack On An Animal,BRACKEN RIDGE
Animal,Dog,Wandering,CHERMSIDE
Animal,Other Animal,Fox,NATHAN
Animal,Attack,Attack On A Person,WAVELL HEIGHTS
Animal,Dog,Wandering,BULIMBA
Animal,Dog,Fencing Issues,FITZGIBBON
Animal,Attack,Menacing,WACOL
Animal,Cat Trapping,,ELLEN GROVE
Animal,Other Animal,,BARDON
Animal,Other Animal,Nuisance Animal,CHELMER
Animal,Other Animal,Fencing Issues,PULLENVALE
Animal,Dog,Unregistered,EIGHT MILE PLAINS
Animal,Attack,Attack On An Animal,UPPER MOUNT GRAVATT
Animal,Dog,Wandering,VIRGINIA
Animal,Other Animal,Fencing Issues,INDOOROOPILLY
Animal,Dog,Fencing Issues,CALAMVALE
Animal,Dog,Fencing Issues,CHERMSIDE WEST
Animal,Attack,Attack On An Animal,SEVENTEEN MILE ROCKS
Animal,Dog,Wandering,SEVENTEEN MILE ROCKS
Animal,Cat,Wandering,DOOLANDELLA
Animal,Attack,Not An Attack,OXLEY
Animal,Dog,Fencing Issues,HENDRA
Animal,Dog,Unregistered,
Animal,Dog,Unregistered,ZILLMERE
Animal,Dog,Too Many Animals,INALA
Animal,Dog,Too Many Animals,INALA
Animal,Dog,Too Many Animals,INALA
Animal,Attack,Not An Attack,ELLEN GROVE
Animal,Other Animal,Odour,NEW FARM
Animal,Attack,Attack On A Person,NUDGEE
Animal,Dog,Fencing Issues,MORNINGSIDE
Animal,Dog,Fencing Issues,WAVELL HEIGHTS
Animal,Dog,Wandering,SANDGATE
Animal,Attack,Attack On An Animal,MORNINGSIDE
Animal,Dog,Fencing Issues,PULLENVALE
Animal,Attack,Attack On An Animal,MACGREGOR
Animal,Dog,Wandering,HENDRA
Animal,Dog,Fencing Issues,STAFFORD HEIGHTS
Animal,Cat,Wandering,THE GAP
Animal,Cat,Wandering,WYNNUM WEST
Animal,Dog,Wandering,GAYTHORNE
Animal,Attack,Attack On An Animal,RIVERHILLS
Animal,Dog,Wandering,BOONDALL
Animal,Dog,Too Many Animals,CHERMSIDE
Animal,Dog,Wandering,BRISBANE CITY
Animal,Dog,Wandering,NEW FARM
Animal,Attack,Attack On An Animal,GRACEVILLE
Animal,Attack,Attack On An Animal,FITZGIBBON
Animal,Other Animal,Pest / Feral Animal,BANYO
Animal,Dog,Fencing Issues,INALA
Animal,Dog,Wandering,BARDON
Animal,Dog,Wandering,WEST END
Animal,Other Animal,Pest / Feral Animal,MITCHELTON
Animal,Attack,Attack On An Animal,MANLY
Animal,Attack,Not An Attack,MACGREGOR
Animal,Attack,Attack On An Animal,WILSTON
Animal,Dog,Wandering,WILSTON
Animal,Other Animal,Fox,WYNNUM
Animal,Cat,Wandering,HOLLAND PARK WEST
Animal,Dog,Odour,ST LUCIA
Animal,Attack,Attack On A Person,MOUNT GRAVATT EAST
Animal,Cat Trapping,,MOUNT GRAVATT
Animal,Dog,Fencing Issues,BRIGHTON
Animal,Dog,Fencing Issues,DURACK
Animal,Other Animal,Insufficient Space,EAST BRISBANE
Animal,Attack,Attack On A Person,UPPER MOUNT GRAVATT
Animal,Other Animal,Fox,RIVERHILLS
Animal,Cat,Wandering,CALAMVALE
Animal,Attack,Attack On A Person,PARKINSON
Animal,Dog,Wandering,CALAMVALE
Animal,Attack,Attack On An Animal,WYNNUM
Animal,Other Animal,Wild Dog,WACOL
Animal,Other Animal,Fox,SALISBURY
Animal,Dog,Wandering,YERONGA
Animal,Other Animal,Pest / Feral Animal,BROOKFIELD
Animal,Dog,Too Many Animals,LUTWYCHE
Animal,Dog,Too Many Animals,LUTWYCHE
Animal,Other Animal,Nuisance Animal,PULLENVALE
Animal,Dog,Wandering,WAKERLEY
Animal,Dog,Wandering,BULIMBA
Animal,Cat Trapping,,CAMP HILL
Animal,Dog,Fencing Issues,MOUNT GRAVATT EAST
Animal,Other Animal,Fox,MOUNT CROSBY
Animal,Cat,Wandering,HOLLAND PARK
Animal,Attack,Attack On An Animal,RICHLANDS
Animal,Dog,Wandering,CARINA HEIGHTS
Animal,Cat Trapping,,MOUNT GRAVATT
Animal,Other Animal,Insufficient Space,MORNINGSIDE
Animal,Dog,Too Many Animals,EVERTON PARK
Animal,Attack,Attack On A Person,COORPAROO
Animal,Dog,,NEWSTEAD
Animal,Attack,Attack On A Person,CHANDLER
Animal,Cat,Wandering,MURARRIE
Animal,Dog,Fencing Issues,MURARRIE
Animal,Dog,Fencing Issues,KURABY
Animal,Dog,Fencing Issues,KEPERRA
Animal,Attack,Attack On A Person,SINNAMON PARK
Animal,Attack,Attack On A Person,HOLLAND PARK
Animal,Attack,Attack On An Animal,JINDALEE
Animal,Dog,Wandering,CAMP HILL
Animal,Cat Trapping,,LOTA
Animal,Other Animal,Nuisance Animal,WAKERLEY
Animal,Attack,Attack On An Animal,INDOOROOPILLY
Animal,Dog,Odour,CLAYFIELD
Animal,Cat Trapping,,BRIGHTON
Animal,Attack,Menacing,FIG TREE POCKET
Animal,Attack,Attack On An Animal,LOTA
Animal,Dog,Wandering,CHERMSIDE
Animal,Attack,Not An Attack,ALDERLEY
Animal,Attack,Attack On An Animal,NUDGEE BEACH
Animal,Cat,Wandering,THE GAP
Animal,Attack,Attack On An Animal,ELLEN GROVE
Animal,Cat,Wandering,DEAGON
Animal,Dog,Wandering,HAWTHORNE
Animal,Cat Trapping,,EIGHT MILE PLAINS
Animal,Dog,Wandering,DEAGON
Animal,Attack,Attack On An Animal,GORDON PARK
Animal,Dog,Wandering,BULIMBA
Animal,Attack,Not An Attack,KEDRON
Animal,Attack,Attack On A Person,VIRGINIA
Animal,Attack,Attack On An Animal,INALA
Animal,Cat Trapping,,YERONGA
Animal,Dog,Wandering,HIGHGATE HILL
Animal,Attack,Attack On An Animal,WYNNUM
Animal,Other Animal,Nuisance Animal,NORTHGATE
Animal,Dog,Defecating In Public,NEWMARKET
Animal,Attack,Attack On An Animal,WOOLLOONGABBA
Animal,Dog,Wandering,ACACIA RIDGE
Animal,Dog,Wandering,BRACKEN RIDGE
Animal,Other Animal,Nuisance Animal,COORPAROO
Animal,Dog,Wandering,SUNNYBANK HILLS
Animal,Dog,Wandering,VIRGINIA
Animal,Cat Trapping,,INALA
Animal,Attack,Menacing,BRISBANE CITY
Animal,Dog,Odour,GRANGE
Animal,Dog,Fencing Issues,FERNY GROVE
Animal,Cat,Wandering,MOOROOKA
Animal,Dog,Fencing Issues,INALA
Animal,Dog,Fencing Issues,INALA
Animal,Attack,Attack On A Person,ELLEN GROVE
Animal,Dog,Wandering,LOTA
Animal,Other Animal,Nuisance Animal,MOOROOKA
Animal,Cat,Wandering,WAVELL HEIGHTS
Animal,Dog,Fencing Issues,FERNY GROVE
Animal,Dog,Wandering,WYNNUM
Animal,Dog,Unregistered,FERNY GROVE
Animal,Dog,Fencing Issues,WAVELL HEIGHTS
Animal,Other Animal,Nuisance Animal,MURARRIE
Animal,Dog,Wandering,KENMORE
Animal,Dog,Wandering,ACACIA RIDGE
Animal,Dog,Fencing Issues,PADDINGTON
Animal,Dog,Too Many Animals,LUTWYCHE
Animal,Other Animal,Nuisance Animal,MOUNT GRAVATT EAST
Animal,Dog,Wandering,BRIDGEMAN DOWNS
Animal,Attack,Attack On An Animal,BRACKEN RIDGE
Animal,Dog,Fencing Issues,GAYTHORNE
Animal,Dog,Wandering,MOUNT COOT-THA
Animal,Dog,Fencing Issues,PADDINGTON
Animal,Attack,Attack On An Animal,SINNAMON PARK
Animal,Dog,Too Many Animals,RUNCORN
Animal,Dog,Wandering,CARSELDINE
Animal,Dog,Fencing Issues,FIG TREE POCKET
Animal,Dog,Wandering,ST LUCIA
Animal,Attack,Attack On An Animal,NUDGEE
Animal,Cat,Wandering,SUNNYBANK
Animal,Cat,Wandering,TARINGA
Animal,Dog,Wandering,WILSTON
Animal,Other Animal,Nuisance Animal,MILTON
Animal,Cat Trapping,,ALDERLEY
Animal,Dog,Fencing Issues,BELMONT
Animal,Dog,Wandering,SANDGATE
Animal,Other Animal,Nuisance Animal,STAFFORD HEIGHTS
Animal,Dog,Wandering,BARDON
Animal,Dog,Wandering,STAFFORD
Animal,Other Animal,Deer,MOGGILL
Animal,Other Animal,Fox,MOGGILL
Animal,Cat,Wandering,ARCHERFIELD
Animal,Dog,Wandering,BRISBANE CITY
Animal,Dog,Fencing Issues,MURARRIE
Animal,Dog,Fencing Issues,MURARRIE
Animal,Dog,Wandering,BRACKEN RIDGE
Animal,Dog,Wandering,KALINGA
Animal,Dog,Unregistered,STAFFORD HEIGHTS
Animal,Other Animal,Nuisance Animal,TARRAGINDI
Animal,Dog,Unregistered,WAVELL HEIGHTS
Animal,Dog,Wandering,ASPLEY
Animal,Cat,Wandering,HOLLAND PARK WEST
Animal,Other Animal,Fencing Issues,ANNERLEY
Animal,Cat,Wandering,HOLLAND PARK WEST
Animal,Cat Trapping,,DOOLANDELLA
Animal,Dog,Wandering,CARINDALE
Animal,Attack,Attack On A Person,ALDERLEY
Animal,Dog,Wandering,ROCKLEA
Animal,Attack,Attack On A Person,FITZGIBBON
Animal,Dog,Wandering,ZILLMERE
Animal,Attack,Attack On An Animal,SOUTH BRISBANE
Animal,Other Animal,Nuisance Animal,MANLY WEST
Animal,Dog,Wandering,ANNERLEY
Animal,Other Animal,Fox,INDOOROOPILLY
Animal,Dog,Fencing Issues,ZILLMERE
Animal,Cat Trapping,,WACOL
Animal,Other Animal,Wandering,BRIDGEMAN DOWNS
Animal,Dog,Defecating In Public,HAMILTON
Animal,Dog,Wandering,BRIDGEMAN DOWNS
Animal,Attack,Attack On An Animal,HAMILTON
Animal,Dog,Too Many Animals,SUNNYBANK HILLS
Animal,Other Animal,Deer,ANSTEAD
Animal,Other Animal,Fox,UPPER MOUNT GRAVATT
Animal,Attack,Attack On An Animal,DOOLANDELLA
Animal,Other Animal,Nuisance Animal,BALD HILLS
Animal,Cat Trapping,,FORTITUDE VALLEY
Animal,Cat,Wandering,ELLEN GROVE
Animal,Cat,Wandering,WYNNUM WEST
Animal,Cat,Wandering,TOOWONG
Animal,Cat,Wandering,TARINGA
Animal,Attack,Attack On A Person,SUNNYBANK
Animal,Dog,Wandering,UPPER KEDRON
Animal,Attack,Attack On An Animal,BOONDALL
Animal,Dog,Fencing Issues,FOREST LAKE
Animal,Dog,Wandering,MANLY
Animal,Dog,Wandering,COOPERS PLAINS
Animal,Attack,Attack On A Person,MOUNT GRAVATT EAST
Animal,Attack,Attack On A Person,MILTON
Animal,Other Animal,Nuisance Animal,DREWVALE
Animal,Attack,Attack On An Animal,BRIDGEMAN DOWNS
Animal,Cat Trapping,,DARRA
Animal,Dog,Fencing Issues,WYNNUM
Animal,Cat Trapping,,STAFFORD
Animal,Other Animal,Nuisance Animal,CARINDALE
Animal,Cat,Wandering,VIRGINIA
Animal,Dog,Fencing Issues,KARANA DOWNS
Animal,Dog,Fencing Issues,INALA
Animal,Dog,Fencing Issues,CHELMER
Animal,Attack,Attack On An Animal,MITCHELTON
Animal,Attack,Not An Attack,SUNNYBANK HILLS
Animal,Dog,Wandering,CHERMSIDE
Animal,Dog,Wandering,CHERMSIDE
Animal,Dog,Odour,CARINA
Animal,Other Animal,Rabbit,OXLEY
Animal,Dog,Wandering,HAMILTON
Animal,Cat,Wandering,DURACK
Animal,Dog,Odour,CHERMSIDE
Animal,Dog,Wandering,ST LUCIA
Animal,Attack,Not An Attack,KEPERRA
Animal,Other Animal,Fox,MOUNT GRAVATT EAST
Animal,Dog,Fencing Issues,CAMP HILL
Animal,Dog,Odour,OXLEY
Animal,Dog,Wandering,MCDOWALL
Animal,Dog,Odour,DUTTON PARK
Animal,Cat Trapping,,ALGESTER
Animal,Cat Trapping,,WYNNUM
Animal,Cat Trapping,,CARINA
Animal,Dog,Fencing Issues,GAYTHORNE
Animal,Dog,Fencing Issues,TINGALPA
Animal,Attack,Not An Attack,CAMP HILL
Animal,Dog,Wandering,MOUNT COOT-THA
Animal,Attack,Attack On An Animal,INALA
Animal,Attack,Attack On A Person,TARRAGINDI
Animal,Dog,Fencing Issues,MOUNT GRAVATT EAST
Animal,Other Animal,Nuisance Animal,FOREST LAKE
Animal,Other Animal,Fox,WAVELL HEIGHTS
Animal,Dog,Too Many Animals,LUTWYCHE
Animal,Dog,Too Many Animals,LUTWYCHE
Animal,Attack,Attack On A Person,INALA
Animal,Cat,Wandering,KURABY
Animal,Dog,Fencing Issues,CANNON HILL
Animal,Other Animal,Nuisance Animal,BARDON
Animal,Dog,Wandering,THE GAP
Animal,Dog,Fencing Issues,INALA
Animal,Dog,Unregistered,MOOROOKA
Animal,Attack,Attack On A Person,PULLENVALE
Animal,Dog,Fencing Issues,INDOOROOPILLY
Animal,Dog,Wandering,FERNY GROVE
Animal,Dog,Wandering,LOTA
Animal,Other Animal,Deer,BROOKFIELD
Animal,Dog,Wandering,BALD HILLS
Animal,Dog,Fencing Issues,ELLEN GROVE
Animal,Dog,Fencing Issues,ELLEN GROVE
Animal,Dog,Unregistered,TINGALPA
Animal,Dog,Unregistered,MOOROOKA
Animal,Attack,Attack On A Person,CAMP HILL
Animal,Attack,Attack On A Person,KELVIN GROVE
Animal,Other Animal,Fox,CHANDLER
Animal,Attack,Attack On An Animal,WYNNUM WEST
Animal,Attack,Attack On A Person,NUDGEE
Animal,Dog,Unregistered,CAMP HILL
Animal,Cat Trapping,,INALA
Animal,Attack,Attack On An Animal,MOOROOKA
Animal,Dog,Fencing Issues,BALD HILLS
Animal,Attack,Attack On A Person,BRIDGEMAN DOWNS
Animal,Dog,Wandering,ALBION
Animal,Dog,Wandering,ASCOT
Animal,Attack,Attack On An Animal,FOREST LAKE
Animal,Attack,Attack On An Animal,SANDGATE
Animal,Cat Trapping,,SANDGATE
Animal,Cat,Wandering,
Animal,Other Animal,Wandering,MANLY WEST
Animal,Dog,Wandering,CARSELDINE
Animal,Dog,Wandering,CARSELDINE
Animal,Other Animal,Pest / Feral Animal,NUNDAH
Animal,Attack,Menacing,MITCHELTON
Animal,Attack,Menacing,MITCHELTON
Animal,Attack,Attack On An Animal,CHELMER
Animal,Dog,Defecating In Public,EVERTON PARK
Animal,Dog,Defecating In Public,MORNINGSIDE
Animal,Attack,Attack On An Animal,EVERTON PARK
Animal,Cat,Wandering,BOONDALL
Animal,Other Animal,Fox,SANDGATE
Animal,Cat,Wandering,GAYTHORNE
Animal,Attack,Attack On A Person,MORNINGSIDE
Animal,Dog,Fencing Issues,BRIDGEMAN DOWNS
Animal,Other Animal,Rabbit,GUMDALE
Animal,Dog,Fencing Issues,MORNINGSIDE
Animal,Dog,Wandering,NEWSTEAD
Animal,Dog,Defecating In Public,BRISBANE CITY
Animal,Dog,Defecating In Public,BOONDALL
Animal,Dog,Too Many Animals,BOONDALL
Animal,Other Animal,Deer,ANSTEAD
Animal,Other Animal,Unregistered,DURACK
Animal,Attack,Not An Attack,MORNINGSIDE
Animal,Dog,Wandering,PINJARRA HILLS
Animal,Other Animal,Fox,UPPER BROOKFIELD
Animal,Other Animal,Wandering,MCDOWALL
Animal,Other Animal,Fox,UPPER BROOKFIELD
Animal,Dog,Defecating In Public,SUNNYBANK HILLS
Animal,Other Animal,Deer,JINDALEE
Animal,Other Animal,Fox,BOONDALL
Animal,Cat,Wandering,THE GAP
Animal,Attack,Attack On An Animal,BRACKEN RIDGE
Animal,Dog,Fencing Issues,BELMONT
Animal,Attack,Attack On A Person,NUDGEE BEACH
Animal,Cat Trapping,,HENDRA
Animal,Other Animal,Fox,NATHAN
Animal,Other Animal,Fox,CHANDLER
Animal,Attack,Attack On A Person,CHERMSIDE WEST
Animal,Other Animal,Wild Dog,RIVERHILLS
Animal,Dog,Wandering,WYNNUM
Animal,Attack,Attack On An Animal,CARINA HEIGHTS
Animal,Cat,Wandering,BALD HILLS
Animal,Cat Trapping,,KURABY
Animal,Attack,Attack On A Person,NUNDAH
Animal,Dog,Wandering,CHERMSIDE
Animal,Dog,Fencing Issues,INALA
Animal,Attack,Attack On A Person,INALA
Animal,Dog,Wandering,NEWSTEAD
Animal,Dog,Unregistered,ROCHEDALE
Animal,Other Animal,Fox,BOONDALL
Animal,Attack,Not An Attack,CHERMSIDE
Animal,Other Animal,Rabbit,GUMDALE
Animal,Attack,Attack On An Animal,TOOWONG
Animal,Attack,Not An Attack,KELVIN GROVE
Animal,Attack,Attack On An Animal,SANDGATE
Animal,Attack,Attack On An Animal,INALA
Animal,Other Animal,Wandering,KARAWATHA
Animal,Attack,Attack On A Person,RUNCORN
Animal,Other Animal,Fox,BOONDALL
Animal,Attack,Attack On An Animal,RUNCORN
Animal,Attack,Not An Attack,WEST END
Animal,Other Animal,Wild Dog,NUDGEE
Animal,Attack,Attack On An Animal,TARRAGINDI
Animal,Dog,Wandering,WOOLOOWIN
Animal,Other Animal,Fencing Issues,UPPER KEDRON
Animal,Attack,Not An Attack,BELLBOWRIE
Animal,Dog,Wandering,CARINA
Animal,Attack,Attack On An Animal,KALINGA
Animal,Other Animal,Fox,GEEBUNG
Animal,Cat Trapping,,BRACKEN RIDGE
Animal,Attack,Attack On An Animal,MANSFIELD
Animal,Dog,Wandering,ALDERLEY
Animal,Attack,Attack On An Animal,RUNCORN
Animal,Attack,Not An Attack,YERONGA
Animal,Attack,Menacing,CANNON HILL
Animal,Dog,Too Many Animals,RED HILL
Animal,Cat Trapping,,NUNDAH
Animal,Attack,Attack On A Person,UPPER MOUNT GRAVATT
Animal,Dog,Wandering,HOLLAND PARK
Animal,Dog,Unregistered,CARINA
Animal,Attack,Attack On A Person,STAFFORD HEIGHTS
Animal,Dog,Unregistered,MOOROOKA
Animal,Dog,Fencing Issues,BULIMBA
Animal,Attack,Attack On An Animal,FAIRFIELD
Animal,Dog,Fencing Issues,MANLY
Animal,Attack,Attack On An Animal,ROBERTSON
Animal,Cat Trapping,,FOREST LAKE
Animal,Other Animal,,GEEBUNG
Animal,Dog,Unregistered,TARRAGINDI
Animal,Dog,,TINGALPA
Animal,Dog,Wandering,WEST END
Animal,Attack,Attack On A Person,ACACIA RIDGE
Animal,Dog,Unregistered,MOOROOKA
Animal,Dog,Unregistered,BELMONT
Animal,Dog,Wandering,ANSTEAD
Animal,Dog,Wandering,ANSTEAD
Animal,Attack,Attack On A Person,INALA
Animal,Cat Trapping,,SUNNYBANK HILLS
Animal,Attack,Attack On A Person,FERNY GROVE
Animal,Cat,Wandering,HOLLAND PARK WEST
Animal,Dog,Wandering,EVERTON PARK
Animal,Dog,Odour,INALA
Animal,Dog,Too Many Animals,TENERIFFE
Animal,Attack,Menacing,ALDERLEY
Animal,Dog,Wandering,CHERMSIDE
Animal,Dog,Unregistered,BULIMBA
Animal,Other Animal,,DEAGON
Animal,Other Animal,Wild Dog,UPPER BROOKFIELD
Animal,Cat Trapping,,BALD HILLS
Animal,Cat Trapping,,RICHLANDS
Animal,Other Animal,Wild Dog,KHOLO
Animal,Dog,Wandering,PARKINSON
Animal,Cat Trapping,,STAFFORD
Animal,Attack,Attack On A Person,SANDGATE
Animal,Attack,Attack On An Animal,WAVELL HEIGHTS
Animal,Dog,Wandering,CHERMSIDE
Animal,Attack,Attack On A Person,ROCKLEA
Animal,Other Animal,Rabbit,CAMP HILL
Animal,Other Animal,,GUMDALE
Animal,Dog,Wandering,ASCOT
Animal,Other Animal,Fox,VIRGINIA
Animal,Other Animal,Fox,MANLY
Animal,Dog,Fencing Issues,HOLLAND PARK
Animal,Dog,Wandering,CHERMSIDE
Animal,Attack,Attack On A Person,MOUNT GRAVATT EAST
Animal,Dog,Unregistered,BALMORAL
Animal,Attack,Attack On An Animal,WEST END
Animal,Attack,Attack On An Animal,MCDOWALL
Animal,Other Animal,,BANYO
Animal,Attack,Attack On A Person,BROOKFIELD
Animal,Cat,Wandering,TARRAGINDI
Animal,Dog,Wandering,ANSTEAD
Animal,Dog,Odour,NORMAN PARK
Animal,Dog,Fencing Issues,STAFFORD
Animal,Other Animal,Odour,ZILLMERE
Animal,Attack,Attack On An Animal,TINGALPA
Animal,Attack,Attack On A Person,EVERTON PARK
Animal,Dog,Wandering,BELLBOWRIE
Animal,Other Animal,,PORT OF BRISBANE
Animal,Attack,Attack On A Person,MOOROOKA
Animal,Attack,Not An Attack,YERONGA
Animal,Dog,Wandering,CARINA
Animal,Cat Trapping,,INALA
Animal,Dog,Wandering,ALDERLEY
Animal,Other Animal,Fox,KENMORE HILLS
Animal,Attack,Attack On A Person,CARSELDINE
Animal,Dog,Wandering,LOTA
Animal,Dog,Fencing Issues,MURARRIE
Animal,Dog,Fencing Issues,INALA
Animal,Cat Trapping,,RICHLANDS
Animal,Cat Trapping,,SANDGATE
Animal,Cat Trapping,,ACACIA RIDGE
Animal,Dog,Fencing Issues,ALBION
Animal,Cat Trapping,,DARRA
Animal,Dog,Wandering,WEST END
Animal,Dog,,NEWSTEAD
Animal,Dog,Wandering,WEST END
Animal,Attack,Attack On An Animal,GORDON PARK
Animal,Other Animal,Fencing Issues,BALMORAL
Animal,Dog,Wandering,MOUNT COOT-THA
Animal,Cat,Wandering,WAVELL HEIGHTS
Animal,Other Animal,Wild Dog,THE GAP
Animal,Dog,Fencing Issues,FOREST LAKE
Animal,Attack,Attack On A Person,INALA
Animal,Attack,Attack On An Animal,STAFFORD
Animal,Other Animal,Fox,CHERMSIDE
Animal,Attack,Attack On A Person,ELLEN GROVE
Animal,Dog,,COORPAROO
Animal,Other Animal,Unregistered,KURABY
Animal,Other Animal,Fox,KARANA DOWNS
Animal,Other Animal,Nuisance Animal,BOONDALL
Animal,Dog,,HENDRA
Animal,Attack,Attack On A Person,BRACKEN RIDGE
Animal,Attack,Not An Attack,MANLY WEST
Animal,Attack,Attack On A Person,KEPERRA
Animal,Attack,Attack On An Animal,INALA
Animal,Dog,,ASPLEY
Animal,Attack,Attack On An Animal,BALMORAL
Animal,Dog,Unregistered,HOLLAND PARK
Animal,Other Animal,Rabbit,EAGLE FARM
Animal,Dog,Wandering,GEEBUNG
Animal,Cat,Wandering,BOONDALL
Animal,Dog,Wandering,HIGHGATE HILL
Animal,Attack,Not An Attack,BOONDALL
Animal,Cat Trapping,,STAFFORD HEIGHTS
Animal,Other Animal,Fox,BURBANK
Animal,Dog,Defecating In Public,DUTTON PARK
Animal,Dog,Wandering,COORPAROO
Animal,Other Animal,Fox,KARAWATHA
Animal,Dog,Wandering,BULIMBA
Animal,Dog,Wandering,BULIMBA
Animal,Dog,Unregistered,BRIGHTON
Animal,Other Animal,Nuisance Animal,INALA
Animal,Dog,Too Many Animals,MANLY WEST
Animal,Dog,Odour,INALA
Animal,Dog,Fencing Issues,WOOLLOONGABBA
Animal,Dog,Wandering,WEST END
Animal,Attack,Not An Attack,YERONGA
Animal,Cat,Wandering,ALDERLEY
Animal,Dog,Wandering,NUNDAH
Animal,Dog,Fencing Issues,SUNNYBANK
Animal,Attack,Attack On A Person,GREENSLOPES
Animal,Cat Trapping,,ALDERLEY
Animal,Cat Trapping,,STONES CORNER
Animal,Dog,Wandering,NEWSTEAD
Animal,Cat Trapping,,STAFFORD HEIGHTS
Animal,Dog,Defecating In Public,SOUTH BRISBANE
Animal,Dog,Fencing Issues,HOLLAND PARK
Animal,Attack,Attack On A Person,KEDRON
Animal,Attack,Menacing,BOONDALL
Animal,Attack,Not An Attack,CHERMSIDE
Animal,Cat,Wandering,INALA
Animal,Dog,Wandering,MOUNT COOT-THA
Animal,Other Animal,Fox,BOONDALL
Animal,Attack,Not An Attack,JAMBOREE HEIGHTS
Animal,Other Animal,Wandering,INALA
Animal,Dog,Wandering,CHERMSIDE
Animal,Dog,Fencing Issues,INALA
