Category: Nature,Category: Type,Category: Reporting Level,Location: Suburb
Animal,Dog,Fencing Issues,UPPER MOUNT GRAVATT
Animal,Other Animal,Nuisance Animal,CANNON HILL
Animal,Attack,Attack On An Animal,MANLY WEST
Animal,Dog,Fencing Issues,DEAGON
Animal,Other Animal,Rabbit,ZILLMERE
Animal,Attack,Menacing,COORPAROO
Animal,Other Animal,Odour,CARSELDINE
Animal,Attack,Not An Attack,STRETTON
Animal,Attack,Attack On An Animal,MOUNT GRAVATT EAST
Animal,Dog,Fencing Issues,MCDOWALL
Animal,Dog,Fencing Issues,HOLLAND PARK
Animal,Dog,Fencing Issues,NORTHGATE
Animal,Cat Trapping,,FOREST LAKE
Animal,Dog,Fencing Issues,ROCHEDALE
Animal,Dog,Fencing Issues,BOWEN HILLS
Animal,Attack,Not An Attack,INALA
Animal,Attack,Attack On An Animal,OXLEY
Animal,Cat Trapping,,BANYO
Animal,Attack,Attack On An Animal,WYNNUM
Animal,Attack,Attack On A Person,NORTHGATE
Animal,Dog,Too Many Animals,EVERTON PARK
Animal,Dog,Fencing Issues,SALISBURY
Animal,Dog,Fencing Issues,INDOOROOPILLY
Animal,Dog,Fencing Issues,INDOOROOPILLY
Animal,Cat Trapping,,RUNCORN
Animal,Attack,Attack On An Animal,NUNDAH
Animal,Attack,Not An Attack,KENMORE
Animal,Other Animal,Fox,THE GAP
Animal,Attack,Attack On An Animal,NEW FARM
Animal,Dog,Fencing Issues,WYNNUM
Animal,Other Animal,Deer,PULLENVALE
Animal,Cat Trapping,,ANNERLEY
Animal,Other Animal,Rabbit,VIRGINIA
Animal,Dog,Fencing Issues,CARINA
Animal,Cat Trapping,,RIVERHILLS
Animal,Dog,Fencing Issues,STAFFORD HEIGHTS
Animal,Attack,Not An Attack,CHERMSIDE
Animal,Attack,Not An Attack,SHERWOOD
Animal,Dog,Fencing Issues,ALGESTER
Animal,Dog,Fencing Issues,ASPLEY
Animal,Dog,Fencing Issues,FOREST LAKE
Animal,Cat,,MANLY WEST
Animal,Other Animal,Nuisance Animal,DARRA
Animal,Dog,Fencing Issues,DURACK
Animal,Other Animal,Nuisance Animal,ST LUCIA
Animal,Cat Trapping,,SEVENTEEN MILE ROCKS
Animal,Dog,Fencing Issues,MANLY WEST
Animal,Other Animal,Fox,FIG TREE POCKET
Animal,Dog,Too Many Animals,TOOWONG
Animal,Cat Trapping,,COORPAROO
Animal,Dog,Fencing Issues,CORINDA
Animal,Attack,Attack On An Animal,TINGALPA
Animal,Dog,,INALA
Animal,Attack,Attack On A Person,JINDALEE
Animal,Dog,Fencing Issues,BRACKEN RIDGE
Animal,Dog,Defecating In Public,EVERTON PARK
Animal,Dog,Odour,NORTHGATE
Animal,Cat Trapping,,INALA
Animal,Attack,Not An Attack,WYNNUM WEST
Animal,Other Animal,Odour,ELLEN GROVE
Animal,Other Animal,Fox,FIG TREE POCKET
Animal,Cat Trapping,,INALA
Animal,Attack,Attack On A Person,WYNNUM WEST
Animal,Cat Trapping,,HOLLAND PARK
Animal,Attack,Attack On A Person,CARINDALE
Animal,Attack,Not An Attack,FIG TREE POCKET
Animal,Dog,Fencing Issues,GORDON PARK
Animal,Cat Trapping,,ANNERLEY
Animal,Dog,Fencing Issues,CHERMSIDE
Animal,Attack,Attack On An Animal,MCDOWALL
Animal,Attack,Menacing,FOREST LAKE
Animal,Other Animal,Fencing Issues,STAFFORD HEIGHTS
Animal,Other Animal,Nuisance Animal,MURARRIE
Animal,Attack,Menacing,BRIGHTON
Animal,Attack,Attack On A Person,BARDON
Animal,Attack,Attack On A Person,COOPERS PLAINS
Animal,Dog,Too Many Animals,BANYO
Animal,Attack,Attack On An Animal,CAMP HILL
Animal,Dog,Too Many Animals,CARINDALE
Animal,Dog,Fencing Issues,ACACIA RIDGE
Animal,Other Animal,Nuisance Animal,BULIMBA
Animal,Attack,Attack On A Person,KHOLO
Animal,Cat Trapping,,STAFFORD HEIGHTS
Animal,Other Animal,Deer,PULLENVALE
Animal,Attack,Attack On An Animal,BRIGHTON
Animal,Dog,Fencing Issues,CARSELDINE
Animal,Attack,Not An Attack,KANGAROO POINT
Animal,Dog,Too Many Animals,NEWMARKET
Animal,Dog,Defecating In Public,HEMMANT
Animal,Other Animal,Fox,HOLLAND PARK
Animal,Attack,Attack On A Person,BULIMBA
Animal,Cat Trapping,,ENOGGERA
Animal,Cat,,WYNNUM WEST
Animal,Attack,Not An Attack,WYNNUM
Animal,Attack,Not An Attack,PADDINGTON
Animal,Cat,,WYNNUM WEST
Animal,Cat,,WYNNUM WEST
Animal,Dog,Too Many Animals,MITCHELTON
Animal,Dog,Fencing Issues,KANGAROO POINT
Animal,Dog,Unregistered,LOTA
Animal,Dog,Fencing Issues,LOTA
Animal,Other Animal,Pest / Feral Animal,WOOLLOONGABBA
Animal,Dog,Fencing Issues,BRACKEN RIDGE
Animal,Other Animal,Fox,CANNON HILL
Animal,Dog,Fencing Issues,WINDSOR
Animal,Dog,Fencing Issues,WINDSOR
Animal,Dog,Fencing Issues,GEEBUNG
Animal,Dog,Fencing Issues,ZILLMERE
Animal,Dog,Fencing Issues,DUTTON PARK
Animal,Attack,Attack On A Person,UPPER MOUNT GRAVATT
Animal,Other Animal,Nuisance Animal,BRIGHTON
Animal,Other Animal,Fox,KHOLO
Animal,Attack,Not An Attack,WYNNUM WEST
Animal,Attack,Menacing,NEW FARM
Animal,Attack,Attack On An Animal,ST LUCIA
Animal,Other Animal,Nuisance Animal,NUDGEE BEACH
Animal,Attack,Attack On A Person,BANYO
Animal,Dog,Fencing Issues,PALLARA
Animal,Dog,Defecating In Public,TENERIFFE
Animal,Other Animal,Nuisance Animal,WYNNUM
Animal,Dog,Too Many Animals,EAST BRISBANE
Animal,Dog,Fencing Issues,SPRING HILL
Animal,Attack,Attack On A Person,FOREST LAKE
Animal,Dog,Too Many Animals,SANDGATE
Animal,Attack,Menacing,WEST END
Animal,Attack,Attack On An Animal,EVERTON PARK
Animal,Attack,Not An Attack,COORPAROO
Animal,Attack,Attack On A Person,WYNNUM WEST
Animal,Attack,Menacing,VIRGINIA
Animal,Dog,Defecating In Public,ANNERLEY
Animal,Other Animal,Fencing Issues,BANYO
Animal,Dog,Fencing Issues,INALA
Animal,Dog,Fencing Issues,INALA
Animal,Dog,Too Many Animals,TOOWONG
Animal,Attack,Menacing,NUNDAH
Animal,Dog,Fencing Issues,ROCHEDALE
Animal,Attack,Not An Attack,ELLEN GROVE
Animal,Cat,,ASPLEY
Animal,Dog,Unregistered,MOGGILL
Animal,Dog,Too Many Animals,GORDON PARK
Animal,Cat Trapping,,BOWEN HILLS
Animal,Attack,Attack On An Animal,CARINA HEIGHTS
Animal,Dog,Fencing Issues,CARINA HEIGHTS
Animal,Attack,Attack On An Animal,GRANGE
Animal,Dog,Fencing Issues,MANSFIELD
Animal,Attack,Attack On A Person,ST LUCIA
Animal,Dog,Defecating In Public,HIGHGATE HILL
Animal,Dog,Fencing Issues,DEAGON
Animal,Dog,Fencing Issues,MITCHELTON
Animal,Dog,Fencing Issues,STAFFORD HEIGHTS
Animal,Cat Trapping,,STAFFORD HEIGHTS
Animal,Dog,Too Many Animals,ANSTEAD
Animal,Attack,Attack On An Animal,MCDOWALL
Animal,Attack,Attack On An Animal,EVERTON PARK
Animal,Other Animal,Nuisance Animal,FOREST LAKE
Animal,Dog,Fencing Issues,EIGHT MILE PLAINS
Animal,Attack,Attack On An Animal,FERNY GROVE
Animal,Attack,Attack On An Animal,STAFFORD HEIGHTS
Animal,Attack,Attack On A Person,MOUNT OMMANEY
Animal,Attack,Attack On A Person,VIRGINIA
Animal,Dog,Fencing Issues,MOUNT GRAVATT
Animal,Attack,Attack On A Person,CHELMER
Animal,Dog,Fencing Issues,WOOLLOONGABBA
Animal,Dog,Odour,FOREST LAKE
Animal,Attack,Not An Attack,FOREST LAKE
Animal,Attack,Attack On A Person,MOGGILL
Animal,Attack,Attack On A Person,NEWSTEAD
Animal,Cat Trapping,,KENMORE
Animal,Attack,Attack On A Person,SANDGATE
Animal,Dog,Defecating In Public,VIRGINIA
Animal,Other Animal,Deer,JINDALEE
Animal,Dog,Unregistered,SANDGATE
Animal,Dog,Fencing Issues,HEMMANT
Animal,Cat Trapping,,CANNON HILL
Animal,Dog,Odour,CARINDALE
Animal,Attack,Not An Attack,MITCHELTON
Animal,Attack,Attack On An Animal,MANLY WEST
Animal,Dog,Defecating In Public,CLAYFIELD
Animal,Dog,Defecating In Public,HENDRA
Animal,Other Animal,Fox,
Animal,Other Animal,Fox,
Animal,Dog,Fencing Issues,WESTLAKE
Animal,Cat Trapping,,SUNNYBANK
Animal,Attack,Menacing,DARRA
Animal,Dog,Too Many Animals,GREENSLOPES
Animal,Attack,Attack On An Animal,LOTA
Animal,Attack,Attack On An Animal,CARINA
Animal,Cat,,UPPER MOUNT GRAVATT
Animal,Cat Trapping,,FOREST LAKE
Animal,Cat Trapping,,UPPER MOUNT GRAVATT
Animal,Attack,Not An Attack,ROBERTSON
Animal,Attack,Attack On An Animal,CHELMER
Animal,Dog,Fencing Issues,CAMP HILL
Animal,Attack,Attack On An Animal,CHERMSIDE
Animal,Cat Trapping,,SALISBURY
Animal,Attack,Attack On An Animal,BRIGHTON
Animal,Attack,Attack On An Animal,THE GAP
Animal,Dog,Fencing Issues,ELLEN GROVE
Animal,Dog,Fencing Issues,PADDINGTON
Animal,Dog,Fencing Issues,NORMAN PARK
Animal,Dog,Too Many Animals,NORMAN PARK
Animal,Other Animal,Fox,CAMP HILL
Animal,Attack,Attack On A Person,SUNNYBANK
Animal,Dog,Fencing Issues,RIVERHILLS
Animal,Dog,Fencing Issues,KEPERRA
Animal,Dog,Unregistered,MITCHELTON
Animal,Dog,Fencing Issues,ENOGGERA
Animal,Cat Trapping,,STAFFORD
Animal,Dog,Too Many Animals,CARINDALE
Animal,Dog,Defecating In Public,STRETTON
Animal,Dog,Defecating In Public,STRETTON
Animal,Dog,Odour,BELMONT
Animal,Attack,Attack On An Animal,INDOOROOPILLY
Animal,Other Animal,,ACACIA RIDGE
Animal,Attack,Not An Attack,HOLLAND PARK
Animal,Attack,Menacing,NUDGEE
Animal,Dog,Defecating In Public,THE GAP
Animal,Dog,Unregistered,INALA
Animal,Attack,Not An Attack,FOREST LAKE
Animal,Other Animal,Nuisance Animal,HENDRA
Animal,Attack,Attack On A Person,ZILLMERE
Animal,Cat,,SUNNYBANK
Animal,Attack,Attack On An Animal,HEMMANT
Animal,Dog,Fencing Issues,CARINA HEIGHTS
Animal,Dog,Defecating In Public,MOOROOKA
Animal,Cat Trapping,,KEPERRA
Animal,Other Animal,Nuisance Animal,MOUNT GRAVATT EAST
Animal,Dog,Fencing Issues,MORNINGSIDE
Animal,Other Animal,Deer,PULLENVALE
Animal,Cat Trapping,,COOPERS PLAINS
Animal,Attack,Attack On An Animal,BRIGHTON
Animal,Dog,,KURABY
Animal,Cat,,KURABY
Animal,Dog,Fencing Issues,UPPER MOUNT GRAVATT
Animal,Dog,Fencing Issues,ANNERLEY
Animal,Dog,Too Many Animals,FOREST LAKE
Animal,Attack,Attack On An Animal,ASPLEY
Animal,Dog,Fencing Issues,FIG TREE POCKET
Animal,Dog,Defecating In Public,ACACIA RIDGE
Animal,Dog,Defecating In Public,ACACIA RIDGE
Animal,Dog,Fencing Issues,CHERMSIDE
Animal,Attack,Attack On A Person,SUNNYBANK
Animal,Attack,Attack On An Animal,WYNNUM
Animal,Attack,Attack On An Animal,MORNINGSIDE
Animal,Other Animal,Deer,PULLENVALE
Animal,Dog,Fencing Issues,STAFFORD HEIGHTS
Animal,Dog,Fencing Issues,SEVENTEEN MILE ROCKS
Animal,Attack,Attack On A Person,ELLEN GROVE
Animal,Other Animal,Fox,WYNNUM
Animal,Cat,,FOREST LAKE
Animal,Cat Trapping,,WYNNUM
Animal,Dog,Fencing Issues,BRIGHTON
Animal,Attack,Attack On An Animal,SEVEN HILLS
Animal,Other Animal,Nuisance Animal,SUNNYBANK HILLS
Animal,Attack,Attack On An Animal,BRIGHTON
Animal,Dog,Fencing Issues,EIGHT MILE PLAINS
Animal,Dog,Unregistered,SUNNYBANK HILLS
Animal,Other Animal,Pest / Feral Animal,WOOLLOONGABBA
Animal,Attack,Attack On An Animal,INALA
Animal,Attack,Not An Attack,INALA
Animal,Dog,Fencing Issues,KENMORE
Animal,Attack,Attack On An Animal,THE GAP
Animal,Attack,Attack On A Person,SUNNYBANK HILLS
Animal,Attack,Attack On An Animal,DEAGON
Animal,Other Animal,Too Many Animals,INALA
Animal,Dog,Too Many Animals,CARINDALE
Animal,Other Animal,Pest / Feral Animal,RUNCORN
Animal,Cat,,CHERMSIDE WEST
Animal,Dog,Too Many Animals,SEVEN HILLS
Animal,Dog,Too Many Animals,WYNNUM
Animal,Attack,Dangerous,JAMBOREE HEIGHTS
Animal,Dog,Defecating In Public,ELLEN GROVE
Animal,Dog,Defecating In Public,ELLEN GROVE
Animal,Attack,Attack On An Animal,PARKINSON
Animal,Dog,Fencing Issues,INALA
Animal,Dog,Too Many Animals,ROCKLEA
Animal,Dog,Defecating In Public,HOLLAND PARK WEST
Animal,Dog,Fencing Issues,KEPERRA
Animal,Dog,Fencing Issues,SUNNYBANK HILLS
Animal,Other Animal,Nuisance Animal,JAMBOREE HEIGHTS
Animal,Cat Trapping,,BANYO
Animal,Attack,Attack On A Person,SANDGATE
Animal,Other Animal,Rabbit,RED HILL
Animal,Other Animal,Fox,CAMP HILL
Animal,Attack,Not An Attack,DOOLANDELLA
Animal,Attack,Menacing,WINDSOR
Animal,Cat Trapping,,ENOGGERA
Animal,Other Animal,Fox,SALISBURY
Animal,Other Animal,Nuisance Animal,DURACK
Animal,Attack,Not An Attack,WYNNUM
Animal,Other Animal,Nuisance Animal,DURACK
Animal,Dog,Too Many Animals,FOREST LAKE
Animal,Dog,Defecating In Public,BOWEN HILLS
Animal,Attack,Attack On An Animal,COORPAROO
Animal,Dog,Fencing Issues,AUCHENFLOWER
Animal,Other Animal,Fox,FIG TREE POCKET
Animal,Other Animal,Fox,HOLLAND PARK
Animal,Other Animal,Pest / Feral Animal,ARCHERFIELD
Animal,Other Animal,Pest / Feral Animal,BOONDALL
Animal,Dog,Fencing Issues,KENMORE
Animal,Other Animal,Nuisance Animal,HOLLAND PARK
Animal,Other Animal,Fencing Issues,CHERMSIDE
Animal,Other Animal,Nuisance Animal,ALGESTER
Animal,Dog,Defecating In Public,WEST END
Animal,Attack,Attack On A Person,KEDRON
Animal,Dog,Fencing Issues,PALLARA
Animal,Dog,Unregistered,ASPLEY
Animal,Attack,Not An Attack,ASCOT
Animal,Dog,,YERONGA
Animal,Attack,Attack On A Person,CALAMVALE
Animal,Cat Trapping,,ANNERLEY
Animal,Attack,Attack On A Person,GRACEVILLE
Animal,Dog,Fencing Issues,WINDSOR
Animal,Dog,Fencing Issues,SANDGATE
Animal,Dog,Too Many Animals,WYNNUM
Animal,Dog,Fencing Issues,NUNDAH
Animal,Other Animal,Fox,FIG TREE POCKET
Animal,Other Animal,Deer,PULLENVALE
Animal,Dog,Fencing Issues,INALA
Animal,Cat Trapping,,BRACKEN RIDGE
Animal,Dog,Fencing Issues,FAIRFIELD
Animal,Other Animal,Fox,WYNNUM
Animal,Dog,Too Many Animals,NUDGEE BEACH
Animal,Attack,Attack On A Person,DEAGON
Animal,Attack,Attack On An Animal,MILTON
Animal,Attack,Dangerous,JAMBOREE HEIGHTS
Animal,Attack,Attack On A Person,PADDINGTON
Animal,Dog,Too Many Animals,FIG TREE POCKET
Animal,Dog,Too Many Animals,FIG TREE POCKET
Animal,Dog,Fencing Issues,ENOGGERA
Animal,Attack,Attack On An Animal,NEW FARM
Animal,Dog,Too Many Animals,EAST BRISBANE
Animal,Dog,Fencing Issues,INALA
Animal,Attack,Not An Attack,ROCKLEA
Animal,Dog,Fencing Issues,STAFFORD HEIGHTS
Animal,Dog,Defecating In Public,BELMONT
Animal,Dog,Defecating In Public,ELLEN GROVE
Animal,Other Animal,Nuisance Animal,NORTHGATE
Animal,Dog,Fencing Issues,BOWEN HILLS
Animal,Other Animal,Deer,KENMORE HILLS
Animal,Other Animal,Nuisance Animal,CANNON HILL
Animal,Cat,,CALAMVALE
Animal,Cat Trapping,,FAIRFIELD
Animal,Dog,Fencing Issues,PALLARA
Animal,Cat,,RIVERHILLS
Animal,Dog,Fencing Issues,NUDGEE
Animal,Other Animal,Fox,CHELMER
Animal,Attack,Attack On A Person,EAST BRISBANE
Animal,Cat Trapping,,KELVIN GROVE
Animal,Attack,Menacing,WYNNUM WEST
Animal,Other Animal,,UPPER BROOKFIELD
Animal,Dog,Fencing Issues,WESTLAKE
Animal,Attack,Menacing,BANYO
Animal,Attack,Not An Attack,ALGESTER
Animal,Attack,Attack On An Animal,MACGREGOR
Animal,Dog,Fencing Issues,BANYO
Animal,Dog,Fencing Issues,GREENSLOPES
Animal,Dog,Fencing Issues,BOONDALL
Animal,Dog,Unregistered,BARDON
Animal,Attack,Attack On An Animal,WYNNUM WEST
Animal,Dog,Defecating In Public,CAMP HILL
Animal,Dog,Fencing Issues,KEDRON
Animal,Attack,Dangerous,JAMBOREE HEIGHTS
Animal,Dog,Fencing Issues,ASPLEY
Animal,Other Animal,Deer,BROOKFIELD
Animal,Dog,Odour,TARRAGINDI
Animal,Cat Trapping,,BRACKEN RIDGE
Animal,Other Animal,Fencing Issues,HIGHGATE HILL
Animal,Attack,Attack On An Animal,BANYO
Animal,Dog,Too Many Animals,BULIMBA
Animal,Other Animal,,CORINDA
Animal,Attack,Attack On An Animal,CHERMSIDE WEST
Animal,Cat Trapping,,SUNNYBANK HILLS
Animal,Dog,Fencing Issues,LOTA
Animal,Attack,Not An Attack,GREENSLOPES
Animal,Dog,Fencing Issues,SALISBURY
Animal,Attack,Attack On A Person,ANSTEAD
Animal,Other Animal,Fox,KHOLO
Animal,Attack,Attack On An Animal,MURARRIE
Animal,Attack,Attack On A Person,DURACK
Animal,Other Animal,,COORPAROO
Animal,Cat,,MANLY WEST
Animal,Cat,,LUTWYCHE
Animal,Dog,Fencing Issues,INALA
Animal,Attack,Attack On An Animal,CARSELDINE
Animal,Cat Trapping,,CHERMSIDE WEST
Animal,Dog,Too Many Animals,TARRAGINDI
Animal,Attack,Not An Attack,CARINA
Animal,Attack,Attack On An Animal,RUNCORN
Animal,Dog,Defecating In Public,HIGHGATE HILL
Animal,Cat Trapping,,DARRA
Animal,Attack,Attack On A Person,INALA
Animal,Cat Trapping,,ALDERLEY
Animal,Dog,Fencing Issues,MOOROOKA
Animal,Attack,Attack On A Person,WYNNUM
Animal,Cat Trapping,,WOOLLOONGABBA
Animal,Attack,Attack On A Person,ASCOT
Animal,Dog,Unregistered,INALA
Animal,Other Animal,Deer,JINDALEE
Animal,Dog,Fencing Issues,TARINGA
Animal,Other Animal,Wild Dog,WACOL
Animal,Attack,Attack On A Person,FOREST LAKE
Animal,Dog,Fencing Issues,HIGHGATE HILL
Animal,Attack,Attack On An Animal,HOLLAND PARK WEST
Animal,Other Animal,,JINDALEE
Animal,Attack,Not An Attack,MOGGILL
Animal,Attack,Menacing,COOPERS PLAINS
Animal,Cat,,INALA
Animal,Attack,Attack On A Person,RUNCORN
Animal,Attack,Menacing,FOREST LAKE
Animal,Dog,Fencing Issues,ACACIA RIDGE
Animal,Dog,Fencing Issues,ACACIA RIDGE
Animal,Attack,Attack On A Person,SALISBURY
Animal,Cat Trapping,,ACACIA RIDGE
Animal,Other Animal,Fox,FOREST LAKE
Animal,Attack,Menacing,BRACKEN RIDGE
Animal,Other Animal,Nuisance Animal,ACACIA RIDGE
Animal,Dog,Fencing Issues,KARANA DOWNS
Animal,Dog,Fencing Issues,ASPLEY
Animal,Attack,Attack On An Animal,BANYO
Animal,Dog,,ANNERLEY
Animal,Attack,Not An Attack,MITCHELTON
Animal,Cat Trapping,,BURBANK
Animal,Attack,Not An Attack,WEST END
Animal,Attack,Not An Attack,ALDERLEY
Animal,Attack,Attack On An Animal,CARINA
Animal,Attack,Attack On An Animal,BRACKEN RIDGE
Animal,Dog,Fencing Issues,INALA
Animal,Dog,Fencing Issues,CARINA HEIGHTS
Animal,Dog,Fencing Issues,ACACIA RIDGE
Animal,Attack,Attack On A Person,ASHGROVE
Animal,Cat Trapping,,MOOROOKA
Animal,Other Animal,,MOUNT OMMANEY
Animal,Dog,,FIG TREE POCKET
Animal,Dog,Fencing Issues,PADDINGTON
Animal,Other Animal,Deer,MOUNT OMMANEY
Animal,Other Animal,Fox,KARANA DOWNS
Animal,Dog,,HIGHGATE HILL
Animal,Attack,Attack On An Animal,DEAGON
Animal,Dog,Fencing Issues,STAFFORD
Animal,Dog,Fencing Issues,CHERMSIDE
Animal,Attack,Attack On A Person,FAIRFIELD
Animal,Dog,Fencing Issues,WINDSOR
Animal,Cat Trapping,,BULIMBA
Animal,Cat Trapping,,WYNNUM WEST
Animal,Dog,Too Many Animals,KEPERRA
Animal,Other Animal,Nuisance Animal,ELLEN GROVE
Animal,Attack,Not An Attack,CARINA
Animal,Attack,Not An Attack,JINDALEE
Animal,Attack,Attack On An Animal,FIG TREE POCKET
Animal,Attack,Attack On An Animal,DOOLANDELLA
Animal,Attack,Attack On An Animal,BRACKEN RIDGE
Animal,Dog,Fencing Issues,MITCHELTON
Animal,Attack,Menacing,STAFFORD HEIGHTS
Animal,Dog,Fencing Issues,GUMDALE
Animal,Dog,Fencing Issues,WOOLOOWIN
Animal,Dog,Fencing Issues,ASPLEY
Animal,Attack,Attack On An Animal,TARRAGINDI
Animal,Cat Trapping,,BELMONT
Animal,Cat Trapping,,INALA
Animal,Attack,Attack On A Person,MACKENZIE
Animal,Other Animal,Deer,MOUNT OMMANEY
Animal,Attack,Attack On An Animal,BALD HILLS
Animal,Dog,Unregistered,ELLEN GROVE
Animal,Attack,Attack On An Animal,OXLEY
Animal,Dog,Too Many Animals,KALINGA
Animal,Dog,Unregistered,DURACK
Animal,Dog,Fencing Issues,CANNON HILL
Animal,Cat Trapping,,CLAYFIELD
Animal,Other Animal,Defecating In Public,KURABY
Animal,Attack,Not An Attack,FOREST LAKE
Animal,Dog,Fencing Issues,MURARRIE
Animal,Cat,,OXLEY
Animal,Dog,Fencing Issues,GRACEVILLE
Animal,Attack,Attack On An Animal,MOOROOKA
Animal,Dog,Fencing Issues,CAMP HILL
Animal,Dog,Fencing Issues,MANLY WEST
Animal,Attack,Menacing,FOREST LAKE
Animal,Attack,Menacing,ZILLMERE
Animal,Dog,Too Many Animals,TENERIFFE
Animal,Attack,Attack On An Animal,MCDOWALL
Animal,Other Animal,Fox,PULLENVALE
Animal,Dog,Fencing Issues,RIVERHILLS
Animal,Other Animal,Fencing Issues,FOREST LAKE
Animal,Cat Trapping,,ENOGGERA
Animal,Attack,Not An Attack,MOUNT GRAVATT EAST
Animal,Attack,Attack On An Animal,SANDGATE
Animal,Attack,Attack On An Animal,BOONDALL
Animal,Cat Trapping,,CORINDA
Animal,Other Animal,Fox,NORMAN PARK
Animal,Attack,Menacing,BRACKEN RIDGE
Animal,Dog,Defecating In Public,FITZGIBBON
Animal,Attack,Attack On An Animal,INALA
Animal,Other Animal,Nuisance Animal,BULIMBA
Animal,Dog,,UPPER BROOKFIELD
Animal,Attack,Attack On A Person,DURACK
Animal,Dog,Unregistered,WYNNUM WEST
Animal,Attack,Not An Attack,MOGGILL
Animal,Dog,Too Many Animals,FIG TREE POCKET
Animal,Other Animal,Deer,PULLENVALE
Animal,Attack,Attack On An Animal,THE GAP
Animal,Dog,Fencing Issues,CHERMSIDE WEST
Animal,Other Animal,Pest / Feral Animal,PADDINGTON
Animal,Attack,Attack On An Animal,MOOROOKA
Animal,Dog,Fencing Issues,PADDINGTON
Animal,Dog,Defecating In Public,TARRAGINDI
Animal,Other Animal,Nuisance Animal,THE GAP
Animal,Cat Trapping,,WINDSOR
Animal,Dog,Fencing Issues,THE GAP
Animal,Attack,Menacing,ROCKLEA
Animal,Dog,Fencing Issues,CAMP HILL
Animal,Other Animal,Deer,PULLENVALE
Animal,Attack,Attack On A Person,WYNNUM
Animal,Dog,,FAIRFIELD
Animal,Dog,Fencing Issues,BANYO
Animal,Attack,Attack On An Animal,INALA
Animal,Attack,Attack On A Person,PADDINGTON
Animal,Attack,Attack On A Person,DREWVALE
Animal,Dog,Fencing Issues,ASHGROVE
Animal,Attack,Attack On A Person,ASPLEY
Animal,Other Animal,Fox,FIG TREE POCKET
Animal,Dog,Fencing Issues,GEEBUNG
Animal,Attack,Attack On An Animal,MOUNT GRAVATT EAST
Animal,Dog,Fencing Issues,DOOLANDELLA
Animal,Cat Trapping,,KANGAROO POINT
Animal,Attack,Attack On An Animal,ASHGROVE
Animal,Attack,Attack On An Animal,ASHGROVE
Animal,Attack,Attack On An Animal,KELVIN GROVE
Animal,Attack,Attack On A Person,ASHGROVE
Animal,Other Animal,Fox,MOUNT GRAVATT EAST
Animal,Attack,Attack On A Person,ROCKLEA
Animal,Attack,Attack On A Person,TARRAGINDI
Animal,Dog,Odour,FOREST LAKE
Animal,Dog,Fencing Issues,HAWTHORNE
Animal,Dog,Fencing Issues,DEAGON
Animal,Dog,Fencing Issues,DEAGON
Animal,Other Animal,Deer,KENMORE HILLS
Animal,Cat,,CAMP HILL
Animal,Cat Trapping,,FOREST LAKE
Animal,Dog,Too Many Animals,WEST END
Animal,Dog,Fencing Issues,SUNNYBANK HILLS
Animal,Dog,Fencing Issues,MORNINGSIDE
Animal,Other Animal,Nuisance Animal,HOLLAND PARK
Animal,Dog,Defecating In Public,MORNINGSIDE
Animal,Other Animal,Odour,HOLLAND PARK
Animal,Attack,Attack On A Person,OXLEY
Animal,Attack,Attack On A Person,ALDERLEY
Animal,Dog,Fencing Issues,CARSELDINE
Animal,Dog,Fencing Issues,ZILLMERE
Animal,Attack,Attack On An Animal,MURARRIE
Animal,Attack,Not An Attack,BANYO
Animal,Attack,Menacing,NEW FARM
Animal,Other Animal,Deer,JINDALEE
Animal,Other Animal,Wild Dog,MOGGILL
Animal,Attack,Attack On An Animal,YERONGA
Animal,Other Animal,Deer,ROCKLEA
Animal,Dog,Insufficient Space,CARINA
Animal,Cat,,WYNNUM
Animal,Other Animal,Deer,JINDALEE
Animal,Dog,Fencing Issues,WYNNUM
Animal,Attack,Menacing,STAFFORD HEIGHTS
Animal,Dog,Fencing Issues,GEEBUNG
Animal,Attack,Menacing,CHERMSIDE
Animal,Other Animal,Fox,INDOOROOPILLY
Animal,Other Animal,Fox,UPPER KEDRON
Animal,Dog,Fencing Issues,ELLEN GROVE
Animal,Cat Trapping,,INALA
Animal,Other Animal,Fencing Issues,STAFFORD HEIGHTS
Animal,Dog,Fencing Issues,THE GAP
Animal,Other Animal,Odour,BRIDGEMAN DOWNS
Animal,Dog,Fencing Issues,COOPERS PLAINS
Animal,Dog,Fencing Issues,PARKINSON
Animal,Attack,Attack On An Animal,ANNERLEY
Animal,Other Animal,Fox,MURARRIE
Animal,Attack,Attack On A Person,MITCHELTON
Animal,Dog,Fencing Issues,CHERMSIDE WEST
Animal,Attack,Attack On An Animal,MOUNT GRAVATT EAST
Animal,Dog,Fencing Issues,SALISBURY
Animal,Other Animal,Fox,FIG TREE POCKET
Animal,Other Animal,Fox,KHOLO
Animal,Cat Trapping,,WAKERLEY
Animal,Dog,Fencing Issues,ELLEN GROVE
Animal,Attack,Not An Attack,WESTLAKE
Animal,Dog,Fencing Issues,WYNNUM WEST
Animal,Cat,,BANYO
Animal,Dog,Fencing Issues,TINGALPA
Animal,Attack,Attack On An Animal,GRANGE
Animal,Dog,Defecating In Public,FITZGIBBON
Animal,Cat Trapping,,CARINDALE
Animal,Attack,Attack On An Animal,GEEBUNG
Animal,Attack,Attack On An Animal,HOLLAND PARK
Animal,Other Animal,Fox,FIG TREE POCKET
Animal,Cat Trapping,,COOPERS PLAINS
Animal,Attack,Menacing,CAMP HILL
Animal,Other Animal,Fox,CAMP HILL
Animal,Dog,Fencing Issues,ROBERTSON
Animal,Dog,Fencing Issues,WYNNUM
Animal,Attack,Attack On An Animal,CHERMSIDE WEST
Animal,Cat,,MOGGILL
Animal,Dog,Fencing Issues,INALA
Animal,Dog,Defecating In Public,BRISBANE CITY
Animal,Cat,,CAMP HILL
Animal,Cat Trapping,,WYNNUM WEST
Animal,Attack,Attack On A Person,RIVERHILLS
Animal,Attack,Attack On An Animal,SEVENTEEN MILE ROCKS
Animal,Dog,,MOOROOKA
Animal,Attack,Attack On An Animal,KEPERRA
Animal,Dog,Fencing Issues,MIDDLE PARK
Animal,Dog,Fencing Issues,BULIMBA
Animal,Dog,Fencing Issues,HENDRA
Animal,Dog,Fencing Issues,HOLLAND PARK WEST
Animal,Dog,Defecating In Public,MOUNT COOT-THA
Animal,Other Animal,Nuisance Animal,STRETTON
Animal,Attack,Attack On An Animal,MOOROOKA
Animal,Attack,Attack On A Person,WYNNUM
Animal,Dog,Fencing Issues,CHANDLER
Animal,Dog,Unregistered,CALAMVALE
Animal,Cat Trapping,,ALGESTER
Animal,Dog,Fencing Issues,WOOLLOONGABBA
Animal,Dog,Odour,CARINDALE
Animal,Dog,Fencing Issues,INALA
Animal,Dog,Fencing Issues,INALA
Animal,Dog,Too Many Animals,MCDOWALL
Animal,Dog,Fencing Issues,DUTTON PARK
Animal,Dog,Too Many Animals,ST LUCIA
Animal,Dog,Fencing Issues,ACACIA RIDGE
Animal,Dog,Fencing Issues,WAKERLEY
Animal,Cat Trapping,,MORNINGSIDE
Animal,Other Animal,Nuisance Animal,KANGAROO POINT
Animal,Other Animal,Deer,SINNAMON PARK
Animal,Other Animal,Odour,CHERMSIDE
Animal,Dog,Fencing Issues,KARANA DOWNS
Animal,Cat,,EVERTON PARK
Animal,Attack,Attack On An Animal,SUNNYBANK HILLS
Animal,Attack,Not An Attack,RANSOME
Animal,Cat Trapping,,INALA
Animal,Cat Trapping,,HAMILTON
Animal,Attack,Attack On An Animal,BANYO
Animal,Dog,Too Many Animals,SHORNCLIFFE
Animal,Dog,Fencing Issues,ACACIA RIDGE
Animal,Dog,Odour,MORNINGSIDE
Animal,Dog,Fencing Issues,INALA
Animal,Dog,Fencing Issues,INALA
Animal,Cat Trapping,,RUNCORN
Animal,Other Animal,Nuisance Animal,DARRA
Animal,Attack,Attack On A Person,DREWVALE
Animal,Dog,Unregistered,MANSFIELD
Animal,Other Animal,Nuisance Animal,JAMBOREE HEIGHTS
Animal,Dog,Fencing Issues,BALD HILLS
Animal,Dog,Fencing Issues,DARRA
Animal,Attack,Attack On An Animal,DARRA
Animal,Dog,Fencing Issues,WYNNUM WEST
Animal,Other Animal,Fox,TAIGUM
Animal,Cat,,WEST END
Animal,Dog,Fencing Issues,BARDON
Animal,Attack,Menacing,INALA
Animal,Cat Trapping,,RUNCORN
Animal,Cat,,WYNNUM WEST
Animal,Cat Trapping,,ALBION
Animal,Cat Trapping,,GRACEVILLE
Animal,Other Animal,Fencing Issues,ASPLEY
Animal,Dog,Fencing Issues,COOPERS PLAINS
Animal,Attack,Menacing,GEEBUNG
Animal,Other Animal,,WYNNUM
Animal,Attack,Attack On A Person,MOUNT GRAVATT EAST
Animal,Attack,Attack On A Person,BROOKFIELD
Animal,Other Animal,Fox,SEVEN HILLS
Animal,Other Animal,Fencing Issues,DARRA
Animal,Dog,Defecating In Public,CAMP HILL
Animal,Dog,Fencing Issues,TINGALPA
Animal,Other Animal,Rabbit,BELMONT
Animal,Attack,Attack On An Animal,NUNDAH
Animal,Other Animal,Fencing Issues,ASPLEY
Animal,Dog,Fencing Issues,MILTON
Animal,Other Animal,Rabbit,PINKENBA
Animal,Other Animal,Pest / Feral Animal,PADDINGTON
Animal,Attack,Attack On An Animal,KURABY
Animal,Dog,Fencing Issues,ASHGROVE
Animal,Cat,,JINDALEE
Animal,Attack,Menacing,MITCHELTON
Animal,Attack,Attack On A Person,HENDRA
Animal,Other Animal,Nuisance Animal,ASCOT
Animal,Dog,Fencing Issues,UPPER MOUNT GRAVATT
Animal,Dog,Odour,DOOLANDELLA
Animal,Dog,Defecating In Public,FITZGIBBON
Animal,Cat Trapping,,CARINDALE
Animal,Other Animal,Odour,ANSTEAD
Animal,Dog,Insufficient Space,CALAMVALE
Animal,Dog,Unregistered,UPPER MOUNT GRAVATT
Animal,Cat Trapping,,WYNNUM
Animal,Attack,Not An Attack,FOREST LAKE
Animal,Attack,Attack On A Person,WYNNUM WEST
Animal,Dog,Fencing Issues,BRACKEN RIDGE
Animal,Other Animal,Too Many Animals,BRACKEN RIDGE
Animal,Other Animal,Nuisance Animal,YERONGA
Animal,Dog,Defecating In Public,EVERTON PARK
Animal,Cat,,FITZGIBBON
Animal,Cat Trapping,,SALISBURY
Animal,Cat Trapping,,CHERMSIDE
Animal,Attack,Not An Attack,KENMORE
Animal,Attack,Attack On An Animal,CALAMVALE
Animal,Cat,,DURACK
Animal,Other Animal,Insufficient Space,SUNNYBANK
Animal,Dog,Defecating In Public,KENMORE
Animal,Attack,Attack On A Person,RIVERHILLS
Animal,Cat Trapping,,CAMP HILL
Animal,Dog,Too Many Animals,INALA
Animal,Attack,Attack On An Animal,UPPER KEDRON
Animal,Dog,Fencing Issues,WISHART
Animal,Dog,Fencing Issues,ALDERLEY
Animal,Dog,Fencing Issues,WINDSOR
Animal,Attack,Not An Attack,WOOLOOWIN
Animal,Dog,Unregistered,INALA
Animal,Dog,Fencing Issues,MORNINGSIDE
Animal,Dog,Fencing Issues,ALDERLEY
Animal,Other Animal,Deer,MOUNT OMMANEY
Animal,Dog,Fencing Issues,KARANA DOWNS
Animal,Other Animal,Fencing Issues,MANLY
Animal,Other Animal,Wild Dog,MOUNT CROSBY
Animal,Attack,Attack On An Animal,WACOL
Animal,Attack,Attack On An Animal,SUNNYBANK HILLS
Animal,Cat Trapping,,JINDALEE
Animal,Dog,Dog,KENMORE
Animal,Attack,Attack On An Animal,SUNNYBANK
Animal,Attack,Attack On An Animal,FIG TREE POCKET
Animal,Attack,Attack On A Person,MOOROOKA
Animal,Attack,Attack On An Animal,CAMP HILL
Animal,Cat Trapping,,HOLLAND PARK
Animal,Attack,Attack On An Animal,MORNINGSIDE
Animal,Cat Trapping,,MANLY
Animal,Dog,Fencing Issues,WYNNUM
Animal,Dog,Fencing Issues,HENDRA
Animal,Attack,Attack On An Animal,NUDGEE BEACH
Animal,Attack,Attack On An Animal,ACACIA RIDGE
Animal,Attack,Menacing,DOOLANDELLA
Animal,Other Animal,Fox,KARANA DOWNS
Animal,Other Animal,Fox,MOUNT GRAVATT EAST
Animal,Dog,Fencing Issues,GRACEVILLE
Animal,Dog,Fencing Issues,GRACEVILLE
Animal,Dog,Fencing Issues,GRACEVILLE
Animal,Cat,,GEEBUNG
Animal,Dog,Fencing Issues,DOOLANDELLA
Animal,Other Animal,Fox,MOUNT GRAVATT EAST
Animal,Other Animal,Pest / Feral Animal,THE GAP
Animal,Dog,Fencing Issues,FOREST LAKE
Animal,Cat,,GEEBUNG
Animal,Dog,Fencing Issues,HAWTHORNE
Animal,Dog,Fencing Issues,HAWTHORNE
Animal,Other Animal,Fencing Issues,BARDON
Animal,Other Animal,Fencing Issues,GRANGE
Animal,Dog,Fencing Issues,WISHART
Animal,Dog,Too Many Animals,CARINA HEIGHTS
Animal,Attack,Menacing,BRIGHTON
Animal,Attack,Attack On An Animal,ALBION
Animal,Attack,Attack On An Animal,WAVELL HEIGHTS
Animal,Attack,Menacing,EVERTON PARK
Animal,Cat Trapping,,ASPLEY
Animal,Attack,Attack On An Animal,UPPER MOUNT GRAVATT
Animal,Dog,Fencing Issues,ZILLMERE
Animal,Dog,Defecating In Public,UPPER MOUNT GRAVATT
Animal,Attack,Attack On An Animal,ASHGROVE
Animal,Dog,Too Many Animals,ROCKLEA
Animal,Dog,Too Many Animals,ROCKLEA
Animal,Cat Trapping,,MANLY WEST
Animal,Other Animal,Deer,UPPER BROOKFIELD
Animal,Dog,Fencing Issues,INALA
Animal,Dog,Unregistered,LOTA
Animal,Dog,Too Many Animals,LOTA
Animal,Dog,Fencing Issues,CANNON HILL
Animal,Dog,Unregistered,LOTA
Animal,Attack,Menacing,CANNON HILL
Animal,Dog,Too Many Animals,PADDINGTON
Animal,Dog,Fencing Issues,STAFFORD
Animal,Dog,Fencing Issues,UPPER MOUNT GRAVATT
Animal,Attack,Attack On An Animal,STAFFORD HEIGHTS
Animal,Dog,Fencing Issues,MOUNT GRAVATT
Animal,Dog,Unregistered,TENNYSON
Animal,Dog,Unregistered,TENNYSON
Animal,Dog,Defecating In Public,CARSELDINE
Animal,Dog,Fencing Issues,CARSELDINE
Animal,Dog,Fencing Issues,MITCHELTON
Animal,Dog,Fencing Issues,MACGREGOR
Animal,Dog,Defecating In Public,FORTITUDE VALLEY
Animal,Dog,Too Many Animals,NORMAN PARK
Animal,Dog,Unregistered,SANDGATE
Animal,Other Animal,Fox,BURBANK
Animal,Other Animal,Deer,KENMORE
Animal,Other Animal,Deer,BROOKFIELD
Animal,Attack,Attack On A Person,CHELMER
Animal,Dog,Fencing Issues,ANNERLEY
Animal,Attack,Attack On A Person,BANYO
Animal,Other Animal,Odour,RUNCORN
Animal,Other Animal,Fox,SHERWOOD
Animal,Cat Trapping,,SHERWOOD
Animal,Attack,Attack On A Person,MANLY WEST
Animal,Dog,,YERONGA
Animal,Dog,Fencing Issues,STAFFORD HEIGHTS
Animal,Dog,Fencing Issues,STAFFORD HEIGHTS
Animal,Dog,Fencing Issues,KENMORE
Animal,Dog,Too Many Animals,SANDGATE
Animal,Dog,Fencing Issues,ZILLMERE
Animal,Dog,Too Many Animals,HEMMANT
Animal,Attack,Attack On An Animal,YERONGA
Animal,Other Animal,Nuisance Animal,WYNNUM
Animal,Attack,Not An Attack,WYNNUM
Animal,Dog,Fencing Issues,STAFFORD HEIGHTS
Animal,Dog,Too Many Animals,TARRAGINDI
Animal,Cat Trapping,,ASPLEY
Animal,Attack,Attack On A Person,CALAMVALE
Animal,Attack,Attack On An Animal,THE GAP
Animal,Cat Trapping,,ST LUCIA
Animal,Attack,Attack On A Person,BELMONT
Animal,Dog,Defecating In Public,JINDALEE
Animal,Attack,Not An Attack,ACACIA RIDGE
Animal,Dog,Insufficient Space,RED HILL
Animal,Other Animal,Deer,UPPER BROOKFIELD
Animal,Other Animal,Wild Dog,MOGGILL
Animal,Other Animal,Wild Dog,PINJARRA HILLS
Animal,Cat,,NORTHGATE
Animal,Cat Trapping,,ACACIA RIDGE
Animal,Cat Trapping,,STAFFORD HEIGHTS
Animal,Dog,Fencing Issues,TARRAGINDI
Animal,Cat Trapping,,SALISBURY
Animal,Attack,Attack On A Person,ASHGROVE
Animal,Attack,Menacing,COORPAROO
Animal,Dog,Fencing Issues,BARDON
Animal,Dog,Fencing Issues,WAVELL HEIGHTS
Animal,Other Animal,Deer,BROOKFIELD
Animal,Dog,Fencing Issues,KEPERRA
Animal,Other Animal,Fox,MOGGILL
Animal,Other Animal,Nuisance Animal,SUNNYBANK
Animal,Other Animal,Nuisance Animal,MOUNT GRAVATT EAST
Animal,Dog,Fencing Issues,INALA
Animal,Cat Trapping,,MORNINGSIDE
Animal,Attack,Attack On A Person,STAFFORD HEIGHTS
Animal,Dog,Fencing Issues,ENOGGERA
Animal,Dog,Defecating In Public,BRISBANE CITY
Animal,Attack,Attack On A Person,SHERWOOD
Animal,Dog,Fencing Issues,MOUNT GRAVATT EAST
Animal,Attack,Attack On A Person,TARRAGINDI
Animal,Other Animal,Deer,MOUNT OMMANEY
Animal,Dog,Fencing Issues,ROCHEDALE
Animal,Cat Trapping,,WYNNUM
Animal,Attack,Attack On An Animal,BARDON
Animal,Dog,Fencing Issues,ANSTEAD
Animal,Cat Trapping,,STAFFORD HEIGHTS
Animal,Cat Trapping,,FOREST LAKE
Animal,Dog,Too Many Animals,CHERMSIDE
Animal,Dog,Fencing Issues,KEDRON
Animal,Dog,Fencing Issues,ASHGROVE
Animal,Dog,Fencing Issues,SHERWOOD
Animal,Cat,,BROOKFIELD
Animal,Attack,Attack On An Animal,KEDRON
Animal,Dog,Defecating In Public,HENDRA
Animal,Attack,Attack On An Animal,CARINA
Animal,Dog,Fencing Issues,INALA
Animal,Attack,Attack On An Animal,ANNERLEY
Animal,Dog,Fencing Issues,ALGESTER
Animal,Dog,Fencing Issues,ALGESTER
Animal,Other Animal,Nuisance Animal,HIGHGATE HILL
Animal,Cat Trapping,,FERNY GROVE
Animal,Dog,Fencing Issues,STAFFORD
Animal,Cat Trapping,,ASPLEY
Animal,Cat Trapping,,MOOROOKA
Animal,Other Animal,Unregistered,WOOLLOONGABBA
Animal,Attack,Attack On An Animal,ASHGROVE
Animal,Cat Trapping,,WYNNUM WEST
Animal,Other Animal,Deer,OXLEY
Animal,Attack,Dangerous,STAFFORD HEIGHTS
Animal,Attack,Attack On An Animal,TINGALPA
Animal,Attack,Attack On A Person,GREENSLOPES
Animal,Other Animal,Fox,BROOKFIELD
Animal,Cat Trapping,,WYNNUM WEST
Animal,Attack,Attack On A Person,COOPERS PLAINS
Animal,Other Animal,,KARAWATHA
Animal,Attack,Menacing,STAFFORD
Animal,Dog,Fencing Issues,MITCHELTON
Animal,Dog,Fencing Issues,ASHGROVE
Animal,Cat Trapping,,GRANGE
Animal,Dog,Fencing Issues,SALISBURY
Animal,Attack,Menacing,BARDON
Animal,Dog,Fencing Issues,ASCOT
Animal,Attack,Attack On A Person,ENOGGERA
Animal,Other Animal,Fencing Issues,MORNINGSIDE
Animal,Dog,Fencing Issues,MITCHELTON
Animal,Dog,Fencing Issues,WEST END
Animal,Attack,Attack On A Person,MCDOWALL
Animal,Dog,Fencing Issues,WAVELL HEIGHTS
Animal,Dog,Fencing Issues,MITCHELTON
Animal,Dog,Fencing Issues,MITCHELTON
Animal,Attack,Attack On An Animal,WAVELL HEIGHTS
Animal,Attack,Not An Attack,FAIRFIELD
Animal,Other Animal,Fox,ROCKLEA
Animal,Cat Trapping,,KELVIN GROVE
Animal,Dog,Too Many Animals,INALA
Animal,Attack,Attack On An Animal,PULLENVALE
Animal,Attack,Menacing,BRIGHTON
Animal,Other Animal,Deer,BRISBANE CITY
Animal,Attack,Not An Attack,BALMORAL
Animal,Attack,Attack On An Animal,CHERMSIDE
Animal,Attack,Attack On An Animal,ANNERLEY
Animal,Attack,Attack On A Person,INDOOROOPILLY
Animal,Attack,Attack On An Animal,ASHGROVE
Animal,Dog,Fencing Issues,BRACKEN RIDGE
Animal,Dog,Fencing Issues,BRACKEN RIDGE
Animal,Cat Trapping,,SUNNYBANK
Animal,Other Animal,Fox,GUMDALE
Animal,Dog,Fencing Issues,ALBION
Animal,Dog,Odour,BULIMBA
Animal,Attack,Menacing,BRACKEN RIDGE
Animal,Attack,Menacing,GRACEVILLE
Animal,Dog,Fencing Issues,SALISBURY
Animal,Dog,Fencing Issues,CANNON HILL
Animal,Dog,Fencing Issues,BURBANK
Animal,Other Animal,Deer,DARRA
Animal,Cat Trapping,,COOPERS PLAINS
Animal,Cat,,WACOL
Animal,Other Animal,Pest / Feral Animal,STAFFORD HEIGHTS
Animal,Attack,Attack On An Animal,BANYO
Animal,Attack,Attack On A Person,CARINA
Animal,Other Animal,Fox,WAKERLEY
Animal,Attack,Attack On An Animal,DEAGON
Animal,Attack,Attack On An Animal,PULLENVALE
Animal,Attack,Attack On A Person,INALA
Animal,Attack,Menacing,NEW FARM
Animal,Dog,Fencing Issues,UPPER MOUNT GRAVATT
Animal,Other Animal,Fox,BELMONT
Animal,Dog,Fencing Issues,ASPLEY
Animal,Other Animal,Nuisance Animal,WOOLLOONGABBA
Animal,Dog,Fencing Issues,SALISBURY
Animal,Other Animal,Fox,SUNNYBANK HILLS
Animal,Dog,Fencing Issues,STAFFORD HEIGHTS
Animal,Dog,Fencing Issues,BELLBOWRIE
Animal,Dog,Fencing Issues,BELLBOWRIE
Animal,Dog,,MACGREGOR
Animal,Attack,Attack On A Person,STAFFORD
Animal,Other Animal,Fox,MANLY WEST
Animal,Dog,Fencing Issues,CAMP HILL
Animal,Dog,Fencing Issues,BARDON
Animal,Attack,Attack On An Animal,KENMORE
Animal,Other Animal,Fox,ASHGROVE
Animal,Dog,Fencing Issues,SANDGATE
Animal,Dog,Fencing Issues,MORNINGSIDE
Animal,Dog,Fencing Issues,HEMMANT
Animal,Cat Trapping,,ASCOT
Animal,Other Animal,Odour,DARRA
Animal,Attack,Not An Attack,NUNDAH
Animal,Dog,Fencing Issues,KARANA DOWNS
Animal,Attack,Attack On A Person,OXLEY
Animal,Attack,Attack On A Person,CALAMVALE
Animal,Cat Trapping,,WYNNUM
Animal,Dog,Too Many Animals,OXLEY
Animal,Attack,Not An Attack,DARRA
Animal,Dog,Fencing Issues,INDOOROOPILLY
Animal,Attack,Attack On An Animal,MANLY WEST
Animal,Dog,Fencing Issues,CHERMSIDE WEST
Animal,Cat Trapping,,JINDALEE
Animal,Other Animal,Nuisance Animal,MOOROOKA
Animal,Attack,Attack On An Animal,BELLBOWRIE
Animal,Dog,Fencing Issues,ALGESTER
Animal,Dog,Fencing Issues,DARRA
Animal,Cat Trapping,,CORINDA
Animal,Dog,Fencing Issues,KEPERRA
Animal,Other Animal,Nuisance Animal,NUDGEE
Animal,Dog,Defecating In Public,BRISBANE CITY
Animal,Other Animal,Deer,KENMORE HILLS
Animal,Dog,Defecating In Public,MOUNT GRAVATT
Animal,Attack,Attack On A Person,NUNDAH
Animal,Dog,Defecating In Public,MOUNT GRAVATT
Animal,Dog,Defecating In Public,MOUNT GRAVATT
Animal,Other Animal,Wild Dog,ELLEN GROVE
Animal,Attack,Attack On An Animal,MANLY
Animal,Dog,Fencing Issues,WOOLLOONGABBA
Animal,Attack,Attack On A Person,THE GAP
Animal,Cat,,STAFFORD HEIGHTS
Animal,Other Animal,Deer,JINDALEE
Animal,Other Animal,Fox,BELLBOWRIE
Animal,Other Animal,Fox,PINJARRA HILLS
Animal,Cat Trapping,,BRIGHTON
Animal,Cat,,WAVELL HEIGHTS
Animal,Attack,Not An Attack,ANNERLEY
Animal,Dog,Fencing Issues,STAFFORD
Animal,Dog,Defecating In Public,ROCKLEA
Animal,Dog,Fencing Issues,ASHGROVE
Animal,Dog,Fencing Issues,DARRA
Animal,Other Animal,Deer,PULLENVALE
Animal,Attack,Attack On An Animal,PADDINGTON
Animal,Attack,Menacing,OXLEY
Animal,Cat,,ANNERLEY
Animal,Attack,Attack On An Animal,MOGGILL
Animal,Dog,Defecating In Public,FERNY GROVE
Animal,Attack,Attack On A Person,OXLEY
Animal,Cat Trapping,,KELVIN GROVE
Animal,Attack,Attack On An Animal,BRACKEN RIDGE
Animal,Other Animal,Nuisance Animal,KURABY
Animal,Dog,Fencing Issues,INALA
Animal,Cat,,ZILLMERE
Animal,Dog,Fencing Issues,INALA
Animal,Cat Trapping,,INALA
Animal,Cat Trapping,,INALA
Animal,Dog,Fencing Issues,SANDGATE
Animal,Dog,Too Many Animals,NORMAN PARK
Animal,Dog,Too Many Animals,NORMAN PARK
Animal,Attack,Attack On A Person,CARINDALE
Animal,Dog,Fencing Issues,BOONDALL
Animal,Dog,Fencing Issues,DREWVALE
Animal,Dog,Fencing Issues,TINGALPA
Animal,Other Animal,Fencing Issues,HIGHGATE HILL
Animal,Other Animal,Nuisance Animal,NUDGEE
Animal,Cat,,DREWVALE
Animal,Cat,,INALA
Animal,Other Animal,Fox,KHOLO
Animal,Attack,Attack On A Person,CARSELDINE
Animal,Attack,Menacing,RUNCORN
Animal,Attack,Attack On An Animal,OXLEY
Animal,Dog,Fencing Issues,SINNAMON PARK
Animal,Attack,Attack On An Animal,ASPLEY
Animal,Other Animal,Fox,HOLLAND PARK
Animal,Dog,Defecating In Public,WISHART
Animal,Attack,Not An Attack,SEVENTEEN MILE ROCKS
Animal,Dog,Fencing Issues,SPRING HILL
Animal,Dog,Odour,DOOLANDELLA
Animal,Attack,Attack On A Person,NORTHGATE
Animal,Attack,Attack On A Person,MOOROOKA
Animal,Attack,Attack On A Person,ST LUCIA
Animal,Dog,Unregistered,DARRA
Animal,Other Animal,Deer,UPPER BROOKFIELD
Animal,Dog,Fencing Issues,KEPERRA
Animal,Other Animal,Odour,FITZGIBBON
Animal,Dog,Defecating In Public,MITCHELTON
Animal,Attack,Menacing,CLAYFIELD
Animal,Other Animal,Nuisance Animal,ALGESTER
Animal,Attack,Attack On A Person,ST LUCIA
Animal,Dog,Fencing Issues,GEEBUNG
Animal,Dog,Fencing Issues,KENMORE
Animal,Dog,Defecating In Public,BELMONT
Animal,Dog,Fencing Issues,KENMORE
Animal,Cat,,SANDGATE
Animal,Other Animal,Fox,CORINDA
Animal,Attack,Attack On A Person,NORMAN PARK
Animal,Dog,Too Many Animals,ZILLMERE
Animal,Other Animal,Fox,PULLENVALE
Animal,Other Animal,Fox,KHOLO
Animal,Other Animal,Fox,KHOLO
Animal,Cat Trapping,,FOREST LAKE
Animal,Dog,Fencing Issues,UPPER MOUNT GRAVATT
Animal,Cat Trapping,,DOOLANDELLA
Animal,Other Animal,Fox,CARINA
Animal,Attack,Attack On A Person,CHAPEL HILL
Animal,Attack,Attack On An Animal,DOOLANDELLA
Animal,Dog,Unregistered,KURABY
Animal,Attack,Attack On An Animal,BRACKEN RIDGE
Animal,Dog,Odour,FOREST LAKE
Animal,Dog,Fencing Issues,ELLEN GROVE
Animal,Attack,Not An Attack,BRIDGEMAN DOWNS
Animal,Dog,Fencing Issues,TARRAGINDI
Animal,Dog,,STAFFORD
Animal,Dog,Fencing Issues,STAFFORD
Animal,Dog,Fencing Issues,STAFFORD
Animal,Attack,Not An Attack,COOPERS PLAINS
Animal,Attack,Attack On An Animal,SUNNYBANK
Animal,Dog,Too Many Animals,BRIGHTON
Animal,Dog,Fencing Issues,BRIGHTON
Animal,Dog,Fencing Issues,HOLLAND PARK
Animal,Other Animal,Fox,FIG TREE POCKET
Animal,Attack,Attack On A Person,MANLY
Animal,Cat Trapping,,OXLEY
Animal,Other Animal,Defecating In Public,CORINDA
Animal,Dog,Fencing Issues,MANLY WEST
Animal,Attack,Attack On An Animal,MORNINGSIDE
Animal,Attack,Attack On An Animal,SOUTH BRISBANE
Animal,Attack,Attack On An Animal,CARINA HEIGHTS
Animal,Attack,Attack On A Person,ACACIA RIDGE
Animal,Cat Trapping,,HEATHWOOD
Animal,Attack,Not An Attack,FOREST LAKE
Animal,Attack,Menacing,MOOROOKA
Animal,Other Animal,Deer,JINDALEE
Animal,Attack,Attack On A Person,RIVERHILLS
Animal,Cat Trapping,,FOREST LAKE
Animal,Dog,Fencing Issues,BRIDGEMAN DOWNS
Animal,Dog,Unregistered,BRIGHTON
Animal,Cat Trapping,,MACGREGOR
Animal,Cat,,ZILLMERE
Animal,Attack,Attack On A Person,MOUNT GRAVATT
Animal,Dog,Fencing Issues,TOOWONG
Animal,Dog,Fencing Issues,HOLLAND PARK WEST
Animal,Dog,Fencing Issues,CHAPEL HILL
Animal,Cat Trapping,,WYNNUM WEST
Animal,Dog,Fencing Issues,MURARRIE
Animal,Dog,Defecating In Public,INDOOROOPILLY
Animal,Attack,Not An Attack,NUNDAH
Animal,Dog,Too Many Animals,KEPERRA
Animal,Dog,Too Many Animals,KEPERRA
Animal,Dog,Too Many Animals,KEPERRA
Animal,Dog,Too Many Animals,KEPERRA
Animal,Dog,Too Many Animals,KEPERRA
Animal,Dog,Defecating In Public,ASPLEY
Animal,Other Animal,Fox,GUMDALE
Animal,Cat Trapping,,ANNERLEY
Animal,Dog,Fencing Issues,CAMP HILL
Animal,Other Animal,Nuisance Animal,ROCHEDALE
Animal,Other Animal,Fox,KHOLO
Animal,Dog,Unregistered,HEMMANT
Animal,Attack,Attack On A Person,HOLLAND PARK
Animal,Cat,,CHERMSIDE WEST
Animal,Dog,Fencing Issues,CARINA HEIGHTS
Animal,Dog,Unregistered,INALA
Animal,Dog,Fencing Issues,CAMP HILL
Animal,Dog,Unregistered,INALA
Animal,Dog,Unregistered,INALA
Animal,Dog,Fencing Issues,EVERTON PARK
Animal,Attack,Attack On An Animal,STAFFORD HEIGHTS
Animal,Dog,Fencing Issues,NORMAN PARK
Animal,Attack,Not An Attack,SALISBURY
Animal,Dog,Fencing Issues,SUNNYBANK HILLS
Animal,Other Animal,Fox,MORNINGSIDE
Animal,Attack,Not An Attack,YERONGA
Animal,Attack,Not An Attack,CARINA
Animal,Attack,Attack On A Person,BANYO
Animal,Cat Trapping,,UPPER MOUNT GRAVATT
Animal,Attack,Menacing,BOONDALL
Animal,Cat Trapping,,ACACIA RIDGE
Animal,Dog,Fencing Issues,ZILLMERE
Animal,Dog,Fencing Issues,ZILLMERE
Animal,Dog,Fencing Issues,ZILLMERE
Animal,Dog,Fencing Issues,WAVELL HEIGHTS
Animal,Dog,Fencing Issues,WAVELL HEIGHTS
Animal,Other Animal,Deer,JINDALEE
Animal,Other Animal,Fox,PULLENVALE
Animal,Dog,Fencing Issues,PULLENVALE
Animal,Dog,Fencing Issues,CANNON HILL
Animal,Dog,Fencing Issues,CANNON HILL
Animal,Dog,Fencing Issues,CANNON HILL
Animal,Other Animal,Deer,JINDALEE
Animal,Other Animal,Rabbit,RED HILL
Animal,Attack,Attack On An Animal,CANNON HILL
Animal,Dog,Fencing Issues,ROCHEDALE
Animal,Dog,Fencing Issues,WYNNUM WEST
Animal,Attack,Attack On An Animal,MITCHELTON
Animal,Cat Trapping,,TENERIFFE
Animal,Attack,Dangerous,SALISBURY
Animal,Dog,Fencing Issues,ENOGGERA
Animal,Dog,Too Many Animals,HAWTHORNE
Animal,Attack,Menacing,MOOROOKA
Animal,Attack,Menacing,CARSELDINE
Animal,Other Animal,Fox,INDOOROOPILLY
Animal,Dog,Fencing Issues,SUNNYBANK
Animal,Attack,Not An Attack,SINNAMON PARK
Animal,Attack,Attack On A Person,VIRGINIA
Animal,Dog,Too Many Animals,PALLARA
Animal,Cat,,MOUNT GRAVATT EAST
Animal,Attack,Attack On A Person,MOUNT GRAVATT EAST
Animal,Cat Trapping,,GEEBUNG
Animal,Cat Trapping,,ASPLEY
Animal,Other Animal,Defecating In Public,BRACKEN RIDGE
Animal,Dog,Fencing Issues,ASHGROVE
Animal,Dog,Fencing Issues,HAWTHORNE
Animal,Other Animal,Fox,KURABY
Animal,Dog,Fencing Issues,OXLEY
Animal,Other Animal,,MITCHELTON
Animal,Dog,Defecating In Public,BELMONT
Animal,Dog,Fencing Issues,MORNINGSIDE
Animal,Dog,Fencing Issues,STAFFORD
Animal,Dog,Unregistered,YERONGA
Animal,Attack,Attack On An Animal,GREENSLOPES
Animal,Dog,Too Many Animals,GORDON PARK
Animal,Cat Trapping,,WOOLLOONGABBA
Animal,Dog,Defecating In Public,BRACKEN RIDGE
Animal,Other Animal,Fencing Issues,CHANDLER
Animal,Other Animal,Fox,PULLENVALE
Animal,Other Animal,Fox,PINJARRA HILLS
Animal,Dog,Fencing Issues,WESTLAKE
Animal,Dog,Too Many Animals,BRIGHTON
Animal,Dog,Too Many Animals,BRIGHTON
Animal,Dog,Too Many Animals,BRIGHTON
Animal,Dog,Fencing Issues,CARSELDINE
Animal,Attack,Attack On A Person,KEPERRA
Animal,Attack,Attack On An Animal,BALD HILLS
Animal,Attack,Attack On A Person,HOLLAND PARK WEST
Animal,Dog,Fencing Issues,WYNNUM WEST
Animal,Attack,Attack On A Person,WYNNUM WEST
Animal,Other Animal,Rabbit,HOLLAND PARK
Animal,Attack,Attack On An Animal,WOOLLOONGABBA
Animal,Dog,Too Many Animals,DARRA
Animal,Dog,Too Many Animals,DARRA
Animal,Dog,Too Many Animals,DARRA
Animal,Dog,Too Many Animals,DARRA
Animal,Dog,Too Many Animals,DARRA
Animal,Attack,Attack On An Animal,WAKERLEY
Animal,Other Animal,,ANSTEAD
Animal,Cat Trapping,,DARRA
Animal,Other Animal,,BELMONT
Animal,Other Animal,Nuisance Animal,STAFFORD HEIGHTS
Animal,Attack,Attack On A Person,ACACIA RIDGE
Animal,Attack,Attack On An Animal,WILSTON
Animal,Other Animal,Fencing Issues,WINDSOR
Animal,Dog,Fencing Issues,MORNINGSIDE
Animal,Dog,Fencing Issues,WYNNUM
Animal,Other Animal,Deer,ROCKLEA
Animal,Cat,,UPPER KEDRON
Animal,Attack,Not An Attack,WOOLLOONGABBA
Animal,Other Animal,Nuisance Animal,ALGESTER
Animal,Dog,Too Many Animals,FAIRFIELD
Animal,Cat Trapping,,BRACKEN RIDGE
Animal,Dog,Insufficient Space,WYNNUM WEST
Animal,Dog,Fencing Issues,WAVELL HEIGHTS
Animal,Dog,Too Many Animals,MITCHELTON
Animal,Dog,Fencing Issues,THE GAP
Animal,Dog,Fencing Issues,RED HILL
Animal,Other Animal,Too Many Animals,ELLEN GROVE
Animal,Attack,Not An Attack,KENMORE
Animal,Attack,Attack On A Person,ASPLEY
Animal,Dog,Fencing Issues,ANNERLEY
Animal,Dog,Too Many Animals,ST LUCIA
Animal,Attack,Attack On A Person,BARDON
Animal,Other Animal,Nuisance Animal,COOPERS PLAINS
Animal,Attack,Attack On A Person,TARRAGINDI
Animal,Attack,Attack On A Person,SALISBURY
Animal,Attack,Attack On An Animal,COORPAROO
Animal,Other Animal,Nuisance Animal,WYNNUM
Animal,Cat Trapping,,WINDSOR
Animal,Dog,Fencing Issues,BOONDALL
Animal,Dog,Fencing Issues,KARANA DOWNS
Animal,Other Animal,Fox,CHELMER
Animal,Other Animal,Deer,UPPER BROOKFIELD
Animal,Attack,Attack On A Person,ASPLEY
Animal,Dog,Fencing Issues,EVERTON PARK
Animal,Attack,Not An Attack,PULLENVALE
Animal,Other Animal,Fox,BURBANK
Animal,Other Animal,Fox,RANSOME
Animal,Cat Trapping,,BELMONT
Animal,Attack,Menacing,MORNINGSIDE
Animal,Dog,Fencing Issues,ZILLMERE
Animal,Cat Trapping,,CARSELDINE
Animal,Dog,Fencing Issues,MOUNT GRAVATT
Animal,Dog,Unregistered,RUNCORN
Animal,Cat Trapping,,MCDOWALL
Animal,Other Animal,Nuisance Animal,BRACKEN RIDGE
Animal,Attack,Attack On An Animal,KENMORE
Animal,Cat,,THE GAP
Animal,Cat,,THE GAP
Animal,Other Animal,Fox,CARINDALE
Animal,Other Animal,Fox,WAKERLEY
Animal,Dog,Fencing Issues,UPPER BROOKFIELD
Animal,Cat Trapping,,KELVIN GROVE
Animal,Cat Trapping,,ARCHERFIELD
Animal,Cat Trapping,,WYNNUM
Animal,Other Animal,Fencing Issues,BALD HILLS
Animal,Other Animal,,TINGALPA
Animal,Attack,Attack On A Person,MITCHELTON
Animal,Cat Trapping,,TOOWONG
Animal,Cat,,ST LUCIA
Animal,Attack,Attack On An Animal,STAFFORD
Animal,Attack,Attack On An Animal,STAFFORD
Animal,Other Animal,Fox,MOUNT GRAVATT EAST
Animal,Other Animal,,TENNYSON
Animal,Other Animal,,THE GAP
Animal,Dog,Fencing Issues,KELVIN GROVE
Animal,Dog,Defecating In Public,KELVIN GROVE
Animal,Attack,Menacing,FOREST LAKE
Animal,Attack,Attack On An Animal,INALA
Animal,Attack,Attack On An Animal,MANLY WEST
Animal,Attack,Attack On An Animal,STAFFORD HEIGHTS
Animal,Dog,Too Many Animals,MILTON
Animal,Dog,Fencing Issues,MANSFIELD
Animal,Dog,Fencing Issues,BOONDALL
Animal,Dog,Unregistered,INALA
Animal,Attack,Attack On An Animal,BARDON
Animal,Other Animal,Deer,KENMORE HILLS
Animal,Dog,Fencing Issues,ELLEN GROVE
Animal,Other Animal,Fox,CAMP HILL
Animal,Other Animal,Nuisance Animal,ENOGGERA
Animal,Dog,Fencing Issues,SPRING HILL
Animal,Attack,Attack On An Animal,DARRA
Animal,Attack,Attack On An Animal,RANSOME
Animal,Attack,Attack On A Person,FOREST LAKE
Animal,Attack,Attack On A Person,STAFFORD
Animal,Dog,Fencing Issues,TINGALPA
Animal,Other Animal,Insufficient Space,NEW FARM
Animal,Cat Trapping,,STAFFORD HEIGHTS
Animal,Dog,Defecating In Public,KELVIN GROVE
Animal,Cat Trapping,,ARCHERFIELD
Animal,Attack,Attack On An Animal,ANSTEAD
Animal,Attack,Attack On A Person,MANSFIELD
Animal,Attack,Attack On An Animal,MANLY WEST
Animal,Attack,Attack On A Person,ROBERTSON
Animal,Dog,Defecating In Public,ASCOT
Animal,Attack,,KARANA DOWNS
Animal,Dog,Defecating In Public,MIDDLE PARK
Animal,Dog,Fencing Issues,MIDDLE PARK
Animal,Dog,Defecating In Public,MIDDLE PARK
Animal,Dog,Fencing Issues,ACACIA RIDGE
Animal,Dog,Fencing Issues,BRACKEN RIDGE
Animal,Other Animal,Deer,PULLENVALE
Animal,Dog,Fencing Issues,ENOGGERA
Animal,Attack,Menacing,THE GAP
Animal,Attack,Attack On An Animal,BARDON
Animal,Attack,Not An Attack,INALA
Animal,Other Animal,Fox,MOOROOKA
Animal,Dog,Fencing Issues,SUNNYBANK HILLS
Animal,Attack,Attack On A Person,CARINA
Animal,Attack,Menacing,ASHGROVE
Animal,Dog,Fencing Issues,OXLEY
Animal,Cat Trapping,,BALD HILLS
Animal,Attack,Attack On A Person,CHELMER
Animal,Other Animal,,MACGREGOR
Animal,Attack,Attack On An Animal,KENMORE
Animal,Attack,Attack On An Animal,BANYO
Animal,Dog,Fencing Issues,BRIDGEMAN DOWNS
Animal,Dog,Fencing Issues,BRIDGEMAN DOWNS
Animal,Dog,Unregistered,BRIDGEMAN DOWNS
Animal,Dog,Fencing Issues,BRIDGEMAN DOWNS
Animal,Attack,Attack On An Animal,PARKINSON
Animal,Attack,Attack On An Animal,NUDGEE
Animal,Other Animal,Fencing Issues,AUCHENFLOWER
Animal,Cat Trapping,,BARDON
Animal,Other Animal,Deer,OXLEY
Animal,Dog,Fencing Issues,STAFFORD
Animal,Dog,Fencing Issues,STAFFORD
Animal,Attack,Attack On An Animal,FOREST LAKE
Animal,Cat Trapping,,ZILLMERE
Animal,Other Animal,Fox,GUMDALE
Animal,Dog,Fencing Issues,MOUNT CROSBY
Animal,Dog,Fencing Issues,MOUNT CROSBY
Animal,Attack,Attack On An Animal,BRACKEN RIDGE
Animal,Dog,Defecating In Public,MOUNT GRAVATT EAST
Animal,Attack,Not An Attack,WAKERLEY
Animal,Dog,Fencing Issues,HOLLAND PARK
Animal,Dog,Fencing Issues,HOLLAND PARK
Animal,Attack,Attack On An Animal,GRACEVILLE
Animal,Attack,Dangerous,TOOWONG
Animal,Attack,Menacing,BANYO
Animal,Attack,Attack On A Person,BANYO
Animal,Cat,,CHERMSIDE WEST
Animal,Attack,Not An Attack,KALINGA
Animal,Cat,,ZILLMERE
Animal,Attack,Attack On A Person,INALA
Animal,Other Animal,Fencing Issues,SUNNYBANK
Animal,Attack,Attack On A Person,HEATHWOOD
Animal,Attack,Attack On A Person,WYNNUM
Animal,Cat Trapping,,EAST BRISBANE
Animal,Dog,Fencing Issues,CHERMSIDE
Animal,Cat Trapping,,UPPER MOUNT GRAVATT
Animal,Dog,Fencing Issues,KEPERRA
Animal,Attack,Attack On A Person,ALGESTER
Animal,Dog,Fencing Issues,PULLENVALE
Animal,Attack,Attack On An Animal,WYNNUM
Animal,Attack,Not An Attack,TINGALPA
Animal,Attack,Attack On An Animal,WACOL
Animal,Other Animal,Odour,KANGAROO POINT
Animal,Attack,Not An Attack,MOUNT GRAVATT EAST
Animal,Attack,Attack On An Animal,WACOL
Animal,Attack,,RIVERHILLS
Animal,Attack,Menacing,STAFFORD
Animal,Dog,Fencing Issues,STAFFORD HEIGHTS
Animal,Dog,Fencing Issues,CHAPEL HILL
Animal,Dog,Fencing Issues,WYNNUM
Animal,Attack,Attack On An Animal,HEMMANT
Animal,Dog,Fencing Issues,STAFFORD HEIGHTS
Animal,Attack,Attack On An Animal,NUDGEE
Animal,Attack,Not An Attack,RIVERHILLS
Animal,Attack,Not An Attack,RUNCORN
Animal,Cat Trapping,,ANNERLEY
Animal,Attack,Attack On An Animal,MOUNT GRAVATT EAST
Animal,Attack,Attack On An Animal,WAVELL HEIGHTS
Animal,Dog,Fencing Issues,WAVELL HEIGHTS
Animal,Dog,Defecating In Public,GUMDALE
Animal,Dog,Fencing Issues,TARINGA
Animal,Dog,Fencing Issues,WAKERLEY
Animal,Attack,Attack On A Person,TARRAGINDI
Animal,Cat,,SANDGATE
Animal,Attack,Attack On An Animal,WAKERLEY
Animal,Cat Trapping,,BOONDALL
Animal,Attack,Not An Attack,TOOWONG
Animal,Attack,Attack On An Animal,BELLBOWRIE
Animal,Attack,Attack On A Person,FORTITUDE VALLEY
Animal,Dog,Too Many Animals,BRACKEN RIDGE
Animal,Dog,Too Many Animals,WYNNUM
Animal,Attack,Attack On An Animal,ASHGROVE
Animal,Dog,Unregistered,GRACEVILLE
Animal,Dog,Fencing Issues,CANNON HILL
Animal,Other Animal,Fox,OXLEY
Animal,Dog,Fencing Issues,BRACKEN RIDGE
Animal,Dog,Defecating In Public,GORDON PARK
Animal,Attack,Attack On A Person,YERONGA
Animal,Dog,Defecating In Public,MOOROOKA
Animal,Attack,Attack On An Animal,WAKERLEY
Animal,Attack,Attack On A Person,ROCKLEA
Animal,Dog,Defecating In Public,MOUNT GRAVATT
Animal,Attack,Attack On A Person,MANSFIELD
Animal,Attack,Attack On An Animal,CARSELDINE
Animal,Dog,Fencing Issues,MANLY WEST
Animal,Other Animal,Fox,CARINA
Animal,Other Animal,Fox,MOUNT GRAVATT EAST
Animal,Other Animal,Fox,MOUNT GRAVATT EAST
Animal,Attack,Not An Attack,BRIGHTON
Animal,Attack,Attack On A Person,FOREST LAKE
Animal,Dog,Fencing Issues,TINGALPA
Animal,Attack,Attack On An Animal,TINGALPA
Animal,Dog,Too Many Animals,MOOROOKA
Animal,Dog,Too Many Animals,SPRING HILL
Animal,Dog,Fencing Issues,HIGHGATE HILL
Animal,Cat Trapping,,EVERTON PARK
Animal,Other Animal,Fox,CARINA
Animal,Attack,Attack On An Animal,MURARRIE
Animal,Attack,Attack On An Animal,MANLY WEST
Animal,Attack,Attack On An Animal,KELVIN GROVE
Animal,Cat Trapping,,DARRA
Animal,Attack,Attack On An Animal,BRACKEN RIDGE
Animal,Cat,,BOONDALL
Animal,Attack,Attack On A Person,KARANA DOWNS
Animal,Other Animal,Deer,PULLENVALE
Animal,Dog,Fencing Issues,JINDALEE
Animal,Other Animal,Deer,UPPER BROOKFIELD
Animal,Cat,,BRIGHTON
Animal,Other Animal,,TENNYSON
Animal,Dog,Too Many Animals,BARDON
Animal,Attack,Attack On A Person,INALA
Animal,Attack,Attack On An Animal,BOONDALL
Animal,Attack,Not An Attack,JINDALEE
Animal,Dog,Unregistered,WOOLOOWIN
Animal,Dog,Fencing Issues,BANYO
Animal,Dog,Too Many Animals,MANSFIELD
Animal,Dog,Odour,CARINDALE
Animal,Cat Trapping,,FERNY GROVE
Animal,Other Animal,Fox,INDOOROOPILLY
Animal,Dog,Unregistered,CORINDA
Animal,Cat Trapping,,TENERIFFE
Animal,Other Animal,Nuisance Animal,TOOWONG
Animal,Dog,Fencing Issues,MILTON
Animal,Dog,Fencing Issues,INALA
Animal,Attack,Attack On An Animal,CAMP HILL
Animal,Dog,Too Many Animals,FIG TREE POCKET
Animal,Attack,Attack On A Person,WINDSOR
Animal,Cat Trapping,,RICHLANDS
Animal,Dog,Fencing Issues,PARKINSON
Animal,Dog,Fencing Issues,TARRAGINDI
Animal,Other Animal,Fox,FOREST LAKE
Animal,Dog,Fencing Issues,COORPAROO
Animal,Attack,Not An Attack,WYNNUM
Animal,Attack,Attack On An Animal,TARRAGINDI
Animal,Dog,Fencing Issues,STAFFORD
Animal,Attack,Attack On An Animal,BANYO
Animal,Attack,Attack On A Person,WOOLLOONGABBA
Animal,Cat Trapping,,SUNNYBANK
Animal,Attack,Attack On An Animal,HOLLAND PARK
Animal,Dog,Fencing Issues,ASHGROVE
Animal,Dog,Fencing Issues,UPPER KEDRON
Animal,Dog,Too Many Animals,UPPER KEDRON
Animal,Cat Trapping,,BRACKEN RIDGE
Animal,Cat Trapping,,WYNNUM WEST
Animal,Attack,Attack On An Animal,HENDRA
Animal,Attack,Not An Attack,ZILLMERE
Animal,Cat Trapping,,CHERMSIDE WEST
Animal,Attack,Attack On An Animal,MCDOWALL
Animal,Dog,Fencing Issues,BOONDALL
Animal,Other Animal,Fox,KARANA DOWNS
Animal,Dog,Fencing Issues,ASCOT
Animal,Dog,Unregistered,MITCHELTON
Animal,Other Animal,Rabbit,HAMILTON
Animal,Attack,Menacing,BRIGHTON
Animal,Cat,,MOGGILL
Animal,Attack,Menacing,MANLY WEST
Animal,Other Animal,,EVERTON PARK
Animal,Dog,Fencing Issues,ACACIA RIDGE
Animal,Dog,Defecating In Public,ACACIA RIDGE
Animal,Dog,Too Many Animals,STAFFORD HEIGHTS
Animal,Dog,Fencing Issues,CLAYFIELD
Animal,Attack,Attack On A Person,STAFFORD HEIGHTS
Animal,Attack,Attack On An Animal,WOOLOOWIN
Animal,Dog,Too Many Animals,HENDRA
Animal,Cat,,CHERMSIDE
Animal,Cat,,CHERMSIDE
Animal,Dog,Fencing Issues,GEEBUNG
Animal,Dog,Fencing Issues,INALA
Animal,Cat Trapping,,WYNNUM
Animal,Dog,Too Many Animals,BANYO
Animal,Dog,Too Many Animals,KEDRON
Animal,Dog,Unregistered,GREENSLOPES
Animal,Dog,Fencing Issues,MOUNT GRAVATT EAST
Animal,Dog,Fencing Issues,KELVIN GROVE
Animal,Attack,Attack On An Animal,MORNINGSIDE
Animal,Cat,,ALGESTER
Animal,Dog,Fencing Issues,SANDGATE
Animal,Attack,Attack On An Animal,NUDGEE
Animal,Attack,Attack On An Animal,NUDGEE
Animal,Attack,Attack On A Person,PADDINGTON
Animal,Cat Trapping,,MOOROOKA
Animal,Attack,Menacing,YEERONGPILLY
Animal,Dog,Unregistered,BANYO
Animal,Dog,Fencing Issues,BANYO
Animal,Dog,Defecating In Public,ASPLEY
Animal,Dog,Fencing Issues,HIGHGATE HILL
Animal,Attack,Attack On An Animal,GRANGE
Animal,Other Animal,Fox,CORINDA
Animal,Dog,Fencing Issues,BRIDGEMAN DOWNS
Animal,Other Animal,Fox,SUNNYBANK
Animal,Attack,Attack On An Animal,BOONDALL
Animal,Dog,Fencing Issues,HOLLAND PARK WEST
Animal,Attack,,ELLEN GROVE
Animal,Attack,Attack On A Person,INALA
Animal,Dog,Fencing Issues,TOOWONG
Animal,Attack,Attack On An Animal,GRANGE
Animal,Attack,Attack On An Animal,ANNERLEY
Animal,Dog,Fencing Issues,EIGHT MILE PLAINS
Animal,Attack,Attack On A Person,CARINDALE
Animal,Dog,Fencing Issues,TOOWONG
Animal,Dog,Defecating In Public,SUNNYBANK
Animal,Dog,Fencing Issues,SUNNYBANK
Animal,Cat,,WYNNUM WEST
Animal,Dog,Fencing Issues,MORNINGSIDE
Animal,Cat,,KURABY
Animal,Attack,Not An Attack,UPPER MOUNT GRAVATT
Animal,Attack,Attack On A Person,INALA
Animal,Cat,,INALA
Animal,Attack,Attack On An Animal,MOUNT COOT-THA
Animal,Dog,Defecating In Public,SANDGATE
Animal,Attack,Attack On A Person,CLAYFIELD
Animal,Dog,Fencing Issues,CANNON HILL
Animal,Dog,Fencing Issues,STAFFORD HEIGHTS
Animal,Attack,Attack On An Animal,WAVELL HEIGHTS
Animal,Attack,Attack On An Animal,ZILLMERE
Animal,Attack,Attack On A Person,MITCHELTON
Animal,Dog,Fencing Issues,ENOGGERA
Animal,Cat Trapping,,CARINDALE
Animal,Cat Trapping,,CAMP HILL
Animal,Attack,Attack On An Animal,WAVELL HEIGHTS
Animal,Cat Trapping,,FOREST LAKE
Animal,Attack,Not An Attack,DURACK
Animal,Dog,Fencing Issues,MANSFIELD
Animal,Dog,Fencing Issues,ALBION
Animal,Dog,Unregistered,CARINA
Animal,Dog,Fencing Issues,INALA
Animal,Dog,Fencing Issues,INALA
Animal,Dog,Fencing Issues,KANGAROO POINT
Animal,Dog,Too Many Animals,KEPERRA
Animal,Dog,Fencing Issues,WYNNUM WEST
Animal,Dog,Too Many Animals,HEMMANT
Animal,Dog,Defecating In Public,WYNNUM
Animal,Attack,Attack On An Animal,ZILLMERE
Animal,Dog,Fencing Issues,NEW FARM
Animal,Attack,Attack On A Person,HOLLAND PARK
Animal,Dog,Fencing Issues,FIG TREE POCKET
Animal,Attack,Attack On A Person,RUNCORN
Animal,Attack,Attack On A Person,BELLBOWRIE
Animal,Attack,Attack On An Animal,ACACIA RIDGE
Animal,Attack,Attack On A Person,BRIDGEMAN DOWNS
Animal,Dog,Too Many Animals,ASHGROVE
Animal,Dog,Fencing Issues,NUNDAH
Animal,Dog,Fencing Issues,WYNNUM
Animal,Dog,Too Many Animals,MOUNT GRAVATT
Animal,Dog,Fencing Issues,ALGESTER
Animal,Dog,Fencing Issues,FIG TREE POCKET
Animal,Attack,Attack On A Person,WYNNUM
Animal,Attack,Attack On A Person,KEPERRA
Animal,Dog,Fencing Issues,PALLARA
Animal,Attack,Attack On An Animal,ALDERLEY
Animal,Attack,Attack On An Animal,ALDERLEY
Animal,Cat,,CARINA
Animal,Attack,Attack On An Animal,WAVELL HEIGHTS
Animal,Cat,,WYNNUM WEST
Animal,Attack,Attack On An Animal,WINDSOR
Animal,Dog,Too Many Animals,LOTA
Animal,Dog,Defecating In Public,OXLEY
Animal,Attack,Attack On An Animal,CHERMSIDE WEST
Animal,Cat Trapping,,HOLLAND PARK
Animal,Dog,,INALA
Animal,Cat Trapping,,OXLEY
Animal,Attack,Not An Attack,SUNNYBANK HILLS
Animal,Attack,Not An Attack,GREENSLOPES
Animal,Dog,Fencing Issues,GUMDALE
Animal,Dog,Fencing Issues,WAVELL HEIGHTS
Animal,Cat,,MOGGILL
Animal,Attack,Attack On A Person,MOOROOKA
Animal,Dog,Unregistered,MOOROOKA
Animal,Dog,Fencing Issues,MOOROOKA
Animal,Dog,Fencing Issues,ST LUCIA
Animal,Dog,Defecating In Public,MORNINGSIDE
Animal,Dog,Defecating In Public,DURACK
Animal,Attack,Attack On A Person,SEVEN HILLS
Animal,Dog,Defecating In Public,WYNNUM
Animal,Dog,Fencing Issues,CARINA HEIGHTS
Animal,Other Animal,Wild Dog,MOUNT COOT-THA
Animal,Other Animal,Wild Dog,MITCHELTON
Animal,Other Animal,Wild Dog,UPPER KEDRON
Animal,Cat Trapping,,HERSTON
Animal,Attack,Attack On An Animal,FOREST LAKE
Animal,Other Animal,Fox,CARINA
Animal,Dog,Insufficient Space,CHERMSIDE WEST
Animal,Dog,Fencing Issues,NUDGEE BEACH
Animal,Attack,Attack On An Animal,ASHGROVE
Animal,Attack,Not An Attack,FOREST LAKE
Animal,Other Animal,Too Many Animals,GAYTHORNE
Animal,Dog,Defecating In Public,KEPERRA
Animal,Dog,Fencing Issues,NUNDAH
Animal,Dog,Fencing Issues,CARINA HEIGHTS
Animal,Attack,Attack On An Animal,JAMBOREE HEIGHTS
Animal,Attack,Attack On An Animal,ALDERLEY
Animal,Dog,Fencing Issues,WYNNUM
Animal,Dog,Fencing Issues,OXLEY
Animal,Other Animal,Deer,BROOKFIELD
Animal,Attack,Attack On A Person,KENMORE
Animal,Attack,Attack On An Animal,ALDERLEY
Animal,Other Animal,Nuisance Animal,GRANGE
Animal,Attack,Attack On An Animal,SUNNYBANK HILLS
Animal,Cat Trapping,,INALA
Animal,Attack,Attack On An Animal,SUNNYBANK HILLS
Animal,Attack,Attack On An Animal,STAFFORD
Animal,Dog,Fencing Issues,WYNNUM
Animal,Attack,Not An Attack,BELLBOWRIE
Animal,Dog,Fencing Issues,BELMONT
Animal,Dog,Unregistered,INALA
Animal,Dog,Too Many Animals,BOONDALL
Animal,Dog,,MOOROOKA
Animal,Attack,Attack On An Animal,ZILLMERE
Animal,Dog,Fencing Issues,WYNNUM
Animal,Other Animal,Deer,PULLENVALE
Animal,Dog,Fencing Issues,WESTLAKE
Animal,Attack,Attack On A Person,ACACIA RIDGE
Animal,Dog,Fencing Issues,DURACK
Animal,Dog,Defecating In Public,STAFFORD HEIGHTS
Animal,Dog,Odour,MORNINGSIDE
Animal,Attack,Menacing,ZILLMERE
Animal,Other Animal,Fox,TARRAGINDI
Animal,Dog,Fencing Issues,DUTTON PARK
Animal,Attack,Not An Attack,COOPERS PLAINS
Animal,Attack,Not An Attack,HOLLAND PARK
Animal,Dog,Fencing Issues,STAFFORD
Animal,Dog,Fencing Issues,RUNCORN
Animal,Dog,Too Many Animals,KANGAROO POINT
Animal,Attack,Attack On An Animal,SALISBURY
Animal,Attack,Menacing,MITCHELTON
Animal,Dog,Fencing Issues,ANNERLEY
Animal,Attack,Attack On An Animal,GUMDALE
Animal,Other Animal,Fox,MOUNT GRAVATT EAST
Animal,Dog,Insufficient Space,NUDGEE BEACH
Animal,Attack,Attack On An Animal,NUDGEE
Animal,Dog,Unregistered,GREENSLOPES
Animal,Cat,,ZILLMERE
Animal,Cat,,DEAGON
Animal,Dog,Defecating In Public,SALISBURY
Animal,Dog,Fencing Issues,MIDDLE PARK
Animal,Other Animal,Fencing Issues,DREWVALE
Animal,Other Animal,Fox,CARINA
Animal,Dog,Fencing Issues,ASHGROVE
Animal,Dog,Fencing Issues,SUNNYBANK
Animal,Dog,Fencing Issues,CANNON HILL
Animal,Dog,Fencing Issues,ASPLEY
Animal,Dog,Defecating In Public,ASPLEY
Animal,Attack,Attack On An Animal,ASPLEY
Animal,Attack,Attack On An Animal,NUDGEE
Animal,Attack,Attack On An Animal,NUDGEE
Animal,Attack,Attack On A Person,ASPLEY
Animal,Cat,,WYNNUM WEST
Animal,Dog,Too Many Animals,WISHART
Animal,Dog,Fencing Issues,ASHGROVE
Animal,Other Animal,Insufficient Space,SALISBURY
Animal,Dog,Defecating In Public,SUNNYBANK
Animal,Dog,Unregistered,SUNNYBANK
Animal,Dog,Fencing Issues,SUNNYBANK
Animal,Dog,Defecating In Public,KEPERRA
Animal,Attack,Attack On A Person,PARKINSON
Animal,Cat Trapping,,BANYO
Animal,Attack,Attack On A Person,INALA
Animal,Dog,Fencing Issues,ALDERLEY
Animal,Other Animal,Deer,JINDALEE
Animal,Other Animal,Too Many Animals,NORTHGATE
Animal,Attack,Attack On A Person,EIGHT MILE PLAINS
Animal,Dog,Too Many Animals,ZILLMERE
Animal,Dog,Too Many Animals,WINDSOR
Animal,Attack,Attack On A Person,KARAWATHA
Animal,Dog,Fencing Issues,CARINDALE
Animal,Cat Trapping,,RUNCORN
