Category: Nature,Category: Type,Category: Reporting Level,Location: Suburb
Animal,Cat Trapping,,UPPER MOUNT GRAVATT
Animal,Other Animal,Pest / Feral Animal,TARRAGINDI
Animal,Dog,Fencing Issues,TARRAGINDI
Animal,Dog,Fencing Issues,DARRA
Animal,Dog,Defecating In Public,KEDRON
Animal,Dog,Fencing Issues,MANLY WEST
Animal,Other Animal,Fox,YERONGA
Animal,Attack,Attack On An Animal,MORNINGSIDE
Animal,Dog,Unregistered,HOLLAND PARK WEST
Animal,Dog,Fencing Issues,DARRA
Animal,Other Animal,Nuisance Animal,WINDSOR
Animal,Cat Trapping,,CARINA
Animal,Other Animal,Too Many Animals,MOUNT CROSBY
Animal,Attack,Menacing,FERNY GROVE
Animal,Cat,,MANLY WEST
Animal,Dog,Fencing Issues,KARANA DOWNS
Animal,Cat Trapping,,WYNNUM WEST
Animal,Dog,Fencing Issues,WINDSOR
Animal,Cat Trapping,,DOOLANDELLA
Animal,Dog,Unregistered,
Animal,Cat Trapping,,ANNERLEY
Animal,Other Animal,Rabbit,CARINDALE
Animal,Attack,Attack On A Person,ASPLEY
Animal,Attack,Menacing,HOLLAND PARK
Animal,Other Animal,Pest / Feral Animal,PULLENVALE
Animal,Dog,Defecating In Public,COOPERS PLAINS
Animal,Attack,Attack On An Animal,INALA
Animal,Attack,Menacing,BALMORAL
Animal,Dog,Fencing Issues,NUDGEE
Animal,Cat,,KENMORE
Animal,Other Animal,Rabbit,ASPLEY
Animal,Other Animal,Fox,MOGGILL
Animal,Other Animal,Fox,CARINA
Animal,Cat Trapping,,UPPER MOUNT GRAVATT
Animal,Dog,Fencing Issues,WYNNUM WEST
Animal,Cat Trapping,,WYNNUM WEST
Animal,Attack,Attack On An Animal,BRIGHTON
Animal,Dog,Fencing Issues,WINDSOR
Animal,Cat Trapping,,KEDRON
Animal,Dog,Fencing Issues,SALISBURY
Animal,Dog,Fencing Issues,CALAMVALE
Animal,Dog,Fencing Issues,CALAMVALE
Animal,Attack,Attack On An Animal,MOUNT CROSBY
Animal,Attack,Attack On An Animal,BRIGHTON
Animal,Attack,Not An Attack,YERONGA
Animal,Attack,Not An Attack,INALA
Animal,Dog,Odour,CARINA HEIGHTS
Animal,Cat Trapping,,ANNERLEY
Animal,Dog,Fencing Issues,ASCOT
Animal,Dog,Unregistered,GORDON PARK
Animal,Other Animal,Fox,CHANDLER
Animal,Cat,,STAFFORD HEIGHTS
Animal,Dog,Fencing Issues,MITCHELTON
Animal,Attack,Dangerous,ASPLEY
Animal,Other Animal,Fox,HOLLAND PARK WEST
Animal,Dog,Insufficient Space,GRACEVILLE
Animal,Dog,Fencing Issues,INALA
Animal,Other Animal,Feral Cat,ROCKLEA
Animal,Cat Trapping,,ST LUCIA
Animal,Attack,Attack On An Animal,THE GAP
Animal,Other Animal,Nuisance Animal,ALGESTER
Animal,Dog,Fencing Issues,SEVEN HILLS
Animal,Cat Trapping,,ACACIA RIDGE
Animal,Attack,Not An Attack,MILTON
Animal,Attack,Menacing,MANLY
Animal,Other Animal,Fencing Issues,MOUNT CROSBY
Animal,Attack,Not An Attack,CHANDLER
Animal,Other Animal,Pest / Feral Animal,COORPAROO
Animal,Dog,Too Many Animals,MORNINGSIDE
Animal,Attack,Attack On An Animal,CHERMSIDE WEST
Animal,Dog,,UPPER MOUNT GRAVATT
Animal,Attack,Attack On A Person,HAMILTON
Animal,Attack,Attack On An Animal,BANYO
Animal,Attack,Attack On A Person,DARRA
Animal,Attack,Not An Attack,BRACKEN RIDGE
Animal,Cat Trapping,,ELLEN GROVE
Animal,Cat,,KURABY
Animal,Other Animal,Fox,PULLENVALE
Animal,Cat Trapping,,BOONDALL
Animal,Attack,Attack On An Animal,KENMORE
Animal,Cat,,COOPERS PLAINS
Animal,Attack,Attack On A Person,ACACIA RIDGE
Animal,Other Animal,Fox,BELMONT
Animal,Attack,Menacing,NORMAN PARK
Animal,Dog,Unregistered,ALDERLEY
Animal,Other Animal,Fox,MANLY WEST
Animal,Cat Trapping,,KURABY
Animal,Dog,Odour,MURARRIE
Animal,Dog,Defecating In Public,WISHART
Animal,Cat Trapping,,UPPER MOUNT GRAVATT
Animal,Attack,Not An Attack,RIVERHILLS
Animal,Cat Trapping,,BRIDGEMAN DOWNS
Animal,Dog,Fencing Issues,MANLY
Animal,Dog,Unregistered,GORDON PARK
Animal,Dog,Fencing Issues,BRIGHTON
Animal,Dog,Fencing Issues,BRIGHTON
Animal,Dog,Fencing Issues,
Animal,Attack,Not An Attack,GREENSLOPES
Animal,Cat,,GAYTHORNE
Animal,Attack,Not An Attack,HERSTON
Animal,Dog,Defecating In Public,NORTHGATE
Animal,Other Animal,Fencing Issues,ARCHERFIELD
Animal,Other Animal,Fencing Issues,ARCHERFIELD
Animal,Cat Trapping,,WYNNUM
Animal,Dog,Fencing Issues,INALA
Animal,Other Animal,Nuisance Animal,CLAYFIELD
Animal,Cat Trapping,,BOONDALL
Animal,Attack,Attack On An Animal,NEW FARM
Animal,Cat Trapping,,ACACIA RIDGE
Animal,Cat Trapping,,NEW FARM
Animal,Cat Trapping,,SANDGATE
Animal,Attack,Attack On A Person,SALISBURY
Animal,Dog,Fencing Issues,ZILLMERE
Animal,Other Animal,Nuisance Animal,FERNY GROVE
Animal,Attack,Attack On An Animal,CHERMSIDE WEST
Animal,Cat Trapping,,COORPAROO
Animal,Cat Trapping,,CHERMSIDE
Animal,Attack,Attack On A Person,FOREST LAKE
Animal,Other Animal,Fox,THE GAP
Animal,Cat Trapping,,MANSFIELD
Animal,Attack,Menacing,MANLY WEST
Animal,Attack,Attack On An Animal,HOLLAND PARK
Animal,Attack,,TARINGA
Animal,Dog,Fencing Issues,WESTLAKE
Animal,Other Animal,Nuisance Animal,FOREST LAKE
Animal,Cat Trapping,,SUNNYBANK
Animal,Other Animal,Nuisance Animal,ACACIA RIDGE
Animal,Dog,Fencing Issues,ZILLMERE
Animal,Dog,Fencing Issues,KARANA DOWNS
Animal,Dog,,STAFFORD
Animal,Dog,Unregistered,
Animal,Dog,Fencing Issues,BROOKFIELD
Animal,Attack,Attack On An Animal,THE GAP
Animal,Cat Trapping,,EAGLE FARM
Animal,Cat Trapping,,EAGLE FARM
Animal,Attack,Attack On An Animal,ASPLEY
Animal,Attack,Menacing,WYNNUM WEST
Animal,Attack,Not An Attack,HOLLAND PARK
Animal,Dog,Defecating In Public,UPPER MOUNT GRAVATT
Animal,Attack,Menacing,CANNON HILL
Animal,Cat Trapping,,NEW FARM
Animal,Dog,Fencing Issues,SALISBURY
Animal,Dog,Unregistered,ZILLMERE
Animal,Attack,Attack On An Animal,MANLY
Animal,Attack,Attack On A Person,BURBANK
Animal,Attack,Attack On An Animal,GREENSLOPES
Animal,Dog,Unregistered,MORNINGSIDE
Animal,Attack,Not An Attack,CHERMSIDE
Animal,Dog,Fencing Issues,WINDSOR
Animal,Dog,Fencing Issues,KENMORE HILLS
Animal,Dog,Surrender,INALA
Animal,Attack,Attack On An Animal,CARSELDINE
Animal,Other Animal,Fox,PULLENVALE
Animal,Attack,Menacing,CARINA
Animal,Attack,Attack On An Animal,WAVELL HEIGHTS
Animal,Cat Trapping,,RED HILL
Animal,Other Animal,Defecating In Public,CARINDALE
Animal,Dog,Fencing Issues,FERNY GROVE
Animal,Dog,Fencing Issues,WYNNUM WEST
Animal,Attack,Attack On An Animal,TARRAGINDI
Animal,Dog,Fencing Issues,MANSFIELD
Animal,Dog,Fencing Issues,BOONDALL
Animal,Dog,Defecating In Public,DUTTON PARK
Animal,Cat Trapping,,COORPAROO
Animal,Other Animal,Wild Dog,KHOLO
Animal,Dog,Too Many Animals,GORDON PARK
Animal,Other Animal,Rabbit,TINGALPA
Animal,Attack,Not An Attack,WAVELL HEIGHTS
Animal,Dog,Fencing Issues,ZILLMERE
Animal,Attack,Menacing,SANDGATE
Animal,Cat Trapping,,STAFFORD HEIGHTS
Animal,Other Animal,Nuisance Animal,MOUNT GRAVATT EAST
Animal,Dog,Fencing Issues,DURACK
Animal,Other Animal,Fencing Issues,HEMMANT
Animal,Other Animal,Odour,EVERTON PARK
Animal,Dog,Defecating In Public,STAFFORD
Animal,Other Animal,Fox,FITZGIBBON
Animal,Cat Trapping,,NORMAN PARK
Animal,Other Animal,Deer,ANSTEAD
Animal,Dog,Fencing Issues,BRACKEN RIDGE
Animal,Attack,Attack On A Person,MANSFIELD
Animal,Cat Trapping,,ANNERLEY
Animal,Attack,Not An Attack,CORINDA
Animal,Dog,Fencing Issues,THE GAP
Animal,Other Animal,Nuisance Animal,FOREST LAKE
Animal,Attack,Not An Attack,MOUNT GRAVATT EAST
Animal,Attack,Attack On An Animal,BALD HILLS
Animal,Attack,Attack On An Animal,GRACEVILLE
Animal,Dog,Fencing Issues,WYNNUM
Animal,Dog,Fencing Issues,JINDALEE
Animal,Other Animal,Fox,MOUNT OMMANEY
Animal,Cat Trapping,,SUNNYBANK HILLS
Animal,Cat Trapping,,COORPAROO
Animal,Cat Trapping,,BRACKEN RIDGE
Animal,Dog,Fencing Issues,CHERMSIDE
Animal,Cat Trapping,,COORPAROO
Animal,Other Animal,Rabbit,RED HILL
Animal,Dog,Defecating In Public,NUNDAH
Animal,Attack,Attack On An Animal,CARINA
Animal,Attack,Attack On A Person,WYNNUM
Animal,Dog,Fencing Issues,MANSFIELD
Animal,Other Animal,Nuisance Animal,WAVELL HEIGHTS
Animal,Attack,Menacing,MANSFIELD
Animal,Dog,Unregistered,CHAPEL HILL
Animal,Other Animal,Fencing Issues,WILLAWONG
Animal,Other Animal,Fox,KARANA DOWNS
Animal,Dog,Fencing Issues,BROOKFIELD
Animal,Dog,Defecating In Public,THE GAP
Animal,Attack,Attack On A Person,MOUNT GRAVATT EAST
Animal,Attack,Attack On An Animal,MANSFIELD
Animal,Attack,Attack On An Animal,WYNNUM
Animal,Dog,Fencing Issues,STAFFORD HEIGHTS
Animal,Other Animal,Nuisance Animal,HIGHGATE HILL
Animal,Cat Trapping,,INALA
Animal,Attack,Menacing,ALDERLEY
Animal,Other Animal,Fox,HOLLAND PARK WEST
Animal,Dog,Fencing Issues,BALMORAL
Animal,Dog,Defecating In Public,CHERMSIDE
Animal,Attack,Not An Attack,DURACK
Animal,Attack,Menacing,WILSTON
Animal,Cat Trapping,,ACACIA RIDGE
Animal,Attack,Attack On A Person,MURARRIE
Animal,Dog,Fencing Issues,GORDON PARK
Animal,Attack,Attack On An Animal,KARANA DOWNS
Animal,Other Animal,Nuisance Animal,ELLEN GROVE
Animal,Other Animal,Pest / Feral Animal,WOOLLOONGABBA
Animal,Cat,,ASHGROVE
Animal,Dog,Fencing Issues,CHERMSIDE
Animal,Dog,Fencing Issues,ROCKLEA
Animal,Attack,Attack On A Person,BROOKFIELD
Animal,Dog,Fencing Issues,BROOKFIELD
Animal,Dog,Fencing Issues,CARINA
Animal,Dog,Unregistered,UPPER KEDRON
Animal,Attack,Attack On A Person,EVERTON PARK
Animal,Other Animal,Nuisance Animal,RED HILL
Animal,Dog,Defecating In Public,TARRAGINDI
Animal,Attack,Attack On A Person,GEEBUNG
Animal,Dog,Fencing Issues,TAIGUM
Animal,Other Animal,Pest / Feral Animal,DURACK
Animal,Dog,Too Many Animals,CLAYFIELD
Animal,Dog,Fencing Issues,KEPERRA
Animal,Cat,,SINNAMON PARK
Animal,Attack,Attack On An Animal,GUMDALE
Animal,Other Animal,Fencing Issues,PETRIE TERRACE
Animal,Attack,Attack On A Person,HOLLAND PARK
Animal,Other Animal,Nuisance Animal,HERSTON
Animal,Cat Trapping,,INALA
Animal,Dog,Unregistered,WYNNUM WEST
Animal,Dog,Fencing Issues,WYNNUM WEST
Animal,Attack,Not An Attack,NORTHGATE
Animal,Cat,,SEVENTEEN MILE ROCKS
Animal,Dog,Fencing Issues,WINDSOR
Animal,Attack,Attack On An Animal,FOREST LAKE
Animal,Attack,Attack On An Animal,WAKERLEY
Animal,Cat Trapping,,MANLY WEST
Animal,Dog,Fencing Issues,BRACKEN RIDGE
Animal,Attack,Attack On A Person,COORPAROO
Animal,Attack,Attack On A Person,SUNNYBANK
Animal,Dog,Fencing Issues,DURACK
Animal,Attack,Dangerous,INALA
Animal,Attack,Attack On A Person,BRACKEN RIDGE
Animal,Dog,Fencing Issues,RUNCORN
Animal,Other Animal,Fox,MACKENZIE
Animal,Other Animal,Fox,MOOROOKA
Animal,Dog,Too Many Animals,ZILLMERE
Animal,Dog,Fencing Issues,WOOLLOONGABBA
Animal,Dog,Too Many Animals,MOUNT GRAVATT EAST
Animal,Dog,Too Many Animals,MOUNT GRAVATT EAST
Animal,Dog,Unregistered,MOUNT GRAVATT EAST
Animal,Dog,Too Many Animals,FOREST LAKE
Animal,Other Animal,Pest / Feral Animal,CHERMSIDE WEST
Animal,Attack,Attack On An Animal,CHERMSIDE
Animal,Dog,Unregistered,INALA
Animal,Dog,Fencing Issues,PINJARRA HILLS
Animal,Attack,Not An Attack,STRETTON
Animal,Cat Trapping,,MOUNT GRAVATT EAST
Animal,Dog,Fencing Issues,SALISBURY
Animal,Cat Trapping,,INALA
Animal,Dog,Fencing Issues,KENMORE HILLS
Animal,Cat Trapping,,BRACKEN RIDGE
Animal,Dog,Fencing Issues,NUDGEE
Animal,Other Animal,Rabbit,MOUNT OMMANEY
Animal,Attack,Attack On A Person,FAIRFIELD
Animal,Dog,Odour,KEDRON
Animal,Attack,Attack On A Person,WAKERLEY
Animal,Attack,Attack On An Animal,STONES CORNER
Animal,Attack,Menacing,STAFFORD HEIGHTS
Animal,Dog,Unregistered,ANNERLEY
Animal,Dog,Unregistered,CALAMVALE
Animal,Other Animal,Fencing Issues,HAMILTON
Animal,Attack,Attack On An Animal,MURARRIE
Animal,Dog,Too Many Animals,LOTA
Animal,Dog,Defecating In Public,PADDINGTON
Animal,Attack,Attack On A Person,MITCHELTON
Animal,Attack,Attack On An Animal,ASPLEY
Animal,Dog,Fencing Issues,CARINA
Animal,Dog,Fencing Issues,PADDINGTON
Animal,Attack,Attack On A Person,WINDSOR
Animal,Other Animal,Fox,KARANA DOWNS
Animal,Other Animal,Too Many Animals,SALISBURY
Animal,Dog,Defecating In Public,TOOWONG
Animal,Attack,Attack On An Animal,FOREST LAKE
Animal,Dog,Odour,CALAMVALE
Animal,Dog,Fencing Issues,GAYTHORNE
Animal,Dog,Fencing Issues,WYNNUM
Animal,Other Animal,Deer,UPPER BROOKFIELD
Animal,Cat,,THE GAP
Animal,Cat Trapping,,TARINGA
Animal,Attack,Menacing,GAYTHORNE
Animal,Dog,Fencing Issues,NUNDAH
Animal,Other Animal,Fox,ANSTEAD
Animal,Other Animal,Nuisance Animal,CARSELDINE
Animal,Dog,Unregistered,ROCKLEA
Animal,Dog,Fencing Issues,ZILLMERE
Animal,Dog,Fencing Issues,CHERMSIDE WEST
Animal,Dog,Too Many Animals,WACOL
Animal,Cat Trapping,,STAFFORD
Animal,Dog,Odour,COOPERS PLAINS
Animal,Attack,Attack On An Animal,STAFFORD HEIGHTS
Animal,Dog,Fencing Issues,ELLEN GROVE
Animal,Dog,Fencing Issues,MURARRIE
Animal,Attack,Not An Attack,MOOROOKA
Animal,Attack,Attack On An Animal,ALDERLEY
Animal,Dog,Fencing Issues,WINDSOR
Animal,Other Animal,Fox,KARANA DOWNS
Animal,Attack,Menacing,TAIGUM
Animal,Dog,Fencing Issues,INALA
Animal,Cat Trapping,,ACACIA RIDGE
Animal,Dog,Defecating In Public,MCDOWALL
Animal,Attack,Attack On An Animal,MORNINGSIDE
Animal,Dog,Fencing Issues,STAFFORD
Animal,Attack,Not An Attack,PINJARRA HILLS
Animal,Dog,Fencing Issues,STAFFORD
Animal,Other Animal,Too Many Animals,ACACIA RIDGE
Animal,Cat Trapping,,ROBERTSON
Animal,Dog,Defecating In Public,
Animal,Dog,Odour,NATHAN
Animal,Dog,Fencing Issues,KEDRON
Animal,Other Animal,Fox,BROOKFIELD
Animal,Other Animal,Fox,CHUWAR
Animal,Dog,Defecating In Public,STRETTON
Animal,Other Animal,Pest / Feral Animal,SUNNYBANK
Animal,Dog,Fencing Issues,SUNNYBANK
Animal,Other Animal,Feral Pig,UPPER BROOKFIELD
Animal,Attack,Menacing,MOUNT GRAVATT EAST
Animal,Attack,Attack On A Person,DURACK
Animal,Attack,Menacing,NUNDAH
Animal,Dog,Fencing Issues,NEW FARM
Animal,Attack,Attack On An Animal,ASPLEY
Animal,Other Animal,Odour,MOUNT CROSBY
Animal,Dog,Fencing Issues,PULLENVALE
Animal,Dog,Fencing Issues,BOONDALL
Animal,Other Animal,Nuisance Animal,BANYO
Animal,Dog,Unregistered,PALLARA
Animal,Other Animal,Fox,THE GAP
Animal,Dog,Fencing Issues,CHERMSIDE
Animal,Dog,Fencing Issues,ASHGROVE
Animal,Dog,Fencing Issues,CARINA HEIGHTS
Animal,Other Animal,Nuisance Animal,BROOKFIELD
Animal,Other Animal,Nuisance Animal,BROOKFIELD
Animal,Other Animal,Nuisance Animal,BROOKFIELD
Animal,Attack,Attack On A Person,OXLEY
Animal,Cat Trapping,,ST LUCIA
Animal,Dog,Fencing Issues,SPRING HILL
Animal,Dog,Fencing Issues,OXLEY
Animal,Dog,Too Many Animals,WYNNUM WEST
Animal,Dog,Fencing Issues,CHAPEL HILL
Animal,Dog,Fencing Issues,RIVERHILLS
Animal,Attack,Attack On A Person,TINGALPA
Animal,Dog,Too Many Animals,SUNNYBANK
Animal,Cat,,KURABY
Animal,Cat Trapping,,BOONDALL
Animal,Attack,Attack On An Animal,PADDINGTON
Animal,Dog,Fencing Issues,COORPAROO
Animal,Cat Trapping,,BRACKEN RIDGE
Animal,Dog,Odour,TOOWONG
Animal,Attack,Attack On An Animal,MANSFIELD
Animal,Dog,Fencing Issues,ROCKLEA
Animal,Attack,Not An Attack,ROCKLEA
Animal,Dog,Too Many Animals,ANNERLEY
Animal,Attack,Attack On An Animal,KENMORE
Animal,Attack,Attack On A Person,CHERMSIDE WEST
Animal,Dog,Fencing Issues,WYNNUM WEST
Animal,Dog,Fencing Issues,DREWVALE
Animal,Attack,Attack On A Person,BANYO
Animal,Dog,Too Many Animals,TARRAGINDI
Animal,Dog,Defecating In Public,ASPLEY
Animal,Attack,Attack On An Animal,BRIDGEMAN DOWNS
Animal,Cat Trapping,,BRIGHTON
Animal,Dog,Fencing Issues,EAST BRISBANE
Animal,Cat,,GREENSLOPES
Animal,Other Animal,Nuisance Animal,RICHLANDS
Animal,Dog,Fencing Issues,CHERMSIDE
Animal,Attack,Not An Attack,GRACEVILLE
Animal,Dog,Fencing Issues,WINDSOR
Animal,Dog,Fencing Issues,ASCOT
Animal,Other Animal,Nuisance Animal,ELLEN GROVE
Animal,Attack,Not An Attack,MANSFIELD
Animal,Dog,Fencing Issues,WAVELL HEIGHTS
Animal,Dog,Fencing Issues,COOPERS PLAINS
Animal,Attack,Attack On An Animal,TARRAGINDI
Animal,Attack,Menacing,ZILLMERE
Animal,Attack,Menacing,CARSELDINE
Animal,Dog,Fencing Issues,ALGESTER
Animal,Dog,Fencing Issues,ZILLMERE
Animal,Other Animal,Fox,ROCKLEA
Animal,Dog,Defecating In Public,PETRIE TERRACE
Animal,Other Animal,Pest / Feral Animal,COORPAROO
Animal,Attack,Attack On A Person,ELLEN GROVE
Animal,Attack,Attack On A Person,CLAYFIELD
Animal,Attack,Attack On A Person,PADDINGTON
Animal,Attack,Attack On An Animal,BALD HILLS
Animal,Dog,Fencing Issues,COORPAROO
Animal,Dog,Fencing Issues,RIVERHILLS
Animal,Cat Trapping,,WINDSOR
Animal,Other Animal,Nuisance Animal,CARINA HEIGHTS
Animal,Dog,Fencing Issues,CAMP HILL
Animal,Cat Trapping,,MANSFIELD
Animal,Dog,Fencing Issues,NORMAN PARK
Animal,Dog,Fencing Issues,PULLENVALE
Animal,Dog,Fencing Issues,FOREST LAKE
Animal,Other Animal,Fox,PULLENVALE
Animal,Other Animal,Rabbit,RED HILL
Animal,Attack,Attack On A Person,NUDGEE
Animal,Attack,Attack On A Person,NEWMARKET
Animal,Cat,,JINDALEE
Animal,Other Animal,Fencing Issues,WOOLLOONGABBA
Animal,Cat Trapping,,CHERMSIDE
Animal,Dog,Fencing Issues,BOONDALL
Animal,Dog,Defecating In Public,MILTON
Animal,Other Animal,Pest / Feral Animal,HOLLAND PARK
Animal,Attack,Attack On A Person,COORPAROO
Animal,Cat,,MURARRIE
Animal,Attack,Menacing,HAWTHORNE
Animal,Dog,Fencing Issues,CHERMSIDE WEST
Animal,Attack,Attack On An Animal,CARINA
Animal,Dog,Defecating In Public,GRACEVILLE
Animal,Attack,Attack On A Person,GUMDALE
Animal,Cat Trapping,,WISHART
Animal,Dog,Fencing Issues,WEST END
Animal,Dog,Defecating In Public,CARINA
Animal,Cat Trapping,,GAYTHORNE
Animal,Other Animal,Too Many Animals,EVERTON PARK
Animal,Cat Trapping,,INALA
Animal,Other Animal,Wild Dog,UPPER BROOKFIELD
Animal,Cat Trapping,,ELLEN GROVE
Animal,Attack,Attack On An Animal,INDOOROOPILLY
Animal,Dog,Unregistered,
Animal,Attack,Not An Attack,HEATHWOOD
Animal,Dog,Fencing Issues,WAVELL HEIGHTS
Animal,Other Animal,Fox,BELLBOWRIE
Animal,Attack,Attack On A Person,CHELMER
Animal,Attack,Attack On An Animal,FIG TREE POCKET
Animal,Dog,Odour,NEW FARM
Animal,Cat,,HENDRA
Animal,Attack,Not An Attack,MANLY WEST
Animal,Cat Trapping,,MANLY
Animal,Dog,Too Many Animals,BOONDALL
Animal,Attack,Menacing,INALA
Animal,Attack,Attack On An Animal,BARDON
Animal,Dog,Unregistered,MCDOWALL
Animal,Dog,Fencing Issues,TINGALPA
Animal,Cat Trapping,,MACGREGOR
Animal,Other Animal,Rabbit,ANNERLEY
Animal,Attack,Attack On An Animal,KENMORE
Animal,Dog,Fencing Issues,NUNDAH
Animal,Dog,Fencing Issues,MOUNT GRAVATT EAST
Animal,Other Animal,Wild Dog,KENMORE HILLS
Animal,Cat Trapping,,HAWTHORNE
Animal,Dog,Fencing Issues,WYNNUM WEST
Animal,Cat Trapping,,TAIGUM
Animal,Other Animal,Nuisance Animal,WINDSOR
Animal,Attack,Attack On A Person,GUMDALE
Animal,Cat Trapping,,KURABY
Animal,Dog,Unregistered,
Animal,Cat Trapping,,GEEBUNG
Animal,Dog,Defecating In Public,CAMP HILL
Animal,Dog,Unregistered,UPPER KEDRON
Animal,Cat,,HEMMANT
Animal,Cat Trapping,,TARINGA
Animal,Cat Trapping,,ASPLEY
Animal,Dog,Too Many Animals,GEEBUNG
Animal,Attack,Attack On An Animal,STAFFORD HEIGHTS
Animal,Dog,Fencing Issues,STONES CORNER
Animal,Attack,Not An Attack,WYNNUM
Animal,Attack,Menacing,COOPERS PLAINS
Animal,Other Animal,Fox,BELMONT
Animal,Dog,Fencing Issues,FAIRFIELD
Animal,Attack,Attack On An Animal,FITZGIBBON
Animal,Attack,Attack On A Person,ACACIA RIDGE
Animal,Other Animal,Deer,PULLENVALE
Animal,Dog,Unregistered,
Animal,Attack,Dangerous,ROCKLEA
Animal,Dog,Fencing Issues,EAST BRISBANE
Animal,Dog,Unregistered,PARKINSON
Animal,Attack,Not An Attack,MANLY WEST
Animal,Attack,Menacing,SHERWOOD
Animal,Attack,Attack On A Person,NUNDAH
Animal,Other Animal,Fox,BELLBOWRIE
Animal,Cat Trapping,,VIRGINIA
Animal,Other Animal,Pest / Feral Animal,NEW FARM
Animal,Attack,Not An Attack,EAST BRISBANE
Animal,Dog,Defecating In Public,COOPERS PLAINS
Animal,Other Animal,Fox,CHERMSIDE WEST
Animal,Other Animal,Odour,KEPERRA
Animal,Other Animal,Deer,PULLENVALE
Animal,Attack,Not An Attack,MOOROOKA
Animal,Attack,Not An Attack,MOUNT CROSBY
Animal,Dog,Fencing Issues,SEVEN HILLS
Animal,Attack,Attack On An Animal,THE GAP
Animal,Dog,Defecating In Public,DUTTON PARK
Animal,Cat Trapping,,FOREST LAKE
Animal,Other Animal,Pest / Feral Animal,OXLEY
Animal,Attack,Attack On An Animal,KEPERRA
Animal,Dog,Too Many Animals,HOLLAND PARK WEST
Animal,Cat Trapping,,INALA
Animal,Cat Trapping,,ANNERLEY
Animal,Other Animal,Fox,CARINDALE
Animal,Dog,Unregistered,
Animal,Attack,Attack On An Animal,ASCOT
Animal,Cat,,MOUNT GRAVATT EAST
Animal,Attack,Attack On An Animal,FERNY GROVE
Animal,Dog,Defecating In Public,BULIMBA
Animal,Attack,Menacing,WAVELL HEIGHTS
Animal,Attack,Attack On An Animal,BOONDALL
Animal,Dog,Fencing Issues,WYNNUM
Animal,Dog,Defecating In Public,WYNNUM WEST
Animal,Cat,,CALAMVALE
Animal,Dog,Fencing Issues,BOONDALL
Animal,Other Animal,Fox,MACKENZIE
Animal,Attack,Attack On A Person,GEEBUNG
Animal,Attack,Not An Attack,FORTITUDE VALLEY
Animal,Dog,Unregistered,BRACKEN RIDGE
Animal,Dog,Unregistered,BRACKEN RIDGE
Animal,Cat,,NEW FARM
Animal,Dog,Fencing Issues,WYNNUM
Animal,Attack,Attack On A Person,ACACIA RIDGE
Animal,Attack,Menacing,CLAYFIELD
Animal,Other Animal,Pest / Feral Animal,NUDGEE
Animal,Attack,Menacing,JAMBOREE HEIGHTS
Animal,Attack,Attack On A Person,GUMDALE
Animal,Attack,Not An Attack,ALGESTER
Animal,Cat,,KEPERRA
Animal,Attack,Attack On An Animal,INDOOROOPILLY
Animal,Cat,,BRIDGEMAN DOWNS
Animal,Other Animal,Feral Cat,BRACKEN RIDGE
Animal,Dog,Unregistered,GORDON PARK
Animal,Attack,Attack On A Person,SHORNCLIFFE
Animal,Attack,Not An Attack,ASCOT
Animal,Cat Trapping,,GEEBUNG
Animal,Other Animal,Fox,HEMMANT
Animal,Cat Trapping,,OXLEY
Animal,Attack,Attack On An Animal,CALAMVALE
Animal,Other Animal,Nuisance Animal,EVERTON PARK
Animal,Dog,Fencing Issues,INALA
Animal,Cat Trapping,,INALA
Animal,Cat,,EVERTON PARK
Animal,Dog,Fencing Issues,SUNNYBANK HILLS
Animal,Dog,Unregistered,HEMMANT
Animal,Dog,Fencing Issues,WOOLLOONGABBA
Animal,Cat,,BRACKEN RIDGE
Animal,Other Animal,Rabbit,TINGALPA
Animal,Attack,Attack On A Person,MANLY WEST
Animal,Other Animal,Fox,WYNNUM
Animal,Dog,Fencing Issues,BRIDGEMAN DOWNS
Animal,Attack,Attack On An Animal,ROCKLEA
Animal,Dog,Fencing Issues,MOUNT GRAVATT
Animal,Attack,Attack On An Animal,KALINGA
Animal,Attack,Menacing,HEATHWOOD
Animal,Dog,Defecating In Public,DUTTON PARK
Animal,Other Animal,Nuisance Animal,OXLEY
Animal,Cat Trapping,,TARINGA
Animal,Dog,Defecating In Public,LUTWYCHE
Animal,Other Animal,Nuisance Animal,ASPLEY
Animal,Other Animal,Fencing Issues,PADDINGTON
Animal,Other Animal,Nuisance Animal,HENDRA
Animal,Dog,Fencing Issues,KARANA DOWNS
Animal,Other Animal,Fox,SUNNYBANK
Animal,Dog,Fencing Issues,FERNY GROVE
Animal,Dog,Too Many Animals,BROOKFIELD
Animal,Dog,Defecating In Public,DOOLANDELLA
Animal,Attack,Attack On An Animal,DREWVALE
Animal,Attack,Not An Attack,DARRA
Animal,Attack,Menacing,STAFFORD HEIGHTS
Animal,Dog,Defecating In Public,UPPER MOUNT GRAVATT
Animal,Dog,Fencing Issues,SUNNYBANK HILLS
Animal,Other Animal,Nuisance Animal,BRISBANE CITY
Animal,Cat Trapping,,INALA
Animal,Attack,Attack On A Person,WYNNUM
Animal,Other Animal,Fox,CHELMER
Animal,Other Animal,Nuisance Animal,RED HILL
Animal,Attack,Attack On A Person,CANNON HILL
Animal,Other Animal,Fencing Issues,MORNINGSIDE
Animal,Attack,Attack On A Person,BOONDALL
Animal,Dog,Fencing Issues,ROCKLEA
Animal,Dog,Fencing Issues,ROCKLEA
Animal,Cat Trapping,,HERSTON
Animal,Attack,Not An Attack,TARRAGINDI
Animal,Dog,Unregistered,DURACK
Animal,Other Animal,Fox,TARRAGINDI
Animal,Attack,Attack On An Animal,MURARRIE
Animal,Attack,Attack On An Animal,KALINGA
Animal,Cat Trapping,,WYNNUM
Animal,Attack,Attack On An Animal,MOUNT GRAVATT EAST
Animal,Dog,Fencing Issues,CARINA
Animal,Dog,Defecating In Public,WISHART
Animal,Dog,Fencing Issues,DARRA
Animal,Dog,Fencing Issues,TINGALPA
Animal,Attack,Attack On An Animal,RED HILL
Animal,Dog,Fencing Issues,PULLENVALE
Animal,Cat Trapping,,BELMONT
Animal,Attack,Not An Attack,INALA
Animal,Attack,Not An Attack,SUNNYBANK HILLS
Animal,Attack,Attack On An Animal,BRACKEN RIDGE
Animal,Other Animal,Fox,THE GAP
Animal,Dog,Defecating In Public,COOPERS PLAINS
Animal,Attack,Attack On An Animal,MOOROOKA
Animal,Attack,Attack On An Animal,KANGAROO POINT
Animal,Other Animal,Feral Goat,BRIDGEMAN DOWNS
Animal,Attack,Attack On An Animal,BOONDALL
Animal,Attack,Not An Attack,COORPAROO
Animal,Other Animal,Deer,ANSTEAD
Animal,Dog,Fencing Issues,NUDGEE
Animal,Cat Trapping,,YERONGA
Animal,Dog,Fencing Issues,HENDRA
Animal,Dog,Fencing Issues,BRIDGEMAN DOWNS
Animal,Dog,Fencing Issues,DEAGON
Animal,Cat Trapping,,WYNNUM
Animal,Dog,Fencing Issues,ACACIA RIDGE
Animal,Other Animal,Rabbit,RED HILL
Animal,Attack,Attack On A Person,GEEBUNG
Animal,Attack,Attack On An Animal,WAVELL HEIGHTS
Animal,Attack,Menacing,BALMORAL
Animal,Dog,Fencing Issues,BARDON
Animal,Cat Trapping,,INALA
Animal,Dog,Fencing Issues,THE GAP
Animal,Attack,Attack On An Animal,MOOROOKA
Animal,Other Animal,Deer,KHOLO
Animal,Dog,Fencing Issues,BULIMBA
Animal,Dog,Fencing Issues,ACACIA RIDGE
Animal,Dog,Too Many Animals,NORTHGATE
Animal,Dog,Fencing Issues,NUDGEE BEACH
Animal,Cat Trapping,,DURACK
Animal,Dog,Fencing Issues,FERNY GROVE
Animal,Attack,Not An Attack,WYNNUM WEST
Animal,Other Animal,Nuisance Animal,RED HILL
Animal,Dog,Fencing Issues,NORMAN PARK
Animal,Cat Trapping,,INALA
Animal,Dog,Fencing Issues,NORMAN PARK
Animal,Attack,Attack On An Animal,BRIGHTON
Animal,Cat Trapping,,RED HILL
Animal,Dog,Fencing Issues,SALISBURY
Animal,Attack,Attack On A Person,GREENSLOPES
Animal,Attack,Attack On A Person,FORTITUDE VALLEY
Animal,Dog,Fencing Issues,GREENSLOPES
Animal,Dog,Fencing Issues,STAFFORD
Animal,Attack,Attack On A Person,DREWVALE
Animal,Other Animal,Rabbit,RED HILL
Animal,Attack,Attack On An Animal,EVERTON PARK
Animal,Attack,Attack On An Animal,COORPAROO
Animal,Attack,Attack On An Animal,HOLLAND PARK WEST
Animal,Attack,Attack On A Person,CARSELDINE
Animal,Dog,Fencing Issues,ALGESTER
Animal,Attack,Attack On A Person,CHAPEL HILL
Animal,Dog,Unregistered,
Animal,Dog,Unregistered,
Animal,Dog,Fencing Issues,WINDSOR
Animal,Other Animal,Fox,COOPERS PLAINS
Animal,Attack,Attack On An Animal,WYNNUM WEST
Animal,Attack,Attack On A Person,INALA
Animal,Dog,Unregistered,ALBION
Animal,Attack,Not An Attack,RED HILL
Animal,Dog,Fencing Issues,CHERMSIDE
Animal,Dog,Fencing Issues,DEAGON
Animal,Dog,Unregistered,ST LUCIA
Animal,Cat Trapping,,COOPERS PLAINS
Animal,Attack,Attack On An Animal,THE GAP
Animal,Attack,Attack On An Animal,ALDERLEY
Animal,Dog,Fencing Issues,JINDALEE
Animal,Dog,Unregistered,SUNNYBANK
Animal,Attack,Attack On An Animal,BRIDGEMAN DOWNS
Animal,Attack,Attack On An Animal,CALAMVALE
Animal,Attack,Attack On An Animal,SALISBURY
Animal,Other Animal,Nuisance Animal,ANSTEAD
Animal,Attack,Attack On An Animal,SANDGATE
Animal,Cat Trapping,,MANLY
Animal,Attack,Not An Attack,TINGALPA
Animal,Attack,Attack On A Person,MOGGILL
Animal,Attack,Menacing,MORNINGSIDE
Animal,Cat Trapping,,MANSFIELD
Animal,Dog,Defecating In Public,MCDOWALL
Animal,Dog,Fencing Issues,SEVEN HILLS
Animal,Cat Trapping,,INALA
Animal,Cat,,STAFFORD
Animal,Attack,Menacing,INALA
Animal,Dog,Fencing Issues,CAMP HILL
Animal,Dog,Unregistered,SUNNYBANK
Animal,Dog,Fencing Issues,ZILLMERE
Animal,Attack,Attack On An Animal,MOOROOKA
Animal,Dog,Too Many Animals,BRACKEN RIDGE
Animal,Dog,Fencing Issues,SUMNER
Animal,Dog,Fencing Issues,DARRA
Animal,Attack,Not An Attack,HEMMANT
Animal,Other Animal,Pest / Feral Animal,PARKINSON
Animal,Attack,Attack On A Person,BALMORAL
Animal,Attack,Not An Attack,MCDOWALL
Animal,Attack,Not An Attack,TARRAGINDI
Animal,Cat,,UPPER MOUNT GRAVATT
Animal,Attack,Attack On An Animal,TINGALPA
Animal,Other Animal,Rabbit,RED HILL
Animal,Other Animal,Fox,KARANA DOWNS
Animal,Attack,Not An Attack,DREWVALE
Animal,Attack,,CHELMER
Animal,Attack,Menacing,FOREST LAKE
Animal,Other Animal,Too Many Animals,BARDON
Animal,Other Animal,Fox,CARINDALE
Animal,Attack,Attack On A Person,TARRAGINDI
Animal,Cat Trapping,,THE GAP
Animal,Dog,Fencing Issues,WAKERLEY
Animal,Other Animal,Fox,WILLAWONG
Animal,Other Animal,Fox,KHOLO
Animal,Cat Trapping,,BRACKEN RIDGE
Animal,Dog,Fencing Issues,INALA
Animal,Cat,,CLAYFIELD
Animal,Dog,Defecating In Public,ASPLEY
Animal,Attack,Attack On A Person,INALA
Animal,Dog,Fencing Issues,CHERMSIDE WEST
Animal,Dog,Fencing Issues,GRANGE
Animal,Attack,Attack On A Person,WESTLAKE
Animal,Attack,Menacing,CARINA HEIGHTS
Animal,Dog,Fencing Issues,MOUNT CROSBY
Animal,Attack,Attack On An Animal,KENMORE
Animal,Attack,Not An Attack,TINGALPA
Animal,Dog,Fencing Issues,BRIGHTON
Animal,Cat,,KURABY
Animal,Attack,Not An Attack,PULLENVALE
Animal,Attack,Attack On An Animal,RUNCORN
Animal,Other Animal,Odour,OXLEY
Animal,Dog,Fencing Issues,RIVERHILLS
Animal,Cat Trapping,,INALA
Animal,Dog,Fencing Issues,STAFFORD
Animal,Dog,Fencing Issues,STAFFORD
Animal,Other Animal,Nuisance Animal,SANDGATE
Animal,Cat,,HEATHWOOD
Animal,Cat Trapping,,MOUNT GRAVATT EAST
Animal,Cat,,BOONDALL
Animal,Other Animal,Fox,FITZGIBBON
Animal,Dog,Fencing Issues,ASPLEY
Animal,Dog,Unregistered,DARRA
Animal,Attack,Attack On An Animal,JINDALEE
Animal,Other Animal,Odour,ACACIA RIDGE
Animal,Dog,Odour,GRANGE
Animal,Other Animal,Fox,KARANA DOWNS
Animal,Other Animal,Rabbit,RED HILL
Animal,Dog,Fencing Issues,MORNINGSIDE
Animal,Other Animal,Fox,ROCKLEA
Animal,Dog,Odour,KURABY
Animal,Dog,Odour,TOOWONG
Animal,Cat Trapping,,BOONDALL
Animal,Dog,Fencing Issues,GORDON PARK
Animal,Attack,Attack On An Animal,MOOROOKA
Animal,Cat Trapping,,DURACK
Animal,Other Animal,Fencing Issues,PULLENVALE
Animal,Dog,Odour,BOONDALL
Animal,Attack,Attack On A Person,SALISBURY
Animal,Dog,Fencing Issues,ELLEN GROVE
Animal,Cat,,BELMONT
Animal,Attack,Attack On A Person,UPPER KEDRON
Animal,Dog,Fencing Issues,CHERMSIDE WEST
Animal,Cat Trapping,,TARINGA
Animal,Attack,Attack On An Animal,HOLLAND PARK WEST
Animal,Other Animal,Fox,GUMDALE
Animal,Other Animal,Fox,SEVEN HILLS
Animal,Dog,Fencing Issues,BRIDGEMAN DOWNS
Animal,Attack,Not An Attack,CANNON HILL
Animal,Dog,Fencing Issues,BRIGHTON
Animal,Other Animal,Fox,KARANA DOWNS
Animal,Other Animal,Fox,KARANA DOWNS
Animal,Attack,Attack On An Animal,ANNERLEY
Animal,Dog,Fencing Issues,WINDSOR
Animal,Dog,Fencing Issues,CARINDALE
Animal,Dog,Fencing Issues,CARINDALE
Animal,Dog,Defecating In Public,CHERMSIDE
Animal,Other Animal,Deer,ANSTEAD
Animal,Dog,Odour,SUNNYBANK
Animal,Attack,Menacing,WAVELL HEIGHTS
Animal,Other Animal,Deer,UPPER BROOKFIELD
Animal,Dog,Defecating In Public,UPPER MOUNT GRAVATT
Animal,Dog,Unregistered,BRIGHTON
Animal,Attack,Not An Attack,ELLEN GROVE
Animal,Attack,Menacing,WAKERLEY
Animal,Dog,Fencing Issues,ELLEN GROVE
Animal,Cat Trapping,,HOLLAND PARK
Animal,Cat Trapping,,GRACEVILLE
Animal,Other Animal,Fox,BURBANK
Animal,Dog,Fencing Issues,ZILLMERE
Animal,Cat Trapping,,COOPERS PLAINS
Animal,Cat Trapping,,NUNDAH
Animal,Cat Trapping,,KENMORE
Animal,Dog,Too Many Animals,BRIDGEMAN DOWNS
Animal,Dog,Odour,MANSFIELD
Animal,Dog,Fencing Issues,ASPLEY
Animal,Attack,Attack On An Animal,SALISBURY
Animal,Attack,Menacing,NORMAN PARK
Animal,Other Animal,Fox,MOOROOKA
Animal,Cat Trapping,,MANLY WEST
Animal,Attack,Attack On A Person,ACACIA RIDGE
Animal,Cat Trapping,,WINDSOR
Animal,Other Animal,Odour,UPPER MOUNT GRAVATT
Animal,Cat,,STAFFORD HEIGHTS
Animal,Attack,Attack On An Animal,MOUNT GRAVATT
Animal,Other Animal,Fox,MOUNT OMMANEY
Animal,Dog,Defecating In Public,THE GAP
Animal,Attack,Attack On An Animal,EVERTON PARK
Animal,Attack,Not An Attack,EIGHT MILE PLAINS
Animal,Attack,Attack On An Animal,HAWTHORNE
Animal,Dog,Too Many Animals,STAFFORD
Animal,Dog,Fencing Issues,ZILLMERE
Animal,Attack,Attack On A Person,WISHART
Animal,Dog,Fencing Issues,YERONGA
Animal,Dog,Odour,WOOLLOONGABBA
Animal,Cat Trapping,,SUNNYBANK
Animal,Attack,Attack On An Animal,NUDGEE
Animal,Dog,Defecating In Public,WAVELL HEIGHTS
Animal,Other Animal,Nuisance Animal,ACACIA RIDGE
Animal,Attack,Attack On An Animal,CHERMSIDE
Animal,Cat,,MOOROOKA
Animal,Other Animal,Fox,THE GAP
Animal,Cat Trapping,,BRACKEN RIDGE
Animal,Attack,Attack On A Person,MITCHELTON
Animal,Other Animal,Fox,ASPLEY
Animal,Other Animal,Fencing Issues,MOGGILL
Animal,Other Animal,Odour,MOGGILL
Animal,Attack,Attack On An Animal,COOPERS PLAINS
Animal,Dog,Odour,TOOWONG
Animal,Cat Trapping,,TARRAGINDI
Animal,Attack,Attack On A Person,BALMORAL
Animal,Attack,Attack On An Animal,BALD HILLS
Animal,Attack,Attack On An Animal,PADDINGTON
Animal,Other Animal,Nuisance Animal,INALA
Animal,Dog,Fencing Issues,CHERMSIDE
Animal,Attack,Attack On A Person,BRACKEN RIDGE
Animal,Dog,Fencing Issues,FITZGIBBON
Animal,Dog,Fencing Issues,ROCHEDALE
Animal,Other Animal,Nuisance Animal,ANNERLEY
Animal,Dog,Fencing Issues,TARRAGINDI
Animal,Cat,,OXLEY
Animal,Cat Trapping,,ZILLMERE
Animal,Dog,Fencing Issues,ROCKLEA
Animal,Cat Trapping,,HEATHWOOD
Animal,Attack,Attack On A Person,SALISBURY
Animal,Other Animal,Nuisance Animal,NUNDAH
Animal,Dog,Odour,ASCOT
Animal,Attack,Attack On A Person,MOUNT GRAVATT EAST
Animal,Attack,Menacing,BRIGHTON
Animal,Dog,Unregistered,FIG TREE POCKET
Animal,Other Animal,Nuisance Animal,COORPAROO
Animal,Attack,Attack On A Person,ASHGROVE
Animal,Attack,Attack On A Person,UPPER MOUNT GRAVATT
Animal,Dog,Fencing Issues,BRISBANE CITY
Animal,Cat Trapping,,ST LUCIA
Animal,Dog,Fencing Issues,INALA
Animal,Attack,Attack On An Animal,NUDGEE
Animal,Dog,Too Many Animals,ACACIA RIDGE
Animal,Dog,Fencing Issues,CHANDLER
Animal,Dog,Defecating In Public,MITCHELTON
Animal,Other Animal,Fencing Issues,BALD HILLS
Animal,Attack,Attack On A Person,CALAMVALE
Animal,Cat Trapping,,COOPERS PLAINS
Animal,Attack,Attack On A Person,HOLLAND PARK
Animal,Cat Trapping,,JINDALEE
Animal,Cat Trapping,,INALA
Animal,Dog,Unregistered,TOOWONG
Animal,Other Animal,Fox,RIVERHILLS
Animal,Attack,Attack On An Animal,TINGALPA
Animal,Dog,Fencing Issues,NUDGEE
Animal,Cat,,BRACKEN RIDGE
Animal,Attack,Attack On A Person,GREENSLOPES
Animal,Dog,Fencing Issues,BROOKFIELD
Animal,Other Animal,Fox,KARANA DOWNS
Animal,Cat Trapping,,SUNNYBANK
Animal,Other Animal,Deer,PULLENVALE
Animal,Other Animal,Nuisance Animal,BROOKFIELD
Animal,Dog,Too Many Animals,PADDINGTON
Animal,Attack,Attack On A Person,EIGHT MILE PLAINS
Animal,Dog,Fencing Issues,MANLY
Animal,Attack,Not An Attack,CHANDLER
Animal,Other Animal,Fox,MOOROOKA
Animal,Cat,,CLAYFIELD
Animal,Dog,Unregistered,CANNON HILL
Animal,Dog,Unregistered,CANNON HILL
Animal,Attack,Not An Attack,SUNNYBANK
Animal,Attack,Attack On An Animal,PULLENVALE
Animal,Dog,Unregistered,CHAPEL HILL
Animal,Other Animal,Rabbit,RED HILL
Animal,Attack,Attack On A Person,CHERMSIDE WEST
Animal,Other Animal,Fox,CHELMER
Animal,Cat Trapping,,ANNERLEY
Animal,Dog,Defecating In Public,PADDINGTON
Animal,Attack,Attack On A Person,AUCHENFLOWER
Animal,Attack,Attack On A Person,ELLEN GROVE
Animal,Other Animal,Wild Dog,UPPER BROOKFIELD
Animal,Attack,Attack On A Person,SHERWOOD
Animal,Dog,Fencing Issues,BULIMBA
Animal,Dog,Fencing Issues,CORINDA
Animal,Attack,Not An Attack,CORINDA
Animal,Other Animal,Fox,MOGGILL
Animal,Dog,Too Many Animals,WACOL
Animal,Attack,Not An Attack,ACACIA RIDGE
Animal,Attack,Menacing,WYNNUM
Animal,Other Animal,Odour,JAMBOREE HEIGHTS
Animal,Cat,,ACACIA RIDGE
Animal,Dog,Defecating In Public,BRIDGEMAN DOWNS
Animal,Attack,Not An Attack,WISHART
Animal,Attack,Attack On An Animal,WOOLOOWIN
Animal,Dog,Defecating In Public,NEW FARM
Animal,Dog,Unregistered,WYNNUM WEST
Animal,Attack,Attack On An Animal,HEMMANT
Animal,Cat Trapping,,ANNERLEY
Animal,Other Animal,Nuisance Animal,BRACKEN RIDGE
Animal,Dog,Defecating In Public,HERSTON
Animal,Attack,Attack On A Person,SALISBURY
Animal,Dog,Insufficient Space,WACOL
Animal,Cat,,DEAGON
Animal,Dog,Too Many Animals,BOONDALL
Animal,Dog,Fencing Issues,ELLEN GROVE
Animal,Other Animal,Fox,MOUNT GRAVATT
Animal,Other Animal,Fox,MOUNT CROSBY
Animal,Other Animal,Deer,PULLENVALE
Animal,Cat Trapping,,RICHLANDS
Animal,Cat,,ACACIA RIDGE
Animal,Dog,Fencing Issues,COORPAROO
Animal,Dog,Defecating In Public,CLAYFIELD
Animal,Dog,Fencing Issues,FOREST LAKE
Animal,Other Animal,Nuisance Animal,CARINDALE
Animal,Dog,Defecating In Public,WEST END
Animal,Other Animal,Fox,CAMP HILL
Animal,Attack,Attack On An Animal,NEWSTEAD
Animal,Dog,Fencing Issues,WYNNUM
Animal,Other Animal,Fox,ANSTEAD
Animal,Attack,Attack On An Animal,PULLENVALE
Animal,Cat,,MOUNT GRAVATT EAST
Animal,Cat Trapping,,CHANDLER
Animal,Dog,Fencing Issues,CHERMSIDE
Animal,Dog,Fencing Issues,SALISBURY
Animal,Dog,Fencing Issues,SALISBURY
Animal,Cat Trapping,,BULIMBA
Animal,Dog,Defecating In Public,THE GAP
Animal,Attack,Attack On A Person,ACACIA RIDGE
Animal,Attack,Menacing,HAWTHORNE
Animal,Other Animal,Pest / Feral Animal,FOREST LAKE
Animal,Cat Trapping,,EIGHT MILE PLAINS
Animal,Dog,Unregistered,HOLLAND PARK WEST
Animal,Dog,Unregistered,HOLLAND PARK WEST
Animal,Dog,Fencing Issues,SALISBURY
Animal,Other Animal,Pest / Feral Animal,ACACIA RIDGE
Animal,Dog,Unregistered,WESTLAKE
Animal,Dog,Unregistered,BRIGHTON
Animal,Cat Trapping,,BOONDALL
Animal,Attack,Attack On A Person,WYNNUM
Animal,Attack,Attack On An Animal,FOREST LAKE
Animal,Other Animal,Too Many Animals,HOLLAND PARK WEST
Animal,Attack,Attack On An Animal,WYNNUM
Animal,Cat,,WYNNUM WEST
Animal,Dog,Fencing Issues,CARINA
Animal,Cat Trapping,,EVERTON PARK
Animal,Dog,Odour,FOREST LAKE
Animal,Dog,Fencing Issues,CALAMVALE
Animal,Dog,Defecating In Public,DUTTON PARK
Animal,Dog,Too Many Animals,ZILLMERE
Animal,Other Animal,Fox,BELLBOWRIE
Animal,Attack,Attack On A Person,WYNNUM
Animal,Attack,Attack On A Person,ROCKLEA
Animal,Other Animal,Nuisance Animal,BANYO
Animal,Dog,Defecating In Public,BROOKFIELD
Animal,Dog,Fencing Issues,BALD HILLS
Animal,Dog,Fencing Issues,MOOROOKA
Animal,Other Animal,Pest / Feral Animal,KALINGA
Animal,Dog,Fencing Issues,WAVELL HEIGHTS
Animal,Dog,Unregistered,FOREST LAKE
Animal,Dog,Unregistered,FOREST LAKE
Animal,Dog,Too Many Animals,FOREST LAKE
Animal,Cat Trapping,,INALA
Animal,Dog,Fencing Issues,ROCKLEA
Animal,Attack,Not An Attack,HOLLAND PARK
Animal,Dog,Unregistered,BELLBOWRIE
Animal,Dog,Fencing Issues,COOPERS PLAINS
Animal,Dog,Fencing Issues,NUNDAH
Animal,Dog,Fencing Issues,INALA
Animal,Dog,Fencing Issues,INALA
Animal,Dog,Fencing Issues,MITCHELTON
Animal,Dog,Too Many Animals,CHERMSIDE
Animal,Attack,Menacing,NORTHGATE
Animal,Attack,Attack On An Animal,WISHART
Animal,Attack,Attack On An Animal,NUNDAH
Animal,Cat Trapping,,NUDGEE BEACH
Animal,Attack,Attack On An Animal,MOUNT GRAVATT EAST
Animal,Dog,Fencing Issues,INALA
Animal,Dog,Fencing Issues,BALD HILLS
Animal,Dog,Fencing Issues,SANDGATE
Animal,Other Animal,Nuisance Animal,MOUNT GRAVATT EAST
Animal,Other Animal,Nuisance Animal,CHERMSIDE
Animal,Dog,Defecating In Public,CARSELDINE
Animal,Dog,Fencing Issues,FOREST LAKE
Animal,Dog,Fencing Issues,MANLY WEST
Animal,Dog,Fencing Issues,STAFFORD
Animal,Attack,Not An Attack,STAFFORD
Animal,Attack,Not An Attack,EAST BRISBANE
Animal,Other Animal,Fox,PINJARRA HILLS
Animal,Dog,Defecating In Public,DARRA
Animal,Dog,Defecating In Public,DARRA
Animal,Dog,Fencing Issues,WYNNUM WEST
Animal,Dog,Fencing Issues,TINGALPA
Animal,Other Animal,Fox,CARINDALE
Animal,Other Animal,Fox,HEMMANT
Animal,Cat Trapping,,SUNNYBANK HILLS
Animal,Dog,Unregistered,RIVERHILLS
Animal,Dog,Defecating In Public,RED HILL
Animal,Dog,Defecating In Public,BRACKEN RIDGE
Animal,Attack,Attack On A Person,INALA
Animal,Attack,Attack On A Person,MOOROOKA
Animal,Dog,Fencing Issues,DARRA
Animal,Dog,Defecating In Public,FOREST LAKE
Animal,Dog,Fencing Issues,NORMAN PARK
Animal,Dog,Fencing Issues,GEEBUNG
Animal,Attack,Attack On An Animal,MANLY
Animal,Dog,Fencing Issues,CAMP HILL
Animal,Other Animal,Fox,ANSTEAD
Animal,Other Animal,Fox,BOONDALL
Animal,Other Animal,Fox,NUDGEE
Animal,Dog,Fencing Issues,PINJARRA HILLS
Animal,Dog,Fencing Issues,WYNNUM
Animal,Other Animal,Wild Dog,KHOLO
Animal,Dog,Fencing Issues,WINDSOR
Animal,Dog,Fencing Issues,WINDSOR
Animal,Other Animal,Fox,BELMONT
Animal,Attack,Attack On An Animal,CANNON HILL
Animal,Attack,Attack On A Person,SANDGATE
Animal,Attack,Attack On A Person,CHELMER
Animal,Dog,Fencing Issues,KEDRON
Animal,Other Animal,Pest / Feral Animal,SANDGATE
Animal,Attack,Not An Attack,GORDON PARK
Animal,Dog,Too Many Animals,CHERMSIDE WEST
Animal,Attack,Attack On An Animal,BULIMBA
Animal,Cat,,STAFFORD HEIGHTS
Animal,Dog,Fencing Issues,BALD HILLS
Animal,Attack,Attack On A Person,GREENSLOPES
Animal,Dog,Fencing Issues,BALD HILLS
Animal,Other Animal,Fox,SANDGATE
Animal,Attack,Attack On An Animal,KEPERRA
Animal,Cat Trapping,,MOUNT GRAVATT
Animal,Dog,Fencing Issues,
Animal,Dog,Insufficient Space,BROOKFIELD
Animal,Attack,Not An Attack,BROOKFIELD
Animal,Dog,Fencing Issues,TOOWONG
Animal,Attack,Not An Attack,ASCOT
Animal,Attack,Attack On A Person,WYNNUM
Animal,Other Animal,Fencing Issues,DARRA
Animal,Attack,Attack On A Person,GRACEVILLE
Animal,Attack,Not An Attack,BRIGHTON
Animal,Attack,Attack On An Animal,MACGREGOR
Animal,Other Animal,Nuisance Animal,INALA
Animal,Other Animal,Fox,BOONDALL
Animal,Dog,Fencing Issues,BALD HILLS
Animal,Dog,Fencing Issues,INALA
Animal,Attack,Attack On An Animal,ALGESTER
Animal,Cat Trapping,,HOLLAND PARK
Animal,Other Animal,Fox,CHERMSIDE WEST
Animal,Attack,Attack On A Person,CARINA HEIGHTS
Animal,Attack,Attack On An Animal,CHERMSIDE WEST
Animal,Dog,Fencing Issues,MCDOWALL
Animal,Dog,Fencing Issues,FITZGIBBON
Animal,Dog,Defecating In Public,BROOKFIELD
Animal,Dog,Fencing Issues,CHERMSIDE WEST
Animal,Dog,Defecating In Public,MANLY
Animal,Attack,Attack On A Person,BRACKEN RIDGE
Animal,Attack,Attack On An Animal,BRACKEN RIDGE
Animal,Attack,Not An Attack,ANNERLEY
Animal,Cat Trapping,,COORPAROO
Animal,Dog,Defecating In Public,DOOLANDELLA
Animal,Cat,,MIDDLE PARK
Animal,Dog,Too Many Animals,WINDSOR
Animal,Cat Trapping,,COORPAROO
Animal,Other Animal,Deer,KENMORE HILLS
Animal,Other Animal,Pest / Feral Animal,BOONDALL
Animal,Attack,Menacing,WAVELL HEIGHTS
Animal,Dog,Fencing Issues,WAVELL HEIGHTS
Animal,Attack,Attack On A Person,BANYO
Animal,Attack,Attack On A Person,HAMILTON
Animal,Cat Trapping,,BULIMBA
Animal,Dog,Fencing Issues,HERSTON
Animal,Attack,Attack On A Person,KENMORE
Animal,Other Animal,Nuisance Animal,TAIGUM
Animal,Attack,Attack On An Animal,UPPER KEDRON
Animal,Dog,Unregistered,INALA
Animal,Cat,,BOONDALL
Animal,Dog,Fencing Issues,BALD HILLS
Animal,Attack,Not An Attack,MANSFIELD
Animal,Attack,Attack On An Animal,STAFFORD HEIGHTS
Animal,Dog,Defecating In Public,MCDOWALL
Animal,Dog,Fencing Issues,ASPLEY
Animal,Attack,Attack On A Person,MOOROOKA
Animal,Dog,Fencing Issues,SALISBURY
Animal,Other Animal,Fox,ROCKLEA
Animal,Other Animal,Nuisance Animal,BRACKEN RIDGE
Animal,Other Animal,Pest / Feral Animal,BRACKEN RIDGE
Animal,Dog,Too Many Animals,INALA
Animal,Attack,Attack On An Animal,KALINGA
Animal,Other Animal,Nuisance Animal,DUTTON PARK
Animal,Cat Trapping,,WYNNUM
Animal,Dog,Too Many Animals,LOTA
Animal,Other Animal,Deer,JINDALEE
Animal,Other Animal,Deer,JINDALEE
Animal,Cat,,DURACK
Animal,Attack,Not An Attack,GREENSLOPES
Animal,Dog,Fencing Issues,HEMMANT
Animal,Cat Trapping,,OXLEY
Animal,Attack,Attack On An Animal,STAFFORD
Animal,Other Animal,Fox,MOOROOKA
Animal,Attack,Attack On An Animal,HOLLAND PARK
Animal,Attack,Attack On An Animal,CHANDLER
Animal,Other Animal,Pest / Feral Animal,BRISBANE CITY
Animal,Dog,Odour,TENERIFFE
Animal,Attack,Menacing,MANLY
Animal,Dog,Too Many Animals,FOREST LAKE
Animal,Dog,Too Many Animals,MITCHELTON
Animal,Cat Trapping,,MANSFIELD
Animal,Dog,Odour,ASCOT
Animal,Cat,,MANSFIELD
Animal,Other Animal,Fox,BRACKEN RIDGE
Animal,Cat Trapping,,DURACK
Animal,Cat Trapping,,MOUNT GRAVATT
Animal,Cat Trapping,,ANNERLEY
Animal,Attack,Not An Attack,RUNCORN
Animal,Attack,Menacing,KEPERRA
Animal,Attack,Attack On A Person,BRIDGEMAN DOWNS
Animal,Other Animal,Too Many Animals,JAMBOREE HEIGHTS
Animal,Attack,Attack On An Animal,CAMP HILL
Animal,Attack,Not An Attack,DUTTON PARK
Animal,Dog,Fencing Issues,NORTHGATE
Animal,Other Animal,Rabbit,GAYTHORNE
Animal,Dog,Fencing Issues,DURACK
Animal,Dog,Fencing Issues,KEDRON
Animal,Cat Trapping,,DURACK
Animal,Cat,,ASHGROVE
Animal,Dog,Insufficient Space,PADDINGTON
Animal,Attack,Attack On An Animal,SHORNCLIFFE
Animal,Cat Trapping,,INALA
Animal,Dog,,ROBERTSON
Animal,Other Animal,Nuisance Animal,MOUNT GRAVATT EAST
Animal,Cat,,NORMAN PARK
Animal,Attack,Not An Attack,WYNNUM WEST
Animal,Dog,Fencing Issues,UPPER MOUNT GRAVATT
Animal,Dog,Fencing Issues,NORMAN PARK
Animal,Dog,Fencing Issues,DREWVALE
Animal,Cat Trapping,,WYNNUM WEST
Animal,Attack,Attack On An Animal,KEDRON
Animal,Attack,Attack On An Animal,NUNDAH
Animal,Cat,,MITCHELTON
Animal,Attack,Attack On An Animal,BANYO
Animal,Attack,Not An Attack,RUNCORN
Animal,Cat,,UPPER KEDRON
Animal,Dog,Fencing Issues,SINNAMON PARK
Animal,Dog,Odour,MANSFIELD
Animal,Attack,Attack On An Animal,SEVEN HILLS
Animal,Dog,Defecating In Public,HOLLAND PARK
Animal,Attack,Not An Attack,EIGHT MILE PLAINS
Animal,Attack,Attack On An Animal,INALA
Animal,Cat Trapping,,MANLY WEST
Animal,Dog,Unregistered,KEPERRA
Animal,Dog,Unregistered,KEPERRA
Animal,Attack,Not An Attack,NUDGEE
Animal,Other Animal,Pest / Feral Animal,OXLEY
Animal,Attack,Attack On An Animal,GRACEVILLE
Animal,Attack,Attack On A Person,EIGHT MILE PLAINS
Animal,Other Animal,Rabbit,RED HILL
Animal,Cat Trapping,,MANLY WEST
Animal,Attack,Attack On An Animal,LOTA
Animal,Dog,Fencing Issues,ASPLEY
Animal,Attack,Attack On A Person,BRIGHTON
Animal,Attack,Not An Attack,INALA
Animal,Other Animal,Defecating In Public,CHERMSIDE
Animal,Dog,Fencing Issues,BRACKEN RIDGE
Animal,Attack,Not An Attack,DEAGON
Animal,Attack,Not An Attack,THE GAP
Animal,Other Animal,Fox,CARINA HEIGHTS
Animal,Dog,Fencing Issues,ZILLMERE
Animal,Cat Trapping,,CHERMSIDE
Animal,Other Animal,Fox,MOUNT GRAVATT
Animal,Cat Trapping,,ARCHERFIELD
Animal,Attack,Not An Attack,TOOWONG
Animal,Other Animal,Odour,MOUNT GRAVATT EAST
Animal,Cat,,ARCHERFIELD
Animal,Attack,Not An Attack,COOPERS PLAINS
Animal,Other Animal,Fox,GUMDALE
Animal,Attack,Not An Attack,ACACIA RIDGE
Animal,Attack,Attack On A Person,UPPER MOUNT GRAVATT
Animal,Dog,Defecating In Public,TARINGA
Animal,Dog,Fencing Issues,SEVEN HILLS
Animal,Dog,Fencing Issues,WYNNUM WEST
Animal,Dog,Fencing Issues,CALAMVALE
Animal,Attack,Menacing,BALMORAL
Animal,Other Animal,Pest / Feral Animal,RED HILL
Animal,Cat Trapping,,ENOGGERA
Animal,Attack,Not An Attack,WYNNUM
Animal,Cat,,MOUNT GRAVATT EAST
Animal,Attack,Attack On An Animal,CAMP HILL
Animal,Attack,Attack On An Animal,MANLY
Animal,Attack,Attack On A Person,INALA
Animal,Attack,Attack On A Person,NORMAN PARK
Animal,Attack,Attack On An Animal,CARINDALE
Animal,Other Animal,Nuisance Animal,BRACKEN RIDGE
Animal,Dog,Fencing Issues,NUNDAH
Animal,Other Animal,Fox,PULLENVALE
Animal,Attack,Attack On A Person,ENOGGERA
Animal,Dog,Fencing Issues,MITCHELTON
Animal,Attack,Attack On An Animal,MURARRIE
Animal,Cat,,WISHART
Animal,Other Animal,Fox,CARINA
Animal,Attack,Attack On A Person,MIDDLE PARK
Animal,Dog,Defecating In Public,MURARRIE
Animal,Attack,Attack On An Animal,INALA
Animal,Cat Trapping,,UPPER MOUNT GRAVATT
Animal,Dog,Unregistered,MANSFIELD
Animal,Cat Trapping,,STAFFORD
Animal,Attack,Attack On An Animal,CARINA
Animal,Other Animal,Fox,PULLENVALE
Animal,Attack,Attack On An Animal,MOGGILL
Animal,Dog,Fencing Issues,SALISBURY
Animal,Dog,Fencing Issues,MANLY WEST
Animal,Dog,Fencing Issues,DREWVALE
Animal,Attack,Attack On An Animal,CAMP HILL
Animal,Cat Trapping,,ANNERLEY
Animal,Cat,,KURABY
Animal,Attack,Attack On An Animal,MANLY WEST
Animal,Other Animal,Nuisance Animal,MORNINGSIDE
Animal,Dog,Fencing Issues,ZILLMERE
Animal,Attack,Attack On An Animal,ANSTEAD
Animal,Attack,Attack On An Animal,CLAYFIELD
Animal,Cat,,MCDOWALL
Animal,Dog,Fencing Issues,INALA
Animal,Dog,Fencing Issues,ZILLMERE
Animal,Attack,Attack On An Animal,BRIGHTON
Animal,Cat Trapping,,SUMNER
Animal,Dog,Fencing Issues,RICHLANDS
Animal,Dog,Fencing Issues,CALAMVALE
Animal,Dog,Fencing Issues,WYNNUM WEST
Animal,Dog,Fencing Issues,SALISBURY
Animal,Cat,,ACACIA RIDGE
Animal,Attack,Attack On A Person,FIG TREE POCKET
Animal,Cat Trapping,,MANSFIELD
Animal,Dog,Unregistered,BELLBOWRIE
Animal,Attack,Attack On An Animal,CHERMSIDE WEST
Animal,Other Animal,Fox,WISHART
Animal,Attack,Attack On An Animal,BULIMBA
Animal,Other Animal,Deer,BROOKFIELD
Animal,Attack,Not An Attack,INALA
Animal,Dog,Fencing Issues,NUNDAH
Animal,Other Animal,Pest / Feral Animal,KENMORE HILLS
Animal,Other Animal,Nuisance Animal,KENMORE HILLS
Animal,Cat Trapping,,KEDRON
Animal,Other Animal,Wild Dog,MOGGILL
Animal,Attack,Menacing,FITZGIBBON
Animal,Dog,Defecating In Public,ROBERTSON
Animal,Dog,Too Many Animals,WACOL
Animal,Attack,Attack On An Animal,WAVELL HEIGHTS
Animal,Other Animal,Fox,GUMDALE
Animal,Cat,,MITCHELTON
Animal,Attack,,FIG TREE POCKET
Animal,Cat Trapping,,MOUNT GRAVATT EAST
Animal,Attack,Not An Attack,ACACIA RIDGE
Animal,Cat Trapping,,JINDALEE
Animal,Attack,Not An Attack,EIGHT MILE PLAINS
Animal,Other Animal,Odour,NUNDAH
Animal,Cat Trapping,,BELMONT
Animal,Dog,Too Many Animals,TINGALPA
Animal,Attack,Attack On An Animal,OXLEY
Animal,Cat Trapping,,JINDALEE
Animal,Dog,Unregistered,CHAPEL HILL
Animal,Cat Trapping,,MOOROOKA
Animal,Dog,Fencing Issues,WYNNUM
Animal,Attack,Attack On An Animal,BRIGHTON
Animal,Dog,Defecating In Public,SANDGATE
Animal,Other Animal,Deer,PULLENVALE
Animal,Dog,Fencing Issues,EIGHT MILE PLAINS
Animal,Dog,Fencing Issues,NORTHGATE
Animal,Attack,Attack On A Person,NUDGEE BEACH
Animal,Cat Trapping,,ROCKLEA
Animal,Attack,Attack On A Person,BRACKEN RIDGE
Animal,Attack,Attack On An Animal,GREENSLOPES
Animal,Dog,Unregistered,BULIMBA
Animal,Dog,Fencing Issues,DEAGON
Animal,Dog,Fencing Issues,BRACKEN RIDGE
Animal,Other Animal,Fox,MANLY
Animal,Cat Trapping,,ST LUCIA
Animal,Cat Trapping,,ASPLEY
Animal,Other Animal,Too Many Animals,BALMORAL
Animal,Attack,Menacing,STAFFORD
Animal,Dog,Fencing Issues,JAMBOREE HEIGHTS
Animal,Other Animal,Rabbit,MOUNT OMMANEY
Animal,Attack,,BROOKFIELD
Animal,Attack,Attack On An Animal,BRIGHTON
Animal,Dog,Fencing Issues,PULLENVALE
Animal,Other Animal,Nuisance Animal,BANYO
Animal,Dog,Odour,PADDINGTON
Animal,Cat Trapping,,BULIMBA
Animal,Cat,,WYNNUM
Animal,Other Animal,Feral Pig,UPPER BROOKFIELD
Animal,Cat,,BOONDALL
Animal,Cat,,JINDALEE
Animal,Dog,Defecating In Public,AUCHENFLOWER
Animal,Attack,Not An Attack,BRACKEN RIDGE
Animal,Dog,Fencing Issues,INALA
Animal,Attack,Attack On An Animal,INALA
Animal,Other Animal,Fox,WISHART
Animal,Dog,Fencing Issues,NORTHGATE
Animal,Attack,Attack On A Person,GEEBUNG
Animal,Attack,Not An Attack,RUNCORN
Animal,Attack,Menacing,MANLY WEST
Animal,Cat Trapping,,WYNNUM WEST
Animal,Other Animal,Pest / Feral Animal,BARDON
Animal,Dog,Unregistered,ACACIA RIDGE
Animal,Other Animal,Fox,BELMONT
Animal,Dog,Fencing Issues,FOREST LAKE
Animal,Dog,Fencing Issues,MOOROOKA
Animal,Dog,Too Many Animals,DURACK
Animal,Attack,Menacing,WYNNUM
Animal,Cat Trapping,,INALA
Animal,Cat Trapping,,ST LUCIA
Animal,Attack,Attack On An Animal,STAFFORD
Animal,Other Animal,Rabbit,RED HILL
Animal,Attack,Not An Attack,NORMAN PARK
Animal,Dog,Fencing Issues,STAFFORD
Animal,Other Animal,Nuisance Animal,ACACIA RIDGE
Animal,Cat Trapping,,HENDRA
Animal,Attack,Not An Attack,SUNNYBANK
Animal,Attack,Not An Attack,ASHGROVE
Animal,Attack,Attack On A Person,CHERMSIDE WEST
Animal,Attack,Attack On An Animal,PULLENVALE
Animal,Attack,Attack On An Animal,ROCHEDALE
Animal,Dog,Fencing Issues,ACACIA RIDGE
Animal,Attack,Attack On A Person,BRIDGEMAN DOWNS
Animal,Attack,Attack On A Person,ENOGGERA
Animal,Attack,Attack On An Animal,SUNNYBANK
Animal,Attack,Attack On An Animal,FOREST LAKE
Animal,Attack,Attack On An Animal,BOONDALL
Animal,Attack,Attack On An Animal,EVERTON PARK
Animal,Attack,Menacing,MURARRIE
Animal,Attack,,TINGALPA
Animal,Attack,Attack On A Person,WEST END
Animal,Cat,,STAFFORD
Animal,Other Animal,Nuisance Animal,SUNNYBANK HILLS
Animal,Dog,Odour,BRACKEN RIDGE
Animal,Attack,Attack On A Person,COOPERS PLAINS
Animal,Dog,Too Many Animals,NUNDAH
Animal,Cat,,ACACIA RIDGE
Animal,Other Animal,Pest / Feral Animal,OXLEY
Animal,Dog,Fencing Issues,BRACKEN RIDGE
Animal,Cat,,NORMAN PARK
Animal,Dog,Fencing Issues,MORNINGSIDE
Animal,Attack,Attack On An Animal,ASPLEY
Animal,Dog,Too Many Animals,SANDGATE
Animal,Attack,Attack On An Animal,ZILLMERE
Animal,Cat,,DURACK
Animal,Cat Trapping,,MACGREGOR
Animal,Other Animal,Fox,GUMDALE
Animal,Dog,Fencing Issues,FITZGIBBON
Animal,Attack,Not An Attack,THE GAP
Animal,Dog,Fencing Issues,BARDON
Animal,Other Animal,Pest / Feral Animal,CARINA HEIGHTS
Animal,Dog,Fencing Issues,MITCHELTON
Animal,Other Animal,Deer,CANNON HILL
Animal,Dog,Fencing Issues,CARINA
Animal,Attack,Not An Attack,ZILLMERE
Animal,Other Animal,Rabbit,RED HILL
Animal,Attack,Attack On An Animal,FITZGIBBON
Animal,Attack,Not An Attack,CARINA
Animal,Dog,Surrender,FERNY GROVE
Animal,Dog,Surrender,FERNY GROVE
Animal,Attack,Not An Attack,SUNNYBANK HILLS
Animal,Other Animal,Pest / Feral Animal,NATHAN
Animal,Attack,Menacing,ZILLMERE
Animal,Attack,Attack On An Animal,DUTTON PARK
Animal,Dog,Too Many Animals,YERONGA
Animal,Other Animal,Fox,KARANA DOWNS
Animal,Dog,Fencing Issues,ANNERLEY
Animal,Other Animal,Pest / Feral Animal,HENDRA
Animal,Other Animal,Nuisance Animal,OXLEY
Animal,Cat,,WAVELL HEIGHTS
Animal,Attack,Attack On A Person,ENOGGERA
Animal,Attack,Attack On An Animal,RICHLANDS
Animal,Dog,Too Many Animals,CHERMSIDE
Animal,Cat,,STAFFORD
Animal,Cat Trapping,,UPPER MOUNT GRAVATT
Animal,Dog,Unregistered,ENOGGERA
Animal,Attack,Attack On A Person,WYNNUM
Animal,Other Animal,Wild Dog,PULLENVALE
Animal,Attack,Attack On A Person,CHERMSIDE WEST
Animal,Other Animal,Fencing Issues,RED HILL
Animal,Dog,Defecating In Public,INALA
Animal,Cat Trapping,,ROCKLEA
Animal,Attack,Attack On An Animal,THE GAP
Animal,Cat,,CAMP HILL
Animal,Dog,Fencing Issues,TINGALPA
Animal,Attack,Menacing,NORMAN PARK
Animal,Dog,Unregistered,MORNINGSIDE
Animal,Dog,Fencing Issues,WOOLOOWIN
Animal,Other Animal,Rabbit,ROCHEDALE
Animal,Cat Trapping,,MOOROOKA
Animal,Dog,Too Many Animals,BOONDALL
Animal,Attack,Attack On An Animal,TARRAGINDI
Animal,Cat Trapping,,DEAGON
Animal,Other Animal,Nuisance Animal,BRACKEN RIDGE
Animal,Other Animal,Nuisance Animal,ZILLMERE
Animal,Cat Trapping,,GRANGE
Animal,Dog,Fencing Issues,INALA
Animal,Dog,Fencing Issues,WINDSOR
Animal,Dog,Fencing Issues,JAMBOREE HEIGHTS
Animal,Other Animal,Pest / Feral Animal,ASPLEY
Animal,Cat,,ACACIA RIDGE
Animal,Other Animal,Odour,INALA
Animal,Attack,Attack On A Person,BALD HILLS
Animal,Dog,Fencing Issues,ZILLMERE
Animal,Other Animal,Fox,GREENSLOPES
Animal,Attack,Attack On A Person,TENERIFFE
Animal,Attack,Attack On An Animal,NUNDAH
Animal,Cat Trapping,,MOGGILL
Animal,Dog,Defecating In Public,RUNCORN
Animal,Cat Trapping,,KANGAROO POINT
Animal,Attack,Attack On An Animal,CARINA
Animal,Attack,Menacing,MURARRIE
Animal,Cat Trapping,,ZILLMERE
Animal,Cat Trapping,,WILLAWONG
Animal,Attack,Menacing,KEPERRA
Animal,Attack,Attack On An Animal,ALGESTER
Animal,Cat,,DURACK
Animal,Dog,Too Many Animals,HEMMANT
Animal,Cat Trapping,,MOUNT GRAVATT EAST
Animal,Other Animal,Fox,BRACKEN RIDGE
Animal,Dog,Fencing Issues,MANLY
Animal,Dog,Unregistered,ASHGROVE
Animal,Attack,Not An Attack,ASHGROVE
Animal,Dog,Odour,MOUNT GRAVATT EAST
Animal,Other Animal,Fox,WILLAWONG
Animal,Cat Trapping,,ROCKLEA
Animal,Other Animal,Rabbit,WILLAWONG
Animal,Cat Trapping,,CARINA HEIGHTS
Animal,Dog,Fencing Issues,OXLEY
Animal,Dog,Fencing Issues,DURACK
Animal,Dog,Fencing Issues,BOONDALL
Animal,Attack,Attack On A Person,TARINGA
Animal,Dog,Unregistered,WYNNUM
Animal,Dog,Unregistered,WYNNUM
Animal,Dog,Unregistered,FIG TREE POCKET
Animal,Attack,Attack On A Person,MORNINGSIDE
Animal,Cat Trapping,,ANNERLEY
Animal,Dog,Fencing Issues,INALA
Animal,Dog,Too Many Animals,MANLY WEST
Animal,Cat Trapping,,BRACKEN RIDGE
Animal,Dog,Fencing Issues,CORINDA
Animal,Dog,Fencing Issues,WINDSOR
Animal,Attack,Attack On An Animal,FOREST LAKE
Animal,Dog,Fencing Issues,KEDRON
