Category: Nature,Category: Type,Category: Reporting Level,Location: Suburb
Animal,Dog,Fencing Issues,STAFFORD
Animal,Dog,Unregistered,WYNNUM WEST
Animal,Other Animal,Defecating In Public,HERSTON
Animal,Attack,Not An Attack,WISHART
Animal,Dog,Unregistered,RUNCORN
Animal,Attack,Attack On An Animal,TARRAGINDI
Animal,Dog,Unregistered,JINDALEE
Animal,Attack,Attack On An Animal,WAKERLEY
Animal,Cat Trapping,,EVERTON PARK
Animal,Dog,Fencing Issues,WESTLAKE
Animal,Other Animal,Fox,RIVERHILLS
Animal,Attack,Attack On An Animal,ACACIA RIDGE
Animal,Attack,Attack On A Person,CORINDA
Animal,Attack,Attack On An Animal,NUNDAH
Animal,Attack,Attack On A Person,SINNAMON PARK
Animal,Dog,Unregistered,PADDINGTON
Animal,Dog,Unregistered,EVERTON PARK
Animal,Attack,Attack On An Animal,CARINA HEIGHTS
Animal,Dog,Wandering,CHERMSIDE
Animal,Dog,Unregistered,COORPAROO
Animal,Dog,Wandering,WAVELL HEIGHTS
Animal,Attack,Menacing,THE GAP
Animal,Dog,Fencing Issues,BRIGHTON
Animal,Dog,Unregistered,PADDINGTON
Animal,Dog,Unregistered,SUNNYBANK HILLS
Animal,Dog,Unregistered,DREWVALE
Animal,Dog,Defecating In Public,ALDERLEY
Animal,Dog,,BARDON
Animal,Dog,Unregistered,ASPLEY
Animal,Dog,Fencing Issues,MOOROOKA
Animal,Dog,Unregistered,TARRAGINDI
Animal,Attack,,EAST BRISBANE
Animal,Dog,Fencing Issues,MCDOWALL
Animal,Other Animal,,BELMONT
Animal,Attack,Attack On A Person,SHERWOOD
Animal,Dog,,CHERMSIDE WEST
Animal,Other Animal,Fencing Issues,GUMDALE
Animal,Dog,Unregistered,CARINA
Animal,Cat Trapping,,INALA
Animal,Attack,Attack On A Person,ACACIA RIDGE
Animal,Attack,Attack On An Animal,HOLLAND PARK
Animal,Dog,Unregistered,SALISBURY
Animal,Dog,Unregistered,EVERTON PARK
Animal,Dog,Unregistered,PALLARA
Animal,Dog,Unregistered,RUNCORN
Animal,Dog,Unregistered,BRACKEN RIDGE
Animal,Attack,,WAVELL HEIGHTS
Animal,Dog,Wandering,ASHGROVE
Animal,Dog,Wandering,ASHGROVE
Animal,Dog,Wandering,ASHGROVE
Animal,Dog,Wandering,BRISBANE CITY
Animal,Cat Trapping,,YERONGA
Animal,Cat Trapping,,SUNNYBANK
Animal,Dog,Unregistered,WISHART
Animal,Dog,,CHAPEL HILL
Animal,Dog,,NUDGEE BEACH
Animal,Dog,Fencing Issues,NUNDAH
Animal,Other Animal,Nuisance Animal,HAMILTON
Animal,Other Animal,Fox,SEVEN HILLS
Animal,Dog,Unregistered,ELLEN GROVE
Animal,Dog,Wandering,CHERMSIDE
Animal,Dog,,BARDON
Animal,Cat Trapping,,SUNNYBANK HILLS
Animal,Dog,Unregistered,BULIMBA
Animal,Attack,Attack On An Animal,WYNNUM
Animal,Attack,Attack On A Person,FOREST LAKE
Animal,Dog,Unregistered,SUNNYBANK HILLS
Animal,Attack,Attack On A Person,STAFFORD
Animal,Dog,Fencing Issues,INALA
Animal,Dog,Unregistered,ASPLEY
Animal,Dog,,MILTON
Animal,Dog,Unregistered,KHOLO
Animal,Dog,Wandering,CHERMSIDE
Animal,Dog,Wandering,CHERMSIDE
Animal,Attack,Not An Attack,WACOL
Animal,Dog,Unregistered,MANSFIELD
Animal,Dog,Unregistered,ROCHEDALE
Animal,Dog,Unregistered,RUNCORN
Animal,Dog,Wandering,YERONGA
Animal,Dog,Unregistered,KEPERRA
Animal,Dog,,CAMP HILL
Animal,Dog,,CAMP HILL
Animal,Dog,Odour,CALAMVALE
Animal,Other Animal,Fox,MACGREGOR
Animal,Dog,Fencing Issues,SALISBURY
Animal,Dog,Unregistered,MOUNT GRAVATT
Animal,Dog,,CHAPEL HILL
Animal,Dog,,CARINA
Animal,Dog,,CARINDALE
Animal,Attack,Attack On A Person,UPPER MOUNT GRAVATT
Animal,Dog,,KANGAROO POINT
Animal,Dog,,BARDON
Animal,Cat,Wandering,BELMONT
Animal,Cat Trapping,,INALA
Animal,Dog,Unregistered,BULIMBA
Animal,Attack,Attack On A Person,CAMP HILL
Animal,Dog,Unregistered,BULIMBA
Animal,Attack,Attack On A Person,NUDGEE
Animal,Attack,Attack On A Person,NUDGEE
Animal,Attack,Attack On A Person,ASHGROVE
Animal,Cat,,JINDALEE
Animal,Dog,,NUDGEE BEACH
Animal,Other Animal,,BARDON
Animal,Dog,Fencing Issues,WYNNUM
Animal,Cat Trapping,,WOOLLOONGABBA
Animal,Attack,Attack On An Animal,GREENSLOPES
Animal,Dog,Unregistered,TARRAGINDI
Animal,Attack,Attack On An Animal,MOUNT GRAVATT
Animal,Dog,Unregistered,ASPLEY
Animal,Attack,,KARANA DOWNS
Animal,Other Animal,Fox,MORNINGSIDE
Animal,Dog,Unregistered,MACKENZIE
Animal,Cat Trapping,,MOOROOKA
Animal,Cat,,BULIMBA
Animal,Dog,,CAMP HILL
Animal,Dog,Unregistered,CALAMVALE
Animal,Dog,Unregistered,BULIMBA
Animal,Attack,Not An Attack,INALA
Animal,Dog,Wandering,COORPAROO
Animal,Dog,Fencing Issues,BRIDGEMAN DOWNS
Animal,Dog,Wandering,YERONGA
Animal,Dog,Too Many Animals,CARINA HEIGHTS
Animal,Dog,Unregistered,CARINA HEIGHTS
Animal,Attack,Attack On A Person,ROCKLEA
Animal,Other Animal,Fox,WYNNUM
Animal,Other Animal,Insufficient Space,PARKINSON
Animal,Attack,Attack On A Person,STAFFORD
Animal,Dog,,NEW FARM
Animal,Attack,Attack On An Animal,BRIGHTON
Animal,Dog,Fencing Issues,CARINDALE
Animal,Dog,Unregistered,RED HILL
Animal,Dog,Fencing Issues,TARRAGINDI
Animal,Dog,Wandering,CHERMSIDE
Animal,Cat Trapping,,CARINA
Animal,Cat Trapping,,YERONGA
Animal,Dog,,HAWTHORNE
Animal,Attack,,CORINDA
Animal,Dog,,DOOLANDELLA
Animal,Other Animal,Nuisance Animal,ASCOT
Animal,Attack,Attack On A Person,KARAWATHA
Animal,Dog,Too Many Animals,GEEBUNG
Animal,Cat Trapping,,YERONGA
Animal,Cat Trapping,,TENERIFFE
Animal,Other Animal,Wandering,CALAMVALE
Animal,Dog,,WEST END
Animal,Dog,Fencing Issues,STAFFORD
Animal,Attack,Attack On An Animal,MURARRIE
Animal,Dog,,GREENSLOPES
Animal,Attack,Attack On A Person,HOLLAND PARK
Animal,Attack,,LUTWYCHE
Animal,Attack,Attack On A Person,BRACKEN RIDGE
Animal,Dog,,BRIGHTON
Animal,Dog,,MANLY
Animal,Other Animal,Nuisance Animal,CHERMSIDE WEST
Animal,Attack,Attack On An Animal,BOONDALL
Animal,Dog,Unregistered,THE GAP
Animal,Dog,Unregistered,
Animal,Dog,,LOTA
Animal,Dog,Unregistered,COORPAROO
Animal,Cat,Wandering,PARKINSON
Animal,Attack,Attack On An Animal,NEWSTEAD
Animal,Dog,Unregistered,ROCHEDALE
Animal,Dog,Unregistered,STAFFORD
Animal,Dog,Fencing Issues,CHERMSIDE WEST
Animal,Dog,Wandering,CHERMSIDE
Animal,Cat,Wandering,CHAPEL HILL
Animal,Attack,Attack On An Animal,WYNNUM WEST
Animal,Dog,,CHERMSIDE
Animal,Attack,Not An Attack,COORPAROO
Animal,Dog,Unregistered,RICHLANDS
Animal,Attack,Attack On An Animal,ALDERLEY
Animal,Dog,Unregistered,MOUNT CROSBY
Animal,Dog,Defecating In Public,CHERMSIDE WEST
Animal,Dog,Fencing Issues,ZILLMERE
Animal,Dog,Unregistered,CARSELDINE
Animal,Dog,Unregistered,CARINA HEIGHTS
Animal,Dog,Fencing Issues,OXLEY
Animal,Dog,Fencing Issues,OXLEY
Animal,Other Animal,Nuisance Animal,EVERTON PARK
Animal,Dog,,CHANDLER
Animal,Dog,Wandering,CHAPEL HILL
Animal,Dog,Fencing Issues,CHERMSIDE WEST
Animal,Dog,,HEMMANT
Animal,Attack,Attack On An Animal,LUTWYCHE
Animal,Other Animal,,MOUNT GRAVATT EAST
Animal,Attack,Not An Attack,PADDINGTON
Animal,Dog,,ALBION
Animal,Dog,Fencing Issues,RUNCORN
Animal,Dog,Fencing Issues,DARRA
Animal,Dog,Wandering,ACACIA RIDGE
Animal,Cat,,STAFFORD
Animal,Dog,Wandering,ACACIA RIDGE
Animal,Cat,,TARRAGINDI
Animal,Cat Trapping,,BRACKEN RIDGE
Animal,Attack,Attack On A Person,INALA
Animal,Dog,Defecating In Public,CARINDALE
Animal,Dog,Fencing Issues,ZILLMERE
Animal,Dog,,BRACKEN RIDGE
Animal,Attack,Attack On A Person,TARRAGINDI
Animal,Cat Trapping,,STAFFORD HEIGHTS
Animal,Attack,Attack On An Animal,NORTHGATE
Animal,Dog,Unregistered,ALDERLEY
Animal,Dog,,WEST END
Animal,Dog,Wandering,CHERMSIDE
Animal,Dog,Fencing Issues,STAFFORD
Animal,Dog,Unregistered,COOPERS PLAINS
Animal,Dog,Unregistered,WYNNUM
Animal,Dog,Unregistered,MOOROOKA
Animal,Dog,Fencing Issues,THE GAP
Animal,Attack,Attack On A Person,NEW FARM
Animal,Dog,,PARKINSON
Animal,Cat Trapping,,YERONGA
Animal,Other Animal,Nuisance Animal,WEST END
Animal,Other Animal,,MOUNT GRAVATT EAST
Animal,Dog,Unregistered,HOLLAND PARK
Animal,Cat,Wandering,BRACKEN RIDGE
Animal,Dog,Unregistered,FOREST LAKE
Animal,Dog,Unregistered,COOPERS PLAINS
Animal,Other Animal,Wild Dog,WACOL
Animal,Dog,,LOTA
Animal,Dog,,THE GAP
Animal,Attack,Not An Attack,KENMORE
Animal,Cat,Wandering,CARINDALE
Animal,Attack,Attack On An Animal,STAFFORD HEIGHTS
Animal,Dog,Unregistered,INDOOROOPILLY
Animal,Dog,,KEPERRA
Animal,Dog,Fencing Issues,STAFFORD
Animal,Dog,,CHERMSIDE
Animal,Dog,,MURARRIE
Animal,Attack,Attack On A Person,BRACKEN RIDGE
Animal,Dog,Unregistered,BRACKEN RIDGE
Animal,Dog,Fencing Issues,YEERONGPILLY
Animal,Dog,Wandering,SANDGATE
Animal,Cat Trapping,,JINDALEE
Animal,Attack,Attack On A Person,ASHGROVE
Animal,Dog,Wandering,
Animal,Dog,,BRACKEN RIDGE
Animal,Other Animal,Fox,THE GAP
Animal,Dog,Unregistered,ROBERTSON
Animal,Attack,Attack On A Person,SUNNYBANK HILLS
Animal,Dog,Unregistered,BALD HILLS
Animal,Dog,Fencing Issues,WYNNUM
Animal,Attack,Attack On A Person,GORDON PARK
Animal,Attack,Attack On A Person,BROOKFIELD
Animal,Dog,,INDOOROOPILLY
Animal,Dog,Wandering,BARDON
Animal,Dog,Wandering,WEST END
Animal,Dog,Wandering,UPPER KEDRON
Animal,Dog,Unregistered,FERNY GROVE
Animal,Cat,Wandering,MANLY WEST
Animal,Dog,Fencing Issues,HIGHGATE HILL
Animal,Dog,Fencing Issues,HIGHGATE HILL
Animal,Cat,Wandering,BRACKEN RIDGE
Animal,Dog,Unregistered,BELMONT
Animal,Attack,Attack On An Animal,WYNNUM
Animal,Cat,Wandering,WISHART
Animal,Cat Trapping,,ACACIA RIDGE
Animal,Dog,Wandering,KALINGA
Animal,Dog,Unregistered,ALDERLEY
Animal,Dog,Fencing Issues,TARRAGINDI
Animal,Dog,,BRIGHTON
Animal,Dog,Unregistered,SEVENTEEN MILE ROCKS
Animal,Dog,Too Many Animals,PARKINSON
Animal,Cat,,RIVERHILLS
Animal,Cat,Wandering,LUTWYCHE
Animal,Dog,Unregistered,CAMP HILL
Animal,Other Animal,Feral Cat,DREWVALE
Animal,Dog,Wandering,ASHGROVE
Animal,Dog,Unregistered,EAST BRISBANE
Animal,Other Animal,Rabbit,BRISBANE AIRPORT
Animal,Dog,Wandering,CHERMSIDE
Animal,Cat,Wandering,RIVERHILLS
Animal,Cat Trapping,,FITZGIBBON
Animal,Attack,Attack On A Person,STAFFORD HEIGHTS
Animal,Dog,Unregistered,INDOOROOPILLY
Animal,Dog,Fencing Issues,DEAGON
Animal,Dog,Fencing Issues,DEAGON
Animal,Attack,Attack On A Person,NORTHGATE
Animal,Dog,Wandering,NORTHGATE
Animal,Other Animal,Rabbit,MURARRIE
Animal,Cat,Wandering,TAIGUM
Animal,Attack,Attack On A Person,STAFFORD HEIGHTS
Animal,Dog,Wandering,TARRAGINDI
Animal,Dog,Too Many Animals,ZILLMERE
Animal,Dog,Unregistered,BANYO
Animal,Dog,Fencing Issues,MCDOWALL
Animal,Cat Trapping,,SUNNYBANK HILLS
Animal,Dog,Fencing Issues,INALA
Animal,Dog,Fencing Issues,SEVEN HILLS
Animal,Attack,Attack On An Animal,ACACIA RIDGE
Animal,Cat Trapping,,INALA
Animal,Dog,Fencing Issues,INALA
Animal,Attack,Attack On A Person,WISHART
Animal,Dog,Wandering,WAVELL HEIGHTS
Animal,Dog,Unregistered,MOUNT GRAVATT EAST
Animal,Attack,Attack On A Person,RUNCORN
Animal,Dog,Fencing Issues,OXLEY
Animal,Dog,Unregistered,SHERWOOD
Animal,Cat,,BALD HILLS
Animal,Dog,Unregistered,BRIGHTON
Animal,Dog,Fencing Issues,MANSFIELD
Animal,Attack,Attack On A Person,MANSFIELD
Animal,Dog,Unregistered,NORMAN PARK
Animal,Dog,Unregistered,KEDRON
Animal,Dog,Fencing Issues,CARINA
Animal,Attack,Attack On An Animal,NEW FARM
Animal,Dog,Too Many Animals,
Animal,Cat,Wandering,CARINA
Animal,Attack,Attack On A Person,HOLLAND PARK
Animal,Cat Trapping,,INALA
Animal,Other Animal,Wandering,CHERMSIDE WEST
Animal,Attack,Attack On A Person,HIGHGATE HILL
Animal,Dog,Fencing Issues,KELVIN GROVE
Animal,Attack,Not An Attack,STAFFORD
Animal,Attack,Attack On A Person,UPPER KEDRON
Animal,Dog,,YERONGA
Animal,Dog,Fencing Issues,ZILLMERE
Animal,Cat Trapping,,BRACKEN RIDGE
Animal,Dog,Wandering,BELMONT
Animal,Dog,,ALDERLEY
Animal,Dog,,WOOLLOONGABBA
Animal,Attack,Attack On An Animal,WAVELL HEIGHTS
Animal,Dog,Too Many Animals,MOUNT GRAVATT EAST
Animal,Attack,Attack On An Animal,COORPAROO
Animal,Dog,Fencing Issues,GREENSLOPES
Animal,Other Animal,,DARRA
Animal,Other Animal,,PADDINGTON
Animal,Attack,Attack On A Person,COORPAROO
Animal,Cat,Wandering,KANGAROO POINT
Animal,Attack,Attack On A Person,STAFFORD
Animal,Dog,Unregistered,KEPERRA
Animal,Attack,Attack On A Person,KARAWATHA
Animal,Dog,Unregistered,BULIMBA
Animal,Dog,Too Many Animals,MOUNT GRAVATT EAST
Animal,Attack,Attack On An Animal,SEVEN HILLS
Animal,Cat Trapping,,WOOLLOONGABBA
Animal,Dog,Unregistered,BULIMBA
Animal,Dog,,CHERMSIDE
Animal,Cat Trapping,,ROCHEDALE
Animal,Dog,,SHERWOOD
Animal,Attack,Attack On A Person,ASPLEY
Animal,Other Animal,Feral Cat,WILLAWONG
Animal,Attack,Not An Attack,WYNNUM WEST
Animal,Dog,,HEMMANT
Animal,Dog,Unregistered,COORPAROO
Animal,Dog,Fencing Issues,CHERMSIDE WEST
Animal,Other Animal,Odour,MANLY WEST
Animal,Other Animal,Nuisance Animal,GREENSLOPES
Animal,Dog,Unregistered,MITCHELTON
Animal,Dog,Fencing Issues,EVERTON PARK
Animal,Attack,Attack On An Animal,CORINDA
Animal,Dog,Wandering,INALA
Animal,Dog,Unregistered,TARRAGINDI
Animal,Dog,Unregistered,BULIMBA
Animal,Dog,Unregistered,MOUNT GRAVATT EAST
Animal,Dog,Fencing Issues,BRIGHTON
Animal,Cat,Wandering,WYNNUM
Animal,Attack,Attack On An Animal,KURABY
Animal,Dog,Unregistered,THE GAP
Animal,Dog,Defecating In Public,BROOKFIELD
Animal,Dog,Defecating In Public,MANLY WEST
Animal,Attack,Attack On A Person,BARDON
Animal,Dog,,SHERWOOD
Animal,Dog,Fencing Issues,WISHART
Animal,Attack,Not An Attack,WOOLLOONGABBA
Animal,Dog,Unregistered,ASPLEY
Animal,Cat,,HOLLAND PARK WEST
Animal,Dog,Wandering,CHELMER
Animal,Dog,Odour,TARINGA
Animal,Attack,Attack On An Animal,SANDGATE
Animal,Cat,Wandering,BELLBOWRIE
Animal,Cat Trapping,,OXLEY
Animal,Dog,Wandering,EVERTON PARK
Animal,Cat,Wandering,GREENSLOPES
Animal,Dog,Unregistered,EVERTON PARK
Animal,Other Animal,Fox,OXLEY
Animal,Dog,Unregistered,KEPERRA
Animal,Other Animal,Rabbit,GUMDALE
Animal,Other Animal,Nuisance Animal,NUDGEE
Animal,Dog,Unregistered,BRIGHTON
Animal,Dog,Unregistered,ZILLMERE
Animal,Dog,Unregistered,SPRING HILL
Animal,Dog,Unregistered,PETRIE TERRACE
Animal,Dog,Unregistered,STAFFORD
Animal,Attack,Attack On An Animal,MOUNT GRAVATT
Animal,Dog,,WEST END
Animal,Dog,,CARINDALE
Animal,Cat,Wandering,CARINA
Animal,Attack,Attack On A Person,PALLARA
Animal,Attack,Attack On A Person,KEDRON
Animal,Dog,Fencing Issues,ASPLEY
Animal,Dog,Unregistered,INALA
Animal,Cat,Wandering,CLAYFIELD
Animal,Other Animal,Odour,TINGALPA
Animal,Cat Trapping,,HEMMANT
Animal,Dog,Fencing Issues,INALA
Animal,Attack,Not An Attack,BARDON
Animal,Dog,Odour,THE GAP
Animal,Dog,Unregistered,WAVELL HEIGHTS
Animal,Attack,Attack On A Person,ROCHEDALE
Animal,Dog,Odour,TARINGA
Animal,Dog,,MOUNT GRAVATT
Animal,Attack,Attack On An Animal,STONES CORNER
Animal,Cat Trapping,,SANDGATE
Animal,Cat,Wandering,FERNY GROVE
Animal,Cat Trapping,,WYNNUM WEST
Animal,Dog,Unregistered,WOOLOOWIN
Animal,Dog,Unregistered,HOLLAND PARK
Animal,Dog,Unregistered,HOLLAND PARK
Animal,Attack,Attack On An Animal,EAST BRISBANE
Animal,Dog,Too Many Animals,NEWMARKET
Animal,Other Animal,Fox,NATHAN
Animal,Attack,Attack On A Person,ZILLMERE
Animal,Cat,Wandering,KEPERRA
Animal,Dog,Too Many Animals,TARINGA
Animal,Cat,Wandering,ZILLMERE
Animal,Cat Trapping,,DARRA
Animal,Dog,Fencing Issues,INALA
Animal,Attack,Attack On An Animal,ENOGGERA
Animal,Attack,Menacing,BULIMBA
Animal,Cat Trapping,,KURABY
Animal,Other Animal,Wild Dog,UPPER BROOKFIELD
Animal,Other Animal,Wild Dog,UPPER BROOKFIELD
Animal,Dog,Wandering,CARSELDINE
Animal,Attack,Attack On A Person,UPPER MOUNT GRAVATT
Animal,Dog,Wandering,SANDGATE
Animal,Dog,Too Many Animals,ELLEN GROVE
Animal,Dog,Too Many Animals,ELLEN GROVE
Animal,Dog,Too Many Animals,ELLEN GROVE
Animal,Dog,Too Many Animals,ELLEN GROVE
Animal,Attack,Attack On A Person,NUDGEE BEACH
Animal,Dog,Wandering,NUDGEE BEACH
Animal,Dog,Wandering,MOUNT COOT-THA
Animal,Other Animal,Fox,TARRAGINDI
Animal,Other Animal,Fox,KEDRON
Animal,Other Animal,Fox,STRETTON
Animal,Dog,Fencing Issues,MOUNT GRAVATT EAST
Animal,Other Animal,Rabbit,MURARRIE
Animal,Attack,Not An Attack,SUNNYBANK
Animal,Dog,Fencing Issues,PARKINSON
Animal,Dog,Wandering,MOUNT COOT-THA
Animal,Other Animal,Fencing Issues,CARINA
Animal,Attack,Attack On A Person,PADDINGTON
Animal,Attack,Attack On An Animal,WYNNUM WEST
Animal,Other Animal,Wild Dog,PULLENVALE
Animal,Attack,Attack On A Person,WISHART
Animal,Attack,Attack On A Person,BRACKEN RIDGE
Animal,Other Animal,Fox,LAKE MANCHESTER
Animal,Dog,Unregistered,VIRGINIA
Animal,Dog,Wandering,OXLEY
Animal,Cat,Wandering,WYNNUM WEST
Animal,Attack,Not An Attack,HOLLAND PARK WEST
Animal,Cat Trapping,,KURABY
Animal,Dog,Fencing Issues,OXLEY
Animal,Dog,Fencing Issues,OXLEY
Animal,Dog,Unregistered,INALA
Animal,Dog,Unregistered,ANNERLEY
Animal,Dog,Wandering,KENMORE
Animal,Dog,Wandering,CHERMSIDE
Animal,Dog,Fencing Issues,STAFFORD
Animal,Cat,Wandering,ALDERLEY
Animal,Dog,Wandering,MOUNT COOT-THA
Animal,Dog,Unregistered,WYNNUM
Animal,Attack,Attack On An Animal,BRIGHTON
Animal,Other Animal,Pest / Feral Animal,THE GAP
Animal,Cat Trapping,,CLAYFIELD
Animal,Other Animal,Fencing Issues,GREENSLOPES
Animal,Dog,Wandering,TINGALPA
Animal,Other Animal,Pest / Feral Animal,PALLARA
Animal,Other Animal,Odour,CAMP HILL
Animal,Cat,Wandering,HAWTHORNE
Animal,Dog,Unregistered,FOREST LAKE
Animal,Dog,Wandering,STAFFORD
Animal,Dog,Wandering,TENERIFFE
Animal,Attack,Attack On A Person,NEWSTEAD
Animal,Cat Trapping,,LUTWYCHE
Animal,Dog,Wandering,PARKINSON
Animal,Other Animal,Fox,KEDRON
Animal,Attack,Attack On A Person,MACGREGOR
Animal,Other Animal,Wandering,CALAMVALE
Animal,Dog,Defecating In Public,WOOLLOONGABBA
Animal,Dog,Unregistered,DREWVALE
Animal,Other Animal,Deer,MOGGILL
Animal,Other Animal,,DEAGON
Animal,Dog,Fencing Issues,BULIMBA
Animal,Other Animal,Unregistered,DARRA
Animal,Dog,Fencing Issues,BANYO
Animal,Dog,Unregistered,STAFFORD HEIGHTS
Animal,Dog,Fencing Issues,CALAMVALE
Animal,Dog,Wandering,GEEBUNG
Animal,Other Animal,,MANSFIELD
Animal,Dog,Wandering,KANGAROO POINT
Animal,Dog,Defecating In Public,
Animal,Dog,Wandering,NEWSTEAD
Animal,Attack,Attack On A Person,DOOLANDELLA
Animal,Dog,Fencing Issues,DOOLANDELLA
Animal,Dog,Unregistered,CLAYFIELD
Animal,Dog,Unregistered,HAMILTON
Animal,Dog,Unregistered,BULIMBA
Animal,Dog,Unregistered,
Animal,Attack,Attack On A Person,BRACKEN RIDGE
Animal,Dog,Unregistered,CARINDALE
Animal,Dog,Fencing Issues,BALD HILLS
Animal,Attack,Attack On A Person,PARKINSON
Animal,Attack,Attack On A Person,DEAGON
Animal,Attack,Attack On An Animal,CANNON HILL
Animal,Attack,Attack On A Person,MITCHELTON
Animal,Dog,Defecating In Public,SUNNYBANK HILLS
Animal,Other Animal,Unregistered,DARRA
Animal,Dog,Defecating In Public,MOUNT GRAVATT EAST
Animal,Dog,Unregistered,ACACIA RIDGE
Animal,Other Animal,Feral Cat,EIGHT MILE PLAINS
Animal,Dog,Odour,SEVENTEEN MILE ROCKS
Animal,Dog,Unregistered,BALMORAL
Animal,Attack,Attack On An Animal,ACACIA RIDGE
Animal,Attack,Attack On A Person,CHAPEL HILL
Animal,Cat,Wandering,NUDGEE
Animal,Attack,Attack On A Person,INALA
Animal,Dog,Wandering,CHERMSIDE
Animal,Dog,Fencing Issues,UPPER MOUNT GRAVATT
Animal,Other Animal,Rabbit,SHORNCLIFFE
Animal,Attack,Attack On A Person,PADDINGTON
Animal,Cat,Wandering,EIGHT MILE PLAINS
Animal,Dog,Unregistered,BOWEN HILLS
Animal,Cat Trapping,,MOGGILL
Animal,Attack,Attack On A Person,DARRA
Animal,Attack,Attack On An Animal,SANDGATE
Animal,Cat,Wandering,SANDGATE
Animal,Cat Trapping,,BANYO
Animal,Dog,Fencing Issues,DEAGON
Animal,Dog,Wandering,CHERMSIDE
Animal,Dog,Wandering,BARDON
Animal,Attack,Attack On A Person,BELMONT
Animal,Cat Trapping,,WOOLLOONGABBA
Animal,Other Animal,Nuisance Animal,INALA
Animal,Dog,Unregistered,INALA
Animal,Dog,Wandering,HOLLAND PARK WEST
Animal,Dog,Wandering,JINDALEE
Animal,Dog,Wandering,CAMP HILL
Animal,Attack,Attack On A Person,CAMP HILL
Animal,Attack,Not An Attack,KURABY
Animal,Dog,Unregistered,HOLLAND PARK
Animal,Attack,Attack On A Person,NEW FARM
Animal,Attack,Attack On An Animal,ZILLMERE
Animal,Dog,Fencing Issues,MACGREGOR
Animal,Dog,Unregistered,WAKERLEY
Animal,Dog,Fencing Issues,CARINA
Animal,Dog,Wandering,HOLLAND PARK WEST
Animal,Attack,Attack On A Person,WYNNUM
Animal,Dog,Fencing Issues,RUNCORN
Animal,Dog,Odour,RUNCORN
Animal,Other Animal,Rabbit,SHORNCLIFFE
Animal,Cat Trapping,,WOOLLOONGABBA
Animal,Dog,Unregistered,WISHART
Animal,Other Animal,Nuisance Animal,NUNDAH
Animal,Dog,Fencing Issues,SPRING HILL
Animal,Dog,Wandering,WEST END
Animal,Dog,Wandering,ASPLEY
Animal,Dog,Unregistered,KARANA DOWNS
Animal,Attack,Attack On An Animal,WEST END
Animal,Attack,Not An Attack,KEDRON
Animal,Cat,Wandering,ACACIA RIDGE
Animal,Cat,Wandering,ACACIA RIDGE
Animal,Dog,Fencing Issues,UPPER MOUNT GRAVATT
Animal,Cat Trapping,,RICHLANDS
Animal,Dog,Wandering,CHERMSIDE
Animal,Dog,Unregistered,GRACEVILLE
Animal,Cat,Wandering,THE GAP
Animal,Other Animal,Nuisance Animal,CHERMSIDE WEST
Animal,Attack,Attack On An Animal,MOUNT GRAVATT EAST
Animal,Cat Trapping,,YERONGA
Animal,Dog,Wandering,FOREST LAKE
Animal,Dog,Wandering,FOREST LAKE
Animal,Dog,Defecating In Public,COORPAROO
Animal,Dog,Wandering,CARINDALE
Animal,Dog,Fencing Issues,PULLENVALE
Animal,Cat,Wandering,BELLBOWRIE
Animal,Dog,Insufficient Space,KEDRON
Animal,Dog,Unregistered,ASHGROVE
Animal,Dog,Wandering,CARINDALE
Animal,Other Animal,Odour,DEAGON
Animal,Attack,Not An Attack,BRACKEN RIDGE
Animal,Attack,Attack On A Person,KEDRON
Animal,Dog,Wandering,ASHGROVE
Animal,Attack,Attack On A Person,KANGAROO POINT
Animal,Attack,Attack On A Person,STAFFORD HEIGHTS
Animal,Dog,Unregistered,SPRING HILL
Animal,Other Animal,Fox,NATHAN
Animal,Dog,Unregistered,RICHLANDS
Animal,Attack,Not An Attack,RED HILL
Animal,Dog,Wandering,WYNNUM WEST
Animal,Dog,Wandering,UPPER MOUNT GRAVATT
Animal,Dog,Wandering,MOUNT COOT-THA
Animal,Cat Trapping,,MOUNT OMMANEY
Animal,Dog,Wandering,RUNCORN
Animal,Dog,Wandering,DREWVALE
Animal,Attack,Attack On A Person,EAST BRISBANE
Animal,Dog,Defecating In Public,MANLY
Animal,Cat,Wandering,STAFFORD HEIGHTS
Animal,Cat,Wandering,STAFFORD HEIGHTS
Animal,Other Animal,Fox,MOUNT GRAVATT
Animal,Dog,Wandering,CORINDA
Animal,Dog,Wandering,ASHGROVE
Animal,Attack,Attack On A Person,BALD HILLS
Animal,Dog,Fencing Issues,STAFFORD
Animal,Dog,Fencing Issues,BRIGHTON
Animal,Dog,Unregistered,MITCHELTON
Animal,Attack,Attack On An Animal,DARRA
Animal,Attack,Attack On An Animal,MANLY
Animal,Attack,Not An Attack,MURARRIE
Animal,Attack,Not An Attack,MOUNT GRAVATT EAST
Animal,Attack,Attack On An Animal,MOOROOKA
Animal,Cat,Wandering,PADDINGTON
Animal,Dog,Unregistered,UPPER MOUNT GRAVATT
Animal,Cat Trapping,,SALISBURY
Animal,Dog,Unregistered,MOUNT GRAVATT EAST
Animal,Attack,Attack On A Person,HIGHGATE HILL
Animal,Attack,Not An Attack,GRANGE
Animal,Attack,Attack On A Person,WEST END
Animal,Dog,Too Many Animals,ELLEN GROVE
Animal,Cat Trapping,,CARINDALE
Animal,Dog,Wandering,MOUNT COOT-THA
Animal,Attack,Attack On An Animal,WEST END
Animal,Cat Trapping,,CHERMSIDE
Animal,Attack,Attack On An Animal,INDOOROOPILLY
Animal,Dog,Wandering,KANGAROO POINT
Animal,Dog,Fencing Issues,DURACK
Animal,Attack,Attack On A Person,BRIGHTON
Animal,Dog,Fencing Issues,MANLY
Animal,Cat Trapping,,INALA
Animal,Cat,Wandering,DOOLANDELLA
Animal,Other Animal,Fox,CARINA
Animal,Attack,Not An Attack,BRACKEN RIDGE
Animal,Dog,Wandering,MOUNT COOT-THA
Animal,Dog,Wandering,NATHAN
Animal,Other Animal,Wild Dog,UPPER BROOKFIELD
Animal,Dog,Fencing Issues,PARKINSON
Animal,Attack,Not An Attack,ASCOT
Animal,Dog,Wandering,CHERMSIDE
Animal,Dog,Unregistered,FERNY GROVE
Animal,Dog,Wandering,BRISBANE CITY
Animal,Other Animal,Rabbit,RED HILL
Animal,Other Animal,Nuisance Animal,FOREST LAKE
Animal,Cat Trapping,,ST LUCIA
Animal,Attack,,FITZGIBBON
Animal,Dog,Unregistered,CARINA
Animal,Dog,Fencing Issues,BULIMBA
Animal,Cat Trapping,,KEPERRA
Animal,Dog,Odour,PARKINSON
Animal,Attack,Menacing,HIGHGATE HILL
Animal,Dog,Wandering,KEPERRA
Animal,Cat,Wandering,ZILLMERE
Animal,Attack,Attack On An Animal,CAMP HILL
Animal,Dog,Defecating In Public,RED HILL
Animal,Attack,Attack On An Animal,BRIGHTON
Animal,Attack,Attack On An Animal,HAWTHORNE
Animal,Attack,Attack On A Person,SINNAMON PARK
Animal,Dog,Unregistered,MOUNT GRAVATT
Animal,Attack,Attack On An Animal,HEMMANT
Animal,Dog,Too Many Animals,DURACK
Animal,Attack,Attack On A Person,MOGGILL
Animal,Dog,Unregistered,MOGGILL
Animal,Dog,Unregistered,CARINA HEIGHTS
Animal,Attack,Attack On An Animal,ROCHEDALE
Animal,Cat,Wandering,EVERTON PARK
Animal,Dog,Wandering,YERONGA
Animal,Other Animal,Fencing Issues,NUNDAH
Animal,Dog,Defecating In Public,EAGLE FARM
Animal,Dog,Fencing Issues,SINNAMON PARK
Animal,Dog,Unregistered,VIRGINIA
Animal,Dog,Fencing Issues,OXLEY
Animal,Attack,Attack On An Animal,ACACIA RIDGE
Animal,Dog,Wandering,SHERWOOD
Animal,Dog,Wandering,CHERMSIDE
Animal,Attack,Attack On A Person,CARSELDINE
Animal,Attack,Attack On An Animal,ASPLEY
Animal,Other Animal,Odour,SINNAMON PARK
Animal,Cat,Wandering,WYNNUM WEST
Animal,Dog,Unregistered,BALD HILLS
Animal,Dog,Wandering,MOUNT COOT-THA
Animal,Attack,Menacing,BRACKEN RIDGE
Animal,Other Animal,Wild Dog,UPPER BROOKFIELD
Animal,Dog,Unregistered,NUNDAH
Animal,Dog,Wandering,EIGHT MILE PLAINS
Animal,Cat,Wandering,INALA
Animal,Other Animal,Deer,ROCKLEA
Animal,Dog,Unregistered,EVERTON PARK
Animal,Dog,Unregistered,NEWMARKET
Animal,Dog,Unregistered,ZILLMERE
Animal,Dog,Too Many Animals,ZILLMERE
Animal,Other Animal,Deer,OXLEY
Animal,Other Animal,Unregistered,UPPER MOUNT GRAVATT
Animal,Attack,Attack On An Animal,SALISBURY
Animal,Attack,Attack On An Animal,MOUNT CROSBY
Animal,Dog,Fencing Issues,INALA
Animal,Attack,Not An Attack,ACACIA RIDGE
Animal,Dog,Wandering,TINGALPA
Animal,Attack,Attack On An Animal,PALLARA
Animal,Dog,Unregistered,CALAMVALE
Animal,Attack,Attack On An Animal,SUNNYBANK HILLS
Animal,Dog,Fencing Issues,BROOKFIELD
Animal,Dog,Fencing Issues,WAKERLEY
Animal,Dog,Unregistered,
Animal,Dog,Wandering,KANGAROO POINT
Animal,Dog,Unregistered,BARDON
Animal,Other Animal,Fox,BURBANK
Animal,Dog,Unregistered,COORPAROO
Animal,Dog,Wandering,SANDGATE
Animal,Dog,Unregistered,COORPAROO
Animal,Dog,Fencing Issues,CALAMVALE
Animal,Dog,Unregistered,HEATHWOOD
Animal,Dog,Wandering,SEVENTEEN MILE ROCKS
Animal,Dog,Unregistered,TINGALPA
Animal,Cat,Wandering,PARKINSON
Animal,Dog,Unregistered,TINGALPA
Animal,Dog,,ANSTEAD
Animal,Attack,Not An Attack,AUCHENFLOWER
Animal,Dog,Fencing Issues,TINGALPA
Animal,Dog,,KANGAROO POINT
Animal,Attack,Attack On A Person,SANDGATE
Animal,Attack,Attack On An Animal,EAST BRISBANE
Animal,Cat Trapping,,PARKINSON
Animal,Other Animal,Nuisance Animal,NUNDAH
Animal,Cat Trapping,,FOREST LAKE
Animal,Cat,Wandering,ELLEN GROVE
Animal,Attack,Attack On An Animal,NORMAN PARK
Animal,Dog,Too Many Animals,ELLEN GROVE
Animal,Dog,Too Many Animals,ELLEN GROVE
Animal,Dog,Too Many Animals,ELLEN GROVE
Animal,Dog,Unregistered,ASPLEY
Animal,Cat Trapping,,STAFFORD HEIGHTS
Animal,Attack,Attack On An Animal,UPPER BROOKFIELD
Animal,Attack,Attack On A Person,DURACK
Animal,Other Animal,Nuisance Animal,SUNNYBANK
Animal,Attack,Attack On An Animal,CARINA
Animal,Dog,Odour,SUNNYBANK HILLS
Animal,Attack,Attack On An Animal,ROCHEDALE
Animal,Dog,Too Many Animals,OXLEY
Animal,Attack,Attack On An Animal,WILSTON
Animal,Dog,Unregistered,NEWMARKET
Animal,Other Animal,Fox,BURBANK
Animal,Attack,Attack On A Person,WYNNUM
Animal,Attack,Attack On An Animal,NORTHGATE
Animal,Dog,Wandering,CAMP HILL
Animal,Other Animal,Odour,FOREST LAKE
Animal,Dog,Unregistered,ALGESTER
Animal,Dog,Wandering,INALA
Animal,Dog,Wandering,THE GAP
Animal,Other Animal,Odour,GRACEVILLE
Animal,Dog,Fencing Issues,JINDALEE
Animal,Dog,Wandering,FOREST LAKE
Animal,Attack,Not An Attack,CHANDLER
Animal,Attack,Attack On An Animal,RIVERHILLS
Animal,Other Animal,Odour,CANNON HILL
Animal,Dog,Fencing Issues,INALA
Animal,Other Animal,,STRETTON
Animal,Other Animal,Unregistered,UPPER MOUNT GRAVATT
Animal,Dog,Wandering,BARDON
Animal,Attack,Attack On An Animal,KARANA DOWNS
Animal,Dog,Wandering,BRACKEN RIDGE
Animal,Dog,Wandering,YERONGA
Animal,Dog,Insufficient Space,JINDALEE
Animal,Attack,Attack On A Person,ASPLEY
Animal,Attack,Attack On A Person,WYNNUM
Animal,Other Animal,Deer,PULLENVALE
Animal,Dog,Wandering,KANGAROO POINT
Animal,Attack,Attack On A Person,ELLEN GROVE
Animal,Cat,Wandering,BANYO
Animal,Cat,Wandering,BRIGHTON
Animal,Attack,Attack On An Animal,NORTHGATE
Animal,Attack,Not An Attack,COORPAROO
Animal,Dog,Unregistered,MANLY
Animal,Other Animal,Rabbit,INALA
Animal,Dog,Wandering,CHERMSIDE
Animal,Dog,Too Many Animals,MITCHELTON
Animal,Attack,Attack On An Animal,FOREST LAKE
Animal,Attack,Attack On A Person,WYNNUM WEST
Animal,Attack,Attack On An Animal,MANLY
Animal,Attack,Attack On A Person,STRETTON
Animal,Cat Trapping,,FOREST LAKE
Animal,Dog,Wandering,THE GAP
Animal,Dog,Unregistered,GRACEVILLE
Animal,Dog,Unregistered,MANLY WEST
Animal,Dog,Unregistered,KEPERRA
Animal,Dog,Unregistered,KEPERRA
Animal,Dog,Wandering,RUNCORN
Animal,Attack,Menacing,COORPAROO
Animal,Attack,Not An Attack,MOUNT GRAVATT EAST
Animal,Dog,Wandering,CARSELDINE
Animal,Dog,Unregistered,GRACEVILLE
Animal,Dog,Unregistered,MOUNT GRAVATT
Animal,Cat,Wandering,EVERTON PARK
Animal,Other Animal,Rabbit,RED HILL
Animal,Cat Trapping,,INALA
Animal,Dog,Fencing Issues,INALA
Animal,Dog,Odour,WYNNUM
Animal,Attack,Not An Attack,BRACKEN RIDGE
Animal,Dog,Unregistered,MURARRIE
Animal,Attack,Attack On A Person,MANSFIELD
Animal,Dog,Fencing Issues,ACACIA RIDGE
Animal,Other Animal,Fencing Issues,ARCHERFIELD
Animal,Dog,Fencing Issues,MOUNT GRAVATT EAST
Animal,Attack,Attack On An Animal,HOLLAND PARK
Animal,Dog,Wandering,FITZGIBBON
Animal,Attack,Attack On A Person,ALDERLEY
Animal,Dog,Wandering,SOUTH BRISBANE
Animal,Dog,Wandering,CHERMSIDE
Animal,Dog,Wandering,CHERMSIDE
Animal,Other Animal,Odour,UPPER MOUNT GRAVATT
Animal,Dog,Unregistered,SPRING HILL
Animal,Dog,Wandering,CAMP HILL
Animal,Other Animal,,CAMP HILL
Animal,Attack,Not An Attack,LOTA
Animal,Attack,Attack On An Animal,ROCHEDALE
Animal,Dog,Unregistered,CLAYFIELD
Animal,Attack,Attack On A Person,FOREST LAKE
Animal,Dog,Unregistered,CLAYFIELD
Animal,Dog,Unregistered,HENDRA
Animal,Dog,Wandering,TENERIFFE
Animal,Dog,Fencing Issues,TARRAGINDI
Animal,Dog,Wandering,TARRAGINDI
Animal,Attack,Attack On A Person,STRETTON
Animal,Cat,,PADDINGTON
Animal,Dog,Fencing Issues,MOUNT GRAVATT EAST
Animal,Cat,Wandering,CORINDA
Animal,Cat Trapping,,KENMORE
Animal,Attack,Attack On An Animal,TARRAGINDI
Animal,Other Animal,Nuisance Animal,CALAMVALE
Animal,Dog,Wandering,WACOL
Animal,Other Animal,Nuisance Animal,DEAGON
Animal,Other Animal,Odour,RUNCORN
Animal,Other Animal,Wild Dog,UPPER BROOKFIELD
Animal,Dog,Fencing Issues,WINDSOR
Animal,Attack,Attack On A Person,INALA
Animal,Dog,Wandering,WAVELL HEIGHTS
Animal,Dog,Unregistered,MOUNT GRAVATT EAST
Animal,Cat,Wandering,CAMP HILL
Animal,Cat Trapping,,COOPERS PLAINS
Animal,Dog,Unregistered,WOOLLOONGABBA
Animal,Other Animal,Unregistered,BRIGHTON
Animal,Cat,Wandering,SUNNYBANK HILLS
Animal,Cat,Wandering,SUNNYBANK HILLS
Animal,Cat Trapping,,SUNNYBANK HILLS
Animal,Attack,Attack On A Person,NATHAN
Animal,Attack,Attack On A Person,TOOWONG
Animal,Dog,Unregistered,
Animal,Attack,,BALD HILLS
Animal,Attack,Attack On A Person,INALA
Animal,Dog,Fencing Issues,STAFFORD
Animal,Dog,Unregistered,GORDON PARK
Animal,Cat Trapping,,EVERTON PARK
Animal,Dog,Unregistered,UPPER MOUNT GRAVATT
Animal,Dog,Unregistered,CARSELDINE
Animal,Dog,Wandering,CHERMSIDE
Animal,Attack,Attack On A Person,BRACKEN RIDGE
Animal,Dog,Wandering,COORPAROO
Animal,Dog,Unregistered,WYNNUM WEST
Animal,Attack,Attack On A Person,RUNCORN
Animal,Cat,Wandering,HOLLAND PARK WEST
Animal,Dog,Odour,UPPER KEDRON
Animal,Dog,Defecating In Public,MANLY
Animal,Attack,Attack On An Animal,MANLY WEST
Animal,Attack,Attack On An Animal,COORPAROO
Animal,Attack,Not An Attack,KENMORE
Animal,Other Animal,Fox,KENMORE
Animal,Attack,Attack On An Animal,SHERWOOD
Animal,Other Animal,Fox,CORINDA
Animal,Attack,Attack On A Person,KEDRON
Animal,Attack,Attack On An Animal,INALA
Animal,Dog,Wandering,KENMORE
Animal,Other Animal,Fox,ROCHEDALE
Animal,Other Animal,Fox,BROOKFIELD
Animal,Dog,Unregistered,UPPER MOUNT GRAVATT
Animal,Dog,Unregistered,BULIMBA
Animal,Attack,Attack On An Animal,MANLY WEST
Animal,Cat Trapping,,DARRA
Animal,Other Animal,Nuisance Animal,SANDGATE
Animal,Dog,Wandering,NORTHGATE
Animal,Dog,Unregistered,INALA
Animal,Dog,Fencing Issues,GREENSLOPES
Animal,Dog,Fencing Issues,UPPER KEDRON
Animal,Dog,Unregistered,NUNDAH
Animal,Dog,Fencing Issues,BRIGHTON
Animal,Attack,Attack On A Person,ASHGROVE
Animal,Attack,Attack On A Person,ELLEN GROVE
Animal,Dog,Fencing Issues,MOUNT GRAVATT EAST
Animal,Dog,Unregistered,SUNNYBANK HILLS
Animal,Other Animal,Nuisance Animal,MOUNT GRAVATT EAST
Animal,Dog,Fencing Issues,THE GAP
Animal,Dog,Fencing Issues,GEEBUNG
Animal,Other Animal,Rabbit,KURABY
Animal,Cat Trapping,,BRIGHTON
Animal,Dog,,NEW FARM
Animal,Dog,Too Many Animals,MOUNT GRAVATT EAST
Animal,Dog,Too Many Animals,MOUNT GRAVATT EAST
Animal,Attack,,PADDINGTON
Animal,Dog,Wandering,INALA
Animal,Dog,Unregistered,CARINA HEIGHTS
Animal,Other Animal,Nuisance Animal,CHERMSIDE WEST
Animal,Cat Trapping,,CLAYFIELD
Animal,Dog,Fencing Issues,STAFFORD
Animal,Cat Trapping,,NORMAN PARK
Animal,Dog,Wandering,RED HILL
Animal,Dog,,NEW FARM
Animal,Attack,Attack On A Person,ARCHERFIELD
Animal,Dog,Unregistered,CANNON HILL
Animal,Attack,Attack On An Animal,SUNNYBANK
Animal,Cat Trapping,,KELVIN GROVE
Animal,Attack,Not An Attack,STAFFORD
Animal,Attack,Attack On An Animal,BRACKEN RIDGE
Animal,Cat,,TARRAGINDI
Animal,Cat,Wandering,KURABY
Animal,Dog,Unregistered,NATHAN
Animal,Attack,Attack On A Person,WAVELL HEIGHTS
Animal,Cat Trapping,,EAST BRISBANE
Animal,Dog,Unregistered,ZILLMERE
Animal,Dog,Fencing Issues,KELVIN GROVE
Animal,Dog,Unregistered,ACACIA RIDGE
Animal,Dog,Unregistered,BRIDGEMAN DOWNS
Animal,Dog,,WEST END
Animal,Dog,,COORPAROO
Animal,Dog,Wandering,MOOROOKA
Animal,Dog,Fencing Issues,RICHLANDS
Animal,Dog,,CAMP HILL
Animal,Cat,,BELLBOWRIE
Animal,Dog,,CHERMSIDE
Animal,Cat,Wandering,UPPER MOUNT GRAVATT
Animal,Dog,Unregistered,DOOLANDELLA
Animal,Cat Trapping,,FOREST LAKE
Animal,Dog,Unregistered,TARRAGINDI
Animal,Dog,,CAMP HILL
Animal,Attack,,MOOROOKA
Animal,Other Animal,Fox,YERONGA
Animal,Dog,Wandering,YERONGA
Animal,Dog,Unregistered,THE GAP
Animal,Cat Trapping,,BOWEN HILLS
Animal,Dog,Fencing Issues,NEWMARKET
Animal,Dog,,SALISBURY
Animal,Dog,Unregistered,CALAMVALE
Animal,Dog,Wandering,ASHGROVE
Animal,Dog,Wandering,ASHGROVE
Animal,Cat,Wandering,CARINA
Animal,Attack,Attack On An Animal,MORNINGSIDE
Animal,Other Animal,Wild Dog,THE GAP
Animal,Attack,Attack On An Animal,MCDOWALL
Animal,Dog,,CHERMSIDE
Animal,Dog,,CHERMSIDE
Animal,Other Animal,Nuisance Animal,INALA
Animal,Other Animal,Fox,SEVENTEEN MILE ROCKS
Animal,Dog,Unregistered,FOREST LAKE
Animal,Attack,Attack On An Animal,WOOLOOWIN
Animal,Dog,,NUNDAH
Animal,Cat Trapping,,WOOLLOONGABBA
Animal,Attack,Attack On A Person,HOLLAND PARK
Animal,Attack,Attack On A Person,CARINDALE
Animal,Dog,Unregistered,SALISBURY
Animal,Dog,Unregistered,KEPERRA
Animal,Dog,Unregistered,WYNNUM WEST
Animal,Cat Trapping,,SUNNYBANK
Animal,Dog,Fencing Issues,GRACEVILLE
Animal,Dog,,WYNNUM
Animal,Dog,Fencing Issues,STAFFORD
Animal,Dog,Fencing Issues,STAFFORD
Animal,Other Animal,Wild Dog,KHOLO
Animal,Attack,Attack On A Person,KENMORE HILLS
Animal,Dog,Wandering,CHERMSIDE
Animal,Dog,,BALD HILLS
Animal,Attack,Attack On An Animal,CARINDALE
Animal,Dog,Unregistered,FOREST LAKE
Animal,Dog,Fencing Issues,MITCHELTON
Animal,Other Animal,Fox,SEVEN HILLS
Animal,Cat Trapping,,BOONDALL
Animal,Dog,,PARKINSON
Animal,Dog,Defecating In Public,BULIMBA
Animal,Dog,Fencing Issues,BANYO
Animal,Cat Trapping,,CORINDA
Animal,Attack,Attack On A Person,BALMORAL
Animal,Cat Trapping,,SALISBURY
Animal,Other Animal,Pest / Feral Animal,ZILLMERE
Animal,Dog,Wandering,BARDON
Animal,Dog,Odour,CHERMSIDE
Animal,Attack,Attack On An Animal,ROCKLEA
Animal,Dog,,TARINGA
Animal,Dog,,KANGAROO POINT
Animal,Dog,Unregistered,ALGESTER
Animal,Dog,Unregistered,JINDALEE
Animal,Dog,,MILTON
Animal,Dog,,BRIGHTON
Animal,Attack,Attack On A Person,HAMILTON
Animal,Attack,Attack On A Person,TARINGA
Animal,Dog,,BULIMBA
Animal,Other Animal,Fox,BROOKFIELD
Animal,Dog,,LOTA
Animal,Attack,Menacing,ZILLMERE
Animal,Dog,Insufficient Space,
Animal,Other Animal,Rabbit,GUMDALE
Animal,Cat Trapping,,ST LUCIA
Animal,Dog,Too Many Animals,EVERTON PARK
Animal,Attack,,ANNERLEY
Animal,Cat Trapping,,INALA
Animal,Dog,Unregistered,CARINA
Animal,Dog,Unregistered,CARINA
Animal,Attack,,DREWVALE
Animal,Cat Trapping,,ACACIA RIDGE
Animal,Dog,Unregistered,BRACKEN RIDGE
Animal,Other Animal,,MOUNT CROSBY
Animal,Cat,Wandering,WYNNUM WEST
Animal,Dog,Unregistered,CAMP HILL
Animal,Attack,Attack On A Person,SUNNYBANK HILLS
Animal,Dog,Defecating In Public,FOREST LAKE
Animal,Dog,,WYNNUM
Animal,Cat,Wandering,JINDALEE
Animal,Other Animal,,SEVEN HILLS
Animal,Dog,,NUNDAH
Animal,Attack,Attack On An Animal,PALLARA
Animal,Attack,Attack On An Animal,WYNNUM
Animal,Dog,Wandering,CHAPEL HILL
Animal,Attack,Attack On An Animal,BRACKEN RIDGE
Animal,Dog,Unregistered,MORNINGSIDE
Animal,Dog,Fencing Issues,MOUNT CROSBY
Animal,Attack,Attack On An Animal,JINDALEE
Animal,Dog,,PARKINSON
Animal,Dog,Unregistered,COORPAROO
Animal,Dog,Unregistered,ALGESTER
Animal,Dog,Fencing Issues,OXLEY
Animal,Attack,Attack On An Animal,EVERTON PARK
Animal,Dog,Fencing Issues,ACACIA RIDGE
Animal,Dog,Fencing Issues,ACACIA RIDGE
Animal,Other Animal,Fox,UPPER MOUNT GRAVATT
Animal,Other Animal,Fox,FIG TREE POCKET
Animal,Dog,Unregistered,BULIMBA
Animal,Dog,Unregistered,BULIMBA
Animal,Dog,Unregistered,DREWVALE
Animal,Dog,,WEST END
Animal,Attack,Attack On A Person,MOGGILL
Animal,Attack,,WILLAWONG
Animal,Dog,Wandering,CHERMSIDE WEST
Animal,Cat,Wandering,INALA
Animal,Dog,Unregistered,PINKENBA
Animal,Dog,,COORPAROO
Animal,Dog,Unregistered,MANLY
Animal,Attack,Attack On A Person,SUNNYBANK HILLS
Animal,Dog,,COORPAROO
Animal,Dog,,TARINGA
Animal,Other Animal,Unregistered,BRACKEN RIDGE
Animal,Dog,Wandering,GEEBUNG
Animal,Dog,Fencing Issues,CALAMVALE
Animal,Attack,Attack On An Animal,COORPAROO
Animal,Dog,Fencing Issues,MCDOWALL
Animal,Dog,Fencing Issues,MANSFIELD
Animal,Cat Trapping,,ALDERLEY
Animal,Cat Trapping,,MANSFIELD
Animal,Dog,Fencing Issues,CALAMVALE
Animal,Dog,Unregistered,BALD HILLS
Animal,Dog,,KEPERRA
Animal,Cat Trapping,,BRACKEN RIDGE
Animal,Dog,Unregistered,BRACKEN RIDGE
Animal,Dog,Unregistered,MITCHELTON
Animal,Cat,Wandering,BRIGHTON
Animal,Attack,Attack On An Animal,BRIDGEMAN DOWNS
Animal,Attack,Attack On An Animal,WINDSOR
Animal,Dog,Fencing Issues,MCDOWALL
Animal,Other Animal,Nuisance Animal,INDOOROOPILLY
Animal,Dog,Wandering,CHERMSIDE
Animal,Attack,Not An Attack,PADDINGTON
Animal,Dog,Fencing Issues,BRIGHTON
Animal,Dog,Unregistered,CANNON HILL
Animal,Attack,Attack On An Animal,BARDON
Animal,Dog,,NATHAN
Animal,Dog,Unregistered,ACACIA RIDGE
Animal,Cat,Wandering,WYNNUM
Animal,Cat Trapping,,ST LUCIA
Animal,Dog,Unregistered,TAIGUM
Animal,Dog,Unregistered,PARKINSON
Animal,Dog,Unregistered,INALA
Animal,Attack,Attack On A Person,NUNDAH
Animal,Attack,Not An Attack,MIDDLE PARK
Animal,Cat Trapping,,WILLAWONG
Animal,Cat,,BRIGHTON
Animal,Dog,Unregistered,SALISBURY
Animal,Attack,Attack On A Person,GUMDALE
Animal,Dog,Unregistered,BOONDALL
Animal,Cat Trapping,,AUCHENFLOWER
Animal,Attack,Not An Attack,WEST END
Animal,Dog,Fencing Issues,DURACK
Animal,Dog,Unregistered,FERNY GROVE
Animal,Dog,,CARINDALE
Animal,Dog,,BARDON
Animal,Cat,Wandering,CARSELDINE
Animal,Dog,Fencing Issues,MOOROOKA
Animal,Dog,Fencing Issues,OXLEY
Animal,Other Animal,Too Many Animals,DUTTON PARK
Animal,Attack,Attack On A Person,ASPLEY
Animal,Attack,Attack On An Animal,SUNNYBANK
Animal,Attack,Attack On An Animal,BANYO
Animal,Other Animal,,ANNERLEY
Animal,Cat Trapping,,ST LUCIA
Animal,Other Animal,,CAMP HILL
Animal,Attack,Attack On An Animal,ZILLMERE
Animal,Attack,,WISHART
Animal,Attack,Attack On An Animal,STAFFORD HEIGHTS
Animal,Dog,Wandering,ASCOT
Animal,Dog,Unregistered,CAMP HILL
Animal,Dog,,GEEBUNG
Animal,Dog,Defecating In Public,WEST END
Animal,Other Animal,,MOUNT COOT-THA
Animal,Dog,Unregistered,CALAMVALE
Animal,Dog,Unregistered,HOLLAND PARK
Animal,Attack,Attack On An Animal,NUNDAH
Animal,Dog,,LOTA
Animal,Dog,Fencing Issues,SEVEN HILLS
Animal,Other Animal,Fox,WYNNUM
Animal,Other Animal,Wandering,DOOLANDELLA
Animal,Dog,Unregistered,ELLEN GROVE
Animal,Dog,Unregistered,BANYO
Animal,Dog,,WEST END
Animal,Dog,Odour,HAWTHORNE
Animal,Dog,,WEST END
Animal,Dog,Fencing Issues,CARINDALE
Animal,Dog,Fencing Issues,ELLEN GROVE
Animal,Attack,Attack On A Person,WYNNUM
Animal,Dog,,BARDON
Animal,Dog,Unregistered,CORINDA
Animal,Dog,,NEW FARM
Animal,Attack,Attack On An Animal,WYNNUM WEST
Animal,Dog,,WEST END
Animal,Dog,,ASHGROVE
Animal,Dog,,YERONGA
Animal,Dog,Fencing Issues,STAFFORD
Animal,Dog,Fencing Issues,CARINA HEIGHTS
Animal,Other Animal,Fencing Issues,PULLENVALE
Animal,Dog,Unregistered,TINGALPA
Animal,Dog,Fencing Issues,STAFFORD
Animal,Dog,Wandering,KEDRON
Animal,Attack,Attack On A Person,MOUNT GRAVATT
Animal,Dog,Fencing Issues,DURACK
Animal,Dog,Unregistered,NORMAN PARK
Animal,Dog,Unregistered,KEPERRA
Animal,Dog,,CALAMVALE
Animal,Dog,Unregistered,ZILLMERE
Animal,Dog,Unregistered,BRIGHTON
Animal,Dog,Unregistered,CARSELDINE
Animal,Cat Trapping,,MOOROOKA
Animal,Cat Trapping,,TARRAGINDI
Animal,Dog,,BARDON
Animal,Attack,Not An Attack,WYNNUM
Animal,Attack,Attack On An Animal,INALA
Animal,Other Animal,Rabbit,FIG TREE POCKET
Animal,Dog,Wandering,KANGAROO POINT
Animal,Dog,Too Many Animals,BALD HILLS
Animal,Dog,Too Many Animals,BALD HILLS
Animal,Dog,Too Many Animals,BALD HILLS
Animal,Attack,Attack On A Person,DUTTON PARK
Animal,Other Animal,Fox,PINJARRA HILLS
Animal,Dog,Too Many Animals,CAMP HILL
Animal,Dog,Too Many Animals,CAMP HILL
Animal,Dog,Too Many Animals,CAMP HILL
Animal,Attack,Attack On A Person,DOOLANDELLA
Animal,Dog,Unregistered,UPPER KEDRON
Animal,Dog,Odour,BALMORAL
Animal,Dog,Odour,BALMORAL
Animal,Dog,Unregistered,UPPER MOUNT GRAVATT
Animal,Cat,,BELMONT
Animal,Dog,Unregistered,CALAMVALE
Animal,Dog,Too Many Animals,BRIGHTON
Animal,Cat Trapping,,MANLY WEST
Animal,Dog,Wandering,
Animal,Dog,Wandering,CHAPEL HILL
Animal,Dog,Unregistered,KARANA DOWNS
Animal,Cat Trapping,,CARSELDINE
Animal,Attack,,ACACIA RIDGE
Animal,Dog,,WINDSOR
Animal,Other Animal,Odour,GUMDALE
Animal,Dog,Unregistered,STAFFORD HEIGHTS
Animal,Dog,,ASPLEY
Animal,Attack,Attack On A Person,INALA
Animal,Dog,,LOTA
Animal,Dog,Fencing Issues,CAMP HILL
Animal,Dog,,BARDON
Animal,Dog,,CORINDA
Animal,Attack,Attack On An Animal,TARRAGINDI
Animal,Dog,Fencing Issues,STRETTON
Animal,Dog,Unregistered,BRIDGEMAN DOWNS
Animal,Dog,Unregistered,FERNY GROVE
Animal,Dog,,CAMP HILL
Animal,Dog,,CAMP HILL
Animal,Dog,Wandering,CARINA
Animal,Dog,,BARDON
Animal,Cat Trapping,,SUNNYBANK HILLS
Animal,Attack,Attack On An Animal,PALLARA
Animal,Cat Trapping,,CARINA
Animal,Other Animal,Nuisance Animal,ENOGGERA
Animal,Dog,Unregistered,BRACKEN RIDGE
Animal,Dog,Fencing Issues,YERONGA
Animal,Dog,Fencing Issues,BRIGHTON
Animal,Dog,Unregistered,NORMAN PARK
Animal,Dog,Unregistered,SUNNYBANK HILLS
Animal,Dog,Unregistered,BALD HILLS
Animal,Other Animal,,WOOLLOONGABBA
Animal,Attack,,INALA
Animal,Other Animal,Fox,HOLLAND PARK WEST
Animal,Cat,,CALAMVALE
Animal,Dog,Unregistered,SUNNYBANK
Animal,Dog,Unregistered,WISHART
Animal,Cat Trapping,,SUNNYBANK
Animal,Other Animal,,UPPER KEDRON
Animal,Cat Trapping,,PALLARA
Animal,Cat Trapping,,RUNCORN
Animal,Cat,Wandering,GREENSLOPES
Animal,Attack,Attack On An Animal,NUNDAH
Animal,Cat Trapping,,CARINA HEIGHTS
Animal,Cat,,NUNDAH
Animal,Dog,Unregistered,BALD HILLS
Animal,Dog,Wandering,KANGAROO POINT
Animal,Dog,Wandering,WYNNUM WEST
Animal,Dog,Unregistered,WYNNUM WEST
Animal,Other Animal,Nuisance Animal,KANGAROO POINT
Animal,Attack,Attack On An Animal,MURARRIE
Animal,Other Animal,Fox,OXLEY
Animal,Other Animal,,INALA
Animal,Dog,Unregistered,UPPER KEDRON
Animal,Dog,Unregistered,UPPER KEDRON
Animal,Dog,Unregistered,UPPER KEDRON
Animal,Dog,Wandering,BRACKEN RIDGE
Animal,Dog,Wandering,COORPAROO
Animal,Dog,Wandering,JINDALEE
Animal,Attack,Attack On An Animal,GORDON PARK
Animal,Dog,Unregistered,DEAGON
Animal,Other Animal,Odour,WAVELL HEIGHTS
Animal,Dog,Wandering,PULLENVALE
Animal,Attack,Not An Attack,THE GAP
Animal,Attack,Attack On An Animal,ZILLMERE
Animal,Dog,Unregistered,TOOWONG
Animal,Cat Trapping,,HAMILTON
Animal,Dog,Too Many Animals,ZILLMERE
Animal,Dog,Fencing Issues,STAFFORD HEIGHTS
Animal,Attack,Attack On A Person,NATHAN
Animal,Attack,Attack On An Animal,GEEBUNG
Animal,Other Animal,Odour,BRACKEN RIDGE
Animal,Dog,Wandering,KANGAROO POINT
Animal,Dog,Wandering,BRACKEN RIDGE
Animal,Dog,Unregistered,WAKERLEY
Animal,Attack,Attack On A Person,NEWSTEAD
Animal,Attack,Attack On An Animal,KEPERRA
Animal,Attack,Not An Attack,KENMORE
Animal,Dog,,CLAYFIELD
Animal,Cat Trapping,,CALAMVALE
Animal,Dog,Fencing Issues,MCDOWALL
Animal,Dog,Wandering,CHERMSIDE
Animal,Dog,Unregistered,SUNNYBANK HILLS
Animal,Dog,Fencing Issues,HERSTON
Animal,Cat,Wandering,ACACIA RIDGE
Animal,Dog,Unregistered,ASHGROVE
Animal,Attack,Attack On An Animal,BELMONT
Animal,Dog,,SHERWOOD
Animal,Dog,Wandering,NUDGEE BEACH
Animal,Dog,Unregistered,INALA
Animal,Attack,Attack On A Person,MOUNT GRAVATT EAST
Animal,Cat,Wandering,BELMONT
Animal,Cat Trapping,,SALISBURY
Animal,Dog,Unregistered,GRACEVILLE
Animal,Dog,Wandering,KENMORE
Animal,Attack,Attack On An Animal,ACACIA RIDGE
Animal,Dog,Too Many Animals,SUNNYBANK HILLS
Animal,Other Animal,Unregistered,BRACKEN RIDGE
Animal,Attack,Attack On A Person,MURARRIE
Animal,Dog,Unregistered,THE GAP
Animal,Cat,Wandering,NUDGEE
Animal,Other Animal,Fox,EIGHT MILE PLAINS
Animal,Dog,Unregistered,SUNNYBANK HILLS
Animal,Other Animal,Fox,STRETTON
Animal,Cat Trapping,,WAVELL HEIGHTS
Animal,Other Animal,Fox,ANSTEAD
Animal,Dog,Fencing Issues,CARINDALE
Animal,Cat Trapping,,BRACKEN RIDGE
Animal,Dog,Wandering,CAMP HILL
Animal,Dog,Wandering,ALDERLEY
Animal,Attack,Attack On A Person,WYNNUM
Animal,Dog,Fencing Issues,GEEBUNG
Animal,Attack,Attack On An Animal,DARRA
Animal,Dog,Wandering,EIGHT MILE PLAINS
Animal,Dog,Too Many Animals,RED HILL
Animal,Dog,Wandering,WYNNUM WEST
Animal,Cat,Wandering,BRACKEN RIDGE
Animal,Dog,Fencing Issues,CARINDALE
Animal,Attack,Not An Attack,BANYO
Animal,Cat Trapping,,BRACKEN RIDGE
Animal,Dog,Fencing Issues,INALA
Animal,Dog,Defecating In Public,MOUNT GRAVATT EAST
Animal,Dog,Wandering,YERONGA
Animal,Cat Trapping,,WYNNUM
Animal,Cat Trapping,,WYNNUM
Animal,Cat,Wandering,WYNNUM WEST
Animal,Other Animal,Fox,FERNY GROVE
Animal,Dog,Odour,RUNCORN
Animal,Dog,,SUNNYBANK HILLS
Animal,Cat Trapping,,MANSFIELD
Animal,Attack,Attack On An Animal,GAYTHORNE
Animal,Dog,Unregistered,ASPLEY
Animal,Attack,Attack On An Animal,BROOKFIELD
Animal,Attack,Attack On An Animal,ASHGROVE
Animal,Dog,Fencing Issues,FERNY GROVE
Animal,Attack,Attack On An Animal,FOREST LAKE
Animal,Attack,Attack On An Animal,BALD HILLS
Animal,Dog,Unregistered,CALAMVALE
Animal,Dog,Unregistered,GORDON PARK
Animal,Attack,Attack On A Person,FITZGIBBON
Animal,Attack,Attack On A Person,DARRA
Animal,Other Animal,Fox,SUNNYBANK
Animal,Dog,Unregistered,CARINA
Animal,Dog,Fencing Issues,MOUNT GRAVATT EAST
Animal,Cat Trapping,,ACACIA RIDGE
Animal,Dog,Unregistered,
Animal,Cat,Wandering,WYNNUM
Animal,Dog,Unregistered,BARDON
Animal,Cat,Wandering,SUNNYBANK HILLS
Animal,Attack,Attack On An Animal,BALD HILLS
Animal,Dog,Too Many Animals,GUMDALE
Animal,Other Animal,Nuisance Animal,BOWEN HILLS
Animal,Other Animal,,KENMORE HILLS
Animal,Attack,Attack On An Animal,WAVELL HEIGHTS
Animal,Attack,Attack On A Person,PARKINSON
Animal,Dog,Defecating In Public,COORPAROO
Animal,Attack,Attack On An Animal,MANLY WEST
Animal,Dog,Fencing Issues,WINDSOR
Animal,Dog,Fencing Issues,MACGREGOR
Animal,Cat Trapping,,FOREST LAKE
Animal,Attack,Attack On An Animal,SUNNYBANK
Animal,Other Animal,Odour,BARDON
Animal,Attack,Attack On An Animal,STAFFORD
Animal,Other Animal,,MOUNT GRAVATT
Animal,Cat Trapping,,MOOROOKA
Animal,Dog,Unregistered,
Animal,Dog,Wandering,WYNNUM WEST
Animal,Dog,Wandering,CHERMSIDE
Animal,Other Animal,Too Many Animals,DARRA
Animal,Dog,Fencing Issues,CALAMVALE
Animal,Dog,Unregistered,GEEBUNG
Animal,Dog,Wandering,NATHAN
Animal,Dog,Wandering,SANDGATE
Animal,Dog,Wandering,MANLY
Animal,Dog,Unregistered,KARANA DOWNS
Animal,Dog,Unregistered,BALD HILLS
Animal,Attack,Attack On An Animal,DARRA
Animal,Dog,Unregistered,CORINDA
Animal,Dog,Wandering,COOPERS PLAINS
Animal,Dog,Unregistered,GRANGE
Animal,Dog,Unregistered,FOREST LAKE
Animal,Dog,Unregistered,KENMORE
Animal,Cat Trapping,,EIGHT MILE PLAINS
Animal,Dog,Unregistered,SHORNCLIFFE
Animal,Dog,Unregistered,CARINA
Animal,Other Animal,,PULLENVALE
Animal,Attack,Attack On An Animal,BRIDGEMAN DOWNS
Animal,Dog,Unregistered,CARINA HEIGHTS
Animal,Dog,Fencing Issues,BULIMBA
Animal,Dog,Defecating In Public,CHERMSIDE
Animal,Dog,Wandering,CHERMSIDE
Animal,Dog,Fencing Issues,MANLY
Animal,Dog,Unregistered,BANYO
Animal,Dog,Wandering,ANSTEAD
Animal,Attack,Attack On An Animal,DURACK
Animal,Dog,Unregistered,KEDRON
Animal,Dog,Unregistered,MCDOWALL
Animal,Cat Trapping,,CHERMSIDE
Animal,Attack,Attack On An Animal,MANLY WEST
Animal,Dog,Unregistered,DREWVALE
Animal,Attack,Not An Attack,BRISBANE CITY
Animal,Attack,Menacing,NUNDAH
Animal,Cat,Wandering,SUNNYBANK HILLS
Animal,Cat,Wandering,CHUWAR
Animal,Attack,Menacing,TOOWONG
Animal,Dog,Wandering,CHERMSIDE
Animal,Attack,Attack On A Person,BARDON
Animal,Attack,Attack On A Person,HAMILTON
Animal,Attack,,STAFFORD
Animal,Dog,Wandering,FOREST LAKE
Animal,Dog,Wandering,FOREST LAKE
Animal,Dog,Fencing Issues,ASPLEY
Animal,Attack,Attack On A Person,WYNNUM
Animal,Cat Trapping,,WOOLLOONGABBA
Animal,Attack,Attack On An Animal,ANNERLEY
Animal,Dog,Wandering,WYNNUM
Animal,Attack,Not An Attack,MOGGILL
Animal,Other Animal,,INDOOROOPILLY
Animal,Attack,Attack On A Person,GAYTHORNE
Animal,Attack,Menacing,BALMORAL
Animal,Attack,Attack On A Person,MCDOWALL
Animal,Dog,Unregistered,ZILLMERE
Animal,Attack,Attack On A Person,RIVERHILLS
Animal,Dog,Unregistered,VIRGINIA
Animal,Cat Trapping,,RICHLANDS
Animal,Attack,Not An Attack,WAVELL HEIGHTS
Animal,Other Animal,Odour,ROBERTSON
Animal,Attack,Attack On A Person,BRACKEN RIDGE
Animal,Dog,Fencing Issues,SINNAMON PARK
Animal,Attack,Attack On An Animal,TARRAGINDI
Animal,Attack,Attack On An Animal,ASHGROVE
Animal,Cat Trapping,,BRACKEN RIDGE
Animal,Attack,Attack On An Animal,NORTHGATE
Animal,Attack,,STAFFORD HEIGHTS
Animal,Dog,Unregistered,HOLLAND PARK
Animal,Dog,Unregistered,HOLLAND PARK
Animal,Attack,Attack On A Person,EIGHT MILE PLAINS
Animal,Cat,Wandering,CARINA
Animal,Attack,Attack On A Person,PARKINSON
Animal,Attack,Not An Attack,ASCOT
Animal,Dog,Wandering,WYNNUM WEST
Animal,Dog,Unregistered,SUNNYBANK HILLS
Animal,Dog,Unregistered,GORDON PARK
Animal,Attack,Menacing,BOONDALL
Animal,Dog,Unregistered,ALGESTER
Animal,Cat Trapping,,FOREST LAKE
Animal,Cat,Wandering,LOTA
Animal,Cat,Wandering,SANDGATE
Animal,Attack,Attack On A Person,TENERIFFE
Animal,Other Animal,Fox,MOUNT GRAVATT
Animal,Dog,Wandering,YERONGA
Animal,Attack,Attack On An Animal,EVERTON PARK
Animal,Dog,Unregistered,VIRGINIA
Animal,Other Animal,Feral Cat,STAFFORD
Animal,Dog,Wandering,FERNY GROVE
Animal,Dog,Wandering,ST LUCIA
Animal,Attack,Attack On An Animal,COORPAROO
Animal,Attack,Attack On A Person,BULIMBA
Animal,Dog,Fencing Issues,BULIMBA
Animal,Dog,Fencing Issues,MOUNT GRAVATT EAST
Animal,Attack,Attack On A Person,HOLLAND PARK
Animal,Dog,Wandering,KEPERRA
Animal,Dog,Fencing Issues,UPPER MOUNT GRAVATT
Animal,Attack,Not An Attack,VIRGINIA
Animal,Attack,Attack On An Animal,VIRGINIA
Animal,Dog,Unregistered,ROCHEDALE
Animal,Attack,Menacing,NEWSTEAD
Animal,Dog,Wandering,BROOKFIELD
Animal,Dog,Fencing Issues,CHERMSIDE WEST
Animal,Dog,Unregistered,EIGHT MILE PLAINS
Animal,Dog,Unregistered,NUNDAH
Animal,Attack,Attack On A Person,BRACKEN RIDGE
Animal,Dog,,TENERIFFE
Animal,Attack,Attack On An Animal,HEATHWOOD
Animal,Other Animal,Wild Dog,RIVERHILLS
Animal,Dog,Wandering,MANLY
Animal,Attack,Attack On An Animal,EVERTON PARK
Animal,Dog,Defecating In Public,BRISBANE CITY
Animal,Dog,Unregistered,ACACIA RIDGE
Animal,Dog,Fencing Issues,KEDRON
Animal,Cat Trapping,,BRIGHTON
Animal,Dog,Too Many Animals,ZILLMERE
Animal,Other Animal,Nuisance Animal,MANSFIELD
Animal,Dog,Unregistered,COORPAROO
Animal,Dog,Unregistered,SUNNYBANK
Animal,Dog,Unregistered,HEATHWOOD
Animal,Cat,Wandering,ASHGROVE
Animal,Dog,Unregistered,SOUTH BRISBANE
Animal,Cat Trapping,,INALA
Animal,Cat,Wandering,BELLBOWRIE
Animal,Attack,Attack On A Person,INALA
Animal,Dog,Wandering,KENMORE
Animal,Dog,Unregistered,BRIGHTON
Animal,Attack,Attack On An Animal,HAMILTON
Animal,Other Animal,Fox,BELLBOWRIE
Animal,Dog,Wandering,HOLLAND PARK WEST
Animal,Dog,Unregistered,CLAYFIELD
Animal,Dog,Too Many Animals,MANLY WEST
Animal,Dog,Too Many Animals,BELLBOWRIE
Animal,Cat Trapping,,MOUNT GRAVATT
Animal,Cat Trapping,,SUNNYBANK HILLS
Animal,Other Animal,Fox,SANDGATE
Animal,Dog,Too Many Animals,KEDRON
Animal,Dog,Too Many Animals,KEDRON
Animal,Attack,Attack On An Animal,DEAGON
Animal,Dog,Fencing Issues,RED HILL
Animal,Other Animal,Odour,UPPER MOUNT GRAVATT
Animal,Dog,Too Many Animals,MACGREGOR
Animal,Attack,Menacing,WISHART
Animal,Dog,Fencing Issues,BANYO
Animal,Attack,Attack On An Animal,ZILLMERE
Animal,Dog,Fencing Issues,TINGALPA
Animal,Other Animal,,MANLY WEST
Animal,Attack,Attack On A Person,CHERMSIDE
Animal,Dog,Too Many Animals,KEDRON
Animal,Dog,Too Many Animals,KEDRON
Animal,Dog,Wandering,FOREST LAKE
Animal,Dog,Wandering,ANSTEAD
Animal,Dog,Fencing Issues,LOTA
Animal,Cat,Wandering,SUNNYBANK HILLS
Animal,Dog,Wandering,CORINDA
Animal,Dog,Wandering,BARDON
Animal,Attack,Attack On A Person,MOUNT GRAVATT EAST
Animal,Dog,Wandering,NEW FARM
Animal,Attack,Attack On An Animal,CANNON HILL
Animal,Dog,Wandering,WAVELL HEIGHTS
Animal,Dog,Wandering,ELLEN GROVE
Animal,Dog,Wandering,NUDGEE BEACH
Animal,Dog,Unregistered,CLAYFIELD
Animal,Other Animal,Fox,BURBANK
Animal,Cat Trapping,,CARINA HEIGHTS
Animal,Dog,Fencing Issues,SEVENTEEN MILE ROCKS
Animal,Dog,Fencing Issues,SEVENTEEN MILE ROCKS
Animal,Dog,Wandering,WYNNUM WEST
Animal,Dog,,ASCOT
Animal,Dog,Wandering,ASCOT
Animal,Dog,Unregistered,GREENSLOPES
Animal,Dog,Unregistered,EVERTON PARK
Animal,Dog,Unregistered,DURACK
Animal,Attack,Attack On An Animal,NEW FARM
Animal,Dog,Unregistered,KARANA DOWNS
Animal,Dog,Unregistered,MORNINGSIDE
Animal,Attack,Menacing,CARINDALE
Animal,Dog,Unregistered,CHAPEL HILL
Animal,Dog,Unregistered,THE GAP
Animal,Other Animal,Fox,GEEBUNG
Animal,Dog,Unregistered,MORNINGSIDE
Animal,Cat Trapping,,ELLEN GROVE
Animal,Other Animal,Nuisance Animal,CARSELDINE
Animal,Dog,Unregistered,GORDON PARK
Animal,Dog,Too Many Animals,CARSELDINE
Animal,Dog,Odour,CARSELDINE
Animal,Other Animal,Wandering,CALAMVALE
Animal,Dog,Unregistered,RUNCORN
Animal,Attack,Attack On An Animal,NUDGEE
Animal,Attack,Attack On An Animal,HOLLAND PARK WEST
Animal,Dog,Fencing Issues,KEPERRA
Animal,Attack,Attack On An Animal,NEWMARKET
Animal,Dog,Unregistered,STAFFORD
Animal,Cat Trapping,,TENERIFFE
Animal,Dog,Wandering,GEEBUNG
Animal,Dog,Wandering,SEVEN HILLS
Animal,Attack,Attack On An Animal,PADDINGTON
Animal,Other Animal,Fencing Issues,EVERTON PARK
Animal,Other Animal,,BROOKFIELD
Animal,Dog,Unregistered,FIG TREE POCKET
Animal,Cat Trapping,,ALGESTER
Animal,Attack,Attack On An Animal,GRACEVILLE
Animal,Cat,Wandering,EIGHT MILE PLAINS
Animal,Dog,Unregistered,WYNNUM WEST
Animal,Dog,Unregistered,KEPERRA
Animal,Attack,Attack On A Person,CARINDALE
Animal,Dog,Fencing Issues,BULIMBA
Animal,Dog,Too Many Animals,VIRGINIA
Animal,Dog,Unregistered,INALA
Animal,Dog,Wandering,CHERMSIDE
Animal,Dog,Wandering,CHERMSIDE
Animal,Attack,Attack On A Person,ASCOT
Animal,Dog,Unregistered,NEW FARM
Animal,Dog,Unregistered,PADDINGTON
Animal,Dog,Defecating In Public,TAIGUM
Animal,Dog,Unregistered,CARSELDINE
Animal,Dog,Unregistered,ALGESTER
Animal,Cat Trapping,,DEAGON
Animal,Dog,Unregistered,RUNCORN
Animal,Attack,Attack On A Person,BOONDALL
Animal,Cat,,KEPERRA
Animal,Dog,Unregistered,MOOROOKA
Animal,Other Animal,,MOUNT GRAVATT EAST
Animal,Dog,Unregistered,MANLY WEST
Animal,Cat Trapping,,VIRGINIA
Animal,Dog,Unregistered,KEDRON
Animal,Dog,Unregistered,MURARRIE
Animal,Other Animal,,CALAMVALE
Animal,Dog,Unregistered,CHELMER
Animal,Dog,Unregistered,FOREST LAKE
Animal,Dog,Unregistered,CANNON HILL
Animal,Attack,Attack On A Person,OXLEY
Animal,Other Animal,Rabbit,GUMDALE
Animal,Attack,Attack On A Person,THE GAP
Animal,Dog,Unregistered,EAST BRISBANE
Animal,Other Animal,,CAMP HILL
Animal,Attack,Attack On An Animal,NORTHGATE
Animal,Dog,Fencing Issues,MORNINGSIDE
Animal,Other Animal,Odour,INALA
Animal,Dog,Fencing Issues,PINJARRA HILLS
Animal,Cat Trapping,,NORMAN PARK
Animal,Other Animal,Wild Dog,UPPER BROOKFIELD
Animal,Dog,Fencing Issues,STAFFORD HEIGHTS
Animal,Attack,Attack On A Person,JAMBOREE HEIGHTS
Animal,Cat,Wandering,HAWTHORNE
Animal,Dog,Fencing Issues,EAST BRISBANE
Animal,Dog,Fencing Issues,TINGALPA
Animal,Dog,Unregistered,MOUNT GRAVATT
Animal,Cat Trapping,,MITCHELTON
Animal,Dog,Unregistered,COOPERS PLAINS
Animal,Dog,Unregistered,BULIMBA
Animal,Attack,Attack On A Person,ZILLMERE
Animal,Dog,Wandering,BOONDALL
Animal,Cat,Wandering,BRACKEN RIDGE
Animal,Dog,Unregistered,PADDINGTON
Animal,Dog,Too Many Animals,PADDINGTON
Animal,Dog,Wandering,STAFFORD
Animal,Other Animal,Nuisance Animal,NUNDAH
Animal,Dog,Unregistered,CANNON HILL
Animal,Attack,Attack On An Animal,BRIDGEMAN DOWNS
Animal,Attack,Attack On A Person,WYNNUM WEST
Animal,Dog,Wandering,
Animal,Other Animal,Wild Dog,BROOKFIELD
Animal,Dog,Odour,RUNCORN
Animal,Dog,Unregistered,FOREST LAKE
Animal,Cat Trapping,,SUNNYBANK
Animal,Other Animal,Unregistered,RUNCORN
Animal,Dog,Fencing Issues,STAFFORD
Animal,Dog,Unregistered,ZILLMERE
Animal,Attack,Not An Attack,BRACKEN RIDGE
Animal,Other Animal,Feral Cat,UPPER BROOKFIELD
Animal,Dog,Wandering,CHERMSIDE
Animal,Cat,Wandering,MANLY
Animal,Attack,Attack On A Person,FOREST LAKE
Animal,Other Animal,Fox,DREWVALE
Animal,Dog,Wandering,WAVELL HEIGHTS
Animal,Attack,Not An Attack,TARRAGINDI
Animal,Dog,Wandering,INALA
Animal,Cat Trapping,,EIGHT MILE PLAINS
Animal,Attack,Attack On A Person,COOPERS PLAINS
Animal,Dog,,HAMILTON
Animal,Dog,Unregistered,MOUNT GRAVATT EAST
Animal,Other Animal,Fox,GEEBUNG
Animal,Dog,Wandering,CORINDA
Animal,Dog,Wandering,BOWEN HILLS
Animal,Dog,Fencing Issues,DUTTON PARK
Animal,Attack,Attack On An Animal,HAWTHORNE
Animal,Dog,Fencing Issues,FITZGIBBON
Animal,Dog,Fencing Issues,ALDERLEY
Animal,Dog,Unregistered,MITCHELTON
Animal,Other Animal,Fox,BALD HILLS
Animal,Dog,Unregistered,ZILLMERE
Animal,Cat Trapping,,EIGHT MILE PLAINS
Animal,Cat Trapping,,MOUNT GRAVATT EAST
Animal,Dog,Wandering,CHERMSIDE
Animal,Other Animal,,HOLLAND PARK WEST
Animal,Cat Trapping,,TARRAGINDI
Animal,Dog,Fencing Issues,BANYO
Animal,Cat,Wandering,MANLY WEST
Animal,Dog,Odour,SUNNYBANK HILLS
Animal,Dog,Unregistered,NEW FARM
Animal,Cat,Wandering,RUNCORN
Animal,Dog,Wandering,SHERWOOD
Animal,Attack,Attack On An Animal,SUNNYBANK HILLS
Animal,Dog,Fencing Issues,BULIMBA
Animal,Dog,,WYNNUM
Animal,Dog,Unregistered,WYNNUM
Animal,Dog,Wandering,GORDON PARK
Animal,Cat Trapping,,PARKINSON
Animal,Attack,Attack On An Animal,STONES CORNER
Animal,Attack,Attack On An Animal,MOUNT COOT-THA
Animal,Dog,Wandering,UPPER MOUNT GRAVATT
Animal,Attack,Attack On A Person,KEPERRA
Animal,Attack,Attack On A Person,WAVELL HEIGHTS
Animal,Dog,,ROCKLEA
Animal,Dog,Unregistered,MOUNT GRAVATT
Animal,Other Animal,Wandering,ROCKLEA
Animal,Cat,Wandering,ACACIA RIDGE
Animal,Cat Trapping,,ACACIA RIDGE
Animal,Other Animal,Nuisance Animal,ROBERTSON
Animal,Dog,Wandering,BRACKEN RIDGE
Animal,Attack,Attack On A Person,HOLLAND PARK
Animal,Attack,Attack On A Person,STAFFORD
Animal,Attack,Menacing,BARDON
Animal,Dog,Fencing Issues,MITCHELTON
Animal,Other Animal,,BROOKFIELD
Animal,Attack,Attack On A Person,ELLEN GROVE
Animal,Attack,Not An Attack,BRACKEN RIDGE
Animal,Attack,Attack On An Animal,FOREST LAKE
Animal,Dog,Fencing Issues,WAVELL HEIGHTS
Animal,Dog,Defecating In Public,SUNNYBANK HILLS
Animal,Cat,,INALA
Animal,Attack,Attack On An Animal,ASHGROVE
Animal,Attack,Attack On A Person,ST LUCIA
Animal,Cat,Wandering,BRACKEN RIDGE
Animal,Dog,Wandering,YERONGA
Animal,Cat,Wandering,KEDRON
Animal,Dog,Fencing Issues,TARRAGINDI
Animal,Attack,Attack On An Animal,TINGALPA
Animal,Cat,Wandering,WYNNUM WEST
Animal,Dog,Unregistered,SUMNER
Animal,Dog,Unregistered,
Animal,Dog,Wandering,MANSFIELD
Animal,Cat Trapping,,BELLBOWRIE
Animal,Dog,Unregistered,MANLY
Animal,Attack,Not An Attack,STAFFORD
Animal,Cat,Wandering,CHAPEL HILL
Animal,Cat,Wandering,CHAPEL HILL
Animal,Dog,Wandering,NEW FARM
Animal,Dog,Fencing Issues,STAFFORD
Animal,Dog,Wandering,NEW FARM
Animal,Attack,Attack On A Person,FITZGIBBON
Animal,Dog,Wandering,SANDGATE
Animal,Other Animal,Odour,MANLY WEST
Animal,Dog,Wandering,PARKINSON
Animal,Attack,Not An Attack,ALDERLEY
Animal,Dog,Wandering,STAFFORD
Animal,Attack,Attack On An Animal,MITCHELTON
Animal,Dog,Wandering,YERONGA
Animal,Dog,Too Many Animals,ZILLMERE
Animal,Dog,Too Many Animals,ELLEN GROVE
Animal,Dog,Too Many Animals,ELLEN GROVE
Animal,Dog,Too Many Animals,ELLEN GROVE
Animal,Attack,Attack On A Person,SUNNYBANK HILLS
Animal,Attack,Attack On An Animal,ZILLMERE
Animal,Dog,Wandering,CHERMSIDE
Animal,Dog,Wandering,CORINDA
Animal,Dog,Unregistered,EAST BRISBANE
Animal,Dog,Odour,EAST BRISBANE
Animal,Cat Trapping,,MORETON ISLAND
Animal,Attack,Attack On An Animal,BOONDALL
Animal,Dog,Wandering,WILSTON
Animal,Dog,Too Many Animals,ELLEN GROVE
Animal,Dog,Too Many Animals,ELLEN GROVE
Animal,Dog,Unregistered,HOLLAND PARK WEST
Animal,Attack,Attack On A Person,TOOWONG
Animal,Other Animal,Nuisance Animal,CHAPEL HILL
Animal,Dog,Unregistered,GAYTHORNE
Animal,Cat Trapping,,CARINA
Animal,Attack,Attack On An Animal,TARRAGINDI
Animal,Dog,Fencing Issues,TOOWONG
Animal,Dog,,CHERMSIDE
Animal,Cat Trapping,,ST LUCIA
Animal,Other Animal,,KARAWATHA
Animal,Attack,Not An Attack,EIGHT MILE PLAINS
Animal,Dog,Wandering,WYNNUM WEST
Animal,Attack,Attack On An Animal,PARKINSON
Animal,Dog,Unregistered,STAFFORD
Animal,Dog,Wandering,CHERMSIDE
Animal,Dog,Unregistered,MORNINGSIDE
Animal,Cat Trapping,,ACACIA RIDGE
Animal,Dog,Wandering,CHAPEL HILL
Animal,Dog,Wandering,CHAPEL HILL
Animal,Dog,Wandering,CHERMSIDE
Animal,Attack,Attack On An Animal,BULIMBA
Animal,Attack,Attack On A Person,GUMDALE
Animal,Dog,Unregistered,GEEBUNG
Animal,Dog,,YERONGA
Animal,Dog,,YERONGA
Animal,Attack,Attack On An Animal,WEST END
Animal,Dog,Odour,MANLY WEST
Animal,Attack,Attack On A Person,MOUNT COOT-THA
Animal,Cat,Wandering,BRIGHTON
Animal,Dog,Unregistered,GREENSLOPES
Animal,Dog,Wandering,MOUNT COOT-THA
Animal,Cat,,ANNERLEY
Animal,Dog,Unregistered,DOOLANDELLA
Animal,Attack,Not An Attack,CALAMVALE
Animal,Attack,Attack On An Animal,HOLLAND PARK
Animal,Dog,Fencing Issues,WYNNUM WEST
Animal,Attack,Not An Attack,BOONDALL
Animal,Dog,Unregistered,MOUNT GRAVATT EAST
Animal,Dog,,MOOROOKA
Animal,Dog,Fencing Issues,INALA
Animal,Dog,,BULIMBA
Animal,Dog,Unregistered,SUNNYBANK HILLS
Animal,Dog,Fencing Issues,TINGALPA
Animal,Cat Trapping,,LOTA
Animal,Attack,Not An Attack,NEWMARKET
Animal,Other Animal,,CHELMER
Animal,Dog,Unregistered,BULIMBA
Animal,Dog,Too Many Animals,WESTLAKE
Animal,Dog,Unregistered,STAFFORD
Animal,Dog,Too Many Animals,EVERTON PARK
Animal,Dog,Unregistered,WAVELL HEIGHTS
Animal,Cat,Wandering,KEDRON
Animal,Cat Trapping,,HOLLAND PARK
Animal,Dog,Unregistered,BRIGHTON
Animal,Dog,Unregistered,TAIGUM
Animal,Dog,Unregistered,ACACIA RIDGE
Animal,Dog,Unregistered,YERONGA
Animal,Dog,Fencing Issues,SUNNYBANK HILLS
Animal,Dog,,CAMP HILL
Animal,Attack,Attack On A Person,GORDON PARK
Animal,Dog,Unregistered,TINGALPA
Animal,Dog,Unregistered,TINGALPA
Animal,Dog,Fencing Issues,PARKINSON
Animal,Dog,Fencing Issues,PARKINSON
Animal,Attack,Attack On An Animal,STAFFORD
Animal,Dog,Wandering,KEPERRA
Animal,Dog,Wandering,KEPERRA
Animal,Other Animal,Fox,GEEBUNG
Animal,Dog,Wandering,COORPAROO
Animal,Dog,Wandering,COORPAROO
Animal,Dog,Wandering,COORPAROO
Animal,Dog,Wandering,COORPAROO
Animal,Dog,Wandering,FOREST LAKE
Animal,Dog,Unregistered,ACACIA RIDGE
Animal,Other Animal,Fox,SEVEN HILLS
Animal,Cat Trapping,,BRIDGEMAN DOWNS
Animal,Dog,Unregistered,STAFFORD
Animal,Attack,Menacing,SEVEN HILLS
Animal,Dog,Unregistered,SUNNYBANK HILLS
Animal,Dog,Unregistered,SOUTH BRISBANE
Animal,Dog,,MOOROOKA
Animal,Dog,Fencing Issues,TINGALPA
Animal,Dog,Fencing Issues,OXLEY
Animal,Dog,Wandering,WEST END
Animal,Dog,Fencing Issues,FITZGIBBON
Animal,Dog,Unregistered,HENDRA
Animal,Dog,Fencing Issues,MANSFIELD
Animal,Dog,Unregistered,GRACEVILLE
Animal,Dog,Defecating In Public,GAYTHORNE
Animal,Attack,Not An Attack,KALINGA
Animal,Attack,Attack On An Animal,SALISBURY
Animal,Other Animal,Nuisance Animal,NUNDAH
Animal,Other Animal,Nuisance Animal,NUNDAH
Animal,Dog,Too Many Animals,ELLEN GROVE
Animal,Cat Trapping,,INALA
Animal,Dog,Wandering,TARRAGINDI
Animal,Attack,Not An Attack,ACACIA RIDGE
Animal,Dog,Unregistered,BARDON
Animal,Dog,Fencing Issues,UPPER BROOKFIELD
Animal,Dog,Wandering,WEST END
Animal,Dog,Unregistered,COORPAROO
Animal,Dog,Wandering,WEST END
Animal,Dog,Wandering,WEST END
Animal,Dog,Fencing Issues,STAFFORD
Animal,Other Animal,Nuisance Animal,UPPER KEDRON
Animal,Cat,Wandering,CHUWAR
Animal,Attack,Attack On A Person,SUNNYBANK
Animal,Dog,Wandering,ASPLEY
Animal,Dog,Defecating In Public,BRIDGEMAN DOWNS
Animal,Dog,Fencing Issues,YERONGA
Animal,Dog,Wandering,CHERMSIDE
Animal,Dog,Wandering,NUDGEE
Animal,Other Animal,Fox,SEVEN HILLS
Animal,Attack,Attack On A Person,DEAGON
Animal,Cat Trapping,,NUDGEE
Animal,Dog,Wandering,MILTON
Animal,Dog,Fencing Issues,MOUNT GRAVATT EAST
Animal,Cat,Wandering,NUDGEE
Animal,Dog,Fencing Issues,MORNINGSIDE
Animal,Dog,Wandering,NEWSTEAD
Animal,Dog,Wandering,HAMILTON
Animal,Cat,Wandering,WINDSOR
Animal,Dog,Defecating In Public,FOREST LAKE
Animal,Dog,Unregistered,SALISBURY
Animal,Cat,Wandering,EIGHT MILE PLAINS
Animal,Cat,Wandering,BOONDALL
Animal,Attack,Attack On A Person,OXLEY
Animal,Dog,Defecating In Public,TOOWONG
Animal,Dog,Wandering,NEWSTEAD
Animal,Dog,Fencing Issues,DARRA
Animal,Dog,Unregistered,
Animal,Other Animal,Wild Dog,RIVERHILLS
Animal,Dog,Unregistered,COORPAROO
Animal,Attack,Attack On An Animal,MOOROOKA
Animal,Cat,Wandering,WYNNUM WEST
Animal,Attack,Menacing,ROCHEDALE
Animal,Dog,Unregistered,NUDGEE
Animal,Dog,Fencing Issues,HOLLAND PARK
Animal,Attack,Attack On A Person,KENMORE HILLS
Animal,Dog,Wandering,ANSTEAD
Animal,Dog,Wandering,MOUNT COOT-THA
Animal,Attack,Menacing,BANYO
Animal,Cat,Wandering,ACACIA RIDGE
Animal,Dog,Too Many Animals,BRACKEN RIDGE
Animal,Dog,Unregistered,MORNINGSIDE
Animal,Cat Trapping,,SANDGATE
Animal,Cat,Wandering,BRIGHTON
Animal,Attack,Attack On A Person,BRACKEN RIDGE
Animal,Attack,Not An Attack,WYNNUM
Animal,Dog,Wandering,GREENSLOPES
Animal,Cat Trapping,,INDOOROOPILLY
Animal,Dog,Unregistered,STAFFORD
Animal,Dog,Wandering,MOUNT COOT-THA
Animal,Cat Trapping,,UPPER MOUNT GRAVATT
Animal,Dog,Unregistered,MOUNT GRAVATT EAST
Animal,Attack,Attack On An Animal,TARRAGINDI
Animal,Dog,,FORTITUDE VALLEY
Animal,Dog,Unregistered,KURABY
Animal,Dog,Unregistered,KEPERRA
Animal,Dog,Unregistered,TENERIFFE
Animal,Dog,Unregistered,TENERIFFE
Animal,Dog,Odour,TAIGUM
Animal,Dog,Unregistered,CARINA HEIGHTS
Animal,Dog,Unregistered,WEST END
Animal,Dog,,FERNY GROVE
Animal,Cat,,EVERTON PARK
Animal,Dog,Wandering,MOUNT COOT-THA
Animal,Dog,Unregistered,CARINA HEIGHTS
Animal,Dog,Unregistered,CARINA HEIGHTS
Animal,Attack,Attack On A Person,BRIGHTON
Animal,Dog,Fencing Issues,BULIMBA
Animal,Dog,Fencing Issues,GUMDALE
Animal,Dog,Odour,HAWTHORNE
Animal,Attack,Not An Attack,RUNCORN
Animal,Attack,Menacing,WYNNUM WEST
Animal,Cat,Wandering,WOOLOOWIN
Animal,Cat,Wandering,WOOLOOWIN
Animal,Attack,Attack On An Animal,MANLY
Animal,Cat Trapping,,WOOLLOONGABBA
Animal,Attack,Not An Attack,HAWTHORNE
Animal,Dog,Wandering,LOTA
Animal,Dog,Wandering,LOTA
Animal,Other Animal,Nuisance Animal,ASPLEY
Animal,Other Animal,Odour,DEAGON
Animal,Other Animal,Fox,THE GAP
Animal,Dog,Unregistered,CHERMSIDE WEST
Animal,Dog,Fencing Issues,KEDRON
Animal,Dog,Unregistered,DURACK
Animal,Dog,Unregistered,UPPER KEDRON
Animal,Dog,Unregistered,VIRGINIA
Animal,Attack,Attack On A Person,THE GAP
Animal,Cat Trapping,,BRIDGEMAN DOWNS
Animal,Attack,Not An Attack,MANLY WEST
Animal,Cat Trapping,,CHERMSIDE
Animal,Dog,Wandering,CHERMSIDE
Animal,Attack,Attack On An Animal,BRIGHTON
Animal,Dog,Unregistered,THE GAP
Animal,Dog,Unregistered,NEW FARM
Animal,Cat,Wandering,BRIDGEMAN DOWNS
Animal,Attack,Attack On A Person,ARCHERFIELD
Animal,Dog,Unregistered,NEWMARKET
Animal,Dog,Unregistered,BANYO
Animal,Dog,Wandering,STAFFORD HEIGHTS
Animal,Attack,Attack On An Animal,THE GAP
Animal,Other Animal,Feral Cat,EIGHT MILE PLAINS
Animal,Attack,Attack On A Person,DURACK
Animal,Cat,Wandering,BELLBOWRIE
Animal,Dog,Fencing Issues,ELLEN GROVE
Animal,Cat Trapping,,WYNNUM WEST
Animal,Dog,Unregistered,COORPAROO
Animal,Attack,Not An Attack,STRETTON
Animal,Dog,Unregistered,CLAYFIELD
Animal,Attack,Not An Attack,BELLBOWRIE
Animal,Cat Trapping,,SUNNYBANK HILLS
Animal,Attack,Attack On An Animal,SHERWOOD
Animal,Dog,Wandering,GEEBUNG
Animal,Dog,Wandering,CHERMSIDE
Animal,Attack,Menacing,TARRAGINDI
Animal,Dog,Fencing Issues,HOLLAND PARK
Animal,Dog,Unregistered,RED HILL
Animal,Dog,Unregistered,EIGHT MILE PLAINS
Animal,Dog,Too Many Animals,BRACKEN RIDGE
Animal,Attack,Attack On An Animal,BALD HILLS
Animal,Dog,Fencing Issues,VIRGINIA
Animal,Dog,Wandering,CHERMSIDE
Animal,Dog,Fencing Issues,TARRAGINDI
Animal,Dog,Unregistered,CLAYFIELD
Animal,Dog,Wandering,CHELMER
Animal,Dog,Wandering,STAFFORD HEIGHTS
Animal,Dog,Unregistered,VIRGINIA
Animal,Other Animal,Wandering,DARRA
Animal,Attack,Attack On An Animal,WYNNUM
Animal,Attack,Attack On An Animal,ROBERTSON
Animal,Dog,Wandering,YERONGA
Animal,Cat Trapping,,PARKINSON
Animal,Attack,Attack On A Person,GORDON PARK
Animal,Attack,Attack On A Person,MANLY
Animal,Dog,Unregistered,LOTA
Animal,Dog,Unregistered,CALAMVALE
Animal,Other Animal,Fox,BELLBOWRIE
Animal,Dog,Wandering,MOUNT GRAVATT EAST
Animal,Dog,Wandering,MOUNT GRAVATT EAST
Animal,Other Animal,Nuisance Animal,SUNNYBANK
Animal,Dog,Unregistered,MOUNT GRAVATT EAST
Animal,Dog,Unregistered,THE GAP
Animal,Dog,Wandering,GEEBUNG
Animal,Dog,Wandering,WEST END
Animal,Attack,Attack On A Person,NUNDAH
Animal,Dog,Wandering,MOUNT COOT-THA
Animal,Other Animal,Fox,INDOOROOPILLY
Animal,Dog,Wandering,CHERMSIDE
Animal,Dog,Wandering,KHOLO
Animal,Other Animal,Nuisance Animal,INALA
Animal,Other Animal,Odour,ZILLMERE
Animal,Dog,Unregistered,SEVENTEEN MILE ROCKS
Animal,Dog,Wandering,CAMP HILL
Animal,Dog,Wandering,CAMP HILL
Animal,Dog,Too Many Animals,
Animal,Cat Trapping,,CALAMVALE
Animal,Attack,Attack On A Person,OXLEY
Animal,Dog,Unregistered,CORINDA
Animal,Dog,Fencing Issues,FOREST LAKE
Animal,Cat Trapping,,HAMILTON
Animal,Dog,Too Many Animals,ELLEN GROVE
Animal,Dog,Unregistered,SUNNYBANK HILLS
Animal,Dog,Unregistered,SUNNYBANK HILLS
Animal,Cat Trapping,,FERNY GROVE
Animal,Other Animal,Nuisance Animal,STAFFORD HEIGHTS
Animal,Other Animal,Fox,TARRAGINDI
Animal,Cat Trapping,,SUNNYBANK HILLS
Animal,Dog,Defecating In Public,HOLLAND PARK
Animal,Attack,Not An Attack,ALGESTER
Animal,Dog,Fencing Issues,KENMORE
Animal,Attack,Attack On An Animal,CHERMSIDE WEST
Animal,Other Animal,,MOGGILL
Animal,Attack,Menacing,NUNDAH
Animal,Dog,Unregistered,CORINDA
Animal,Dog,Unregistered,COOPERS PLAINS
Animal,Dog,Fencing Issues,TINGALPA
Animal,Dog,Fencing Issues,TINGALPA
Animal,Dog,Fencing Issues,TINGALPA
Animal,Dog,Defecating In Public,WOOLLOONGABBA
Animal,Dog,Odour,FORTITUDE VALLEY
Animal,Cat Trapping,,ANNERLEY
Animal,Dog,Unregistered,KEDRON
Animal,Dog,Unregistered,NEW FARM
Animal,Attack,Attack On An Animal,INALA
Animal,Attack,Attack On A Person,BANYO
Animal,Cat Trapping,,PARKINSON
Animal,Other Animal,Wild Dog,UPPER BROOKFIELD
Animal,Dog,Fencing Issues,BRACKEN RIDGE
Animal,Dog,Fencing Issues,MOUNT GRAVATT EAST
Animal,Dog,Unregistered,CARINDALE
Animal,Attack,Attack On An Animal,BARDON
Animal,Attack,Attack On A Person,TINGALPA
Animal,Attack,Attack On An Animal,FOREST LAKE
Animal,Dog,Unregistered,JAMBOREE HEIGHTS
Animal,Cat,Wandering,HOLLAND PARK WEST
Animal,Dog,Fencing Issues,ZILLMERE
Animal,Dog,Fencing Issues,ZILLMERE
Animal,Attack,Attack On An Animal,INDOOROOPILLY
Animal,Dog,Unregistered,ACACIA RIDGE
Animal,Cat,Wandering,FOREST LAKE
Animal,Other Animal,Deer,KENMORE HILLS
Animal,Attack,Attack On An Animal,ZILLMERE
Animal,Dog,Unregistered,ALGESTER
Animal,Attack,Menacing,CLAYFIELD
Animal,Other Animal,Nuisance Animal,INALA
Animal,Dog,Wandering,MOUNT COOT-THA
Animal,Cat,Wandering,MOUNT GRAVATT EAST
Animal,Dog,Fencing Issues,INALA
Animal,Attack,Attack On A Person,COORPAROO
Animal,Dog,Fencing Issues,STAFFORD HEIGHTS
Animal,Dog,Too Many Animals,WYNNUM
Animal,Other Animal,Odour,STAFFORD HEIGHTS
Animal,Dog,Unregistered,FOREST LAKE
Animal,Dog,Unregistered,CLAYFIELD
Animal,Dog,Fencing Issues,ACACIA RIDGE
Animal,Cat,Wandering,HOLLAND PARK WEST
Animal,Attack,Not An Attack,CAMP HILL
Animal,Dog,Fencing Issues,RED HILL
Animal,Other Animal,Fox,NUNDAH
Animal,Attack,Attack On An Animal,MOOROOKA
Animal,Attack,Attack On An Animal,GREENSLOPES
Animal,Dog,Fencing Issues,STAFFORD
Animal,Cat,Wandering,HERSTON
Animal,Cat,Wandering,HERSTON
Animal,Attack,Menacing,ENOGGERA
Animal,Cat Trapping,,CALAMVALE
Animal,Cat,Wandering,SUNNYBANK HILLS
Animal,Dog,Wandering,YERONGA
Animal,Attack,Not An Attack,PADDINGTON
Animal,Attack,Attack On A Person,ZILLMERE
Animal,Dog,Unregistered,BURBANK
Animal,Other Animal,Pest / Feral Animal,SUNNYBANK HILLS
Animal,Cat Trapping,,YERONGA
Animal,Other Animal,Fox,CARSELDINE
Animal,Attack,,UPPER KEDRON
Animal,Other Animal,Nuisance Animal,INALA
Animal,Dog,Wandering,GORDON PARK
Animal,Cat Trapping,,RED HILL
Animal,Dog,Too Many Animals,MOUNT GRAVATT EAST
Animal,Dog,Fencing Issues,MORNINGSIDE
Animal,Dog,Wandering,YERONGA
Animal,Dog,Too Many Animals,FERNY GROVE
Animal,Attack,Attack On A Person,WAVELL HEIGHTS
Animal,Attack,Attack On An Animal,STRETTON
Animal,Dog,Fencing Issues,MCDOWALL
Animal,Other Animal,Pest / Feral Animal,DURACK
Animal,Dog,Fencing Issues,MACGREGOR
Animal,Cat,Wandering,ACACIA RIDGE
Animal,Dog,Wandering,HOLLAND PARK WEST
Animal,Dog,Unregistered,RICHLANDS
Animal,Cat Trapping,,NUNDAH
Animal,Cat Trapping,,TARRAGINDI
Animal,Cat Trapping,,MANSFIELD
Animal,Attack,Attack On An Animal,CARINDALE
Animal,Dog,Too Many Animals,KEPERRA
Animal,Dog,Wandering,MOUNT COOT-THA
Animal,Other Animal,Nuisance Animal,SALISBURY
Animal,Cat Trapping,,OXLEY
Animal,Dog,Fencing Issues,STAFFORD HEIGHTS
Animal,Cat,Wandering,BRACKEN RIDGE
Animal,Dog,Fencing Issues,BULIMBA
Animal,Dog,Wandering,WYNNUM
Animal,Attack,Attack On An Animal,ACACIA RIDGE
Animal,Dog,Wandering,NEWMARKET
Animal,Dog,Fencing Issues,DEAGON
Animal,Attack,Attack On A Person,MANSFIELD
Animal,Attack,Attack On An Animal,STAFFORD HEIGHTS
Animal,Dog,Unregistered,
Animal,Dog,Too Many Animals,NORTHGATE
Animal,Other Animal,Nuisance Animal,EIGHT MILE PLAINS
Animal,Other Animal,Wandering,CARINA
Animal,Attack,Attack On A Person,NUDGEE BEACH
Animal,Dog,Wandering,CAMP HILL
Animal,Dog,Unregistered,CARINA
Animal,Dog,Unregistered,KEPERRA
Animal,Dog,Fencing Issues,RICHLANDS
Animal,Cat Trapping,,SUNNYBANK HILLS
Animal,Dog,Unregistered,EAST BRISBANE
Animal,Dog,Wandering,YERONGA
Animal,Attack,Not An Attack,MCDOWALL
Animal,Other Animal,Fox,GUMDALE
Animal,Cat Trapping,,DUTTON PARK
Animal,Dog,Fencing Issues,GRACEVILLE
Animal,Dog,Wandering,VIRGINIA
Animal,Cat,Wandering,CHERMSIDE
Animal,Other Animal,Fox,THE GAP
Animal,Attack,Not An Attack,MOUNT GRAVATT EAST
Animal,Attack,Attack On A Person,INALA
Animal,Other Animal,Fox,MOUNT GRAVATT
Animal,Dog,Unregistered,ACACIA RIDGE
Animal,Other Animal,Unregistered,BRACKEN RIDGE
Animal,Other Animal,Fencing Issues,GORDON PARK
Animal,Cat Trapping,,EAST BRISBANE
Animal,Cat Trapping,,INALA
Animal,Cat,Wandering,CORINDA
Animal,Dog,Unregistered,ZILLMERE
Animal,Dog,Defecating In Public,MANLY
Animal,Dog,Wandering,WYNNUM WEST
Animal,Dog,Fencing Issues,SUNNYBANK HILLS
Animal,Attack,Attack On An Animal,SALISBURY
Animal,Dog,Wandering,CHERMSIDE
Animal,Attack,Not An Attack,ASPLEY
Animal,Dog,Unregistered,BOWEN HILLS
Animal,Dog,Wandering,ASHGROVE
Animal,Cat,Wandering,EIGHT MILE PLAINS
Animal,Attack,Attack On An Animal,COOPERS PLAINS
Animal,Dog,Fencing Issues,BULIMBA
Animal,Dog,Wandering,MOUNT COOT-THA
Animal,Attack,Attack On An Animal,MITCHELTON
Animal,Dog,Wandering,KANGAROO POINT
Animal,Dog,Wandering,BOONDALL
Animal,Other Animal,Fox,NATHAN
Animal,Other Animal,Pest / Feral Animal,INALA
Animal,Cat,Wandering,EAST BRISBANE
Animal,Dog,Unregistered,ARCHERFIELD
Animal,Other Animal,Pest / Feral Animal,INALA
Animal,Attack,Attack On A Person,NUNDAH
Animal,Dog,Wandering,EVERTON PARK
Animal,Attack,Attack On An Animal,KALINGA
Animal,Dog,Fencing Issues,CHERMSIDE WEST
Animal,Cat Trapping,,ENOGGERA
Animal,Other Animal,Unregistered,BRACKEN RIDGE
Animal,Cat,Wandering,WESTLAKE
Animal,Dog,Unregistered,
Animal,Attack,Dangerous,INALA
Animal,Attack,Attack On A Person,HOLLAND PARK
Animal,Dog,Unregistered,
Animal,Dog,Odour,MOUNT GRAVATT EAST
Animal,Dog,Too Many Animals,NORTHGATE
Animal,Dog,Unregistered,NORTHGATE
Animal,Attack,Menacing,UPPER KEDRON
Animal,Attack,Attack On An Animal,ENOGGERA
Animal,Dog,Wandering,EVERTON PARK
Animal,Cat,Wandering,BRACKEN RIDGE
Animal,Dog,Fencing Issues,INALA
Animal,Other Animal,Fencing Issues,GORDON PARK
