Category: Nature,Category: Type,Category: Reporting Level,Location: Suburb
Animal,Cat,Wandering,GAYTHORNE
Animal,Dog,Fencing Issues,CHAPEL HILL
Animal,Attack,Attack On A Person,ASPLEY
Animal,Attack,,JAMBOREE HEIGHTS
Animal,Cat,Wandering,ASHGROVE
Animal,Other Animal,,KENMORE
Animal,Cat,Wandering,MOUNT GRAVATT EAST
Animal,Cat,Wandering,ACACIA RIDGE
Animal,Attack,Attack On A Person,DARRA
Animal,Cat Trapping,,WISHART
Animal,Dog,Fencing Issues,ZILLMERE
Animal,Dog,Unregistered,STAFFORD HEIGHTS
Animal,Attack,Attack On An Animal,KEPERRA
Animal,Other Animal,Nuisance Animal,FORTITUDE VALLEY
Animal,Dog,Fencing Issues,CHANDLER
Animal,Other Animal,Rabbit,GUMDALE
Animal,Cat Trapping,,CARSELDINE
Animal,Attack,,RUNCORN
Animal,Dog,Wandering,CAMP HILL
Animal,Dog,Unregistered,SHORNCLIFFE
Animal,Dog,Wandering,NUDGEE BEACH
Animal,Dog,Defecating In Public,DUTTON PARK
Animal,Cat,Wandering,RUNCORN
Animal,Cat Trapping,,GEEBUNG
Animal,Other Animal,Fox,ASCOT
Animal,Dog,Wandering,SHERWOOD
Animal,Attack,Attack On An Animal,FERNY GROVE
Animal,Other Animal,Fox,ARCHERFIELD
Animal,Other Animal,Nuisance Animal,WYNNUM WEST
Animal,Cat,Wandering,BRACKEN RIDGE
Animal,Cat,Wandering,NORTHGATE
Animal,Dog,Wandering,MOUNT COOT-THA
Animal,Attack,Not An Attack,ASHGROVE
Animal,Attack,,ZILLMERE
Animal,Dog,Wandering,CHAPEL HILL
Animal,Attack,Attack On An Animal,WYNNUM WEST
Animal,Other Animal,Fox,GUMDALE
Animal,Cat Trapping,,BRISBANE CITY
Animal,Attack,Attack On A Person,FORTITUDE VALLEY
Animal,Cat,Wandering,WYNNUM
Animal,Dog,Wandering,INALA
Animal,Cat,Wandering,ARCHERFIELD
Animal,Cat Trapping,,BRIGHTON
Animal,Cat,Wandering,ASPLEY
Animal,Dog,Wandering,FORTITUDE VALLEY
Animal,Dog,Wandering,PADDINGTON
Animal,Dog,Wandering,ASHGROVE
Animal,Attack,,TINGALPA
Animal,Dog,Wandering,MITCHELTON
Animal,Dog,Wandering,SHERWOOD
Animal,Other Animal,Fox,TINGALPA
Animal,Cat Trapping,,BOONDALL
Animal,Cat Trapping,,HOLLAND PARK WEST
Animal,Attack,Attack On A Person,NUNDAH
Animal,Other Animal,Fox,PULLENVALE
Animal,Dog,Fencing Issues,KEDRON
Animal,Attack,Attack On An Animal,FAIRFIELD
Animal,Attack,,ALDERLEY
Animal,Dog,Wandering,BOONDALL
Animal,Dog,Wandering,WYNNUM
Animal,Cat,Wandering,YERONGA
Animal,Other Animal,Fox,SALISBURY
Animal,Other Animal,Fox,MORNINGSIDE
Animal,Attack,Attack On An Animal,GREENSLOPES
Animal,Other Animal,Wild Dog,PULLENVALE
Animal,Attack,Attack On An Animal,SINNAMON PARK
Animal,Dog,Defecating In Public,CARINDALE
Animal,Attack,,MITCHELTON
Animal,Attack,Attack On An Animal,NORTHGATE
Animal,Dog,Wandering,MANLY
Animal,Attack,Attack On An Animal,ZILLMERE
Animal,Cat Trapping,,WOOLLOONGABBA
Animal,Other Animal,Wandering,CHANDLER
Animal,Dog,Wandering,WESTLAKE
Animal,Attack,Attack On A Person,ZILLMERE
Animal,Cat Trapping,,ASPLEY
Animal,Dog,Fencing Issues,WACOL
Animal,Dog,Fencing Issues,MURARRIE
Animal,Attack,,CARINDALE
Animal,Dog,Unregistered,FERNY GROVE
Animal,Other Animal,Wild Dog,UPPER BROOKFIELD
Animal,Dog,Defecating In Public,WYNNUM
Animal,Dog,Fencing Issues,KENMORE
Animal,Dog,,INALA
Animal,Attack,Attack On A Person,UPPER MOUNT GRAVATT
Animal,Dog,Wandering,WINDSOR
Animal,Attack,Attack On An Animal,ZILLMERE
Animal,Dog,Wandering,CAMP HILL
Animal,Attack,Attack On An Animal,SHERWOOD
Animal,Dog,Fencing Issues,KHOLO
Animal,Attack,Attack On A Person,MORNINGSIDE
Animal,Other Animal,Fox,CHANDLER
Animal,Cat Trapping,,KARANA DOWNS
Animal,Attack,,ALDERLEY
Animal,Dog,Fencing Issues,MOUNT GRAVATT EAST
Animal,Dog,Wandering,RED HILL
Animal,Cat Trapping,,EIGHT MILE PLAINS
Animal,Cat Trapping,,BOONDALL
Animal,Dog,Odour,MURARRIE
Animal,Cat Trapping,,HOLLAND PARK WEST
Animal,Dog,Wandering,CORINDA
Animal,Cat Trapping,,OXLEY
Animal,Attack,Attack On A Person,BALD HILLS
Animal,Other Animal,Fox,MACGREGOR
Animal,Dog,Unregistered,KELVIN GROVE
Animal,Cat Trapping,,ROCHEDALE
Animal,Attack,,OXLEY
Animal,Dog,Odour,DREWVALE
Animal,Attack,Attack On A Person,CARSELDINE
Animal,Attack,Attack On A Person,BRIGHTON
Animal,Cat Trapping,,KURABY
Animal,Dog,Wandering,BARDON
Animal,Attack,Attack On An Animal,JINDALEE
Animal,Dog,Wandering,YERONGA
Animal,Dog,Wandering,YERONGA
Animal,Cat Trapping,,HOLLAND PARK
Animal,Dog,Fencing Issues,SANDGATE
Animal,Attack,Not An Attack,HOLLAND PARK
Animal,Dog,Fencing Issues,MURARRIE
Animal,Attack,,ANNERLEY
Animal,Cat Trapping,,CARSELDINE
Animal,Attack,Not An Attack,CAMP HILL
Animal,Cat,Wandering,STAFFORD HEIGHTS
Animal,Dog,Defecating In Public,MIDDLE PARK
Animal,Dog,Defecating In Public,FOREST LAKE
Animal,Attack,Attack On A Person,ASCOT
Animal,Attack,Menacing,WYNNUM
Animal,Attack,,COOPERS PLAINS
Animal,Cat Trapping,,CHANDLER
Animal,Attack,,MOOROOKA
Animal,Attack,,ALDERLEY
Animal,Other Animal,Fox,MOOROOKA
Animal,Attack,Not An Attack,CARINA
Animal,Cat Trapping,,HOLLAND PARK
Animal,Cat Trapping,,ARCHERFIELD
Animal,Cat Trapping,,BROOKFIELD
Animal,Dog,Defecating In Public,BRACKEN RIDGE
Animal,Dog,Wandering,
Animal,Attack,Attack On A Person,JAMBOREE HEIGHTS
Animal,Dog,Wandering,CARINDALE
Animal,Attack,Menacing,STRETTON
Animal,Cat Trapping,,MOOROOKA
Animal,Attack,,KANGAROO POINT
Animal,Cat Trapping,,SHERWOOD
Animal,Dog,,FOREST LAKE
Animal,Dog,Unregistered,
Animal,Cat Trapping,,KEDRON
Animal,Cat Trapping,,BRACKEN RIDGE
Animal,Attack,Menacing,WYNNUM
Animal,Dog,Fencing Issues,RUNCORN
Animal,Dog,Wandering,WAKERLEY
Animal,Dog,Wandering,BALD HILLS
Animal,Dog,Wandering,BALD HILLS
Animal,Attack,,LOTA
Animal,Dog,Wandering,PADDINGTON
Animal,Cat,Wandering,ANNERLEY
Animal,Attack,Attack On An Animal,BRIGHTON
Animal,Dog,Fencing Issues,FIG TREE POCKET
Animal,Cat,,HAWTHORNE
Animal,Attack,,THE GAP
Animal,Dog,Wandering,HAMILTON
Animal,Other Animal,Fox,MOUNT GRAVATT
Animal,Attack,Attack On A Person,BRIGHTON
Animal,Dog,Wandering,MCDOWALL
Animal,Dog,Wandering,MILTON
Animal,Dog,Wandering,MILTON
Animal,Dog,Unregistered,HAWTHORNE
Animal,Attack,Attack On An Animal,ASPLEY
Animal,Cat Trapping,,BALMORAL
Animal,Other Animal,Nuisance Animal,ELLEN GROVE
Animal,Other Animal,Wild Dog,UPPER BROOKFIELD
Animal,Dog,Fencing Issues,PADDINGTON
Animal,Attack,Attack On An Animal,DUTTON PARK
Animal,Attack,,MITCHELTON
Animal,Dog,Too Many Animals,NORMAN PARK
Animal,Dog,Wandering,KEDRON
Animal,Dog,Wandering,INALA
Animal,Dog,Wandering,HAMILTON
Animal,Dog,Unregistered,CORINDA
Animal,Dog,Fencing Issues,DARRA
Animal,Attack,,CARINA HEIGHTS
Animal,Cat,Wandering,WYNNUM WEST
Animal,Dog,Fencing Issues,SANDGATE
Animal,Dog,Wandering,EVERTON PARK
Animal,Attack,,CAMP HILL
Animal,Dog,Fencing Issues,BRACKEN RIDGE
Animal,Dog,Fencing Issues,BRACKEN RIDGE
Animal,Other Animal,,WYNNUM
Animal,Cat,Wandering,JINDALEE
Animal,Dog,Wandering,SHERWOOD
Animal,Cat Trapping,,TINGALPA
Animal,Attack,,PINJARRA HILLS
Animal,Dog,Unregistered,BOWEN HILLS
Animal,Cat Trapping,,COORPAROO
Animal,Cat,Wandering,RICHLANDS
Animal,Dog,Unregistered,KEPERRA
Animal,Dog,Wandering,MCDOWALL
Animal,Attack,,WOOLOOWIN
Animal,Dog,Fencing Issues,INALA
Animal,Attack,,TINGALPA
Animal,Dog,Wandering,WAVELL HEIGHTS
Animal,Cat,Wandering,THE GAP
Animal,Other Animal,Fox,TARRAGINDI
Animal,Dog,Fencing Issues,UPPER MOUNT GRAVATT
Animal,Dog,Fencing Issues,HOLLAND PARK
Animal,Cat,Wandering,GRACEVILLE
Animal,Cat,Wandering,ASHGROVE
Animal,Dog,Wandering,MCDOWALL
Animal,Cat,Wandering,NORTHGATE
Animal,Dog,Wandering,CAMP HILL
Animal,Dog,Wandering,NUNDAH
Animal,Cat,Wandering,NEWMARKET
Animal,Other Animal,Fox,KARANA DOWNS
Animal,Other Animal,Fox,KARANA DOWNS
Animal,Other Animal,Fox,GRACEVILLE
Animal,Cat,,NORTHGATE
Animal,Dog,Too Many Animals,SANDGATE
Animal,Dog,Defecating In Public,ROBERTSON
Animal,Dog,Wandering,AUCHENFLOWER
Animal,Dog,Defecating In Public,SHORNCLIFFE
Animal,Other Animal,Fox,TARRAGINDI
Animal,Other Animal,Fox,WAKERLEY
Animal,Dog,Fencing Issues,ELLEN GROVE
Animal,Attack,Menacing,DARRA
Animal,Dog,Odour,CARINDALE
Animal,Dog,Unregistered,INALA
Animal,Attack,Attack On A Person,ASPLEY
Animal,Dog,Unregistered,DARRA
Animal,Dog,Unregistered,
Animal,Dog,,NUDGEE
Animal,Dog,Unregistered,ACACIA RIDGE
Animal,Dog,Fencing Issues,SANDGATE
Animal,Dog,Defecating In Public,CHERMSIDE
Animal,Other Animal,Nuisance Animal,ACACIA RIDGE
Animal,Dog,Unregistered,SALISBURY
Animal,Dog,Wandering,SHERWOOD
Animal,Attack,Not An Attack,SUNNYBANK HILLS
Animal,Other Animal,Too Many Animals,WYNNUM WEST
Animal,Attack,Attack On A Person,FOREST LAKE
Animal,Dog,Wandering,ACACIA RIDGE
Animal,Other Animal,Fox,KALINGA
Animal,Dog,Fencing Issues,WYNNUM
Animal,Dog,Defecating In Public,PETRIE TERRACE
Animal,Attack,Menacing,ELLEN GROVE
Animal,Attack,,ANNERLEY
Animal,Cat,Wandering,ANNERLEY
Animal,Cat,Wandering,ARCHERFIELD
Animal,Attack,Not An Attack,GREENSLOPES
Animal,Cat Trapping,,BALMORAL
Animal,Cat Trapping,,COOPERS PLAINS
Animal,Other Animal,Fox,WACOL
Animal,Dog,Wandering,HEMMANT
Animal,Attack,Attack On An Animal,SALISBURY
Animal,Attack,,WILLAWONG
Animal,Dog,Fencing Issues,NORMAN PARK
Animal,Dog,Wandering,GRANGE
Animal,Attack,Attack On An Animal,NUDGEE
Animal,Cat,Wandering,THE GAP
Animal,Other Animal,Nuisance Animal,GAYTHORNE
Animal,Cat Trapping,,INDOOROOPILLY
Animal,Dog,Fencing Issues,SINNAMON PARK
Animal,Cat Trapping,,BROOKFIELD
Animal,Cat,Wandering,WYNNUM
Animal,Cat,Wandering,WYNNUM
Animal,Other Animal,Fox,RANSOME
Animal,Dog,Wandering,WAKERLEY
Animal,Other Animal,Nuisance Animal,CLAYFIELD
Animal,Cat,Wandering,THE GAP
Animal,Cat,Wandering,THE GAP
Animal,Cat,Wandering,THE GAP
Animal,Cat,Wandering,THE GAP
Animal,Cat,Wandering,THE GAP
Animal,Cat,Wandering,THE GAP
Animal,Cat,Wandering,THE GAP
Animal,Cat Trapping,,COOPERS PLAINS
Animal,Cat,Wandering,YERONGA
Animal,Other Animal,Deer,PULLENVALE
Animal,Dog,Wandering,NEW FARM
Animal,Cat Trapping,,BRIGHTON
Animal,Cat,Wandering,THE GAP
Animal,Cat,Wandering,THE GAP
Animal,Cat,Wandering,THE GAP
Animal,Attack,,PADDINGTON
Animal,Dog,Fencing Issues,DARRA
Animal,Dog,Fencing Issues,ACACIA RIDGE
Animal,Attack,Attack On An Animal,HENDRA
Animal,Other Animal,Fox,HERSTON
Animal,Dog,Fencing Issues,CARINDALE
Animal,Attack,Attack On A Person,ASCOT
Animal,Cat Trapping,,SUNNYBANK
Animal,Cat,Wandering,NORTHGATE
Animal,Cat Trapping,,ASPLEY
Animal,Attack,Not An Attack,KENMORE
Animal,Other Animal,Fox,BELMONT
Animal,Dog,Wandering,NUDGEE BEACH
Animal,Other Animal,Pest / Feral Animal,OXLEY
Animal,Dog,Wandering,WYNNUM WEST
Animal,Dog,Unregistered,
Animal,Other Animal,Fox,CORINDA
Animal,Other Animal,Deer,BROOKFIELD
Animal,Attack,Attack On An Animal,STONES CORNER
Animal,Dog,Wandering,YERONGA
Animal,Attack,,COORPAROO
Animal,Attack,,RANSOME
Animal,Dog,Wandering,YERONGA
Animal,Dog,Wandering,TINGALPA
Animal,Dog,Fencing Issues,TINGALPA
Animal,Other Animal,Fox,GEEBUNG
Animal,Dog,Wandering,VIRGINIA
Animal,Dog,Fencing Issues,ZILLMERE
Animal,Attack,,MANLY WEST
Animal,Cat Trapping,,NORTHGATE
Animal,Other Animal,Wild Dog,KHOLO
Animal,Attack,Attack On A Person,KEDRON
Animal,Attack,Menacing,BULIMBA
Animal,Cat,Wandering,PADDINGTON
Animal,Dog,Unregistered,NUDGEE
Animal,Dog,Unregistered,NUDGEE
Animal,Cat,Wandering,SALISBURY
Animal,Other Animal,Fox,CHANDLER
Animal,Dog,Odour,GAYTHORNE
Animal,Dog,Unregistered,STAFFORD
Animal,Cat Trapping,,FOREST LAKE
Animal,Attack,Attack On A Person,MOUNT GRAVATT EAST
Animal,Attack,Attack On An Animal,CARINDALE
Animal,Attack,,CAMP HILL
Animal,Attack,,BARDON
Animal,Attack,,SEVEN HILLS
Animal,Cat,Wandering,BANYO
Animal,Attack,,WISHART
Animal,Attack,,HEATHWOOD
Animal,Dog,Wandering,BRIGHTON
Animal,Cat Trapping,,MOOROOKA
Animal,Dog,Wandering,
Animal,Dog,,
Animal,Dog,Wandering,
Animal,Other Animal,Fox,BRIGHTON
Animal,Attack,Menacing,BARDON
Animal,Attack,,UPPER MOUNT GRAVATT
Animal,Attack,Attack On An Animal,JAMBOREE HEIGHTS
Animal,Attack,,BRIGHTON
Animal,Attack,,CHERMSIDE WEST
Animal,Other Animal,Fox,THE GAP
Animal,Attack,,BALMORAL
Animal,Dog,,INALA
Animal,Other Animal,Fox,BOONDALL
Animal,Dog,Fencing Issues,INALA
Animal,Cat Trapping,,BRISBANE CITY
Animal,Other Animal,,COORPAROO
Animal,Cat Trapping,,WISHART
Animal,Attack,,SANDGATE
Animal,Dog,,DARRA
Animal,Attack,,NORMAN PARK
Animal,Dog,Wandering,HEMMANT
Animal,Dog,,TINGALPA
Animal,Cat Trapping,,INALA
Animal,Attack,,HIGHGATE HILL
Animal,Attack,Attack On An Animal,ALGESTER
Animal,Attack,,BOONDALL
Animal,Dog,Wandering,PADDINGTON
Animal,Attack,,CARSELDINE
Animal,Cat Trapping,,RUNCORN
Animal,Dog,,COOPERS PLAINS
Animal,Dog,Fencing Issues,ELLEN GROVE
Animal,Attack,,FIG TREE POCKET
Animal,Dog,Too Many Animals,JAMBOREE HEIGHTS
Animal,Dog,,JAMBOREE HEIGHTS
Animal,Dog,,KEPERRA
Animal,Attack,,DARRA
Animal,Attack,,BOONDALL
Animal,Cat,Wandering,FITZGIBBON
Animal,Cat Trapping,,BANYO
Animal,Dog,Wandering,BOONDALL
Animal,Dog,,HIGHGATE HILL
Animal,Cat Trapping,,BRIGHTON
Animal,Dog,Wandering,NEW FARM
Animal,Attack,,SALISBURY
Animal,Attack,,EAST BRISBANE
Animal,Attack,Attack On An Animal,BULIMBA
Animal,Attack,,TARRAGINDI
Animal,Attack,Not An Attack,MANLY
Animal,Other Animal,Fox,LOTA
Animal,Dog,,SHERWOOD
Animal,Attack,Attack On A Person,ANNERLEY
Animal,Attack,Attack On An Animal,ALGESTER
Animal,Attack,,NUDGEE
Animal,Attack,,TINGALPA
Animal,Other Animal,Fox,WAKERLEY
Animal,Attack,,RIVERHILLS
Animal,Attack,,NUNDAH
Animal,Dog,Wandering,YERONGA
Animal,Attack,,DURACK
Animal,Other Animal,Fox,YERONGA
Animal,Other Animal,,UPPER BROOKFIELD
Animal,Dog,,WAVELL HEIGHTS
Animal,Attack,,BANYO
Animal,Dog,Unregistered,KELVIN GROVE
Animal,Dog,,FITZGIBBON
Animal,Other Animal,,KARAWATHA
Animal,Attack,,GRANGE
Animal,Cat Trapping,,COOPERS PLAINS
Animal,Other Animal,Fox,WAVELL HEIGHTS
Animal,Dog,,MOUNT GRAVATT EAST
Animal,Attack,Attack On An Animal,CAMP HILL
Animal,Other Animal,Fox,CHERMSIDE
Animal,Cat Trapping,,MOUNT CROSBY
Animal,Attack,,INALA
Animal,Attack,,WAVELL HEIGHTS
Animal,Attack,,UPPER MOUNT GRAVATT
Animal,Attack,,NUDGEE BEACH
Animal,Cat Trapping,,TINGALPA
Animal,Dog,Wandering,WISHART
Animal,Cat,Wandering,INALA
Animal,Other Animal,Feral Cat,FIG TREE POCKET
Animal,Dog,Fencing Issues,YERONGA
Animal,Cat,,WYNNUM
Animal,Dog,Fencing Issues,YERONGA
Animal,Dog,Too Many Animals,SEVENTEEN MILE ROCKS
Animal,Attack,,TARINGA
Animal,Attack,,ACACIA RIDGE
Animal,Attack,,MIDDLE PARK
Animal,Cat,Wandering,CARINDALE
Animal,Dog,Wandering,KARAWATHA
Animal,Other Animal,Rabbit,GUMDALE
Animal,Dog,,NEWMARKET
Animal,Dog,,GEEBUNG
Animal,Dog,Fencing Issues,CARINDALE
Animal,Dog,Odour,CARINA
Animal,Dog,Wandering,COORPAROO
Animal,Dog,Fencing Issues,BULIMBA
Animal,Dog,Fencing Issues,BULIMBA
Animal,Cat,Wandering,ACACIA RIDGE
Animal,Dog,Fencing Issues,SALISBURY
Animal,Other Animal,Fox,GREENSLOPES
Animal,Cat Trapping,,FOREST LAKE
Animal,Attack,Attack On An Animal,ZILLMERE
Animal,Attack,,THE GAP
Animal,Cat,Wandering,STAFFORD
Animal,Attack,Not An Attack,THE GAP
Animal,Attack,Attack On A Person,THE GAP
Animal,Other Animal,Nuisance Animal,FOREST LAKE
Animal,Attack,Attack On A Person,STRETTON
Animal,Dog,Fencing Issues,THE GAP
Animal,Dog,Wandering,BARDON
Animal,Dog,Fencing Issues,GEEBUNG
Animal,Other Animal,Unregistered,NORMAN PARK
Animal,Cat Trapping,,HAMILTON
Animal,Other Animal,Odour,COORPAROO
Animal,Dog,Wandering,NEW FARM
Animal,Other Animal,Nuisance Animal,WAKERLEY
Animal,Dog,Fencing Issues,CARINA
Animal,Dog,Fencing Issues,INALA
Animal,Dog,Unregistered,INALA
Animal,Attack,,HEATHWOOD
Animal,Dog,Fencing Issues,ELLEN GROVE
Animal,Dog,Unregistered,
Animal,Attack,Menacing,DOOLANDELLA
Animal,Dog,Wandering,WEST END
Animal,Attack,,BARDON
Animal,Cat,Wandering,SUNNYBANK HILLS
Animal,Dog,Defecating In Public,PADDINGTON
Animal,Cat Trapping,,ST LUCIA
Animal,Attack,Attack On An Animal,TINGALPA
Animal,Attack,Attack On A Person,SUNNYBANK HILLS
Animal,Dog,Unregistered,BRACKEN RIDGE
Animal,Cat Trapping,,OXLEY
Animal,Other Animal,Fox,JINDALEE
Animal,Other Animal,Fox,GREENSLOPES
Animal,Dog,Defecating In Public,SANDGATE
Animal,Dog,Wandering,BOONDALL
Animal,Dog,Fencing Issues,ACACIA RIDGE
Animal,Attack,Attack On An Animal,BRACKEN RIDGE
Animal,Dog,Fencing Issues,TINGALPA
Animal,Dog,Fencing Issues,COORPAROO
Animal,Attack,Attack On An Animal,KHOLO
Animal,Other Animal,Pest / Feral Animal,PINJARRA HILLS
Animal,Dog,Wandering,WYNNUM
Animal,Cat Trapping,,WILLAWONG
Animal,Cat,Wandering,CARINDALE
Animal,Dog,Wandering,BALD HILLS
Animal,Attack,,INALA
Animal,Dog,Unregistered,
Animal,Dog,Unregistered,
Animal,Other Animal,Fox,WILLAWONG
Animal,Attack,,RUNCORN
Animal,Attack,Attack On An Animal,NUDGEE BEACH
Animal,Attack,Dangerous,SANDGATE
Animal,Attack,Menacing,MURARRIE
Animal,Attack,Dangerous,CHERMSIDE
Animal,Other Animal,Unregistered,SUNNYBANK
Animal,Other Animal,Fencing Issues,HEMMANT
Animal,Cat,Wandering,KARANA DOWNS
Animal,Attack,Attack On A Person,KARANA DOWNS
Animal,Attack,Not An Attack,INALA
Animal,Attack,,PADDINGTON
Animal,Cat Trapping,,EIGHT MILE PLAINS
Animal,Other Animal,Nuisance Animal,CALAMVALE
Animal,Dog,Unregistered,
Animal,Other Animal,Fox,ANSTEAD
Animal,Other Animal,Fox,LOTA
Animal,Other Animal,Fox,CORINDA
Animal,Dog,Too Many Animals,MORNINGSIDE
Animal,Dog,Wandering,CHAPEL HILL
Animal,Dog,Wandering,NUNDAH
Animal,Attack,Attack On A Person,INALA
Animal,Attack,Attack On A Person,MANSFIELD
Animal,Other Animal,Wild Dog,UPPER BROOKFIELD
Animal,Other Animal,Fox,THE GAP
Animal,Dog,,
Animal,Dog,Wandering,
Animal,Dog,Defecating In Public,HAMILTON
Animal,Dog,Unregistered,WYNNUM WEST
Animal,Attack,Menacing,ROCHEDALE
Animal,Dog,Fencing Issues,DURACK
Animal,Cat,Wandering,STAFFORD HEIGHTS
Animal,Attack,Attack On An Animal,RUNCORN
Animal,Dog,Fencing Issues,ROCHEDALE
Animal,Cat Trapping,,BRACKEN RIDGE
Animal,Attack,Attack On A Person,HOLLAND PARK
Animal,Dog,Fencing Issues,MANLY WEST
Animal,Dog,Wandering,PARKINSON
Animal,Dog,Fencing Issues,TAIGUM
Animal,Attack,Attack On An Animal,WYNNUM
Animal,Dog,Odour,DUTTON PARK
Animal,Dog,Wandering,BRIGHTON
Animal,Dog,Wandering,BRIGHTON
Animal,Cat Trapping,,MURARRIE
Animal,Dog,Wandering,COORPAROO
Animal,Dog,Unregistered,BOONDALL
Animal,Dog,Wandering,ACACIA RIDGE
Animal,Cat,Wandering,NORTHGATE
Animal,Dog,Wandering,DUTTON PARK
Animal,Dog,Wandering,ASHGROVE
Animal,Attack,Not An Attack,CARINA
Animal,Dog,Too Many Animals,CARINDALE
Animal,Attack,Not An Attack,INALA
Animal,Attack,,CORINDA
Animal,Other Animal,,CALAMVALE
Animal,Dog,Wandering,CHERMSIDE
Animal,Dog,Fencing Issues,WYNNUM
Animal,Dog,Fencing Issues,WYNNUM
Animal,Dog,Wandering,BRIDGEMAN DOWNS
Animal,Dog,Fencing Issues,MANLY WEST
Animal,Dog,Too Many Animals,WOOLOOWIN
Animal,Dog,,WOOLOOWIN
Animal,Dog,Wandering,NEW FARM
Animal,Dog,Fencing Issues,INALA
Animal,Other Animal,Odour,SHERWOOD
Animal,Dog,Wandering,WEST END
Animal,Dog,Unregistered,
Animal,Other Animal,Fox,TARRAGINDI
Animal,Other Animal,Odour,SHERWOOD
Animal,Dog,Too Many Animals,WYNNUM WEST
Animal,Attack,Menacing,INALA
Animal,Attack,,JAMBOREE HEIGHTS
Animal,Dog,Odour,CARINA
Animal,Dog,Wandering,KALINGA
Animal,Dog,Wandering,CHAPEL HILL
Animal,Dog,Wandering,MANSFIELD
Animal,Attack,,TOOWONG
Animal,Dog,Wandering,LUTWYCHE
Animal,Other Animal,Nuisance Animal,HIGHGATE HILL
Animal,Dog,Too Many Animals,
Animal,Attack,Attack On An Animal,NORTHGATE
Animal,Cat Trapping,,UPPER MOUNT GRAVATT
Animal,Other Animal,Fox,BROOKFIELD
Animal,Dog,Wandering,FIG TREE POCKET
Animal,Other Animal,Fox,MIDDLE PARK
Animal,Other Animal,Fox,EAST BRISBANE
Animal,Dog,Wandering,EVERTON PARK
Animal,Dog,Fencing Issues,CORINDA
Animal,Other Animal,Fox,UPPER BROOKFIELD
Animal,Dog,Wandering,CHERMSIDE WEST
Animal,Dog,Fencing Issues,NORMAN PARK
Animal,Attack,Attack On An Animal,ZILLMERE
Animal,Cat,Wandering,STAFFORD
Animal,Attack,Attack On An Animal,WYNNUM
Animal,Other Animal,Nuisance Animal,WEST END
Animal,Dog,Defecating In Public,DARRA
Animal,Attack,,KEPERRA
Animal,Attack,Not An Attack,KANGAROO POINT
Animal,Attack,Attack On An Animal,JINDALEE
Animal,Attack,Attack On An Animal,CARINA
Animal,Cat Trapping,,KEDRON
Animal,Other Animal,Too Many Animals,EAST BRISBANE
Animal,Cat,Wandering,ACACIA RIDGE
Animal,Dog,Fencing Issues,DARRA
Animal,Cat,Wandering,GAYTHORNE
Animal,Dog,Fencing Issues,FOREST LAKE
Animal,Cat Trapping,,BOONDALL
Animal,Cat Trapping,,BULIMBA
Animal,Other Animal,Fencing Issues,ZILLMERE
Animal,Attack,,YERONGA
Animal,Dog,Fencing Issues,OXLEY
Animal,Attack,Attack On An Animal,ASPLEY
Animal,Cat Trapping,,FOREST LAKE
Animal,Attack,Attack On A Person,MORNINGSIDE
Animal,Other Animal,Defecating In Public,BRISBANE CITY
Animal,Dog,Unregistered,COOPERS PLAINS
Animal,Attack,Attack On An Animal,MANSFIELD
Animal,Dog,Unregistered,UPPER BROOKFIELD
Animal,Other Animal,Fox,KARANA DOWNS
Animal,Cat,Wandering,KELVIN GROVE
Animal,Dog,Fencing Issues,INALA
Animal,Attack,Menacing,MOUNT GRAVATT EAST
Animal,Dog,Fencing Issues,BALD HILLS
Animal,Dog,Wandering,NUDGEE BEACH
Animal,Other Animal,Fox,CHELMER
Animal,Dog,Fencing Issues,INALA
Animal,Attack,Attack On A Person,ASPLEY
Animal,Dog,Unregistered,TARRAGINDI
Animal,Dog,Fencing Issues,MURARRIE
Animal,Dog,Defecating In Public,BELMONT
Animal,Dog,Fencing Issues,UPPER BROOKFIELD
Animal,Dog,Unregistered,
Animal,Dog,Odour,AUCHENFLOWER
Animal,Cat Trapping,,ACACIA RIDGE
Animal,Dog,Fencing Issues,MANLY
Animal,Attack,Menacing,MOUNT GRAVATT EAST
Animal,Other Animal,Fox,THE GAP
Animal,Dog,Unregistered,
Animal,Attack,Menacing,MANLY WEST
Animal,Attack,,NEW FARM
Animal,Dog,Wandering,BULIMBA
Animal,Dog,Fencing Issues,BELMONT
Animal,Dog,Wandering,BRACKEN RIDGE
Animal,Cat,Wandering,RIVERHILLS
Animal,Other Animal,Deer,ANSTEAD
Animal,Attack,Attack On A Person,MANLY WEST
Animal,Dog,Fencing Issues,STAFFORD
Animal,Dog,Unregistered,EVERTON PARK
Animal,Dog,Too Many Animals,RUNCORN
Animal,Other Animal,Fox,PULLENVALE
Animal,Other Animal,Pest / Feral Animal,KENMORE
Animal,Other Animal,Fox,ARCHERFIELD
Animal,Other Animal,Feral Cat,HEMMANT
Animal,Other Animal,Fox,UPPER MOUNT GRAVATT
Animal,Other Animal,Fox,PULLENVALE
Animal,Dog,Odour,UPPER KEDRON
Animal,Dog,Wandering,BELLBOWRIE
Animal,Other Animal,Odour,LUTWYCHE
Animal,Attack,Attack On A Person,ELLEN GROVE
Animal,Attack,Attack On A Person,FOREST LAKE
Animal,Attack,Attack On An Animal,STAFFORD
Animal,Cat,Wandering,INALA
Animal,Attack,Not An Attack,KURABY
Animal,Dog,Fencing Issues,INALA
Animal,Dog,Unregistered,
Animal,Dog,Wandering,CARINA
Animal,Attack,,TARRAGINDI
Animal,Attack,Attack On A Person,UPPER MOUNT GRAVATT
Animal,Dog,Defecating In Public,MIDDLE PARK
Animal,Attack,Attack On A Person,ANNERLEY
Animal,Dog,Wandering,NEWSTEAD
Animal,Cat,Wandering,BELMONT
Animal,Cat Trapping,,COOPERS PLAINS
Animal,Dog,Fencing Issues,CHAPEL HILL
Animal,Other Animal,Fox,FITZGIBBON
Animal,Dog,Odour,INALA
Animal,Dog,,HOLLAND PARK WEST
Animal,Dog,,STAFFORD
Animal,Cat Trapping,,FOREST LAKE
Animal,Attack,,RIVERHILLS
Animal,Dog,,CHELMER
Animal,Dog,Wandering,WYNNUM WEST
Animal,Dog,Wandering,WYNNUM WEST
Animal,Dog,Too Many Animals,ELLEN GROVE
Animal,Attack,Menacing,ACACIA RIDGE
Animal,Cat Trapping,,THE GAP
Animal,Dog,Fencing Issues,HAMILTON
Animal,Dog,Wandering,BANYO
Animal,Other Animal,Fox,MOUNT OMMANEY
Animal,Dog,,DUTTON PARK
Animal,Attack,,WYNNUM
Animal,Dog,,NORTHGATE
Animal,Attack,,MANLY WEST
Animal,Other Animal,,GEEBUNG
Animal,Attack,,CARSELDINE
Animal,Cat Trapping,,WISHART
Animal,Attack,,ASHGROVE
Animal,Attack,,ASCOT
Animal,Cat Trapping,,FOREST LAKE
Animal,Dog,,GEEBUNG
Animal,Other Animal,,BRIDGEMAN DOWNS
Animal,Attack,,WAVELL HEIGHTS
Animal,Cat,,YERONGA
Animal,Cat,Wandering,CLAYFIELD
Animal,Other Animal,Nuisance Animal,ANSTEAD
Animal,Dog,,AUCHENFLOWER
Animal,Dog,,KALINGA
Animal,Dog,,KALINGA
Animal,Attack,Attack On An Animal,KEPERRA
Animal,Other Animal,Fox,MANLY WEST
Animal,Cat Trapping,,COORPAROO
Animal,Dog,Wandering,ZILLMERE
Animal,Dog,Wandering,OXLEY
Animal,Dog,Wandering,WAVELL HEIGHTS
Animal,Dog,Wandering,WAVELL HEIGHTS
Animal,Dog,Wandering,HAMILTON
Animal,Other Animal,Unregistered,NORMAN PARK
Animal,Attack,,CALAMVALE
Animal,Attack,,BRACKEN RIDGE
Animal,Other Animal,Nuisance Animal,ANSTEAD
Animal,Dog,Odour,CARINA
Animal,Dog,Fencing Issues,CARINA
Animal,Cat Trapping,,TOOWONG
Animal,Other Animal,,RICHLANDS
Animal,Attack,Attack On An Animal,COORPAROO
Animal,Other Animal,Deer,PINJARRA HILLS
Animal,Dog,Fencing Issues,KEPERRA
Animal,Attack,,MANLY WEST
Animal,Other Animal,Deer,MOUNT OMMANEY
Animal,Other Animal,Nuisance Animal,MCDOWALL
Animal,Other Animal,,PINKENBA
Animal,Other Animal,Fox,KHOLO
Animal,Dog,Wandering,CHERMSIDE WEST
Animal,Other Animal,Fencing Issues,GORDON PARK
Animal,Dog,,BALMORAL
Animal,Dog,Fencing Issues,THE GAP
Animal,Dog,Wandering,BRACKEN RIDGE
Animal,Attack,Attack On An Animal,WYNNUM WEST
Animal,Attack,,BULIMBA
Animal,Other Animal,Fencing Issues,LUTWYCHE
Animal,Dog,Wandering,INDOOROOPILLY
Animal,Other Animal,Fox,YERONGA
Animal,Dog,Odour,MORNINGSIDE
Animal,Attack,,NEW FARM
Animal,Dog,Wandering,DARRA
Animal,Dog,Defecating In Public,GREENSLOPES
Animal,Dog,Wandering,BRACKEN RIDGE
Animal,Cat,Wandering,DOOLANDELLA
Animal,Dog,Too Many Animals,STAFFORD HEIGHTS
Animal,Attack,,TARINGA
Animal,Dog,Wandering,BULIMBA
Animal,Cat,Wandering,BRIDGEMAN DOWNS
Animal,Cat Trapping,,ST LUCIA
Animal,Dog,Fencing Issues,COOPERS PLAINS
Animal,Attack,Attack On An Animal,CHUWAR
Animal,Cat Trapping,,JINDALEE
Animal,Dog,Defecating In Public,HAMILTON
Animal,Cat Trapping,,CANNON HILL
Animal,Attack,Attack On A Person,UPPER MOUNT GRAVATT
Animal,Other Animal,Odour,MOOROOKA
Animal,Dog,,GRACEVILLE
Animal,Dog,Wandering,PADDINGTON
Animal,Cat,Wandering,WISHART
Animal,Attack,,CARINDALE
Animal,Dog,Unregistered,ARCHERFIELD
Animal,Dog,Fencing Issues,ASCOT
Animal,Dog,Odour,COORPAROO
Animal,Attack,Attack On A Person,INALA
Animal,Attack,,HOLLAND PARK
Animal,Dog,Wandering,KANGAROO POINT
Animal,Attack,,MITCHELTON
Animal,Dog,Fencing Issues,NORTHGATE
Animal,Dog,Fencing Issues,CARSELDINE
Animal,Dog,Unregistered,CHERMSIDE
Animal,Cat,Wandering,BANYO
Animal,Attack,Attack On An Animal,INALA
Animal,Dog,Wandering,EAST BRISBANE
Animal,Attack,Attack On A Person,WAVELL HEIGHTS
Animal,Dog,Fencing Issues,WOOLOOWIN
Animal,Dog,Wandering,SALISBURY
Animal,Attack,Not An Attack,ASHGROVE
Animal,Other Animal,Fox,MACGREGOR
Animal,Dog,Fencing Issues,BRIDGEMAN DOWNS
Animal,Attack,,RUNCORN
Animal,Other Animal,Fox,DUTTON PARK
Animal,Cat Trapping,,MOUNT GRAVATT EAST
Animal,Attack,Attack On A Person,SUNNYBANK HILLS
Animal,Attack,Attack On A Person,COORPAROO
Animal,Dog,Unregistered,NORMAN PARK
Animal,Dog,,NORMAN PARK
Animal,Dog,Fencing Issues,NORMAN PARK
Animal,Dog,Fencing Issues,NORMAN PARK
Animal,Other Animal,Fox,BRIDGEMAN DOWNS
Animal,Dog,,WEST END
Animal,Attack,,CARINA HEIGHTS
Animal,Attack,,EAST BRISBANE
Animal,Other Animal,,BOONDALL
Animal,Attack,Attack On A Person,ALGESTER
Animal,Other Animal,Fox,CHERMSIDE WEST
Animal,Dog,Odour,KEDRON
Animal,Dog,Fencing Issues,DARRA
Animal,Cat Trapping,,BANYO
Animal,Cat Trapping,,CARINA
Animal,Attack,,WAVELL HEIGHTS
Animal,Attack,,TARRAGINDI
Animal,Cat,,WISHART
Animal,Cat Trapping,,UPPER MOUNT GRAVATT
Animal,Dog,Fencing Issues,HEATHWOOD
Animal,Dog,,HEATHWOOD
Animal,Dog,,RIVERHILLS
Animal,Attack,,INALA
Animal,Cat Trapping,,CALAMVALE
Animal,Other Animal,,BROOKFIELD
Animal,Cat Trapping,,INALA
Animal,Dog,Fencing Issues,WAVELL HEIGHTS
Animal,Other Animal,Odour,KURABY
Animal,Attack,Dangerous,ASPLEY
Animal,Dog,Too Many Animals,INALA
Animal,Cat,Wandering,MURARRIE
Animal,Attack,Not An Attack,KELVIN GROVE
Animal,Attack,Attack On A Person,EIGHT MILE PLAINS
Animal,Dog,Fencing Issues,EAST BRISBANE
Animal,Dog,Unregistered,MURARRIE
Animal,Dog,Fencing Issues,DARRA
Animal,Cat,Wandering,GAYTHORNE
Animal,Attack,Menacing,WYNNUM WEST
Animal,Dog,,FITZGIBBON
Animal,Dog,Unregistered,
Animal,Attack,Not An Attack,BELLBOWRIE
Animal,Dog,Unregistered,RIVERHILLS
Animal,Dog,Unregistered,ROCHEDALE
Animal,Attack,Attack On An Animal,EAST BRISBANE
Animal,Cat Trapping,,EVERTON PARK
Animal,Other Animal,Nuisance Animal,KEDRON
Animal,Cat,Wandering,STAFFORD HEIGHTS
Animal,Attack,,MILTON
Animal,Cat Trapping,,ROBERTSON
Animal,Attack,Attack On A Person,ASPLEY
Animal,Attack,,MORNINGSIDE
Animal,Other Animal,Fox,DARRA
Animal,Dog,Wandering,CARINA
Animal,Dog,Wandering,DOOLANDELLA
Animal,Attack,Attack On A Person,BARDON
Animal,Dog,Wandering,KALINGA
Animal,Attack,,WOOLLOONGABBA
Animal,Dog,Wandering,KALINGA
Animal,Dog,Defecating In Public,BRACKEN RIDGE
Animal,Other Animal,Fox,CHANDLER
Animal,Cat Trapping,,INALA
Animal,Cat,Wandering,CALAMVALE
Animal,Dog,,COORPAROO
Animal,Attack,Attack On A Person,THE GAP
Animal,Other Animal,Fencing Issues,ST LUCIA
Animal,Attack,Not An Attack,UPPER BROOKFIELD
Animal,Dog,Odour,WYNNUM
Animal,Dog,Wandering,CHANDLER
Animal,Dog,Wandering,NEW FARM
Animal,Dog,Wandering,LOTA
Animal,Dog,Wandering,NEWSTEAD
Animal,Cat,Wandering,MURARRIE
Animal,Cat,Wandering,MURARRIE
Animal,Dog,Wandering,HAMILTON
Animal,Dog,Fencing Issues,UPPER MOUNT GRAVATT
Animal,Attack,Not An Attack,EVERTON PARK
Animal,Cat,Wandering,KURABY
Animal,Dog,,ELLEN GROVE
Animal,Cat Trapping,,BRACKEN RIDGE
Animal,Dog,Wandering,CHAPEL HILL
Animal,Attack,Menacing,MACKENZIE
Animal,Attack,,WYNNUM
Animal,Dog,Fencing Issues,WYNNUM
Animal,Attack,,NEW FARM
Animal,Attack,,BELLBOWRIE
Animal,Attack,,CHAPEL HILL
Animal,Attack,Not An Attack,CHAPEL HILL
Animal,Other Animal,Wandering,CORINDA
Animal,Cat Trapping,,SUNNYBANK
Animal,Other Animal,Fox,HAWTHORNE
Animal,Attack,,ASHGROVE
Animal,Attack,,GEEBUNG
Animal,Other Animal,Pest / Feral Animal,ACACIA RIDGE
Animal,Dog,Wandering,BARDON
Animal,Dog,Unregistered,HOLLAND PARK
Animal,Cat Trapping,,SUNNYBANK
Animal,Other Animal,Wild Dog,KHOLO
Animal,Other Animal,Fox,YERONGA
Animal,Attack,Menacing,PULLENVALE
Animal,Other Animal,Too Many Animals,TINGALPA
Animal,Dog,Fencing Issues,ASPLEY
Animal,Cat,,ENOGGERA
Animal,Cat Trapping,,OXLEY
Animal,Other Animal,Fox,HEMMANT
Animal,Attack,Attack On An Animal,WYNNUM
Animal,Cat,Wandering,KANGAROO POINT
Animal,Dog,Wandering,NUDGEE BEACH
Animal,Attack,Menacing,PULLENVALE
Animal,Attack,,CAMP HILL
Animal,Dog,Wandering,WILSTON
Animal,Dog,Unregistered,
Animal,Dog,Defecating In Public,HENDRA
Animal,Dog,Wandering,WAKERLEY
Animal,Other Animal,Wandering,MOGGILL
Animal,Attack,,WACOL
Animal,Other Animal,Fox,MOOROOKA
Animal,Cat,Wandering,NEWMARKET
Animal,Other Animal,Nuisance Animal,HOLLAND PARK WEST
Animal,Other Animal,Fox,WYNNUM
Animal,Other Animal,Fox,MOUNT CROSBY
Animal,Cat,Wandering,MOOROOKA
Animal,Cat,Wandering,OXLEY
Animal,Cat,Wandering,ASPLEY
Animal,Attack,Attack On A Person,WILSTON
Animal,Dog,Defecating In Public,NEWSTEAD
Animal,Attack,Menacing,DARRA
Animal,Attack,,CALAMVALE
Animal,Dog,Fencing Issues,ELLEN GROVE
Animal,Attack,,ZILLMERE
Animal,Cat Trapping,,SANDGATE
Animal,Other Animal,,OXLEY
Animal,Cat,Wandering,KENMORE
Animal,Other Animal,Deer,BROOKFIELD
Animal,Dog,Wandering,BANYO
Animal,Dog,,SUNNYBANK HILLS
Animal,Other Animal,Deer,SINNAMON PARK
Animal,Dog,Unregistered,
Animal,Other Animal,Fox,GUMDALE
Animal,Dog,Wandering,NEWMARKET
Animal,Dog,Wandering,NEWMARKET
Animal,Dog,Wandering,NEWMARKET
Animal,Dog,Fencing Issues,OXLEY
Animal,Dog,Unregistered,INALA
Animal,Dog,Fencing Issues,ZILLMERE
Animal,Attack,Not An Attack,FOREST LAKE
Animal,Other Animal,Fox,PULLENVALE
Animal,Attack,Not An Attack,ASCOT
Animal,Cat,,NEW FARM
Animal,Attack,,EAST BRISBANE
Animal,Attack,,EIGHT MILE PLAINS
Animal,Attack,Not An Attack,SUNNYBANK
Animal,Dog,Defecating In Public,CARINDALE
Animal,Dog,Defecating In Public,CARINDALE
Animal,Cat Trapping,,KENMORE
Animal,Dog,Fencing Issues,MANLY WEST
Animal,Attack,,MANLY WEST
Animal,Other Animal,Rabbit,MURARRIE
Animal,Attack,,SUNNYBANK HILLS
Animal,Attack,,UPPER MOUNT GRAVATT
Animal,Other Animal,Wandering,INALA
Animal,Dog,,ASPLEY
Animal,Dog,Fencing Issues,ASHGROVE
Animal,Dog,Fencing Issues,UPPER MOUNT GRAVATT
Animal,Dog,Wandering,KANGAROO POINT
Animal,Attack,,JINDALEE
Animal,Cat,Wandering,KEPERRA
Animal,Cat,Wandering,ARCHERFIELD
Animal,Dog,Unregistered,JAMBOREE HEIGHTS
Animal,Attack,,ACACIA RIDGE
Animal,Attack,,STAFFORD
Animal,Other Animal,Wild Dog,ELLEN GROVE
Animal,Attack,Attack On A Person,COOPERS PLAINS
Animal,Attack,Attack On An Animal,FOREST LAKE
Animal,Dog,Wandering,MITCHELTON
Animal,Dog,Too Many Animals,KEDRON
Animal,Attack,Not An Attack,JINDALEE
Animal,Other Animal,Nuisance Animal,BRIGHTON
Animal,Other Animal,,KURABY
Animal,Dog,,MOUNT COOT-THA
Animal,Cat,,YERONGA
Animal,Dog,Defecating In Public,TINGALPA
Animal,Dog,Unregistered,GAYTHORNE
Animal,Dog,Too Many Animals,DEAGON
Animal,Dog,Wandering,
Animal,Other Animal,,NUNDAH
Animal,Dog,Unregistered,
Animal,Other Animal,Wandering,ANNERLEY
Animal,Dog,Fencing Issues,BELMONT
Animal,Cat,Wandering,WAVELL HEIGHTS
Animal,Other Animal,Fox,WAVELL HEIGHTS
Animal,Attack,,MOUNT GRAVATT EAST
Animal,Attack,,TAIGUM
Animal,Dog,Fencing Issues,ASHGROVE
Animal,Dog,Fencing Issues,BRACKEN RIDGE
Animal,Dog,Defecating In Public,MOUNT GRAVATT EAST
Animal,Attack,,KEDRON
Animal,Attack,Attack On A Person,HAWTHORNE
Animal,Attack,,WAVELL HEIGHTS
Animal,Dog,Wandering,GRACEVILLE
Animal,Dog,,WEST END
Animal,Attack,,BRACKEN RIDGE
Animal,Attack,Attack On An Animal,BALMORAL
Animal,Attack,,YERONGA
Animal,Dog,,BRIDGEMAN DOWNS
Animal,Attack,,MURARRIE
Animal,Attack,,WYNNUM
Animal,Cat Trapping,,KEPERRA
Animal,Attack,,EAST BRISBANE
Animal,Attack,,BRACKEN RIDGE
Animal,Cat Trapping,,BALMORAL
Animal,Dog,Unregistered,STAFFORD
Animal,Dog,Fencing Issues,INALA
Animal,Dog,Odour,NEWMARKET
Animal,Other Animal,Fox,PINJARRA HILLS
Animal,Other Animal,Nuisance Animal,NEW FARM
Animal,Other Animal,,BURBANK
Animal,Dog,Too Many Animals,INALA
Animal,Cat Trapping,,ANNERLEY
Animal,Cat,Wandering,WYNNUM WEST
Animal,Other Animal,Deer,ANSTEAD
Animal,Dog,Wandering,ASHGROVE
Animal,Attack,Attack On An Animal,KENMORE
Animal,Dog,Fencing Issues,MURARRIE
Animal,Dog,Wandering,BANYO
Animal,Dog,Wandering,ELLEN GROVE
Animal,Dog,Wandering,WISHART
Animal,Dog,Unregistered,FERNY GROVE
Animal,Attack,Attack On An Animal,ASHGROVE
Animal,Dog,Wandering,PARKINSON
Animal,Dog,Fencing Issues,BOWEN HILLS
Animal,Attack,Dangerous,DARRA
Animal,Cat,Wandering,WISHART
Animal,Dog,Unregistered,ZILLMERE
Animal,Dog,Too Many Animals,ZILLMERE
Animal,Dog,Wandering,MOUNT GRAVATT
Animal,Dog,Defecating In Public,BOWEN HILLS
Animal,Cat Trapping,,BRACKEN RIDGE
Animal,Dog,Fencing Issues,ZILLMERE
Animal,Cat,Wandering,RIVERHILLS
Animal,Other Animal,Too Many Animals,ELLEN GROVE
Animal,Dog,Wandering,GAYTHORNE
Animal,Dog,Fencing Issues,THE GAP
Animal,Attack,Attack On A Person,HAWTHORNE
Animal,Dog,Wandering,NUDGEE BEACH
Animal,Attack,Attack On A Person,UPPER KEDRON
Animal,Dog,Wandering,WAVELL HEIGHTS
Animal,Dog,Fencing Issues,THE GAP
Animal,Attack,Attack On An Animal,CHERMSIDE
Animal,Other Animal,Deer,PULLENVALE
Animal,Dog,Defecating In Public,WISHART
Animal,Dog,Wandering,UPPER KEDRON
Animal,Dog,Fencing Issues,WYNNUM WEST
Animal,Other Animal,Pest / Feral Animal,CORINDA
Animal,Cat,Wandering,KEPERRA
Animal,Attack,Attack On An Animal,CHERMSIDE
Animal,Dog,Wandering,WEST END
Animal,Dog,Wandering,HAWTHORNE
Animal,Attack,Attack On An Animal,MACGREGOR
Animal,Cat,Wandering,WYNNUM
Animal,Dog,Unregistered,
Animal,Dog,Unregistered,
Animal,Dog,Unregistered,
Animal,Attack,Attack On An Animal,OXLEY
Animal,Dog,Wandering,KALINGA
Animal,Dog,Fencing Issues,WYNNUM
Animal,Cat Trapping,,HAMILTON
Animal,Other Animal,Fox,HOLLAND PARK WEST
Animal,Attack,Not An Attack,WINDSOR
Animal,Dog,Wandering,EVERTON PARK
Animal,Other Animal,Deer,PULLENVALE
Animal,Dog,Wandering,KEPERRA
Animal,Cat Trapping,,STAFFORD HEIGHTS
Animal,Dog,Unregistered,MORNINGSIDE
Animal,Attack,Attack On A Person,ASHGROVE
Animal,Other Animal,Fox,MORNINGSIDE
Animal,Other Animal,Nuisance Animal,HOLLAND PARK
Animal,Other Animal,Deer,PULLENVALE
Animal,Dog,Fencing Issues,MORNINGSIDE
Animal,Dog,Unregistered,ALGESTER
Animal,Attack,Attack On An Animal,COORPAROO
Animal,Dog,Wandering,
Animal,Attack,Attack On A Person,FOREST LAKE
Animal,Dog,Wandering,BALMORAL
Animal,Attack,Attack On An Animal,MOUNT COOT-THA
Animal,Dog,Fencing Issues,BALD HILLS
Animal,Dog,Fencing Issues,INALA
Animal,Attack,Attack On An Animal,WYNNUM
Animal,Attack,Attack On An Animal,CHERMSIDE WEST
Animal,Cat,Wandering,BRACKEN RIDGE
Animal,Attack,Attack On An Animal,WISHART
Animal,Cat,Wandering,NORTHGATE
Animal,Attack,Attack On An Animal,DEAGON
Animal,Other Animal,Nuisance Animal,INALA
Animal,Dog,Fencing Issues,COORPAROO
Animal,Dog,Wandering,SUNNYBANK
Animal,Attack,Not An Attack,SEVEN HILLS
Animal,Dog,Too Many Animals,ANSTEAD
Animal,Cat Trapping,,ARCHERFIELD
Animal,Dog,Fencing Issues,ANSTEAD
Animal,Attack,Attack On A Person,BELMONT
Animal,Cat Trapping,,ANNERLEY
Animal,Attack,Attack On An Animal,CHAPEL HILL
Animal,Cat,Wandering,CALAMVALE
Animal,Cat Trapping,,INALA
Animal,Dog,Fencing Issues,CARINDALE
Animal,Dog,Fencing Issues,ZILLMERE
Animal,Attack,Attack On An Animal,NUDGEE
Animal,Dog,Unregistered,
Animal,Attack,Attack On A Person,TARRAGINDI
Animal,Other Animal,,GUMDALE
Animal,Dog,Wandering,RED HILL
Animal,Dog,Wandering,SANDGATE
Animal,Other Animal,Wandering,DOOLANDELLA
Animal,Dog,Wandering,KEPERRA
Animal,Dog,,EIGHT MILE PLAINS
Animal,Dog,Too Many Animals,EIGHT MILE PLAINS
Animal,Dog,Wandering,DURACK
Animal,Cat,Wandering,ELLEN GROVE
Animal,Cat,Wandering,ELLEN GROVE
Animal,Attack,Attack On An Animal,GEEBUNG
Animal,Attack,Not An Attack,ROCHEDALE
Animal,Cat Trapping,,KELVIN GROVE
Animal,Cat Trapping,,SANDGATE
Animal,Dog,Unregistered,INALA
Animal,Dog,Fencing Issues,ELLEN GROVE
Animal,Other Animal,Fox,RANSOME
Animal,Dog,Fencing Issues,KEPERRA
Animal,Cat Trapping,,SANDGATE
Animal,Other Animal,Nuisance Animal,NORMAN PARK
Animal,Dog,Wandering,CAMP HILL
Animal,Other Animal,Fox,GUMDALE
Animal,Other Animal,Nuisance Animal,DUTTON PARK
Animal,Attack,Attack On An Animal,KEDRON
Animal,Other Animal,Fox,BELMONT
Animal,Other Animal,Fox,WOOLLOONGABBA
Animal,Dog,Defecating In Public,ROBERTSON
Animal,Other Animal,,SALISBURY
Animal,Dog,Fencing Issues,ALDERLEY
Animal,Cat Trapping,,ROBERTSON
Animal,Dog,Defecating In Public,CARSELDINE
Animal,Cat Trapping,,AUCHENFLOWER
Animal,Dog,Wandering,BRACKEN RIDGE
Animal,Other Animal,Wild Dog,UPPER KEDRON
Animal,Attack,Attack On An Animal,WYNNUM
Animal,Attack,Not An Attack,NUNDAH
Animal,Other Animal,Fox,WYNNUM WEST
Animal,Dog,Wandering,LOTA
Animal,Dog,Wandering,SALISBURY
Animal,Dog,Fencing Issues,STAFFORD HEIGHTS
Animal,Other Animal,Deer,BROOKFIELD
Animal,Attack,Attack On An Animal,CHAPEL HILL
Animal,Dog,Fencing Issues,MORNINGSIDE
Animal,Cat Trapping,,WYNNUM WEST
Animal,Dog,Fencing Issues,WAVELL HEIGHTS
Animal,Dog,Wandering,NUDGEE BEACH
Animal,Cat,Wandering,ZILLMERE
Animal,Dog,Unregistered,OXLEY
Animal,Attack,Attack On A Person,DARRA
Animal,Cat,Wandering,WYNNUM WEST
Animal,Dog,Wandering,UPPER KEDRON
Animal,Other Animal,Fencing Issues,PULLENVALE
Animal,Other Animal,Fox,GUMDALE
Animal,Attack,Menacing,WYNNUM
Animal,Other Animal,Fox,CHANDLER
Animal,Dog,Defecating In Public,BOWEN HILLS
Animal,Cat Trapping,,FOREST LAKE
Animal,Cat,Wandering,HERSTON
Animal,Cat Trapping,,ELLEN GROVE
Animal,Attack,Menacing,STAFFORD
Animal,Dog,Wandering,NUDGEE BEACH
Animal,Dog,Wandering,LOTA
Animal,Dog,Fencing Issues,MANLY
Animal,Dog,Wandering,NUDGEE
Animal,Attack,Dangerous,KARANA DOWNS
Animal,Cat Trapping,,GRACEVILLE
Animal,Attack,Attack On An Animal,FERNY GROVE
Animal,Dog,Unregistered,
Animal,Cat,Wandering,ELLEN GROVE
Animal,Dog,Wandering,WISHART
Animal,Cat,Wandering,NORTHGATE
Animal,Dog,Unregistered,
Animal,Attack,Attack On A Person,BOONDALL
Animal,Cat Trapping,,MURARRIE
Animal,Other Animal,Fox,LOTA
Animal,Dog,Unregistered,
Animal,Dog,Unregistered,
Animal,Cat Trapping,,DOOLANDELLA
Animal,Attack,Attack On An Animal,THE GAP
Animal,Cat Trapping,,MANSFIELD
Animal,Attack,Not An Attack,UPPER KEDRON
Animal,Cat,Wandering,WYNNUM
Animal,Cat,Wandering,CAMP HILL
Animal,Cat,Wandering,DREWVALE
Animal,Attack,Attack On A Person,INALA
Animal,Dog,Unregistered,
Animal,Dog,Fencing Issues,GRANGE
Animal,Dog,Unregistered,INALA
Animal,Dog,Fencing Issues,DEAGON
Animal,Cat,Wandering,ENOGGERA
Animal,Attack,Attack On An Animal,MORNINGSIDE
Animal,Dog,Wandering,MILTON
Animal,Cat Trapping,,ACACIA RIDGE
Animal,Dog,Wandering,EAST BRISBANE
Animal,Dog,Fencing Issues,THE GAP
Animal,Attack,Attack On An Animal,UPPER MOUNT GRAVATT
Animal,Cat,Wandering,BANYO
Animal,Other Animal,Wild Dog,PULLENVALE
Animal,Attack,,TARRAGINDI
Animal,Attack,,MANLY
Animal,Cat Trapping,,ELLEN GROVE
Animal,Other Animal,Pest / Feral Animal,KENMORE
Animal,Attack,,EVERTON PARK
Animal,Attack,Menacing,WISHART
Animal,Attack,Attack On A Person,MOUNT GRAVATT EAST
Animal,Attack,Attack On An Animal,FOREST LAKE
Animal,Other Animal,Fox,MANLY WEST
Animal,Dog,Wandering,WISHART
Animal,Other Animal,Nuisance Animal,CHERMSIDE
Animal,Dog,Unregistered,ROCHEDALE
Animal,Dog,Unregistered,FOREST LAKE
Animal,Cat Trapping,,BRACKEN RIDGE
Animal,Attack,Attack On An Animal,NUNDAH
Animal,Dog,Fencing Issues,FOREST LAKE
Animal,Dog,Wandering,DARRA
Animal,Attack,Dangerous,BELLBOWRIE
Animal,Dog,Fencing Issues,UPPER KEDRON
Animal,Dog,Wandering,KEDRON
Animal,Dog,Unregistered,INALA
Animal,Dog,Wandering,HOLLAND PARK
Animal,Dog,Fencing Issues,CANNON HILL
Animal,Dog,Fencing Issues,EVERTON PARK
Animal,Dog,Fencing Issues,ASHGROVE
Animal,Dog,Wandering,MOUNT COOT-THA
Animal,Dog,Wandering,JINDALEE
Animal,Dog,Wandering,DARRA
Animal,Dog,Wandering,YERONGA
Animal,Dog,Wandering,CHAPEL HILL
Animal,Other Animal,Fencing Issues,KARAWATHA
Animal,Dog,Fencing Issues,MORNINGSIDE
Animal,Dog,Wandering,UPPER MOUNT GRAVATT
Animal,Dog,Too Many Animals,NUDGEE
Animal,Other Animal,Pest / Feral Animal,CHERMSIDE WEST
Animal,Dog,Fencing Issues,ZILLMERE
Animal,Cat,Wandering,ZILLMERE
Animal,Attack,Not An Attack,ACACIA RIDGE
Animal,Dog,Fencing Issues,ELLEN GROVE
Animal,Dog,Unregistered,
Animal,Dog,Unregistered,
Animal,Dog,Unregistered,
Animal,Dog,Unregistered,
Animal,Dog,Wandering,WISHART
Animal,Cat Trapping,,MOOROOKA
Animal,Dog,Too Many Animals,GEEBUNG
Animal,Dog,Wandering,WEST END
Animal,Dog,Wandering,RIVERHILLS
Animal,Dog,,CARINDALE
Animal,Cat,Wandering,CHERMSIDE
Animal,Cat Trapping,,NORTHGATE
Animal,Dog,Wandering,UPPER MOUNT GRAVATT
Animal,Dog,Too Many Animals,BRACKEN RIDGE
Animal,Dog,Fencing Issues,SUNNYBANK
Animal,Dog,,TAIGUM
Animal,Other Animal,Fox,UPPER BROOKFIELD
Animal,Cat Trapping,,RICHLANDS
Animal,Dog,Wandering,ROCKLEA
Animal,Other Animal,Nuisance Animal,ALBION
Animal,Cat,Wandering,TINGALPA
Animal,Dog,Fencing Issues,INALA
Animal,Attack,Attack On An Animal,BELMONT
Animal,Dog,Wandering,WILSTON
Animal,Other Animal,Fox,CHANDLER
Animal,Cat,Wandering,NORTHGATE
Animal,Dog,Wandering,PARKINSON
Animal,Dog,Wandering,NUDGEE
Animal,Attack,Attack On A Person,CARSELDINE
Animal,Dog,Unregistered,
Animal,Dog,Unregistered,
Animal,Other Animal,Fox,YERONGA
Animal,Dog,Fencing Issues,WACOL
Animal,Dog,Wandering,CHAPEL HILL
Animal,Other Animal,Nuisance Animal,MANLY WEST
Animal,Attack,Attack On A Person,MORNINGSIDE
Animal,Dog,Unregistered,
Animal,Dog,Too Many Animals,BANYO
Animal,Attack,Attack On A Person,NEWMARKET
Animal,Dog,Too Many Animals,ROBERTSON
Animal,Dog,Too Many Animals,ROBERTSON
Animal,Dog,Wandering,CAMP HILL
Animal,Dog,Unregistered,
Animal,Cat Trapping,,FOREST LAKE
Animal,Other Animal,Nuisance Animal,BOWEN HILLS
Animal,Dog,Defecating In Public,YERONGA
Animal,Other Animal,Fox,BELMONT
Animal,Other Animal,Fox,GUMDALE
Animal,Other Animal,Nuisance Animal,INALA
Animal,Dog,Fencing Issues,CHERMSIDE WEST
Animal,Dog,Fencing Issues,RIVERHILLS
Animal,Cat Trapping,,UPPER KEDRON
Animal,Dog,Too Many Animals,CARINA
Animal,Dog,Fencing Issues,NUNDAH
Animal,Dog,Fencing Issues,UPPER BROOKFIELD
Animal,Attack,Attack On An Animal,INDOOROOPILLY
Animal,Dog,Fencing Issues,WAVELL HEIGHTS
Animal,Dog,Fencing Issues,COOPERS PLAINS
Animal,Dog,Unregistered,
Animal,Dog,Unregistered,NUNDAH
Animal,Other Animal,Deer,JINDALEE
Animal,Dog,Fencing Issues,ZILLMERE
Animal,Dog,Fencing Issues,SPRING HILL
Animal,Cat,Wandering,INDOOROOPILLY
Animal,Dog,Wandering,ASHGROVE
Animal,Dog,Wandering,CARINDALE
Animal,Cat,Wandering,ZILLMERE
Animal,Attack,Menacing,TARRAGINDI
Animal,Attack,Attack On An Animal,FOREST LAKE
Animal,Other Animal,Fox,WAKERLEY
Animal,Cat Trapping,,KURABY
Animal,Dog,Fencing Issues,NORTHGATE
Animal,Dog,Unregistered,BULIMBA
Animal,Dog,Wandering,BRIGHTON
Animal,Cat Trapping,,TINGALPA
Animal,Attack,Attack On A Person,CARINA
Animal,Dog,Wandering,
Animal,Dog,Wandering,COOPERS PLAINS
Animal,Dog,Wandering,GRACEVILLE
Animal,Other Animal,Odour,KURABY
Animal,Attack,Attack On A Person,GREENSLOPES
Animal,Attack,Attack On An Animal,SUNNYBANK
Animal,Attack,Attack On An Animal,WAVELL HEIGHTS
Animal,Dog,Wandering,NEWMARKET
Animal,Attack,Menacing,CAMP HILL
Animal,Other Animal,Deer,MOUNT OMMANEY
Animal,Dog,Fencing Issues,BANYO
Animal,Dog,Wandering,PARKINSON
Animal,Attack,,CHAPEL HILL
Animal,Dog,Defecating In Public,WYNNUM
Animal,Dog,Unregistered,BELMONT
Animal,Dog,Fencing Issues,CHERMSIDE WEST
Animal,Attack,Attack On An Animal,YERONGA
Animal,Dog,Wandering,NUDGEE BEACH
Animal,Other Animal,Odour,SHERWOOD
Animal,Dog,Wandering,HOLLAND PARK
Animal,Attack,Dangerous,BELLBOWRIE
Animal,Attack,Attack On A Person,BARDON
Animal,Dog,Too Many Animals,SUNNYBANK HILLS
Animal,Dog,Fencing Issues,NUDGEE
Animal,Attack,Not An Attack,MANLY WEST
Animal,Cat,Wandering,DOOLANDELLA
Animal,Attack,Not An Attack,MANLY WEST
Animal,Cat,,RUNCORN
Animal,Other Animal,Pest / Feral Animal,WOOLOOWIN
Animal,Dog,Wandering,WAVELL HEIGHTS
Animal,Dog,Surrender,INALA
Animal,Dog,Wandering,KURABY
Animal,Dog,Wandering,CAMP HILL
Animal,Dog,Fencing Issues,UPPER MOUNT GRAVATT
Animal,Dog,Wandering,NUDGEE BEACH
Animal,Dog,Fencing Issues,BARDON
Animal,Dog,Fencing Issues,TARRAGINDI
Animal,Dog,Fencing Issues,HAWTHORNE
Animal,Other Animal,Wild Dog,UPPER BROOKFIELD
Animal,Cat,Wandering,MANLY WEST
Animal,Cat,Wandering,KEPERRA
Animal,Other Animal,Nuisance Animal,ELLEN GROVE
Animal,Other Animal,Fox,BRIGHTON
Animal,Attack,,BROOKFIELD
Animal,Other Animal,Pest / Feral Animal,BOONDALL
Animal,Cat,Wandering,MOUNT CROSBY
Animal,Dog,Too Many Animals,KEDRON
Animal,Dog,Wandering,MANLY
Animal,Dog,Fencing Issues,SUNNYBANK HILLS
Animal,Dog,Fencing Issues,SUNNYBANK HILLS
Animal,Cat Trapping,,HAMILTON
Animal,Dog,Wandering,KALINGA
Animal,Other Animal,Fox,ANNERLEY
Animal,Dog,,SHERWOOD
Animal,Dog,Wandering,RED HILL
Animal,Dog,Fencing Issues,SHERWOOD
Animal,Cat Trapping,,KURABY
Animal,Cat Trapping,,WAKERLEY
Animal,Attack,,SUNNYBANK HILLS
Animal,Other Animal,,NUNDAH
Animal,Other Animal,,STRETTON
Animal,Cat,Wandering,FERNY GROVE
Animal,Dog,Wandering,NUDGEE BEACH
Animal,Attack,Attack On An Animal,JAMBOREE HEIGHTS
Animal,Dog,Defecating In Public,MANLY
Animal,Dog,Too Many Animals,PINKENBA
Animal,Cat Trapping,,NUDGEE
Animal,Cat,Wandering,BRIDGEMAN DOWNS
Animal,Other Animal,Wild Dog,KHOLO
Animal,Attack,,TOOWONG
Animal,Dog,Wandering,
Animal,Dog,Fencing Issues,BRACKEN RIDGE
Animal,Cat,Wandering,KURABY
Animal,Cat Trapping,,EIGHT MILE PLAINS
Animal,Attack,Attack On An Animal,SANDGATE
Animal,Dog,Wandering,MCDOWALL
Animal,Cat Trapping,,RED HILL
Animal,Dog,Unregistered,TARRAGINDI
Animal,Other Animal,Fox,WAVELL HEIGHTS
Animal,Attack,Attack On An Animal,ASPLEY
Animal,Dog,Too Many Animals,CARINDALE
Animal,Dog,Too Many Animals,CARINDALE
Animal,Attack,Attack On A Person,MCDOWALL
Animal,Dog,Wandering,EIGHT MILE PLAINS
Animal,Dog,Unregistered,
Animal,Dog,Wandering,MANSFIELD
Animal,Other Animal,Deer,PINJARRA HILLS
Animal,Attack,Attack On A Person,TARINGA
Animal,Dog,Fencing Issues,CARINA HEIGHTS
Animal,Dog,Wandering,CARINDALE
Animal,Attack,Attack On An Animal,CORINDA
Animal,Other Animal,Deer,BROOKFIELD
Animal,Attack,Attack On An Animal,BRISBANE CITY
Animal,Dog,Wandering,DUTTON PARK
Animal,Other Animal,Fox,TARRAGINDI
Animal,Dog,Fencing Issues,SANDGATE
Animal,Dog,Unregistered,
Animal,Other Animal,Nuisance Animal,CALAMVALE
Animal,Dog,Odour,BRIGHTON
Animal,Dog,Unregistered,WEST END
Animal,Attack,Attack On An Animal,WISHART
Animal,Other Animal,Fox,MOUNT OMMANEY
Animal,Other Animal,Deer,JINDALEE
Animal,Dog,Fencing Issues,MOUNT GRAVATT
Animal,Cat Trapping,,BELLBOWRIE
Animal,Attack,Attack On A Person,CHELMER
Animal,Attack,Attack On A Person,MANLY WEST
Animal,Dog,Too Many Animals,CARINDALE
Animal,Cat,Wandering,BELLBOWRIE
Animal,Attack,Menacing,SHERWOOD
Animal,Dog,Fencing Issues,CORINDA
Animal,Other Animal,Fox,RANSOME
Animal,Attack,Attack On An Animal,MOUNT GRAVATT EAST
Animal,Dog,Wandering,SANDGATE
Animal,Dog,Fencing Issues,SANDGATE
Animal,Other Animal,Fox,GEEBUNG
Animal,Other Animal,Defecating In Public,ACACIA RIDGE
Animal,Dog,Wandering,TAIGUM
Animal,Dog,Defecating In Public,FOREST LAKE
Animal,Dog,Defecating In Public,FOREST LAKE
Animal,Dog,Wandering,WEST END
Animal,Cat,Wandering,BRACKEN RIDGE
Animal,Cat,Wandering,BRACKEN RIDGE
Animal,Other Animal,Nuisance Animal,CLAYFIELD
Animal,Dog,Odour,EIGHT MILE PLAINS
Animal,Dog,Odour,EIGHT MILE PLAINS
Animal,Attack,,YERONGA
Animal,Dog,Defecating In Public,HOLLAND PARK
Animal,Dog,Fencing Issues,WESTLAKE
Animal,Cat Trapping,,WYNNUM WEST
Animal,Dog,Unregistered,
Animal,Dog,Odour,WYNNUM
Animal,Attack,Attack On An Animal,CAMP HILL
Animal,Dog,Wandering,NUDGEE BEACH
Animal,Dog,Fencing Issues,HEMMANT
Animal,Attack,Not An Attack,WINDSOR
Animal,Dog,Unregistered,TINGALPA
Animal,Attack,Attack On A Person,BARDON
Animal,Other Animal,Odour,WINDSOR
Animal,Dog,Unregistered,
Animal,Dog,Unregistered,
Animal,Dog,Unregistered,
Animal,Dog,Unregistered,
Animal,Other Animal,Fox,ASHGROVE
Animal,Dog,Fencing Issues,THE GAP
Animal,Other Animal,Nuisance Animal,ACACIA RIDGE
Animal,Attack,Attack On An Animal,HEMMANT
Animal,Cat,Wandering,BANYO
Animal,Dog,Wandering,ASHGROVE
Animal,Dog,Fencing Issues,DEAGON
Animal,Attack,Attack On An Animal,BOONDALL
Animal,Dog,Unregistered,
Animal,Other Animal,Fox,FOREST LAKE
Animal,Other Animal,Fox,SEVEN HILLS
Animal,Dog,Too Many Animals,CLAYFIELD
Animal,Dog,Unregistered,CORINDA
Animal,Dog,Too Many Animals,ANSTEAD
Animal,Dog,Too Many Animals,ANSTEAD
Animal,Other Animal,Nuisance Animal,ACACIA RIDGE
Animal,Attack,Not An Attack,ZILLMERE
Animal,Other Animal,Odour,RUNCORN
Animal,Dog,Unregistered,
Animal,Dog,Wandering,CHERMSIDE
Animal,Dog,Fencing Issues,TINGALPA
Animal,Dog,Wandering,CAMP HILL
Animal,Cat Trapping,,EAST BRISBANE
Animal,Dog,Odour,WAVELL HEIGHTS
Animal,Dog,Wandering,FOREST LAKE
Animal,Dog,Too Many Animals,WYNNUM
Animal,Dog,Fencing Issues,GEEBUNG
Animal,Dog,Fencing Issues,GEEBUNG
Animal,Other Animal,Fencing Issues,WEST END
Animal,Cat Trapping,,MOUNT GRAVATT
Animal,Attack,Attack On An Animal,DEAGON
Animal,Attack,Attack On An Animal,THE GAP
Animal,Other Animal,Odour,COORPAROO
Animal,Other Animal,Fox,BELLBOWRIE
Animal,Cat Trapping,,TOOWONG
Animal,Attack,Attack On An Animal,FIG TREE POCKET
Animal,Dog,Wandering,SANDGATE
Animal,Dog,Too Many Animals,BALD HILLS
Animal,Attack,Attack On A Person,PADDINGTON
Animal,Cat,Wandering,WYNNUM
Animal,Attack,Attack On An Animal,WILSTON
Animal,Dog,Fencing Issues,KEDRON
Animal,Dog,Fencing Issues,MANSFIELD
Animal,Cat,Wandering,RIVERHILLS
Animal,Attack,Attack On An Animal,WYNNUM
Animal,Cat Trapping,,MOOROOKA
Animal,Attack,Attack On A Person,ZILLMERE
Animal,Dog,Unregistered,CHANDLER
Animal,Dog,Unregistered,
Animal,Dog,Unregistered,
Animal,Dog,Unregistered,
Animal,Other Animal,Pest / Feral Animal,BRISBANE AIRPORT
Animal,Dog,Wandering,MIDDLE PARK
Animal,Cat Trapping,,INALA
Animal,Attack,Attack On A Person,PALLARA
Animal,Other Animal,Deer,PULLENVALE
Animal,Attack,Menacing,BELMONT
Animal,Attack,Attack On A Person,BELMONT
Animal,Dog,Unregistered,
Animal,Other Animal,Fox,FIG TREE POCKET
Animal,Dog,Unregistered,SUNNYBANK
Animal,Dog,Wandering,PARKINSON
Animal,Cat,Wandering,SUNNYBANK HILLS
Animal,Cat Trapping,,GEEBUNG
Animal,Dog,Wandering,NEWSTEAD
Animal,Dog,Fencing Issues,JAMBOREE HEIGHTS
Animal,Dog,Wandering,PARKINSON
Animal,Dog,Wandering,PARKINSON
Animal,Attack,Attack On A Person,YERONGA
Animal,Attack,Attack On An Animal,BOONDALL
Animal,Other Animal,Fencing Issues,CALAMVALE
Animal,Dog,Fencing Issues,BOONDALL
Animal,Dog,Wandering,SALISBURY
Animal,Dog,Wandering,BRACKEN RIDGE
Animal,Attack,Attack On An Animal,MITCHELTON
Animal,Cat,Wandering,CARINA
Animal,Dog,Defecating In Public,GRACEVILLE
Animal,Dog,,MANLY WEST
Animal,Dog,Wandering,CARINDALE
Animal,Other Animal,Fox,CHANDLER
Animal,Cat Trapping,,CALAMVALE
Animal,Dog,Fencing Issues,ACACIA RIDGE
Animal,Other Animal,Nuisance Animal,WESTLAKE
Animal,Cat,Wandering,SEVEN HILLS
Animal,Attack,,INALA
Animal,Attack,,SUNNYBANK
Animal,Attack,,KELVIN GROVE
Animal,Cat Trapping,,INALA
Animal,Attack,,HAWTHORNE
Animal,Dog,,HOLLAND PARK
Animal,Attack,Attack On An Animal,RUNCORN
Animal,Dog,Wandering,MOOROOKA
Animal,Other Animal,Fox,PULLENVALE
Animal,Dog,,MANSFIELD
Animal,Attack,,WYNNUM WEST
Animal,Attack,,RICHLANDS
Animal,Dog,Wandering,YERONGA
Animal,Cat,Wandering,BRACKEN RIDGE
Animal,Dog,,COORPAROO
Animal,Dog,Unregistered,ACACIA RIDGE
Animal,Other Animal,Wild Dog,PULLENVALE
Animal,Cat Trapping,,WYNNUM WEST
Animal,Attack,,CHANDLER
Animal,Dog,Unregistered,TINGALPA
Animal,Other Animal,Wild Dog,PULLENVALE
Animal,Other Animal,Feral Pig,UPPER BROOKFIELD
Animal,Cat,Wandering,CORINDA
Animal,Other Animal,Odour,MOOROOKA
Animal,Other Animal,Fox,KHOLO
Animal,Attack,,LOTA
Animal,Dog,Unregistered,TAIGUM
Animal,Dog,Wandering,MCDOWALL
Animal,Other Animal,Nuisance Animal,SANDGATE
Animal,Dog,Wandering,KEPERRA
Animal,Attack,,CARSELDINE
Animal,Dog,Fencing Issues,ACACIA RIDGE
Animal,Dog,,KEDRON
Animal,Attack,Attack On An Animal,WYNNUM WEST
Animal,Dog,Too Many Animals,KEPERRA
Animal,Attack,Not An Attack,DUTTON PARK
Animal,Attack,,COORPAROO
Animal,Dog,Too Many Animals,BOONDALL
Animal,Attack,,TARRAGINDI
Animal,Other Animal,Wild Dog,LAKE MANCHESTER
Animal,Cat,Wandering,MOOROOKA
Animal,Attack,Attack On A Person,SUNNYBANK
Animal,Dog,Wandering,CAMP HILL
Animal,Cat,Wandering,ASPLEY
Animal,Dog,Fencing Issues,ASHGROVE
Animal,Cat,Wandering,BRACKEN RIDGE
Animal,Cat Trapping,,BRACKEN RIDGE
Animal,Other Animal,Deer,MOUNT OMMANEY
Animal,Cat Trapping,,INALA
Animal,Dog,Fencing Issues,ELLEN GROVE
Animal,Dog,Too Many Animals,ELLEN GROVE
Animal,Dog,,RUNCORN
Animal,Dog,Fencing Issues,NEWMARKET
Animal,Attack,Not An Attack,WISHART
Animal,Cat Trapping,,CANNON HILL
Animal,Other Animal,Fox,THE GAP
Animal,Dog,Fencing Issues,PALLARA
Animal,Dog,Fencing Issues,PALLARA
Animal,Cat,Wandering,BRACKEN RIDGE
Animal,Dog,Unregistered,ASCOT
Animal,Dog,Wandering,MOUNT OMMANEY
Animal,Dog,,BRACKEN RIDGE
Animal,Dog,Fencing Issues,GREENSLOPES
Animal,Attack,Not An Attack,BRACKEN RIDGE
Animal,Dog,Wandering,BRIDGEMAN DOWNS
Animal,Dog,Wandering,CHANDLER
Animal,Other Animal,Unregistered,KENMORE
Animal,Attack,Attack On An Animal,MANLY WEST
Animal,Attack,Attack On An Animal,KEPERRA
Animal,Attack,Not An Attack,EIGHT MILE PLAINS
Animal,Cat,Wandering,TARRAGINDI
Animal,Cat,Wandering,RED HILL
Animal,Cat,Wandering,KELVIN GROVE
Animal,Cat,Wandering,SALISBURY
Animal,Cat,Wandering,NATHAN
Animal,Cat,Wandering,ASHGROVE
Animal,Other Animal,Fox,GEEBUNG
Animal,Attack,Menacing,ROCHEDALE
Animal,Attack,Attack On A Person,INALA
Animal,Dog,Fencing Issues,CARINA HEIGHTS
Animal,Dog,Wandering,WINDSOR
Animal,Other Animal,Fox,GUMDALE
Animal,Cat,Wandering,BELLBOWRIE
Animal,Dog,Wandering,NEWSTEAD
Animal,Dog,Too Many Animals,ASPLEY
Animal,Attack,Not An Attack,MOUNT COOT-THA
Animal,Dog,Fencing Issues,CARINA HEIGHTS
Animal,Attack,Attack On An Animal,CARINA HEIGHTS
Animal,Attack,Attack On An Animal,RED HILL
Animal,Dog,Wandering,WYNNUM WEST
Animal,Dog,Wandering,NEWMARKET
Animal,Cat Trapping,,UPPER KEDRON
Animal,Dog,Fencing Issues,GORDON PARK
Animal,Dog,Wandering,BROOKFIELD
Animal,Other Animal,Wandering,MIDDLE PARK
Animal,Dog,Too Many Animals,ROBERTSON
Animal,Dog,Too Many Animals,ROBERTSON
Animal,Other Animal,Nuisance Animal,MORNINGSIDE
Animal,Dog,Fencing Issues,NUDGEE
Animal,Dog,Fencing Issues,BOONDALL
Animal,Dog,Wandering,CORINDA
Animal,Cat Trapping,,MURARRIE
Animal,Cat Trapping,,CARSELDINE
Animal,Other Animal,Nuisance Animal,ACACIA RIDGE
Animal,Other Animal,Fox,TARRAGINDI
Animal,Attack,Not An Attack,CHANDLER
Animal,Dog,Too Many Animals,SALISBURY
Animal,Dog,Fencing Issues,RUNCORN
Animal,Cat Trapping,,MORNINGSIDE
Animal,Cat Trapping,,WYNNUM
Animal,Dog,Fencing Issues,BOONDALL
Animal,Attack,Attack On A Person,GEEBUNG
Animal,Dog,Fencing Issues,BRIGHTON
Animal,Dog,Defecating In Public,MURARRIE
Animal,Attack,,MOOROOKA
Animal,Dog,Wandering,CHERMSIDE WEST
Animal,Cat Trapping,,FIG TREE POCKET
Animal,Attack,Attack On A Person,MOOROOKA
Animal,Dog,Wandering,BULIMBA
Animal,Other Animal,Nuisance Animal,FOREST LAKE
Animal,Cat Trapping,,SUNNYBANK
Animal,Attack,Dangerous,MITCHELTON
Animal,Dog,Fencing Issues,ANNERLEY
Animal,Dog,Wandering,ANNERLEY
Animal,Dog,Unregistered,SHORNCLIFFE
Animal,Attack,Attack On A Person,KEDRON
Animal,Other Animal,Fox,WILLAWONG
Animal,Attack,Attack On An Animal,GUMDALE
Animal,Attack,Attack On A Person,CHANDLER
Animal,Attack,Dangerous,ACACIA RIDGE
Animal,Dog,Wandering,BRISBANE CITY
Animal,Other Animal,Nuisance Animal,BOONDALL
Animal,Cat Trapping,,RUNCORN
Animal,Dog,Wandering,KANGAROO POINT
Animal,Dog,Fencing Issues,KANGAROO POINT
Animal,Cat,Wandering,MANLY WEST
Animal,Dog,Defecating In Public,SANDGATE
Animal,Other Animal,Nuisance Animal,NORTHGATE
Animal,Cat,Wandering,CARINA
Animal,Cat Trapping,,BRACKEN RIDGE
Animal,Cat,Wandering,CALAMVALE
Animal,Other Animal,Fox,KARANA DOWNS
Animal,Attack,Attack On An Animal,CHAPEL HILL
Animal,Dog,Wandering,SUNNYBANK HILLS
Animal,Dog,Odour,SEVENTEEN MILE ROCKS
Animal,Dog,Unregistered,SEVENTEEN MILE ROCKS
Animal,Attack,Attack On An Animal,FIG TREE POCKET
Animal,Dog,Wandering,CHERMSIDE WEST
Animal,Dog,Wandering,JAMBOREE HEIGHTS
Animal,Attack,Attack On An Animal,FOREST LAKE
Animal,Attack,,EAST BRISBANE
Animal,Dog,Fencing Issues,BALD HILLS
Animal,Cat Trapping,,SALISBURY
Animal,Attack,Attack On An Animal,BULIMBA
Animal,Dog,Wandering,KENMORE
Animal,Dog,Wandering,PARKINSON
Animal,Dog,Fencing Issues,
Animal,Other Animal,Fox,BURBANK
Animal,Dog,Unregistered,CAMP HILL
Animal,Dog,Fencing Issues,STAFFORD
Animal,Attack,Attack On An Animal,NEWSTEAD
Animal,Cat Trapping,,CARINA HEIGHTS
Animal,Attack,Attack On A Person,TARRAGINDI
Animal,Attack,Attack On A Person,MCDOWALL
Animal,Attack,Dangerous,EVERTON PARK
Animal,Cat,Wandering,LUTWYCHE
Animal,Dog,Wandering,ZILLMERE
Animal,Cat,,SANDGATE
Animal,Dog,Fencing Issues,ELLEN GROVE
Animal,Attack,Not An Attack,SALISBURY
Animal,Dog,Fencing Issues,GRACEVILLE
Animal,Dog,Fencing Issues,GRACEVILLE
Animal,Other Animal,Fox,RANSOME
Animal,Other Animal,,DOOLANDELLA
Animal,Dog,Wandering,WYNNUM
Animal,Dog,Fencing Issues,SHORNCLIFFE
Animal,Attack,Attack On A Person,NEW FARM
Animal,Dog,Fencing Issues,CHERMSIDE
Animal,Dog,Fencing Issues,PULLENVALE
Animal,Dog,Fencing Issues,PULLENVALE
Animal,Dog,Wandering,NUNDAH
Animal,Other Animal,Deer,MOUNT OMMANEY
Animal,Other Animal,Rabbit,RICHLANDS
Animal,Cat,Wandering,GRACEVILLE
Animal,Attack,,MOGGILL
Animal,Dog,Wandering,HAWTHORNE
Animal,Cat Trapping,,WYNNUM
Animal,Attack,Attack On A Person,WYNNUM WEST
Animal,Attack,Attack On A Person,ASHGROVE
Animal,Attack,Attack On An Animal,BANYO
Animal,Dog,Fencing Issues,THE GAP
Animal,Dog,Wandering,ZILLMERE
Animal,Dog,,CARSELDINE
Animal,Dog,Too Many Animals,EIGHT MILE PLAINS
Animal,Dog,Too Many Animals,EIGHT MILE PLAINS
Animal,Dog,Too Many Animals,EIGHT MILE PLAINS
Animal,Attack,Attack On A Person,CARSELDINE
Animal,Attack,Attack On A Person,PALLARA
Animal,Dog,Fencing Issues,ASHGROVE
Animal,Dog,Unregistered,
Animal,Dog,Unregistered,ELLEN GROVE
Animal,Other Animal,Fox,MOUNT OMMANEY
Animal,Cat Trapping,,ALBION
Animal,Dog,Unregistered,
Animal,Other Animal,Fencing Issues,EIGHT MILE PLAINS
Animal,Dog,Fencing Issues,JAMBOREE HEIGHTS
Animal,Dog,Unregistered,ZILLMERE
Animal,Attack,Attack On An Animal,CHERMSIDE
Animal,Dog,Wandering,MOOROOKA
Animal,Attack,Attack On An Animal,MIDDLE PARK
Animal,Dog,Wandering,YERONGA
Animal,Dog,Wandering,WESTLAKE
Animal,Dog,Wandering,SHERWOOD
Animal,Attack,Attack On A Person,ZILLMERE
Animal,Attack,Attack On A Person,TARRAGINDI
Animal,Attack,Attack On An Animal,THE GAP
Animal,Dog,Unregistered,
Animal,Other Animal,Fencing Issues,UPPER BROOKFIELD
Animal,Other Animal,Wandering,UPPER BROOKFIELD
Animal,Dog,Too Many Animals,INDOOROOPILLY
Animal,Dog,Unregistered,
Animal,Attack,Attack On An Animal,YERONGA
Animal,Attack,Menacing,LOTA
Animal,Dog,Unregistered,NUNDAH
Animal,Dog,Unregistered,
Animal,Dog,Unregistered,
Animal,Dog,Unregistered,
Animal,Dog,Unregistered,
Animal,Other Animal,Nuisance Animal,PARKINSON
Animal,Other Animal,Nuisance Animal,SUNNYBANK
Animal,Other Animal,Too Many Animals,CARSELDINE
Animal,Dog,Wandering,HAWTHORNE
Animal,Other Animal,Wild Dog,KHOLO
Animal,Dog,Defecating In Public,JAMBOREE HEIGHTS
Animal,Other Animal,Fox,JAMBOREE HEIGHTS
Animal,Dog,Wandering,MOUNT COOT-THA
Animal,Other Animal,Wandering,GREENSLOPES
Animal,Other Animal,Fox,JAMBOREE HEIGHTS
Animal,Cat Trapping,,ST LUCIA
Animal,Attack,Attack On A Person,CANNON HILL
Animal,Dog,Unregistered,
Animal,Dog,Wandering,INDOOROOPILLY
Animal,Dog,Fencing Issues,TINGALPA
Animal,Attack,,CARINDALE
Animal,Other Animal,,ZILLMERE
Animal,Dog,Wandering,BALMORAL
Animal,Dog,,BALMORAL
Animal,Attack,Not An Attack,INALA
Animal,Dog,,BRACKEN RIDGE
Animal,Attack,,MORNINGSIDE
Animal,Dog,,COORPAROO
Animal,Attack,Attack On An Animal,UPPER MOUNT GRAVATT
Animal,Cat,Wandering,CARINA HEIGHTS
Animal,Dog,Fencing Issues,FOREST LAKE
Animal,Cat,,ELLEN GROVE
Animal,Dog,Wandering,GORDON PARK
Animal,Attack,,UPPER MOUNT GRAVATT
Animal,Cat,Wandering,WYNNUM
Animal,Cat Trapping,,ACACIA RIDGE
Animal,Attack,,SALISBURY
Animal,Dog,Wandering,YERONGA
Animal,Dog,Fencing Issues,DEAGON
Animal,Other Animal,Fox,UPPER BROOKFIELD
Animal,Cat,Wandering,MOUNT GRAVATT EAST
Animal,Dog,Wandering,
Animal,Dog,Wandering,
Animal,Cat Trapping,,INALA
Animal,Dog,Wandering,WAVELL HEIGHTS
Animal,Other Animal,Fox,WACOL
Animal,Other Animal,Fox,NATHAN
Animal,Dog,Fencing Issues,INALA
Animal,Dog,Fencing Issues,CARINA HEIGHTS
Animal,Attack,Attack On An Animal,RUNCORN
Animal,Dog,Odour,CARINDALE
Animal,Dog,Fencing Issues,WYNNUM WEST
Animal,Other Animal,Fox,PINJARRA HILLS
Animal,Attack,,KEDRON
Animal,Dog,Fencing Issues,KEPERRA
Animal,Other Animal,Fox,TARRAGINDI
Animal,Attack,Attack On An Animal,JINDALEE
Animal,Dog,Too Many Animals,BANYO
Animal,Dog,Wandering,BRACKEN RIDGE
Animal,Cat Trapping,,DEAGON
Animal,Attack,,DARRA
Animal,Dog,Fencing Issues,JAMBOREE HEIGHTS
Animal,Dog,Wandering,MANLY
Animal,Dog,Wandering,WAKERLEY
Animal,Attack,,JINDALEE
Animal,Attack,Not An Attack,ELLEN GROVE
Animal,Dog,Fencing Issues,BARDON
Animal,Other Animal,Deer,BROOKFIELD
Animal,Attack,,ROCHEDALE
Animal,Attack,,CHERMSIDE WEST
Animal,Other Animal,,BARDON
Animal,Cat Trapping,,ROCHEDALE
Animal,Cat Trapping,,INDOOROOPILLY
Animal,Attack,,STAFFORD HEIGHTS
Animal,Cat Trapping,,KENMORE
Animal,Dog,Wandering,WEST END
Animal,Dog,,SUNNYBANK
Animal,Other Animal,,WYNNUM
Animal,Attack,,INALA
Animal,Dog,Wandering,MOOROOKA
Animal,Dog,,NEW FARM
Animal,Attack,Attack On A Person,BRACKEN RIDGE
Animal,Dog,Wandering,KEPERRA
Animal,Dog,Wandering,KEPERRA
Animal,Cat Trapping,,FOREST LAKE
Animal,Cat,Wandering,CANNON HILL
Animal,Other Animal,Wild Dog,PULLENVALE
Animal,Dog,Too Many Animals,BOONDALL
Animal,Dog,Too Many Animals,BOONDALL
Animal,Attack,,WAVELL HEIGHTS
Animal,Attack,,PINKENBA
Animal,Other Animal,Fox,GORDON PARK
Animal,Attack,,STAFFORD
Animal,Dog,Fencing Issues,STAFFORD
Animal,Dog,,CHAPEL HILL
Animal,Other Animal,Fox,BRIDGEMAN DOWNS
Animal,Other Animal,,BRACKEN RIDGE
Animal,Other Animal,Fox,CHERMSIDE WEST
Animal,Attack,Menacing,CARINA HEIGHTS
Animal,Other Animal,Deer,PINJARRA HILLS
Animal,Dog,Wandering,EAST BRISBANE
Animal,Dog,Fencing Issues,BOONDALL
Animal,Dog,,
Animal,Other Animal,Fox,BROOKFIELD
Animal,Cat,Wandering,ARCHERFIELD
Animal,Cat,Wandering,ARCHERFIELD
Animal,Attack,,KELVIN GROVE
Animal,Dog,Unregistered,LOTA
Animal,Attack,,DURACK
Animal,Cat Trapping,,CARSELDINE
Animal,Dog,Fencing Issues,OXLEY
Animal,Attack,Attack On An Animal,WEST END
Animal,Cat Trapping,,INALA
Animal,Cat Trapping,,FIG TREE POCKET
Animal,Cat Trapping,,ELLEN GROVE
Animal,Dog,Fencing Issues,OXLEY
Animal,Dog,Fencing Issues,TARRAGINDI
Animal,Attack,Attack On An Animal,NEWSTEAD
Animal,Dog,Fencing Issues,CARINA
Animal,Attack,Not An Attack,INALA
Animal,Attack,Attack On An Animal,PINJARRA HILLS
Animal,Dog,Wandering,SALISBURY
Animal,Cat,Wandering,DOOLANDELLA
Animal,Cat Trapping,,CORINDA
Animal,Dog,Unregistered,
Animal,Dog,Fencing Issues,ANSTEAD
Animal,Dog,Fencing Issues,ANSTEAD
Animal,Dog,Fencing Issues,THE GAP
Animal,Dog,Wandering,SANDGATE
Animal,Attack,Not An Attack,STAFFORD
Animal,Attack,Attack On An Animal,CHAPEL HILL
Animal,Other Animal,Wild Dog,MIDDLE PARK
Animal,Attack,,EIGHT MILE PLAINS
Animal,Attack,Attack On A Person,ASHGROVE
Animal,Dog,Fencing Issues,WAVELL HEIGHTS
Animal,Dog,Fencing Issues,ANSTEAD
Animal,Dog,Fencing Issues,ANSTEAD
Animal,Dog,Wandering,BANYO
Animal,Dog,Wandering,WAVELL HEIGHTS
Animal,Dog,Fencing Issues,ANNERLEY
Animal,Dog,Fencing Issues,OXLEY
Animal,Dog,Unregistered,
Animal,Dog,Fencing Issues,SALISBURY
Animal,Cat,Wandering,CARINA
Animal,Cat,Wandering,ASPLEY
Animal,Other Animal,Nuisance Animal,MITCHELTON
Animal,Attack,Attack On An Animal,MACGREGOR
Animal,Attack,Menacing,BRACKEN RIDGE
Animal,Cat Trapping,,SUNNYBANK HILLS
Animal,Dog,Unregistered,
Animal,Other Animal,Pest / Feral Animal,KENMORE
Animal,Attack,Attack On An Animal,CHERMSIDE WEST
Animal,Other Animal,Fox,NATHAN
Animal,Dog,Unregistered,BELLBOWRIE
Animal,Attack,Attack On An Animal,KARANA DOWNS
Animal,Dog,Wandering,OXLEY
Animal,Dog,Wandering,NATHAN
Animal,Dog,Unregistered,KENMORE HILLS
Animal,Other Animal,Wild Dog,ACACIA RIDGE
Animal,Dog,Wandering,WILSTON
Animal,Dog,Fencing Issues,KALINGA
Animal,Dog,,BELLBOWRIE
Animal,Attack,Attack On An Animal,MOUNT GRAVATT EAST
Animal,Attack,Attack On A Person,CHERMSIDE WEST
Animal,Dog,Fencing Issues,MIDDLE PARK
Animal,Attack,,ALGESTER
Animal,Dog,Fencing Issues,CARINA HEIGHTS
Animal,Attack,Attack On A Person,HOLLAND PARK WEST
Animal,Cat,Wandering,BRACKEN RIDGE
Animal,Dog,Wandering,KURABY
Animal,Cat,Wandering,ANNERLEY
Animal,Cat,Wandering,ALGESTER
Animal,Dog,Wandering,YERONGA
Animal,Attack,Attack On An Animal,ROCKLEA
Animal,Dog,Fencing Issues,CHAPEL HILL
Animal,Attack,Attack On A Person,WYNNUM
Animal,Other Animal,Wandering,ASHGROVE
Animal,Attack,Attack On An Animal,ROCHEDALE
Animal,Dog,Wandering,KEPERRA
Animal,Cat Trapping,,DURACK
Animal,Other Animal,Fencing Issues,TARRAGINDI
Animal,Cat Trapping,,NATHAN
Animal,Attack,Not An Attack,STAFFORD HEIGHTS
Animal,Other Animal,Odour,WINDSOR
Animal,Cat,Wandering,COOPERS PLAINS
Animal,Dog,Wandering,BULIMBA
Animal,Attack,Attack On A Person,WYNNUM WEST
Animal,Cat,Wandering,THE GAP
Animal,Attack,Attack On An Animal,CHERMSIDE WEST
Animal,Attack,Not An Attack,CHAPEL HILL
Animal,Other Animal,Fox,UPPER KEDRON
Animal,Cat Trapping,,INALA
Animal,Cat,Wandering,KURABY
Animal,Dog,Wandering,WEST END
Animal,Dog,Unregistered,GEEBUNG
Animal,Other Animal,Deer,PULLENVALE
Animal,Attack,Attack On A Person,WEST END
Animal,Dog,Defecating In Public,SOUTH BRISBANE
Animal,Dog,Unregistered,MANLY WEST
Animal,Cat,Wandering,DUTTON PARK
Animal,Cat Trapping,,WYNNUM WEST
Animal,Dog,Fencing Issues,ACACIA RIDGE
Animal,Dog,Wandering,NUDGEE
Animal,Dog,Fencing Issues,NUDGEE
Animal,Attack,Attack On An Animal,NEW FARM
Animal,Attack,Attack On An Animal,CHUWAR
Animal,Dog,Fencing Issues,CHAPEL HILL
Animal,Attack,Attack On An Animal,DEAGON
Animal,Dog,Wandering,WISHART
Animal,Dog,Fencing Issues,MOOROOKA
Animal,Dog,Unregistered,
Animal,Dog,Wandering,ACACIA RIDGE
Animal,Other Animal,Fox,GUMDALE
Animal,Cat Trapping,,INALA
Animal,Dog,Too Many Animals,WAVELL HEIGHTS
Animal,Cat,Wandering,TARRAGINDI
Animal,Dog,Unregistered,
Animal,Dog,Too Many Animals,
Animal,Dog,Unregistered,
Animal,Dog,Unregistered,
Animal,Other Animal,Fox,CHANDLER
Animal,Other Animal,Fencing Issues,COOPERS PLAINS
Animal,Dog,Fencing Issues,ZILLMERE
Animal,Dog,Fencing Issues,ZILLMERE
Animal,Other Animal,Fox,JAMBOREE HEIGHTS
