Index,Nature,Type,Reporting Level,Suburb
1,Animal,Other Animal,Wandering,CORINDA
2,Animal,Impounded Animal,Dog,BRACKEN RIDGE
3,Animal,Dog,Unregistered,NORTHGATE
4,Animal,Dog,Unregistered,ROCKLEA
5,Animal,Dog,Unregistered,CAMP HILL
6,Animal,Dog,Unregistered,HEATHWOOD
7,Animal,Dog,Unregistered,TARRAGINDI
8,Animal,Dog,Park Patrol Reactive,BULIMBA
9,Animal,Dog,Unregistered,COORPAROO
10,Animal,Other Animal,Wandering,HIGHGATE HILL
11,Animal,Dog,Unregistered,WAVELL HEIGHTS
12,Animal,Wandering at large,Other,MITCHELTON
13,Animal,Other Animal,Fox,MORNINGSIDE
14,Animal,Attack,,NORMAN PARK
15,Animal,Other Animal,Deer,PULLENVALE
16,Animal,Dog,Unregistered,TARINGA
17,Animal,Other Animal,Fox,SEVEN HILLS
18,Animal,Cat,Wandering,DOOLANDELLA
19,Animal,Dog,Odour,TINGALPA
20,Animal,Dog,Unregistered,TINGALPA
21,Animal,Cat Trapping,,EIGHT MILE PLAINS
22,Animal,Attack,Attack On A Person,MURARRIE
23,Animal,Impounded Animal,Dog,ZILLMERE
24,Animal,Impounded Animal,Dog,ZILLMERE
25,Animal,Attack,Attack On An Animal,ASCOT
26,Animal,Impounded Animal,Dog,KEPERRA
27,Animal,Impounded Animal,Dog,FITZGIBBON
28,Animal,Cat Trapping,,KARANA DOWNS
29,Animal,Dog,Unregistered,CARINA
30,Animal,Attack,Not An Attack,TOOWONG
31,Animal,Impounded Animal,Dog,ELLEN GROVE
32,Animal,Other Animal,Fox,NEWMARKET
33,Animal,Dog,Unregistered,WYNNUM WEST
34,Animal,Cat Trapping,,NATHAN
35,Animal,Dog,Unregistered,SUNNYBANK HILLS
36,Animal,Dog,Unregistered,CALAMVALE
37,Animal,Cat,Wandering,BRACKEN RIDGE
38,Animal,Other Animal,Fox,TARRAGINDI
39,Animal,Dog,Park Patrol Reactive,CHERMSIDE
40,Animal,Public space,Dog off-leash,CHAPEL HILL
41,Animal,Other Animal,Feral Pig,FOREST LAKE
42,Animal,Dog,Wandering,MANSFIELD
43,Animal,Park,Dog off-leash,WAKERLEY
44,Animal,Public space,Dog off-leash,CARINA
45,Animal,Attack,Attack On An Animal,ELLEN GROVE
46,Animal,Public space,Dog off-leash,COORPAROO
47,Animal,Other Animal,Too Many Animals,BALD HILLS
48,Animal,Attack,Not An Attack,WEST END
49,Animal,Dog,Unregistered,WINDSOR
50,Animal,Dog,Unregistered,PADDINGTON
51,Animal,Impounded Animal,Dog,KEPERRA
52,Animal,Impounded Animal,Dog,KEPERRA
53,Animal,Attack,Attack On An Animal,PINJARRA HILLS
54,Animal,Attack,Menacing,WOOLLOONGABBA
55,Animal,Dog,Unregistered,ASHGROVE
56,Animal,Cat,Wandering,ROCKLEA
57,Animal,Park,Dog off-leash,BULIMBA
58,Animal,Dog,Unregistered,KENMORE
59,Animal,Dog,Unregistered,ENOGGERA
60,Animal,Dog,Unregistered,CAMP HILL
61,Animal,Cat Trapping,,ASPLEY
62,Animal,Attack,Attack On A Person,INDOOROOPILLY
63,Animal,Other Animal,Fox,RANSOME
64,Animal,Cat Trapping,,NEW FARM
65,Animal,Dog,Unregistered,STAFFORD
66,Animal,Impounded Animal,Dog,WOOLLOONGABBA
67,Animal,Dog,Wandering,MOUNT COOT-THA
68,Animal,Impounded Animal,Dog,ASPLEY
69,Animal,Other Animal,Nuisance Animal,ELLEN GROVE
70,Animal,Cat Trapping,,MACGREGOR
71,Animal,Dog,Unregistered,ALGESTER
72,Animal,Attack,Menacing,INALA
73,Animal,Attack,Attack On An Animal,ASPLEY
74,Animal,Other Animal,Fox,PINJARRA HILLS
75,Animal,Dog,Fencing Issues,HIGHGATE HILL
76,Animal,Prohibited keeping,Rooster,CARINDALE
77,Animal,Dog,Unregistered,BRACKEN RIDGE
78,Animal,Attack,Attack On A Person,WYNNUM WEST
79,Animal,Dog,Unregistered,HEATHWOOD
80,Animal,Other Animal,Fox,NEWMARKET
81,Animal,Other Animal,Fox,NEWMARKET
82,Animal,Cat Trapping,,BRACKEN RIDGE
83,Animal,Dog,Unregistered,CHERMSIDE
84,Animal,Dog,Park Patrol Reactive,NUDGEE BEACH
85,Animal,Other Animal,Rabbit,FERNY GROVE
86,Animal,Other Animal,Nuisance Animal,MURARRIE
87,Animal,Dog,Fencing Issues,CARINA
88,Animal,Dog,Fencing Issues,CARINA
89,Animal,Public space,Dog off-leash,BALMORAL
90,Animal,Dog,Unregistered,STAFFORD
91,Animal,Cat,Wandering,WYNNUM
92,Animal,Dog,Unregistered,
93,Animal,Attack,Not An Attack,FITZGIBBON
94,Animal,Attack,Not An Attack,NEW FARM
95,Animal,Other Animal,Fox,KENMORE
96,Animal,Dog,Unregistered,UPPER KEDRON
97,Animal,Cat,Wandering,ROCHEDALE
98,Animal,Dog,Unregistered,STRETTON
99,Animal,Dog,Unregistered,FITZGIBBON
100,Animal,Dog,Unregistered,STRETTON
101,Animal,Dog,Unregistered,HENDRA
102,Animal,Dog,Unregistered,HENDRA
103,Animal,Dog,Unregistered,ANSTEAD
104,Animal,Dog,Unregistered,OXLEY
105,Animal,Dog,Unregistered,MOUNT GRAVATT EAST
106,Animal,Dog,Unregistered,UPPER KEDRON
107,Animal,Dog,Unregistered,CANNON HILL
108,Animal,Dog,Unregistered,ACACIA RIDGE
109,Animal,Other Animal,Nuisance Animal,CARINDALE
110,Animal,Attack,Attack On An Animal,CHELMER
111,Animal,Impounded Animal,Dog,FERNY GROVE
112,Animal,Other Animal,Unregistered,RUNCORN
113,Animal,Dog,Fencing Issues,HAMILTON
114,Animal,Attack,Not An Attack,STAFFORD HEIGHTS
115,Animal,Dog,Fencing Issues,WAKERLEY
116,Animal,Dog,Fencing Issues,STAFFORD HEIGHTS
117,Animal,Other Animal,Deer,MOUNT OMMANEY
118,Animal,Attack,Attack On A Person,ZILLMERE
119,Animal,Other Animal,Nuisance Animal,BRISBANE CITY
120,Animal,Other Animal,Fox,KENMORE HILLS
121,Animal,Dog,Unregistered,MORNINGSIDE
122,Animal,Other Animal,Nuisance Animal,MOUNT GRAVATT EAST
123,Animal,Dog,Defecating In Public,BANYO
124,Animal,Other Animal,Deer,UPPER BROOKFIELD
125,Animal,Attack,Attack On A Person,KENMORE
126,Animal,Cat,Wandering,KEPERRA
127,Animal,Attack,Attack On An Animal,INDOOROOPILLY
128,Animal,Attack,Not An Attack,HAMILTON
129,Animal,Dog,Park Patrol Reactive,CHERMSIDE
130,Animal,Cat Trapping,,MACGREGOR
131,Animal,Cat,Wandering,GEEBUNG
132,Animal,Dog,Unregistered,ZILLMERE
133,Animal,Wandering at large,Other,ENOGGERA
134,Animal,Dog,Unregistered,SUNNYBANK
135,Animal,Impounded Animal,Cat,RED HILL
136,Animal,Wandering at large,Dog,BALD HILLS
137,Animal,Dog,Unregistered,CAMP HILL
138,Animal,Impounded Animal,Dog,EIGHT MILE PLAINS
139,Animal,Impounded Animal,Cat,THE GAP
140,Animal,Dog,Unregistered,HAMILTON
141,Animal,Dog,Unregistered,SUNNYBANK
142,Animal,Dog,Too Many Animals,MURARRIE
143,Animal,Dog,Fencing Issues,HAMILTON
144,Animal,Other Animal,Unregistered,CALAMVALE
145,Animal,Cat Trapping,,ALGESTER
146,Animal,Dog,Too Many Animals,STAFFORD HEIGHTS
147,Animal,Other Animal,Odour,MITCHELTON
148,Animal,Cat Trapping,,ALGESTER
149,Animal,Impounded Animal,Dog,WINDSOR
150,Animal,Dog,Wandering,ASCOT
151,Animal,Dog,Fencing Issues,ASCOT
152,Animal,Dog,Unregistered,TINGALPA
153,Animal,Attack,Attack On A Person,ASCOT
154,Animal,Dog,Park Patrol Reactive,FIG TREE POCKET
155,Animal,Attack,Attack On An Animal,ELLEN GROVE
156,Animal,Dog,Park Patrol Reactive,KANGAROO POINT
157,Animal,Dog,Unregistered,ASPLEY
158,Animal,Dog,Park Patrol Reactive,CHERMSIDE
159,Animal,Other Animal,Too Many Animals,ASPLEY
160,Animal,Attack,Attack On An Animal,EVERTON PARK
161,Animal,Dog,Wandering,TENERIFFE
162,Animal,Attack,Menacing,MURARRIE
163,Animal,Cat Trapping,,WOOLLOONGABBA
164,Animal,Attack,Attack On An Animal,BELLBOWRIE
165,Animal,Cat,Wandering,NORTHGATE
166,Animal,Dog,Unregistered,HAMILTON
167,Animal,Impounded Animal,Dog,MANLY WEST
168,Animal,Attack,Attack On A Person,PADDINGTON
169,Animal,Dog,Fencing Issues,BOONDALL
170,Animal,Attack,Attack On An Animal,WILSTON
171,Animal,Dog,Park Patrol Reactive,WILSTON
172,Animal,Cat Trapping,,KEDRON
173,Animal,Cat Trapping,,KELVIN GROVE
174,Animal,Cat Trapping,,WAKERLEY
175,Animal,Dog,Fencing Issues,BRACKEN RIDGE
176,Animal,Dog,Fencing Issues,BRACKEN RIDGE
177,Animal,Dog,Fencing Issues,SUNNYBANK HILLS
178,Animal,Dog,Fencing Issues,CARINDALE
179,Animal,Dog,Unregistered,CAMP HILL
180,Animal,Cat,Wandering,KENMORE
181,Animal,Impounded Animal,Dog,BRACKEN RIDGE
182,Animal,Impounded Animal,Cat,STAFFORD HEIGHTS
183,Animal,Other Animal,Fox,BRACKEN RIDGE
184,Animal,Cat,Wandering,GREENSLOPES
185,Animal,Dog,Park Patrol Reactive,CHERMSIDE
186,Animal,Attack,Attack On An Animal,ALGESTER
187,Animal,Cat,Wandering,TARRAGINDI
188,Animal,Attack,Attack On An Animal,EIGHT MILE PLAINS
189,Animal,Park,Dog off-leash,BRACKEN RIDGE
190,Animal,Cat Trapping,,SUNNYBANK
191,Animal,Public space,Dog off-leash,KEDRON
192,Animal,Impounded Animal,Dog,COOPERS PLAINS
193,Animal,Dog,Unregistered,GORDON PARK
194,Animal,Dog,Park Patrol Reactive,BRISBANE CITY
195,Animal,Dog,Park Patrol Reactive,CHERMSIDE
196,Animal,Dog,Wandering,WYNNUM
197,Animal,Impounded Animal,Dog,SUNNYBANK HILLS
198,Animal,Cat Trapping,,SUNNYBANK
199,Animal,Attack,Attack On An Animal,MURARRIE
200,Animal,Dog,Fencing Issues,BELLBOWRIE
201,Animal,Dog,Park Patrol Reactive,CHERMSIDE
202,Animal,Dog,Too Many Animals,FAIRFIELD
203,Animal,Dog,Too Many Animals,INALA
204,Animal,Dog,Wandering,RICHLANDS
205,Animal,Public space,Dog off-leash,CHAPEL HILL
206,Animal,Dog,Wandering,RICHLANDS
207,Animal,Dog,Wandering,RICHLANDS
208,Animal,Dog,Wandering,RICHLANDS
209,Animal,Dog,Wandering,RICHLANDS
210,Animal,Cat Trapping,,ZILLMERE
211,Animal,Dog,Park Patrol Reactive,MOUNT GRAVATT EAST
212,Animal,Dog,Too Many Animals,INALA
213,Animal,Minimum standards/ Nuisance,Vermin,ACACIA RIDGE
214,Animal,Cat,Wandering,KEPERRA
215,Animal,Attack,Not An Attack,GREENSLOPES
216,Animal,Attack,Attack On A Person,CLAYFIELD
217,Animal,Attack,Menacing,BRACKEN RIDGE
218,Animal,Other Animal,Nuisance Animal,ZILLMERE
219,Animal,Other Animal,Fox,PULLENVALE
220,Animal,Other Animal,Deer,JINDALEE
221,Animal,Dog,Odour,INALA
222,Animal,Impounded Animal,Dog,TARRAGINDI
223,Animal,Impounded Animal,Dog,TARRAGINDI
224,Animal,Dog,Unregistered,KEPERRA
225,Animal,Other Animal,Deer,ANSTEAD
226,Animal,Dog,Fencing Issues,INALA
227,Animal,Cat Trapping,,OXLEY
228,Animal,Dog,Park Patrol Reactive,KANGAROO POINT
229,Animal,Dog,Park Patrol Reactive,NUDGEE BEACH
230,Animal,Public space,Defecating In Public,HOLLAND PARK WEST
231,Animal,Dog,Park Patrol Reactive,TENERIFFE
232,Animal,Dog,Wandering,TENERIFFE
233,Animal,Other Animal,Fox,KELVIN GROVE
234,Animal,Cat,Wandering,MANSFIELD
235,Animal,Cat Trapping,,MANSFIELD
236,Animal,Impounded Animal,Dog,LOTA
237,Animal,Dog,Wandering,WEST END
238,Animal,Dog,Unregistered,TINGALPA
239,Animal,Dog,Too Many Animals,DOOLANDELLA
240,Animal,Impounded Animal,Dog,EVERTON PARK
241,Animal,Cat,Wandering,FITZGIBBON
242,Animal,Cat,Wandering,FITZGIBBON
243,Animal,Cat Trapping,,ALDERLEY
244,Animal,Wandering at large,Cat,MACGREGOR
245,Animal,Attack,Not An Attack,HOLLAND PARK WEST
246,Animal,Dog,Fencing Issues,UPPER BROOKFIELD
247,Animal,Dog,Unregistered,CHERMSIDE
248,Animal,Dog,Wandering,MOOROOKA
249,Animal,Attack,Menacing,ROCKLEA
250,Animal,Other Animal,Fox,CARINDALE
251,Animal,Other Animal,Fox,MOGGILL
252,Animal,Prohibited keeping,Rooster,SANDGATE
253,Animal,Attack,Attack On A Person,MANSFIELD
254,Animal,Other Animal,Fox,ANSTEAD
255,Animal,Other Animal,Fox,MANLY WEST
256,Animal,Dog,Wandering,FOREST LAKE
257,Animal,Attack,Attack On An Animal,CALAMVALE
258,Animal,Other Animal,Fox,NATHAN
259,Animal,Other Animal,Rabbit,BROOKFIELD
260,Animal,Other Animal,Deer,MOGGILL
261,Animal,Other Animal,Fencing Issues,KARANA DOWNS
262,Animal,Dog,Fencing Issues,ELLEN GROVE
263,Animal,Public space,Defecating In Public,BANYO
264,Animal,Other Animal,Wild Dog,KENMORE HILLS
265,Animal,Dog,Wandering,MITCHELTON
266,Animal,Cat Trapping,,FOREST LAKE
267,Animal,Permit required,Dog,ACACIA RIDGE
268,Animal,Attack,Attack On An Animal,TAIGUM
269,Animal,Park,Dog off-leash,CANNON HILL
270,Animal,Dog,Park Patrol Reactive,YERONGA
271,Animal,Dog,Unregistered,MANSFIELD
272,Animal,Dog,Unregistered,STAFFORD HEIGHTS
273,Animal,Cat Trapping,,BRIGHTON
274,Animal,Impounded Animal,Dog,MANLY WEST
275,Animal,Other Animal,Nuisance Animal,TAIGUM
276,Animal,Permit required,Dog,CHERMSIDE
277,Animal,Impounded Animal,Dog,WOOLLOONGABBA
278,Animal,Cat Trapping,,SUNNYBANK
279,Animal,Cat Trapping,,EIGHT MILE PLAINS
280,Animal,Attack,Menacing,SALISBURY
281,Animal,Attack,Not An Attack,ACACIA RIDGE
282,Animal,Dog,Wandering,SALISBURY
283,Animal,Attack,Attack On An Animal,CARINDALE
284,Animal,Dog,Park Patrol Reactive,CHERMSIDE
285,Animal,Minimum standards/ Nuisance,Odour - Other,HOLLAND PARK
286,Animal,Impounded Animal,Dog,MOOROOKA
287,Animal,Impounded Animal,Dog,ASPLEY
288,Animal,Impounded Animal,Cat,ZILLMERE
289,Animal,Dog,Odour,CARSELDINE
290,Animal,Cat,Wandering,THE GAP
291,Animal,Cat Trapping,,CHANDLER
292,Animal,Dog,Unregistered,
293,Animal,Dog,Unregistered,
294,Animal,Park,Dog off-leash,BRISBANE CITY
295,Animal,Impounded Animal,Dog,MOOROOKA
296,Animal,Dog,Too Many Animals,WAKERLEY
297,Animal,Dog,Too Many Animals,TINGALPA
298,Animal,Impounded Animal,Cat,HOLLAND PARK WEST
299,Animal,Other Animal,Fox,MOUNT GRAVATT
300,Animal,Other Animal,Fox,RANSOME
301,Animal,Dog,Wandering,GEEBUNG
302,Animal,Other Animal,Fox,SEVEN HILLS
303,Animal,Other Animal,Fox,KARANA DOWNS
304,Animal,Other Animal,Fox,TARRAGINDI
305,Animal,Other Animal,Insufficient Space,KEPERRA
306,Animal,Cat Trapping,,LOTA
307,Animal,Dog,Defecating In Public,WOOLLOONGABBA
308,Animal,Public space,Dog off-leash,ASHGROVE
309,Animal,Dog,Unregistered,BRIGHTON
310,Animal,Attack,Attack On An Animal,ALGESTER
311,Animal,Cat,Wandering,ASPLEY
312,Animal,Other Animal,Wild Dog,MOUNT COOT-THA
313,Animal,Attack,Attack On An Animal,HOLLAND PARK WEST
314,Animal,Attack,Not An Attack,STONES CORNER
315,Animal,Other Animal,Fox,UPPER BROOKFIELD
316,Animal,Attack,Attack On A Person,MOUNT GRAVATT EAST
317,Animal,Dog,Unregistered,BOWEN HILLS
318,Animal,Dog,Unregistered,FOREST LAKE
319,Animal,Prohibited keeping,Rooster,DOOLANDELLA
320,Animal,Other Animal,Nuisance Animal,DOOLANDELLA
321,Animal,Other Animal,Nuisance Animal,DOOLANDELLA
322,Animal,Other Animal,Nuisance Animal,DOOLANDELLA
323,Animal,Other Animal,Nuisance Animal,DOOLANDELLA
324,Animal,Other Animal,Nuisance Animal,DOOLANDELLA
325,Animal,Other Animal,Nuisance Animal,DOOLANDELLA
326,Animal,Other Animal,Nuisance Animal,DOOLANDELLA
327,Animal,Other Animal,Nuisance Animal,DOOLANDELLA
328,Animal,Other Animal,Nuisance Animal,DOOLANDELLA
329,Animal,Other Animal,Nuisance Animal,DOOLANDELLA
330,Animal,Other Animal,Nuisance Animal,DOOLANDELLA
331,Animal,Dog,Unregistered,INALA
332,Animal,Dog,Unregistered,INALA
333,Animal,Cat Trapping,,KENMORE HILLS
334,Animal,Dog,Park Patrol Reactive,BRISBANE CITY
335,Animal,Minimum standards/ Nuisance,Odour - Other,BELMONT
336,Animal,Impounded Animal,Dog,CANNON HILL
337,Animal,Dog,Park Patrol Proactive,KANGAROO POINT
338,Animal,Dog,Park Patrol Proactive,INDOOROOPILLY
339,Animal,Cat,Wandering,CARSELDINE
340,Animal,Dog,Fencing Issues,CHERMSIDE
341,Animal,Cat Trapping,,GEEBUNG
342,Animal,Dog,Unregistered,BALD HILLS
343,Animal,Dog,Unregistered,MITCHELTON
344,Animal,Fencing Issues,Dog,ANNERLEY
345,Animal,Dog,Unregistered,ANSTEAD
346,Animal,Other Animal,Odour,HOLLAND PARK WEST
347,Animal,Dog,Fencing Issues,ANNERLEY
348,Animal,Dog,Unregistered,CARINA
349,Animal,Cat Trapping,,BARDON
350,Animal,Attack,Not An Attack,MOOROOKA
351,Animal,Dog,Fencing Issues,ROCKLEA
352,Animal,Attack,Attack On An Animal,KANGAROO POINT
353,Animal,Wandering at large,Cat,THE GAP
354,Animal,Attack,Attack On A Person,EVERTON PARK
355,Animal,Cat,Wandering,HOLLAND PARK
356,Animal,Dog,Unregistered,TOOWONG
357,Animal,Cat Trapping,,KELVIN GROVE
358,Animal,Other Animal,Fox,KARANA DOWNS
359,Animal,Attack,Attack On A Person,MORNINGSIDE
360,Animal,Dog,Wandering,MORNINGSIDE
361,Animal,Dog,Wandering,ST LUCIA
362,Animal,Park,Dog off-leash,ST LUCIA
363,Animal,Dog,Fencing Issues,CARINDALE
364,Animal,Attack,Attack On An Animal,TENERIFFE
365,Animal,Dog,Too Many Animals,GRACEVILLE
366,Animal,Minimum standards/ Nuisance,Poultry - Too many animals,MANSFIELD
367,Animal,Park,Dog off-leash,CARSELDINE
368,Animal,Cat,Wandering,YEERONGPILLY
369,Animal,Cat Trapping,,KURABY
370,Animal,Other Animal,Deer,BROOKFIELD
371,Animal,Cat,Wandering,COORPAROO
372,Animal,Cat,Wandering,GREENSLOPES
373,Animal,Park,Dog off-leash,FOREST LAKE
374,Animal,Attack,Not An Attack,CAMP HILL
375,Animal,Impounded Animal,Cat,CARINA
376,Animal,Cat Trapping,,MOOROOKA
377,Animal,Impounded Animal,Cat,INALA
378,Animal,Dog,Unregistered,FERNY GROVE
379,Animal,Impounded Animal,Other,NORMAN PARK
380,Animal,Attack,Attack On An Animal,SUNNYBANK HILLS
381,Animal,Cat,Wandering,FOREST LAKE
382,Animal,Impounded Animal,Cat,GUMDALE
383,Animal,Impounded Animal,Cat,SEVENTEEN MILE ROCKS
384,Animal,Unregistered dog,First Response letter,CAMP HILL
385,Animal,Dog,Fencing Issues,CAMP HILL
386,Animal,Impounded Animal,Dog,MOUNT GRAVATT EAST
387,Animal,Dog,Unregistered,ALGESTER
388,Animal,Impounded Animal,Dog,INALA
389,Animal,Dog,Fencing Issues,SUNNYBANK HILLS
390,Animal,Impounded Animal,Dog,INALA
391,Animal,Dog,Park Patrol Reactive,HENDRA
392,Animal,Cat,Wandering,CHELMER
393,Animal,Dog,Park Patrol Reactive,YERONGA
394,Animal,Dog,Defecating In Public,SANDGATE
395,Animal,Other Animal,Deer,ROCKLEA
396,Animal,Dog,Wandering,COOPERS PLAINS
397,Animal,Dog,Park Patrol Reactive,KANGAROO POINT
398,Animal,Attack,Not An Attack,FOREST LAKE
399,Animal,Attack,Not An Attack,FOREST LAKE
400,Animal,Dog,Unregistered,WINDSOR
401,Animal,Dog,Unregistered,NEWSTEAD
402,Animal,Dog,Odour,INDOOROOPILLY
403,Animal,Unregistered dog,First Response letter,BANYO
404,Animal,Permit required,Dog,BANYO
405,Animal,Other Animal,Nuisance Animal,INALA
406,Animal,Minimum standards/ Nuisance,Poultry - Too many animals,CHANDLER
407,Animal,Impounded Animal,Dog,CANNON HILL
408,Animal,Attack,Not An Attack,SHERWOOD
409,Animal,Cat Trapping,,INALA
410,Animal,Dog,Fencing Issues,INALA
411,Animal,Attack,Attack On A Person,CHERMSIDE
412,Animal,Dog,Fencing Issues,CORINDA
413,Animal,Dog,Wandering,CARINDALE
414,Animal,Dog,Unregistered,HENDRA
415,Animal,Dog,Fencing Issues,BRIGHTON
416,Animal,Public space,Defecating In Public,KEPERRA
417,Animal,Park,Dog off-leash,TINGALPA
418,Animal,Dog,Fencing Issues,KEPERRA
419,Animal,Attack,Menacing,HEATHWOOD
420,Animal,Cat,Wandering,RED HILL
421,Animal,Attack,Attack On An Animal,WINDSOR
422,Animal,Dog,Unregistered,BELLBOWRIE
423,Animal,Cat Trapping,,MOUNT CROSBY
424,Animal,Wandering at large,Cat,ANNERLEY
425,Animal,Attack,Attack On An Animal,TOOWONG
426,Animal,Park,Dog off-leash,STAFFORD
427,Animal,Dog,Park Patrol Reactive,NEW FARM
428,Animal,Dog,Fencing Issues,NORTHGATE
429,Animal,Public space,Dog off-leash,BANYO
430,Animal,Dog,Fencing Issues,BALD HILLS
431,Animal,Other Animal,Rabbit,YERONGA
432,Animal,Dog,Fencing Issues,ACACIA RIDGE
433,Animal,Impounded Animal,Dog,MORNINGSIDE
434,Animal,Fencing Issues,Dog,MANLY
435,Animal,Dog,Fencing Issues,MANLY
436,Animal,Attack,Menacing,SINNAMON PARK
437,Animal,Other Animal,Rabbit,GUMDALE
438,Animal,Cat Trapping,,SUNNYBANK
439,Animal,Cat Trapping,,BRACKEN RIDGE
440,Animal,Other Animal,Nuisance Animal,PADDINGTON
441,Animal,Dog,Unregistered,MOUNT GRAVATT
442,Animal,Fencing Issues,Dog,LOTA
443,Animal,Park,Dog off-leash,ASHGROVE
444,Animal,Fencing Issues,Dog,NUNDAH
445,Animal,Dog,Fencing Issues,NUNDAH
446,Animal,Cat,Wandering,BELLBOWRIE
447,Animal,Impounded Animal,Dog,ASPLEY
448,Animal,Attack,Attack On An Animal,CHUWAR
449,Animal,Other Animal,Wild Dog,NATHAN
450,Animal,Cat Trapping,,NATHAN
451,Animal,Public space,Dog off-leash,HAWTHORNE
452,Animal,Dog,Too Many Animals,TINGALPA
453,Animal,Dog,Odour,TINGALPA
454,Animal,Dog,Park Patrol Reactive,CHERMSIDE
455,Animal,Dog,Fencing Issues,SHERWOOD
456,Animal,Attack,Attack On An Animal,DURACK
457,Animal,Other Animal,Deer,BROOKFIELD
458,Animal,Cat Trapping,,INALA
459,Animal,Attack,Attack On A Person,COOPERS PLAINS
460,Animal,Dog,Wandering,MOUNT GRAVATT EAST
461,Animal,Attack,Attack On A Person,COOPERS PLAINS
462,Animal,Dog,Park Patrol Reactive,WEST END
463,Animal,Impounded Animal,Dog,SUNNYBANK HILLS
464,Animal,Attack,Attack On An Animal,CHERMSIDE
465,Animal,Dog,Fencing Issues,INALA
466,Animal,Dog,Unregistered,WYNNUM
467,Animal,Other Animal,Fox,SEVEN HILLS
468,Animal,Dog,Unregistered,RUNCORN
469,Animal,Other Animal,Fox,COOPERS PLAINS
470,Animal,Other Animal,Fox,BALD HILLS
471,Animal,Other Animal,Deer,MOUNT CROSBY
472,Animal,Impounded Animal,Dog,WOOLLOONGABBA
473,Animal,Park,Dog off-leash,ANNERLEY
474,Animal,Attack,Attack On A Person,BRIGHTON
475,Animal,Impounded Animal,Dog,SINNAMON PARK
476,Animal,Attack,,COORPAROO
477,Animal,Other Animal,,KHOLO
478,Animal,Dog,Defecating In Public,ASHGROVE
479,Animal,Cat Trapping,,THE GAP
480,Animal,Dog,Fencing Issues,DUTTON PARK
481,Animal,Dog,Park Patrol Reactive,CHERMSIDE WEST
482,Animal,Park,Dog off-leash,CAMP HILL
483,Animal,Dog,Park Patrol Reactive,LOTA
484,Animal,Dog,Unregistered,CARINA HEIGHTS
485,Animal,Other Animal,,KENMORE HILLS
486,Animal,Cat Trapping,,INALA
487,Animal,Impounded Animal,Dog,RUNCORN
488,Animal,Park,Dog off-leash,EAST BRISBANE
489,Animal,Dog,Wandering,EAST BRISBANE
490,Animal,Dog,Park Patrol Reactive,TOOWONG
491,Animal,Dog,Unregistered,FITZGIBBON
492,Animal,Dog,Park Patrol Reactive,SHERWOOD
493,Animal,Dog,Fencing Issues,PALLARA
494,Animal,Attack,Attack On A Person,BROOKFIELD
495,Animal,Cat,Wandering,WEST END
496,Animal,Dog,Defecating In Public,PETRIE TERRACE
497,Animal,Other Animal,Nuisance Animal,SANDGATE
498,Animal,Dog,Unregistered,CALAMVALE
499,Animal,Dog,Park Patrol Reactive,SHERWOOD
500,Animal,Public space,Dog off-leash,HOLLAND PARK
501,Animal,Cat,Wandering,MANLY WEST
502,Animal,Attack,Attack On A Person,NORTHGATE
503,Animal,Attack,Attack On A Person,NORTHGATE
504,Animal,Dog,Park Patrol Reactive,ASHGROVE
505,Animal,Public space,Dog off-leash,TOOWONG
506,Animal,Dog,Wandering,MORETON ISLAND
507,Animal,Dog,Wandering,CHAPEL HILL
508,Animal,Dog,Park Patrol Reactive,NEWSTEAD
509,Animal,Dog,Park Patrol Reactive,RUNCORN
510,Animal,Other Animal,,GUMDALE
511,Animal,Dog,Unregistered,ALGESTER
512,Animal,Fencing Issues,Dog,MOUNT GRAVATT
513,Animal,Minimum standards/ Nuisance,Odour - Dog,PADDINGTON
514,Animal,Public space,Defecating In Public,TARRAGINDI
515,Animal,Dog,Park Patrol Reactive,CHERMSIDE
516,Animal,Other Animal,Fox,MORNINGSIDE
517,Animal,Attack,Attack On A Person,STAFFORD
518,Animal,Dog,Park Patrol Reactive,HENDRA
519,Animal,Dog,Unregistered,MANSFIELD
520,Animal,Cat,Wandering,STRETTON
521,Animal,Attack,Attack On An Animal,WISHART
522,Animal,Cat Trapping,,GUMDALE
523,Animal,Attack,Attack On A Person,DUTTON PARK
524,Animal,Dog,Unregistered,FOREST LAKE
525,Animal,Cat Trapping,,WOOLLOONGABBA
526,Animal,Dog,Unregistered,TINGALPA
527,Animal,Dog,Wandering,CARINA
528,Animal,Attack,Attack On An Animal,CARINDALE
529,Animal,Attack,Attack On A Person,BRIDGEMAN DOWNS
530,Animal,Other Animal,Wild Dog,WACOL
531,Animal,Dog,Park Patrol Reactive,TARRAGINDI
532,Animal,Cat Trapping,,GUMDALE
533,Animal,Dog,Unregistered,EVERTON PARK
534,Animal,Cat Trapping,,GRANGE
535,Animal,Attack,Menacing,EAST BRISBANE
536,Animal,Dog,Fencing Issues,TARRAGINDI
537,Animal,Dog,Wandering,CHAPEL HILL
538,Animal,Attack,Attack On A Person,GUMDALE
539,Animal,Other Animal,Nuisance Animal,TENERIFFE
540,Animal,Attack,Attack On An Animal,KENMORE
541,Animal,Impounded Animal,Dog,KARANA DOWNS
542,Animal,Dog,Unregistered,CARINA
543,Animal,Dog,Unregistered,BRIDGEMAN DOWNS
544,Animal,Dog,Park Patrol Reactive,CANNON HILL
545,Animal,Other Animal,Fox,GUMDALE
546,Animal,Fencing Issues,Dog,UPPER MOUNT GRAVATT
547,Animal,Impounded Animal,Cat,ALDERLEY
548,Animal,Attack,Not An Attack,ANSTEAD
549,Animal,Other Animal,Fox,BURBANK
550,Animal,Cat,Wandering,HAMILTON
551,Animal,Attack,Not An Attack,HAMILTON
552,Animal,Dog,Unregistered,NEW FARM
553,Animal,Cat Trapping,,KEDRON
554,Animal,Dog,Park Patrol Reactive,CANNON HILL
555,Animal,Park,Dog off-leash,FITZGIBBON
556,Animal,Permit required,Cat,ASPLEY
557,Animal,Dog,Park Patrol Reactive,FIG TREE POCKET
558,Animal,Dog,Park Patrol Reactive,BULIMBA
559,Animal,Dog,Park Patrol Reactive,EVERTON PARK
560,Animal,Cat,Wandering,BRACKEN RIDGE
561,Animal,Dog,Park Patrol Reactive,YERONGA
562,Animal,Dog,Defecating In Public,NEW FARM
563,Animal,Attack,Attack On An Animal,EIGHT MILE PLAINS
564,Animal,Attack,Attack On An Animal,ANNERLEY
565,Animal,Dog,Fencing Issues,INALA
566,Animal,Dog,Defecating In Public,INALA
567,Animal,Attack,Attack On A Person,HOLLAND PARK
568,Animal,Dog,Park Patrol Reactive,CHERMSIDE
569,Animal,Other Animal,Fox,SEVEN HILLS
570,Animal,Attack,Not An Attack,NATHAN
571,Animal,Dog,Fencing Issues,EVERTON PARK
572,Animal,Dog,Park Patrol Reactive,CHERMSIDE
573,Animal,Other Animal,Fox,THE GAP
574,Animal,Park,Dog off-leash,GRANGE
575,Animal,Dog,Unregistered,STRETTON
576,Animal,Park,Dog off-leash,WYNNUM WEST
577,Animal,Cat,Wandering,TARINGA
578,Animal,Attack,Not An Attack,STAFFORD
579,Animal,Cat Trapping,,BRACKEN RIDGE
580,Animal,Dog,Unregistered,BOONDALL
581,Animal,Attack,Attack On An Animal,SANDGATE
582,Animal,Public space,Defecating In Public,ALGESTER
583,Animal,Dog,Unregistered,SHERWOOD
584,Animal,Dog,Fencing Issues,INALA
585,Animal,Dog,Park Patrol Reactive,CHERMSIDE
586,Animal,Dog,Unregistered,CLAYFIELD
587,Animal,Dog,Unregistered,PADDINGTON
588,Animal,Public space,Defecating In Public,INALA
589,Animal,Prohibited keeping,Rooster,ACACIA RIDGE
590,Animal,Impounded Animal,Dog,WYNNUM WEST
591,Animal,Attack,Menacing,INALA
592,Animal,Attack,Attack On An Animal,ROCHEDALE
593,Animal,Dog,Fencing Issues,ROCHEDALE
594,Animal,Attack,,WISHART
595,Animal,Dog,Park Patrol Reactive,CHERMSIDE
596,Animal,Dog,Unregistered,BARDON
597,Animal,Dog,Fencing Issues,THE GAP
598,Animal,Attack,Attack On An Animal,WISHART
599,Animal,Attack,Attack On A Person,EAST BRISBANE
600,Animal,Dog,Fencing Issues,INALA
601,Animal,Cat Trapping,,ANNERLEY
602,Animal,Attack,Not An Attack,INALA
603,Animal,Dog,Park Patrol Reactive,ASCOT
604,Animal,Cat,Wandering,KENMORE HILLS
605,Animal,Attack,Not An Attack,MANSFIELD
606,Animal,Impounded Animal,Cat,TARRAGINDI
607,Animal,Attack,Attack On A Person,NORTHGATE
608,Animal,Prohibited keeping,Rooster,INALA
609,Animal,Impounded Animal,Cat,KEDRON
610,Animal,Dog,Unregistered,HOLLAND PARK
611,Animal,Dog,Odour,SUNNYBANK
612,Animal,Cat,Wandering,HOLLAND PARK WEST
613,Animal,Public space,Dog off-leash,HENDRA
614,Animal,Cat,Wandering,CARSELDINE
615,Animal,Public space,Defecating In Public,STRETTON
616,Animal,Dog,Fencing Issues,DUTTON PARK
617,Animal,Attack,Menacing,TINGALPA
618,Animal,Attack,,COORPAROO
619,Animal,Other Animal,Nuisance Animal,MILTON
620,Animal,Other Animal,Nuisance Animal,DEAGON
621,Animal,Impounded Animal,Dog,CARINDALE
622,Animal,Dog,Park Patrol Reactive,ALDERLEY
623,Animal,Fencing Issues,Dog,HOLLAND PARK
624,Animal,Attack,Not An Attack,NUDGEE
625,Animal,Cat Trapping,,NUNDAH
626,Animal,Dog,Odour,BRACKEN RIDGE
627,Animal,Cat Trapping,,RICHLANDS
628,Animal,Minimum standards/ Nuisance,Odour - Other,HENDRA
629,Animal,Dog,Unregistered,DARRA
630,Animal,Attack,Not An Attack,DARRA
631,Animal,Dog,Fencing Issues,BRIGHTON
632,Animal,Dog,Park Patrol Reactive,CHERMSIDE
633,Animal,Dog,Too Many Animals,MANLY WEST
634,Animal,Other Animal,Nuisance Animal,PULLENVALE
635,Animal,Fencing Issues,Dog,MOUNT CROSBY
636,Animal,Dog,Fencing Issues,MIDDLE PARK
637,Animal,Attack,Attack On A Person,NORTHGATE
638,Animal,Other Animal,Fox,DREWVALE
639,Animal,Attack,Attack On An Animal,FITZGIBBON
640,Animal,Dog,Fencing Issues,KELVIN GROVE
641,Animal,Cat,Wandering,HOLLAND PARK
642,Animal,Impounded Animal,Dog,MCDOWALL
643,Animal,Wandering at large,Dog,PADDINGTON
644,Animal,Prohibited keeping,Dog,KELVIN GROVE
645,Animal,Fencing Issues,Dog,OXLEY
646,Animal,Other Animal,Nuisance Animal,WYNNUM
647,Animal,Attack,Attack On A Person,WINDSOR
648,Animal,Attack,Attack On An Animal,SHERWOOD
649,Animal,Dog,Park Patrol Reactive,CHERMSIDE
650,Animal,Dog,Wandering,CHERMSIDE
651,Animal,Impounded Animal,Dog,MANLY WEST
652,Animal,Dog,Odour,SALISBURY
653,Animal,Dog,Fencing Issues,TINGALPA
654,Animal,Dog,Park Patrol Reactive,YERONGA
655,Animal,Dog,Park Patrol Reactive,ALDERLEY
656,Animal,Dog,Unregistered,EVERTON PARK
657,Animal,Attack,Attack On An Animal,ACACIA RIDGE
658,Animal,Attack,Attack On A Person,PULLENVALE
659,Animal,Wandering at large,Dog,PULLENVALE
660,Animal,Minimum standards/ Nuisance,Vermin,CARINDALE
661,Animal,Attack,Not An Attack,YERONGA
662,Animal,Other Animal,Rabbit,YERONGA
663,Animal,Impounded Animal,Dog,DURACK
664,Animal,Attack,Attack On A Person,OXLEY
665,Animal,Impounded Animal,Dog,INALA
666,Animal,Attack,Attack On An Animal,MORNINGSIDE
667,Animal,Other Animal,Nuisance Animal,BULIMBA
668,Animal,Dog,Fencing Issues,OXLEY
669,Animal,Dog,Unregistered,MOOROOKA
670,Animal,Impounded Animal,Dog,JAMBOREE HEIGHTS
671,Animal,Dog,Unregistered,MOOROOKA
672,Animal,Cat Trapping,,EIGHT MILE PLAINS
673,Animal,Cat Trapping,,NATHAN
674,Animal,Dog,Park Patrol Reactive,SALISBURY
675,Animal,Attack,Not An Attack,CHANDLER
676,Animal,Cat Trapping,,PADDINGTON
677,Animal,Attack,Not An Attack,ASHGROVE
678,Animal,Cat,Wandering,BRACKEN RIDGE
679,Animal,Impounded Animal,Dog,ROCHEDALE
680,Animal,Impounded Animal,Dog,ASPLEY
681,Animal,Impounded Animal,Dog,ASPLEY
682,Animal,Dog,Unregistered,CARINA HEIGHTS
683,Animal,Dog,Unregistered,CARINA HEIGHTS
684,Animal,Attack,Attack On An Animal,INALA
685,Animal,Impounded Animal,Dog,SUNNYBANK
686,Animal,Impounded Animal,Dog,GREENSLOPES
687,Animal,Attack,Attack On A Person,BRIGHTON
688,Animal,Other Animal,Deer,KENMORE HILLS
689,Animal,Impounded Animal,Dog,SALISBURY
690,Animal,Impounded Animal,Dog,COORPAROO
691,Animal,Impounded Animal,Dog,CHERMSIDE WEST
692,Animal,Cat Trapping,,HEATHWOOD
693,Animal,Park,Dog off-leash,CARINA
694,Animal,Other Animal,Nuisance Animal,SEVENTEEN MILE ROCKS
695,Animal,Dog,Park Patrol Reactive,WISHART
696,Animal,Attack,Attack On An Animal,INDOOROOPILLY
697,Animal,Other Animal,Wild Dog,NATHAN
698,Animal,Park,Dog off-leash,CARINDALE
699,Animal,Attack,Attack On A Person,TARRAGINDI
700,Animal,Attack,Attack On An Animal,BRIGHTON
701,Animal,Dog,Park Patrol Reactive,HAWTHORNE
702,Animal,Dog,Park Patrol Reactive,HAWTHORNE
703,Animal,Dog,Fencing Issues,BRACKEN RIDGE
704,Animal,Other Animal,Fox,MOGGILL
705,Animal,Impounded Animal,Dog,BROOKFIELD
706,Animal,Attack,Not An Attack,TARRAGINDI
707,Animal,Cat Trapping,,CARINDALE
708,Animal,Dog,Fencing Issues,DARRA
709,Animal,Dog,Park Patrol Reactive,NUDGEE BEACH
710,Animal,Dog,Odour,TINGALPA
711,Animal,Impounded Animal,Dog,EVERTON PARK
712,Animal,Attack,,ACACIA RIDGE
713,Animal,Cat,Wandering,HEATHWOOD
714,Animal,Other Animal,Fencing Issues,DOOLANDELLA
715,Animal,Attack,Attack On A Person,COOPERS PLAINS
716,Animal,Impounded Animal,Dog,BRACKEN RIDGE
717,Animal,Other Animal,Deer,PINJARRA HILLS
718,Animal,Cat,Wandering,ASCOT
719,Animal,Cat Trapping,,SPRING HILL
720,Animal,Cat Trapping,,HENDRA
721,Animal,Dog,Wandering,ENOGGERA
722,Animal,Attack,,UPPER MOUNT GRAVATT
723,Animal,Other Animal,Deer,ROCKLEA
724,Animal,Dog,Park Patrol Reactive,HAWTHORNE
725,Animal,Minimum standards/ Nuisance,Odour - Cat,ASCOT
726,Animal,Dog,Park Patrol Reactive,YERONGA
727,Animal,Attack,Attack On A Person,SUNNYBANK HILLS
728,Animal,Attack,,MORNINGSIDE
729,Animal,Attack,Attack On A Person,COORPAROO
730,Animal,Cat,Wandering,HOLLAND PARK WEST
731,Animal,Other Animal,Rabbit,KURABY
732,Animal,Dog,Unregistered,KURABY
733,Animal,Dog,Unregistered,
734,Animal,Other Animal,Deer,BROOKFIELD
735,Animal,Other Animal,Deer,BROOKFIELD
736,Animal,Other Animal,Fox,BROOKFIELD
737,Animal,Park,Dog off-leash,HOLLAND PARK
738,Animal,Dog,Wandering,MANLY
739,Animal,Dog,Fencing Issues,INALA
740,Animal,Dog,Fencing Issues,INALA
741,Animal,Dog,Park Patrol Reactive,CHERMSIDE WEST
742,Animal,Park,Dog off-leash,INDOOROOPILLY
743,Animal,Impounded Animal,Cat,BARDON
744,Animal,Dog,Park Patrol Reactive,GEEBUNG
745,Animal,Impounded Animal,Dog,BRACKEN RIDGE
746,Animal,Dog,Defecating In Public,STAFFORD
747,Animal,Impounded Animal,Cat,LUTWYCHE
748,Animal,Attack,Attack On An Animal,WYNNUM WEST
749,Animal,Cat,Wandering,WYNNUM WEST
750,Animal,Fencing Issues,Other,DARRA
751,Animal,Cat,Wandering,OXLEY
752,Animal,Dog,Fencing Issues,MURARRIE
753,Animal,Other Animal,Nuisance Animal,MOGGILL
754,Animal,Dog,Fencing Issues,SUNNYBANK HILLS
755,Animal,Park,Dog off-leash,THE GAP
756,Animal,Minimum standards/ Nuisance,Poultry - Enclosure,RUNCORN
757,Animal,Impounded Animal,Cat,NATHAN
758,Animal,Attack,Attack On An Animal,MOUNT GRAVATT EAST
759,Animal,Attack,,WAKERLEY
760,Animal,Other Animal,Rabbit,ALBION
761,Animal,Other Animal,Fox,BELLBOWRIE
762,Animal,Dog,Park Patrol Reactive,LOTA
763,Animal,Attack,Menacing,INALA
764,Animal,Fencing Issues,Dog,MANLY
765,Animal,Dog,Park Patrol Reactive,CANNON HILL
766,Animal,Dog,Park Patrol Reactive,UPPER KEDRON
767,Animal,Other Animal,Fox,TARRAGINDI
768,Animal,Cat,Wandering,UPPER MOUNT GRAVATT
769,Animal,Impounded Animal,Dog,CARINA HEIGHTS
770,Animal,Attack,Attack On An Animal,STAFFORD
771,Animal,Cat Trapping,,GEEBUNG
772,Animal,Public space,Dog off-leash,VIRGINIA
773,Animal,Impounded Animal,Dog,WYNNUM WEST
774,Animal,Cat,Wandering,GUMDALE
775,Animal,Attack,Attack On An Animal,NATHAN
776,Animal,Attack,,JINDALEE
777,Animal,Cat,Wandering,MORNINGSIDE
778,Animal,Dog,Unregistered,HAWTHORNE
779,Animal,Cat,Wandering,UPPER MOUNT GRAVATT
780,Animal,Impounded Animal,Dog,INALA
781,Animal,Impounded Animal,Dog,MITCHELTON
782,Animal,Impounded Animal,Dog,BRIGHTON
783,Animal,Other Animal,Fox,TARRAGINDI
784,Animal,Attack,Menacing,HOLLAND PARK WEST
785,Animal,Other Animal,Fox,THE GAP
786,Animal,Cat Trapping,,FOREST LAKE
787,Animal,Impounded Animal,Dog,CAMP HILL
788,Animal,Impounded Animal,Dog,NORTHGATE
789,Animal,Impounded Animal,Dog,NORTHGATE
790,Animal,Cat Trapping,,DEAGON
791,Animal,Cat,Wandering,CHAPEL HILL
792,Animal,Impounded Animal,Dog,FERNY GROVE
793,Animal,Other Animal,Pest / Feral Animal,OXLEY
794,Animal,Impounded Animal,Dog,ASPLEY
795,Animal,Impounded Animal,Dog,RUNCORN
796,Animal,Impounded Animal,Dog,SALISBURY
797,Animal,Fencing Issues,Other,ANNERLEY
798,Animal,Impounded Animal,Dog,ACACIA RIDGE
799,Animal,Cat Trapping,,ACACIA RIDGE
800,Animal,Impounded Animal,Dog,MANLY WEST
801,Animal,Attack,,CARINDALE
802,Animal,Impounded Animal,Dog,ROCHEDALE
803,Animal,Dog,Park Patrol Reactive,ASHGROVE
804,Animal,Dog,Unregistered,GORDON PARK
805,Animal,Cat Trapping,,MOOROOKA
806,Animal,Attack,Menacing,ALGESTER
807,Animal,Other Animal,Fox,SEVEN HILLS
808,Animal,Dog,Park Patrol Reactive,WYNNUM
809,Animal,Dog,Wandering,CHERMSIDE
810,Animal,Cat Trapping,,THE GAP
811,Animal,Dog,Unregistered,GEEBUNG
812,Animal,Other Animal,Nuisance Animal,SALISBURY
813,Animal,Dog,Fencing Issues,BRIGHTON
814,Animal,Park,Dog off-leash,SUNNYBANK
815,Animal,Attack,Attack On An Animal,SUNNYBANK
816,Animal,Minimum standards/ Nuisance,Odour - Other,HENDRA
817,Animal,Dog,Park Patrol Reactive,CHERMSIDE
818,Animal,Dog,Unregistered,CHERMSIDE
819,Animal,Attack,Attack On An Animal,WINDSOR
820,Animal,Attack,Not An Attack,DUTTON PARK
821,Animal,Attack,Not An Attack,KARANA DOWNS
822,Animal,Attack,Not An Attack,HIGHGATE HILL
823,Animal,Impounded Animal,Dog,CANNON HILL
824,Animal,Wandering at large,Dog,WYNNUM
825,Animal,Dog,Unregistered,HAWTHORNE
826,Animal,Dog,Fencing Issues,INALA
827,Animal,Public space,Dog off-leash,THE GAP
828,Animal,Dog,Unregistered,WYNNUM WEST
829,Animal,Dog,Unregistered,WYNNUM WEST
830,Animal,Attack,Attack On A Person,CHERMSIDE
831,Animal,Other Animal,Deer,ANSTEAD
832,Animal,Cat Trapping,,BRACKEN RIDGE
833,Animal,Cat,Wandering,TARRAGINDI
834,Animal,Minimum standards/ Nuisance,Poultry - Enclosure,EAST BRISBANE
835,Animal,Dog,Fencing Issues,BELMONT
836,Animal,Impounded Animal,Dog,MANLY WEST
837,Animal,Impounded Animal,Dog,MANLY WEST
838,Animal,Other Animal,Odour,MACKENZIE
839,Animal,Public space,Dog off-leash,OXLEY
840,Animal,Impounded Animal,Dog,WISHART
841,Animal,Cat,Wandering,MANLY WEST
842,Animal,Dog,Unregistered,COORPAROO
843,Animal,Attack,,FORTITUDE VALLEY
844,Animal,Other Animal,Nuisance Animal,KENMORE
845,Animal,Dog,Unregistered,STAFFORD HEIGHTS
846,Animal,Dog,Unregistered,CHAPEL HILL
847,Animal,Dog,Unregistered,KARANA DOWNS
848,Animal,Dog,Unregistered,ZILLMERE
849,Animal,Dog,Park Patrol Reactive,NEW FARM
850,Animal,Dog,Park Patrol Reactive,ACACIA RIDGE
851,Animal,Impounded Animal,Dog,SUNNYBANK HILLS
852,Animal,Impounded Animal,Dog,SUNNYBANK HILLS
853,Animal,Dog,Unregistered,STAFFORD HEIGHTS
854,Animal,Dog,Park Patrol Reactive,ZILLMERE
855,Animal,Other Animal,Fox,MORNINGSIDE
856,Animal,Other Animal,Nuisance Animal,SUNNYBANK HILLS
857,Animal,Impounded Animal,Dog,WOOLLOONGABBA
858,Animal,Dog,Unregistered,MOOROOKA
859,Animal,Prohibited keeping,Rooster,MOOROOKA
860,Animal,Park,Dog off-leash,SANDGATE
861,Animal,Cat,Wandering,EIGHT MILE PLAINS
862,Animal,Dog,Unregistered,INALA
863,Animal,Dog,Unregistered,INALA
864,Animal,Cat Trapping,,INALA
865,Animal,Attack,Menacing,BRIGHTON
866,Animal,Dog,Wandering,BRIGHTON
867,Animal,Impounded Animal,Dog,STAFFORD HEIGHTS
868,Animal,Impounded Animal,Dog,CANNON HILL
869,Animal,Impounded Animal,Dog,RUNCORN
870,Animal,Attack,Attack On A Person,BELLBOWRIE
871,Animal,Dog,Defecating In Public,COOPERS PLAINS
872,Animal,Attack,,INALA
873,Animal,Other Animal,Fox,UPPER MOUNT GRAVATT
874,Animal,Dog,Park Patrol Reactive,FIG TREE POCKET
875,Animal,Attack,Attack On An Animal,MOUNT GRAVATT EAST
876,Animal,Attack,Attack On A Person,CHERMSIDE
877,Animal,Dog,Wandering,PADDINGTON
878,Animal,Impounded Animal,Dog,CARINDALE
879,Animal,Attack,Not An Attack,SALISBURY
880,Animal,Attack,Attack On A Person,ALDERLEY
881,Animal,Attack,Attack On An Animal,ALGESTER
882,Animal,Cat Trapping,,PINKENBA
883,Animal,Attack,Not An Attack,NORMAN PARK
884,Animal,Impounded Animal,Dog,BRACKEN RIDGE
885,Animal,Park,Dog off-leash,EIGHT MILE PLAINS
886,Animal,Dog,Fencing Issues,ASPLEY
887,Animal,Attack,Attack On An Animal,KANGAROO POINT
888,Animal,Dog,Fencing Issues,CHERMSIDE WEST
889,Animal,Dog,Park Patrol Reactive,BARDON
890,Animal,Impounded Animal,Dog,CALAMVALE
891,Animal,Dog,Unregistered,STAFFORD
892,Animal,Impounded Animal,Dog,WOOLLOONGABBA
893,Animal,Impounded Animal,Dog,DUTTON PARK
894,Animal,Dog,Park Patrol Reactive,DUTTON PARK
895,Animal,Dog,Fencing Issues,KEPERRA
896,Animal,Other Animal,Nuisance Animal,KELVIN GROVE
897,Animal,Cat Trapping,,SUNNYBANK HILLS
898,Animal,Cat,Wandering,CAMP HILL
899,Animal,Attack,Attack On A Person,YERONGA
900,Animal,Public space,Defecating In Public,CORINDA
901,Animal,Impounded Animal,Dog,DEAGON
902,Animal,Other Animal,Fox,ALDERLEY
903,Animal,Dog,Unregistered,HOLLAND PARK
904,Animal,Dog,Park Patrol Reactive,GEEBUNG
905,Animal,Other Animal,Fox,CHANDLER
906,Animal,Park,Dog off-leash,GREENSLOPES
907,Animal,Park,Dog off-leash,FOREST LAKE
908,Animal,Dog,Unregistered,SUNNYBANK
909,Animal,Attack,Not An Attack,RIVERHILLS
910,Animal,Dog,Unregistered,ALBION
911,Animal,Dog,Odour,TINGALPA
912,Animal,Other Animal,Fox,MANLY
913,Animal,Other Animal,Fox,BROOKFIELD
914,Animal,Other Animal,Rabbit,BROOKFIELD
915,Animal,Dog,Too Many Animals,
916,Animal,Permit required,Dog,
917,Animal,Fencing Issues,Dog,ROCHEDALE
918,Animal,Dog,Fencing Issues,DREWVALE
919,Animal,Fencing Issues,Dog,DREWVALE
920,Animal,Dog,Unregistered,KEPERRA
921,Animal,Dog,Unregistered,BELMONT
922,Animal,Other Animal,Unregistered,BELMONT
923,Animal,Dog,Unregistered,HENDRA
924,Animal,Cat Trapping,,TOOWONG
925,Animal,Park,Dog off-leash,KENMORE HILLS
926,Animal,Attack,Attack On A Person,ACACIA RIDGE
927,Animal,Other Animal,Fox,BARDON
928,Animal,Other Animal,Odour,LOTA
929,Animal,Impounded Animal,Dog,DEAGON
930,Animal,Dog,Park Patrol Reactive,CANNON HILL
931,Animal,Other Animal,Nuisance Animal,ROCKLEA
932,Animal,Dog,Wandering,CANNON HILL
933,Animal,Dog,Fencing Issues,BALD HILLS
934,Animal,Dog,Park Patrol Reactive,NEWSTEAD
935,Animal,Wandering at large,Dog,ZILLMERE
936,Animal,Other Animal,Fox,BARDON
937,Animal,Attack,Attack On A Person,BARDON
938,Animal,Permit required,Dog,MORNINGSIDE
939,Animal,Impounded Animal,Dog,HOLLAND PARK WEST
940,Animal,Other Animal,Feral Cat,GEEBUNG
941,Animal,Dog,Unregistered,MORNINGSIDE
942,Animal,Attack,Attack On A Person,WYNNUM
943,Animal,Attack,Not An Attack,CARINA HEIGHTS
944,Animal,Impounded Animal,Dog,MOUNT GRAVATT
945,Animal,Dog,Park Patrol Reactive,ALDERLEY
946,Animal,Attack,Attack On A Person,MOGGILL
947,Animal,Attack,Attack On A Person,COOPERS PLAINS
948,Animal,Attack,Attack On An Animal,MACGREGOR
949,Animal,Other Animal,Fox,BARDON
950,Animal,Dog,Unregistered,DARRA
951,Animal,Dog,Unregistered,DARRA
952,Animal,Dog,Fencing Issues,DARRA
953,Animal,Dog,Fencing Issues,DARRA
954,Animal,Attack,Menacing,DARRA
955,Animal,Attack,Attack On A Person,DOOLANDELLA
956,Animal,Attack,Attack On A Person,INALA
957,Animal,Prohibited keeping,Dog,ASPLEY
958,Animal,Attack,Attack On A Person,HENDRA
959,Animal,Attack,Attack On A Person,FAIRFIELD
960,Animal,Dog,Park Patrol Reactive,NUDGEE BEACH
961,Animal,Wandering at large,Dog,NEWSTEAD
962,Animal,Permit required,Dog,KENMORE
963,Animal,Other Animal,Nuisance Animal,BRACKEN RIDGE
964,Animal,Attack,Attack On An Animal,TOOWONG
965,Animal,Cat,Wandering,CALAMVALE
966,Animal,Impounded Animal,Cat,ROCKLEA
967,Animal,Attack,Not An Attack,NORTHGATE
968,Animal,Impounded Animal,Cat,KURABY
969,Animal,Dog,Park Patrol Reactive,BARDON
970,Animal,Other Animal,Nuisance Animal,INALA
971,Animal,Cat Trapping,,DREWVALE
972,Animal,Attack,Menacing,SALISBURY
973,Animal,Dog,Park Patrol Reactive,CHERMSIDE
974,Animal,Wandering at large,Cat,STAFFORD HEIGHTS
975,Animal,Wandering at large,Dog,STAFFORD
976,Animal,Attack,Attack On An Animal,WYNNUM WEST
977,Animal,Fencing Issues,Dog,WACOL
978,Animal,Dog,Park Patrol Reactive,CANNON HILL
979,Animal,Other Animal,Fox,SEVEN HILLS
980,Animal,Dog,Unregistered,WACOL
981,Animal,Dog,Unregistered,PADDINGTON
982,Animal,Dog,Park Patrol Reactive,NEWSTEAD
983,Animal,Other Animal,Feral Cat,KELVIN GROVE
984,Animal,Dog,Too Many Animals,WAVELL HEIGHTS
985,Animal,Dog,Fencing Issues,RED HILL
986,Animal,Other Animal,Nuisance Animal,MORNINGSIDE
987,Animal,Permit required,Poultry,CLAYFIELD
988,Animal,Dog,Defecating In Public,CORINDA
989,Animal,Impounded Animal,Dog,DUTTON PARK
990,Animal,Attack,Attack On A Person,HENDRA
991,Animal,Fencing Issues,Dog,ANNERLEY
992,Animal,Impounded Animal,Dog,TOOWONG
993,Animal,Impounded Animal,Cat,WINDSOR
994,Animal,Dog,Unregistered,WOOLLOONGABBA
995,Animal,Cat Trapping,,MOOROOKA
996,Animal,Attack,Not An Attack,BOONDALL
997,Animal,Dog,Fencing Issues,CARSELDINE
998,Animal,Unregistered dog,First Response letter,NUDGEE
999,Animal,Attack,Attack On An Animal,MOUNT GRAVATT EAST
1000,Animal,Impounded Animal,Cat,WEST END
1001,Animal,Impounded Animal,Dog,FERNY GROVE
1002,Animal,Impounded Animal,Dog,WISHART
1003,Animal,Dog,Fencing Issues,CARINDALE
1004,Animal,Cat Trapping,,WACOL
1005,Animal,Impounded Animal,Dog,FORTITUDE VALLEY
1006,Animal,Cat Trapping,,TENERIFFE
1007,Animal,Unregistered dog,Dog,FAIRFIELD
1008,Animal,Other Animal,Wild Dog,BROOKFIELD
1009,Animal,Wandering at large,Other,MOUNT CROSBY
1010,Animal,Cat,Wandering,CLAYFIELD
1011,Animal,Attack,Attack On A Person,CAMP HILL
1012,Animal,Park,Dog off-leash,CAMP HILL
1013,Animal,Attack,Attack On A Person,ACACIA RIDGE
1014,Animal,Other Animal,Fox,ANSTEAD
1015,Animal,Fencing Issues,Dog,CALAMVALE
1016,Animal,Impounded Animal,Dog,KEDRON
1017,Animal,Unregistered dog,,RICHLANDS
1018,Animal,Attack,Attack On An Animal,WYNNUM WEST
1019,Animal,Cat,Wandering,MANLY WEST
1020,Animal,Cat,Wandering,MANLY WEST
1021,Animal,Permit required,Poultry,SUNNYBANK HILLS
1022,Animal,Park,Dog off-leash,RUNCORN
1023,Animal,Dog,Unregistered,NUDGEE
1024,Animal,Attack,Menacing,RUNCORN
1025,Animal,Attack,Attack On A Person,MCDOWALL
1026,Animal,Attack,Menacing,EIGHT MILE PLAINS
1027,Animal,Attack,Attack On A Person,NUDGEE BEACH
1028,Animal,Public space,Defecating In Public,NORMAN PARK
1029,Animal,Permit required,Cat,INALA
1030,Animal,Dog,Unregistered,BOONDALL
1031,Animal,Fencing Issues,Dog,MOUNT GRAVATT EAST
1032,Animal,Park,Dog off-leash,CHERMSIDE
1033,Animal,Unregistered dog,Investigation and Enforcement,MANLY WEST
1034,Animal,Attack,Attack On An Animal,FERNY GROVE
1035,Animal,Unregistered dog,First Response letter,BELMONT
1036,Animal,Wandering at large,Cat,BRIDGEMAN DOWNS
1037,Animal,Other Animal,Deer,UPPER BROOKFIELD
1038,Animal,Attack,Attack On A Person,THE GAP
1039,Animal,Prohibited keeping,Rooster,HIGHGATE HILL
1040,Animal,Impounded Animal,Dog,COORPAROO
1041,Animal,Cat Trapping,,KELVIN GROVE
1042,Animal,Unregistered dog,First Response letter,NEWMARKET
1043,Animal,Fencing Issues,Dog,MOOROOKA
1044,Animal,Unregistered dog,First Response letter,ANNERLEY
1045,Animal,Impounded Animal,Dog,ACACIA RIDGE
1046,Animal,Impounded Animal,Dog,DOOLANDELLA
1047,Animal,Dog,Fencing Issues,LOTA
1048,Animal,Fencing Issues,Dog,LOTA
1049,Animal,Park,Dog off-leash,CANNON HILL
1050,Animal,Wandering at large,Dog,FIG TREE POCKET
1051,Animal,Cat Trapping,,MILTON
1052,Animal,Impounded Animal,Dog,BARDON
1053,Animal,Attack,Attack On An Animal,MOUNT GRAVATT EAST
1054,Animal,Cat Trapping,,ROCHEDALE
1055,Animal,Impounded Animal,Dog,SUNNYBANK HILLS
1056,Animal,Park,Dog off-leash,OXLEY
1057,Animal,Park,Dog off-leash,LOTA
1058,Animal,Attack,Not An Attack,ASHGROVE
1059,Animal,Attack,Not An Attack,KEDRON
1060,Animal,Attack,,FERNY GROVE
1061,Animal,Other Animal,Fox,SEVEN HILLS
1062,Animal,Park,Dog off-leash,NEWSTEAD
1063,Animal,Unregistered dog,,ZILLMERE
1064,Animal,Public space,Defecating In Public,SUNNYBANK HILLS
1065,Animal,Other Animal,Deer,BROOKFIELD
1066,Animal,Cat,Wandering,CANNON HILL
1067,Animal,Dog,Too Many Animals,ACACIA RIDGE
1068,Animal,Other Animal,Fox,CARINDALE
1069,Animal,Minimum standards/ Nuisance,Odour - Dog,INALA
1070,Animal,Cat Trapping,,CARINDALE
1071,Animal,Public space,Dog off-leash,PADDINGTON
1072,Animal,Dog,Fencing Issues,BRACKEN RIDGE
1073,Animal,Other Animal,Fox,CARINDALE
1074,Animal,Dog,Odour,NORMAN PARK
1075,Animal,Attack,Attack On An Animal,DUTTON PARK
1076,Animal,Impounded Animal,Dog,INALA
1077,Animal,Impounded Animal,Cat,SEVENTEEN MILE ROCKS
1078,Animal,Dog,Unregistered,CARINA
1079,Animal,Permit required,Dog,OXLEY
1080,Animal,Cat Trapping,,WINDSOR
1081,Animal,Fencing Issues,Dog,INALA
1082,Animal,Attack,Attack On An Animal,MORNINGSIDE
1083,Animal,Other Animal,Nuisance Animal,DOOLANDELLA
1084,Animal,Park,Dog off-leash,KENMORE
1085,Animal,Dog,Unregistered,TOOWONG
1086,Animal,Cat Trapping,,CAMP HILL
1087,Animal,Other Animal,Fox,WAKERLEY
1088,Animal,Public space,Dog off-leash,SUNNYBANK
1089,Animal,Impounded Animal,Dog,BULIMBA
1090,Animal,Dog,Fencing Issues,BULIMBA
1091,Animal,Impounded Animal,Dog,BULIMBA
1092,Animal,Wandering at large,Cat,WYNNUM WEST
1093,Animal,Cat,Wandering,ALGESTER
1094,Animal,Unregistered dog,First Response letter,FIG TREE POCKET
1095,Animal,Unregistered dog,,MURARRIE
1096,Animal,Dog,Unregistered,MURARRIE
1097,Animal,Dog,Defecating In Public,DREWVALE
1098,Animal,Wandering at large,Dog,DREWVALE
1099,Animal,Attack,Not An Attack,KEPERRA
1100,Animal,Cat Trapping,,MANLY
1101,Animal,Cat,Wandering,FERNY GROVE
1102,Animal,Attack,Attack On A Person,COOPERS PLAINS
1103,Animal,Attack,Menacing,RUNCORN
1104,Animal,Cat Trapping,,HOLLAND PARK
1105,Animal,Permit required,Dog,GRANGE
1106,Animal,Unregistered dog,First Response letter,WYNNUM
1107,Animal,Dog,Fencing Issues,STAFFORD HEIGHTS
1108,Animal,Cat Trapping,,KELVIN GROVE
1109,Animal,Other Animal,Nuisance Animal,MILTON
1110,Animal,Minimum standards/ Nuisance,Odour - Dog,CARSELDINE
1111,Animal,Park,Dog off-leash,GEEBUNG
1112,Animal,Other Animal,Nuisance Animal,ROCKLEA
1113,Animal,Attack,Attack On An Animal,MITCHELTON
1114,Animal,Park,Dog off-leash,BROOKFIELD
1115,Animal,Other Animal,Fox,CHANDLER
1116,Animal,Dog,Wandering,SEVENTEEN MILE ROCKS
1117,Animal,Park,Dog off-leash,SEVENTEEN MILE ROCKS
1118,Animal,Impounded Animal,Dog,FAIRFIELD
1119,Animal,Dog,Wandering,GREENSLOPES
1120,Animal,Impounded Animal,Cat,WAKERLEY
1121,Animal,Cat Trapping,,MANLY
1122,Animal,Unregistered dog,,ACACIA RIDGE
1123,Animal,Dog,Fencing Issues,UPPER KEDRON
1124,Animal,Cat Trapping,,CHERMSIDE WEST
1125,Animal,Attack,Not An Attack,TARINGA
1126,Animal,Fencing Issues,Dog,DARRA
1127,Animal,Park,Dog off-leash,HAWTHORNE
1128,Animal,Park,Dog off-leash,UPPER KEDRON
1129,Animal,Attack,,EVERTON PARK
1130,Animal,Park,Dog off-leash,INDOOROOPILLY
1131,Animal,Wandering at large,Cat,SEVEN HILLS
1132,Animal,Park,Dog off-leash,CHERMSIDE
1133,Animal,Park,Dog off-leash,GREENSLOPES
1134,Animal,Attack,Attack On An Animal,HEMMANT
1135,Animal,Attack,Attack On A Person,VIRGINIA
1136,Animal,Other Animal,Nuisance Animal,VIRGINIA
1137,Animal,Park,Dog off-leash,TOOWONG
1138,Animal,Other Animal,Fox,KENMORE HILLS
1139,Animal,Impounded Animal,Cat,DUTTON PARK
1140,Animal,Park,Dog off-leash,BOWEN HILLS
1141,Animal,Park,Dog off-leash,WEST END
1142,Animal,Impounded Animal,Cat,TARRAGINDI
1143,Animal,Unregistered dog,,SEVENTEEN MILE ROCKS
1144,Animal,Impounded Animal,Dog,ASCOT
1145,Animal,Other Animal,Nuisance Animal,MILTON
1146,Animal,Unregistered dog,First Response letter,STAFFORD
1147,Animal,Dog,Fencing Issues,MOUNT GRAVATT EAST
1148,Animal,Attack,Attack On An Animal,CAMP HILL
1149,Animal,Other Animal,Nuisance Animal,HEMMANT
1150,Animal,Dog,Unregistered,BRIDGEMAN DOWNS
1151,Animal,Unregistered dog,Investigation and Enforcement,BANYO
1152,Animal,Unregistered dog,,ASCOT
1153,Animal,Unregistered dog,Investigation and Enforcement,ASCOT
1154,Animal,Unregistered dog,,BRACKEN RIDGE
1155,Animal,Impounded Animal,Cat,KENMORE
1156,Animal,Cat Trapping,,ASPLEY
1157,Animal,Fencing Issues,Dog,FOREST LAKE
1158,Animal,Park,Dog off-leash,CAMP HILL
1159,Animal,Cat,Wandering,ASCOT
1160,Animal,Attack,Not An Attack,CHERMSIDE
1161,Animal,Impounded Animal,Dog,TAIGUM
1162,Animal,Cat Trapping,,PINKENBA
1163,Animal,Fencing Issues,Dog,CORINDA
1164,Animal,Other Animal,Nuisance Animal,INDOOROOPILLY
1165,Animal,Attack,Not An Attack,RIVERHILLS
1166,Animal,Unregistered dog,First Response letter,EAST BRISBANE
1167,Animal,Attack,Attack On An Animal,HEATHWOOD
1168,Animal,Fencing Issues,Dog,WOOLOOWIN
1169,Animal,Attack,Attack On An Animal,CARINA HEIGHTS
1170,Animal,Other Animal,Fox,SEVEN HILLS
1171,Animal,Fencing Issues,Dog,DURACK
1172,Animal,Dog,Unregistered,WEST END
1173,Animal,Dog,Wandering,INDOOROOPILLY
1174,Animal,Attack,Not An Attack,CARINDALE
1175,Animal,Park,Dog off-leash,CHERMSIDE
1176,Animal,Impounded Animal,Cat,THE GAP
1177,Animal,Attack,Attack On A Person,CLAYFIELD
1178,Animal,Attack,Attack On A Person,MOUNT COOT-THA
1179,Animal,Park,Dog off-leash,CHERMSIDE
1180,Animal,Dog,Unregistered,MOGGILL
1181,Animal,Attack,Attack On An Animal,PULLENVALE
1182,Animal,Impounded Animal,Other,KELVIN GROVE
1183,Animal,Park,Dog off-leash,NUDGEE BEACH
1184,Animal,Park,Dog off-leash,NUDGEE BEACH
1185,Animal,Park,Dog off-leash,NUDGEE BEACH
1186,Animal,Park,Dog off-leash,NUDGEE BEACH
1187,Animal,Fencing Issues,Dog,SANDGATE
1188,Animal,Unregistered dog,First Response letter,INALA
1189,Animal,Attack,Menacing,EIGHT MILE PLAINS
1190,Animal,Impounded Animal,Cat,ASCOT
1191,Animal,Impounded Animal,Dog,WOOLLOONGABBA
1192,Animal,Other Animal,Fox,ANSTEAD
1193,Animal,Park,Dog off-leash,HENDRA
1194,Animal,Cat Trapping,,WYNNUM
1195,Animal,Attack,Attack On An Animal,CANNON HILL
1196,Animal,Dog,Wandering,PARKINSON
1197,Animal,Public space,Defecating In Public,DEAGON
1198,Animal,Cat,Wandering,HOLLAND PARK
1199,Animal,Other Animal,Nuisance Animal,ROCKLEA
1200,Animal,Dog,Wandering,WAVELL HEIGHTS
1201,Animal,Dog,Wandering,EIGHT MILE PLAINS
1202,Animal,Other Animal,Nuisance Animal,ANNERLEY
1203,Animal,Attack,Menacing,SUNNYBANK HILLS
1204,Animal,Attack,Attack On An Animal,SUNNYBANK HILLS
1205,Animal,Other Animal,Nuisance Animal,ANNERLEY
1206,Animal,Dog,Unregistered,KENMORE
1207,Animal,Unregistered dog,First Response letter,BALD HILLS
1208,Animal,Park,Dog off-leash,CALAMVALE
1209,Animal,Dog,Odour,STAFFORD HEIGHTS
1210,Animal,Fencing Issues,Dog,OXLEY
1211,Animal,Other Animal,Deer,UPPER BROOKFIELD
1212,Animal,Park,Dog off-leash,KANGAROO POINT
1213,Animal,Public space,Defecating In Public,SEVEN HILLS
1214,Animal,Minimum standards/ Nuisance,Odour - Cat,PARKINSON
1215,Animal,Unregistered dog,First Response letter,CAMP HILL
1216,Animal,Impounded Animal,Dog,CALAMVALE
1217,Animal,Unregistered dog,First Response letter,ASHGROVE
1218,Animal,Other Animal,Fox,TARRAGINDI
1219,Animal,Unregistered dog,First Response letter,EAST BRISBANE
1220,Animal,Park,Dog off-leash,CHERMSIDE
1221,Animal,Cat,Wandering,WISHART
1222,Animal,Attack,Attack On An Animal,TAIGUM
1223,Animal,Attack,Attack On An Animal,DEAGON
1224,Animal,Cat Trapping,,MANLY
1225,Animal,Cat Trapping,,DREWVALE
1226,Animal,Impounded Animal,Dog,RED HILL
1227,Animal,Cat Trapping,,DREWVALE
1228,Animal,Public space,Dog off-leash,BANYO
1229,Animal,Attack,Attack On An Animal,BANYO
1230,Animal,Minimum standards/ Nuisance,Poultry - Enclosure,ANNERLEY
1231,Animal,Attack,Attack On An Animal,MOUNT CROSBY
1232,Animal,Dog,,
1233,Animal,Attack,Not An Attack,TINGALPA
1234,Animal,Other Animal,Rabbit,ARCHERFIELD
1235,Animal,Other Animal,Fox,KARAWATHA
1236,Animal,Public space,Defecating In Public,STAFFORD
1237,Animal,Dog,Defecating In Public,STAFFORD
1238,Animal,Other Animal,Fencing Issues,EAST BRISBANE
1239,Animal,Other Animal,Nuisance Animal,SUNNYBANK HILLS
1240,Animal,Cat Trapping,,ACACIA RIDGE
1241,Animal,Impounded Animal,Dog,STAFFORD HEIGHTS
1242,Animal,Impounded Animal,Dog,SINNAMON PARK
1243,Animal,Park,Dog off-leash,KENMORE
1244,Animal,Attack,Not An Attack,SHERWOOD
1245,Animal,Unregistered dog,First Response letter,TINGALPA
1246,Animal,Unregistered dog,First Response letter,NORTHGATE
1247,Animal,Attack,Attack On An Animal,NUDGEE
1248,Animal,Cat Trapping,,STAFFORD HEIGHTS
1249,Animal,Other Animal,Pest / Feral Animal,STRETTON
1250,Animal,Park,Dog off-leash,CANNON HILL
1251,Animal,Attack,Attack On An Animal,KARAWATHA
1252,Animal,Impounded Animal,Dog,KEDRON
1253,Animal,Dog,Fencing Issues,BANYO
1254,Animal,Dog,Wandering,BANYO
1255,Animal,Attack,Attack On A Person,MORNINGSIDE
1256,Animal,Permit required,Dog,ASCOT
1257,Animal,Attack,Attack On A Person,FERNY GROVE
1258,Animal,Dog,Fencing Issues,FERNY GROVE
1259,Animal,Permit required,Dog,FERNY GROVE
1260,Animal,Cat Trapping,,WAKERLEY
1261,Animal,Wandering at large,Cat,PADDINGTON
1262,Animal,Attack,Attack On A Person,CARINDALE
1263,Animal,Attack,Attack On An Animal,HENDRA
1264,Animal,Cat Trapping,,INDOOROOPILLY
1265,Animal,Cat,Wandering,SALISBURY
1266,Animal,Park,Dog off-leash,CHERMSIDE
1267,Animal,Attack,Attack On An Animal,FERNY GROVE
1268,Animal,Dog,Fencing Issues,FERNY GROVE
1269,Animal,Cat Trapping,,CHERMSIDE
1270,Animal,Cat Trapping,,COOPERS PLAINS
1271,Animal,Dog,Odour,EVERTON PARK
1272,Animal,Attack,Attack On An Animal,ANNERLEY
1273,Animal,Dog,Fencing Issues,BRACKEN RIDGE
1274,Animal,Dog,Fencing Issues,BRACKEN RIDGE
1275,Animal,Attack,Attack On A Person,FIG TREE POCKET
1276,Animal,Attack,Attack On A Person,WYNNUM WEST
1277,Animal,Park,Dog off-leash,YERONGA
1278,Animal,Cat Trapping,,MANLY WEST
1279,Animal,Cat Trapping,,ENOGGERA
1280,Animal,Cat Trapping,,ACACIA RIDGE
1281,Animal,Dog,Wandering,KURABY
1282,Animal,Unregistered dog,,HERSTON
1283,Animal,Unregistered dog,,MITCHELTON
1284,Animal,Unregistered dog,,TARINGA
1285,Animal,Unregistered dog,,BULIMBA
1286,Animal,Impounded Animal,Cat,GREENSLOPES
1287,Animal,Park,Dog off-leash,NEWSTEAD
1288,Animal,Wandering at large,Other,INALA
1289,Animal,Park,Dog off-leash,HENDRA
1290,Animal,Attack,,GRACEVILLE
1291,Animal,Attack,Attack On A Person,RIVERHILLS
1292,Animal,Impounded Animal,Dog,TINGALPA
1293,Animal,Other Animal,Wild Dog,UPPER MOUNT GRAVATT
1294,Animal,Attack,Attack On A Person,BANYO
1295,Animal,Impounded Animal,Dog,CARINA HEIGHTS
1296,Animal,Public space,Dog off-leash,CAMP HILL
1297,Animal,Unregistered dog,First Response letter,NATHAN
1298,Animal,Dog,Unregistered,ZILLMERE
1299,Animal,Unregistered dog,,MOOROOKA
1300,Animal,Park,Dog off-leash,RUNCORN
1301,Animal,Public space,Dog off-leash,OXLEY
1302,Animal,Attack,Attack On An Animal,INDOOROOPILLY
1303,Animal,Minimum standards/ Nuisance,Vermin,STAFFORD
1304,Animal,Cat Trapping,,WINDSOR
1305,Animal,Cat Trapping,,CALAMVALE
1306,Animal,Cat Trapping,,MANLY
1307,Animal,Cat Trapping,,OXLEY
1308,Animal,Attack,Attack On An Animal,CARINDALE
1309,Animal,Attack,Attack On An Animal,BALD HILLS
1310,Animal,Attack,Attack On A Person,FOREST LAKE
1311,Animal,Cat Trapping,,STAFFORD HEIGHTS
1312,Animal,Impounded Animal,Dog,WOOLLOONGABBA
1313,Animal,Permit required,Dog,EVERTON PARK
1314,Animal,Attack,,HOLLAND PARK
1315,Animal,Attack,Attack On An Animal,CARINA
1316,Animal,Attack,,ACACIA RIDGE
1317,Animal,Park,Dog off-leash,KANGAROO POINT
1318,Animal,Fencing Issues,Regulated - Dog,WAVELL HEIGHTS
1319,Animal,Park,Dog off-leash,BARDON
1320,Animal,Attack,Attack On An Animal,INALA
1321,Animal,Impounded Animal,Dog,DEAGON
1322,Animal,Park,Dog off-leash,CHERMSIDE
1323,Animal,Park,Dog off-leash,CHERMSIDE
1324,Animal,Other Animal,Feral Cat,CHERMSIDE WEST
1325,Animal,Attack,,ALGESTER
1326,Animal,Attack,,RIVERHILLS
1327,Animal,Attack,,MCDOWALL
1328,Animal,Other Animal,Fox,SALISBURY
1329,Animal,Unregistered dog,,STAFFORD HEIGHTS
1330,Animal,Fencing Issues,Dog,ZILLMERE
1331,Animal,Other Animal,Nuisance Animal,THE GAP
1332,Animal,Unregistered dog,First Response letter,CALAMVALE
1333,Animal,Park,Dog off-leash,EVERTON PARK
1334,Animal,Cat Trapping,,ZILLMERE
1335,Animal,Cat Trapping,,TOOWONG
1336,Animal,Fencing Issues,Dog,ASHGROVE
1337,Animal,Impounded Animal,Dog,JINDALEE
1338,Animal,Unregistered dog,First Response letter,BURBANK
1339,Animal,Cat Trapping,,KEDRON
1340,Animal,Minimum standards/ Nuisance,Poultry - Too many animals,BURBANK
1341,Animal,Impounded Animal,Dog,ACACIA RIDGE
1342,Animal,Impounded Animal,Other,CARINDALE
1343,Animal,Attack,,SUNNYBANK HILLS
1344,Animal,Cat,Wandering,CHAPEL HILL
1345,Animal,Unregistered dog,First Response letter,CLAYFIELD
1346,Animal,Dog,Unregistered,INDOOROOPILLY
1347,Animal,Permit required,Dog,MOUNT GRAVATT EAST
1348,Animal,Cat Trapping,,CHERMSIDE WEST
1349,Animal,Wandering at large,Other,MOOROOKA
1350,Animal,Attack,Not An Attack,WESTLAKE
1351,Animal,Attack,Attack On An Animal,FITZGIBBON
1352,Animal,Attack,Not An Attack,CAMP HILL
1353,Animal,Minimum standards/ Nuisance,Poultry - Enclosure,SUNNYBANK HILLS
1354,Animal,Other Animal,Nuisance Animal,WISHART
1355,Animal,Dog,Fencing Issues,CARINA
1356,Animal,Dog,Fencing Issues,CARINA
1357,Animal,Impounded Animal,Dog,WOOLLOONGABBA
1358,Animal,Dog,Unregistered,DARRA
1359,Animal,Park,Dog off-leash,CHERMSIDE
1360,Animal,Park,Dog off-leash,CHERMSIDE
1361,Animal,Cat Trapping,,INALA
1362,Animal,Other Animal,Odour,ZILLMERE
1363,Animal,Other Animal,Fencing Issues,WYNNUM WEST
1364,Animal,Minimum standards/ Nuisance,Odour - Other,TAIGUM
1365,Animal,Wandering at large,Dog,TARRAGINDI
1366,Animal,Impounded Animal,Dog,HOLLAND PARK WEST
1367,Animal,Permit required,Dog,GUMDALE
1368,Animal,Impounded Animal,Dog,ELLEN GROVE
1369,Animal,Attack,Attack On A Person,HENDRA
1370,Animal,Attack,Attack On An Animal,GORDON PARK
1371,Animal,Dog,Fencing Issues,BOONDALL
1372,Animal,Attack,Not An Attack,CALAMVALE
1373,Animal,Attack,Attack On An Animal,MIDDLE PARK
1374,Animal,Attack,Attack On An Animal,ACACIA RIDGE
1375,Animal,Dog,Fencing Issues,INALA
1376,Animal,Dog,Fencing Issues,INALA
1377,Animal,Other Animal,Nuisance Animal,PULLENVALE
1378,Animal,Impounded Animal,Dog,NORTHGATE
1379,Animal,Impounded Animal,Dog,NORTHGATE
1380,Animal,Dog,Fencing Issues,HOLLAND PARK
1381,Animal,Park,Dog off-leash,NUDGEE BEACH
1382,Animal,Wandering at large,Cat,CANNON HILL
1383,Animal,Attack,,NORMAN PARK
1384,Animal,Other Animal,Nuisance Animal,ACACIA RIDGE
1385,Animal,Attack,Attack On An Animal,FORTITUDE VALLEY
1386,Animal,Public space,Dog off-leash,DEAGON
1387,Animal,Park,Dog off-leash,KANGAROO POINT
1388,Animal,Attack,,KALINGA
1389,Animal,Wandering at large,Dog,GREENSLOPES
1390,Animal,Park,Dog off-leash,WYNNUM
1391,Animal,Wandering at large,Dog,DURACK
1392,Animal,Attack,Attack On An Animal,ANNERLEY
1393,Animal,Impounded Animal,Dog,FORTITUDE VALLEY
1394,Animal,Public space,Dog off-leash,CHERMSIDE
1395,Animal,Unregistered dog,First Response letter,ROBERTSON
1396,Animal,Impounded Animal,Dog,MURARRIE
1397,Animal,Impounded Animal,Dog,MURARRIE
1398,Animal,Cat Trapping,,MOUNT COOT-THA
1399,Animal,Cat Trapping,,STAFFORD
1400,Animal,Dog,Unregistered,WYNNUM WEST
1401,Animal,Cat Trapping,,GORDON PARK
1402,Animal,Dog,Wandering,ASPLEY
1403,Animal,Other Animal,Fox,ALDERLEY
1404,Animal,Public space,Dog off-leash,NUDGEE BEACH
1405,Animal,Dog,Fencing Issues,CORINDA
1406,Animal,Other Animal,Fox,ANSTEAD
1407,Animal,Other Animal,Fox,UPPER BROOKFIELD
1408,Animal,Other Animal,Fox,UPPER BROOKFIELD
1409,Animal,Impounded Animal,Dog,WILLAWONG
1410,Animal,Unregistered dog,First Response letter,PADDINGTON
1411,Animal,Attack,Attack On A Person,RUNCORN
1412,Animal,Wandering at large,Cat,CANNON HILL
1413,Animal,Impounded Animal,Cat,GORDON PARK
1414,Animal,Impounded Animal,Dog,EVERTON PARK
1415,Animal,Cat,Wandering,SHERWOOD
1416,Animal,Impounded Animal,Other,LOTA
1417,Animal,Impounded Animal,Cat,THE GAP
1418,Animal,Cat,Wandering,NATHAN
1419,Animal,Attack,,SUNNYBANK HILLS
1420,Animal,Cat Trapping,,FOREST LAKE
1421,Animal,Impounded Animal,Other,PADDINGTON
1422,Animal,Dog,Fencing Issues,CARINA HEIGHTS
1423,Animal,Impounded Animal,Cat,KEDRON
1424,Animal,Attack,Attack On An Animal,CALAMVALE
1425,Animal,Park,Dog off-leash,LUTWYCHE
1426,Animal,Unregistered dog,First Response letter,ACACIA RIDGE
1427,Animal,Attack,Attack On A Person,GORDON PARK
1428,Animal,Permit required,Dog,DARRA
1429,Animal,Dog,Too Many Animals,DARRA
1430,Animal,Permit required,Dog,INALA
1431,Animal,Attack,Menacing,MOUNT GRAVATT
1432,Animal,Fencing Issues,Dog,MANSFIELD
1433,Animal,Park,Dog off-leash,UPPER KEDRON
1434,Animal,Cat,Wandering,KENMORE
1435,Animal,Park,Dog off-leash,COORPAROO
1436,Animal,Public space,Defecating In Public,MOUNT GRAVATT EAST
1437,Animal,Dog,Odour,MANSFIELD
1438,Animal,Minimum standards/ Nuisance,Odour - Cat,MANSFIELD
1439,Animal,Dog,Wandering,WINDSOR
1440,Animal,Permit required,Dog,PADDINGTON
1441,Animal,Public space,Dog off-leash,GORDON PARK
1442,Animal,Fencing Issues,Dog,INALA
1443,Animal,Dog,Too Many Animals,HEATHWOOD
1444,Animal,Other Animal,Fox,CARINDALE
1445,Animal,Attack,,WEST END
1446,Animal,Other Animal,Deer,JINDALEE
1447,Animal,Unregistered dog,First Response letter,STRETTON
1448,Animal,Wandering at large,Dog,EIGHT MILE PLAINS
1449,Animal,Dog,Wandering,EIGHT MILE PLAINS
1450,Animal,Cat Trapping,,FOREST LAKE
1451,Animal,Cat Trapping,,EVERTON PARK
1452,Animal,Permit required,Dog,HAMILTON
1453,Animal,Attack,Attack On A Person,CHELMER
1454,Animal,Impounded Animal,Cat,STAFFORD HEIGHTS
1455,Animal,Other Animal,Deer,JINDALEE
1456,Animal,Attack,,YERONGA
1457,Animal,Unregistered dog,First Response letter,CARINDALE
1458,Animal,Dog,Fencing Issues,TAIGUM
1459,Animal,Cat Trapping,,UPPER MOUNT GRAVATT
1460,Animal,Attack,Attack On An Animal,TAIGUM
1461,Animal,Cat Trapping,,MANLY
1462,Animal,Unregistered dog,,INALA
1463,Animal,Cat,Wandering,WYNNUM
1464,Animal,Impounded Animal,Dog,ALGESTER
1465,Animal,Impounded Animal,Dog,ALGESTER
1466,Animal,Other Animal,,BROOKFIELD
1467,Animal,Attack,Attack On An Animal,WYNNUM
1468,Animal,Cat Trapping,,ZILLMERE
1469,Animal,Attack,,MURARRIE
1470,Animal,Minimum standards/ Nuisance,Vermin,INALA
1471,Animal,Other Animal,Nuisance Animal,SUNNYBANK HILLS
1472,Animal,Impounded Animal,Dog,STAFFORD HEIGHTS
1473,Animal,Dog,Fencing Issues,WOOLLOONGABBA
1474,Animal,Unregistered dog,First Response letter,BANYO
1475,Animal,Cat Trapping,,DREWVALE
1476,Animal,Attack,Menacing,DREWVALE
1477,Animal,Unregistered dog,First Response letter,BALD HILLS
1478,Animal,Attack,,SUNNYBANK
1479,Animal,Dog,Odour,EIGHT MILE PLAINS
1480,Animal,Fencing Issues,Dog,TINGALPA
1481,Animal,Other Animal,Nuisance Animal,ZILLMERE
1482,Animal,Unregistered dog,First Response letter,PULLENVALE
1483,Animal,Attack,,CARINA
1484,Animal,Unregistered dog,First Response letter,INALA
1485,Animal,Impounded Animal,Dog,FOREST LAKE
1486,Animal,Dog,Wandering,KANGAROO POINT
1487,Animal,Permit required,Poultry,TAIGUM
1488,Animal,Park,Dog off-leash,WEST END
1489,Animal,Impounded Animal,Dog,ROCHEDALE
1490,Animal,Cat Trapping,,FOREST LAKE
1491,Animal,Fencing Issues,Dog,WYNNUM WEST
1492,Animal,Park,Dog off-leash,MOUNT COOT-THA
1493,Animal,Impounded Animal,Cat,KELVIN GROVE
1494,Animal,Attack,,GRACEVILLE
1495,Animal,Unregistered dog,First Response letter,ASHGROVE
1496,Animal,Attack,Attack On A Person,CORINDA
1497,Animal,Cat,Wandering,ACACIA RIDGE
1498,Animal,Dog,Fencing Issues,CORINDA
1499,Animal,Attack,,BOONDALL
1500,Animal,Dog,Unregistered,ANNERLEY
1501,Animal,Dog,Fencing Issues,HENDRA
1502,Animal,Cat,Wandering,THE GAP
1503,Animal,Cat Trapping,,CHERMSIDE
1504,Animal,Fencing Issues,Dog,INALA
1505,Animal,Park,Dog off-leash,CHERMSIDE
1506,Animal,Other Animal,Rabbit,BROOKFIELD
1507,Animal,Public space,Dog off-leash,NEWSTEAD
1508,Animal,Other Animal,Odour,HOLLAND PARK WEST
1509,Animal,Cat Trapping,,NATHAN
1510,Animal,Cat Trapping,,NATHAN
1511,Animal,Unregistered dog,First Response letter,HAWTHORNE
1512,Animal,Minimum standards/ Nuisance,Vermin,MOUNT GRAVATT EAST
1513,Animal,Minimum standards/ Nuisance,Odour,MOUNT GRAVATT EAST
1514,Animal,Park,Dog off-leash,ST LUCIA
1515,Animal,Dog,Wandering,SANDGATE
1516,Animal,Unregistered dog,First Response letter,PADDINGTON
1517,Animal,Attack,Attack On A Person,BRIDGEMAN DOWNS
1518,Animal,Cat Trapping,,VIRGINIA
1519,Animal,Minimum standards/ Nuisance,Poultry - Enclosure,WYNNUM
1520,Animal,Unregistered dog,First Response letter,UPPER MOUNT GRAVATT
1521,Animal,Dog,Fencing Issues,INALA
1522,Animal,Dog,Wandering,STAFFORD
1523,Animal,Park,Dog off-leash,MOOROOKA
1524,Animal,Park,Dog off-leash,SANDGATE
1525,Animal,Public space,Defecating In Public,
1526,Animal,Dog,Fencing Issues,WOOLLOONGABBA
1527,Animal,Wandering at large,Cat,INALA
1528,Animal,Other Animal,,BROOKFIELD
1529,Animal,Attack,,EAST BRISBANE
1530,Animal,Attack,Attack On An Animal,CARINDALE
1531,Animal,Attack,Not An Attack,HAMILTON
1532,Animal,Attack,Attack On A Person,KELVIN GROVE
1533,Animal,Attack,Attack On An Animal,INALA
1534,Animal,Attack,Attack On An Animal,HIGHGATE HILL
1535,Animal,Prohibited keeping,Rooster,ZILLMERE
1536,Animal,Other Animal,Nuisance Animal,CARINA HEIGHTS
1537,Animal,Fencing Issues,Dog,ROCHEDALE
1538,Animal,Unregistered dog,First Response letter,WYNNUM WEST
1539,Animal,Park,Dog off-leash,EAST BRISBANE
1540,Animal,Other Animal,Wandering,EAST BRISBANE
1541,Animal,Other Animal,Unregistered,DOOLANDELLA
1542,Animal,Wandering at large,Dog,ACACIA RIDGE
1543,Animal,Other Animal,Nuisance Animal,SHORNCLIFFE
1544,Animal,Impounded Animal,Dog,WOOLLOONGABBA
1545,Animal,Cat Trapping,,BOONDALL
1546,Animal,Attack,,CAMP HILL
1547,Animal,Other Animal,Fox,UPPER MOUNT GRAVATT
1548,Animal,Attack,Attack On An Animal,SUNNYBANK HILLS
1549,Animal,Public space,Defecating In Public,SEVEN HILLS
1550,Animal,Cat Trapping,,RUNCORN
1551,Animal,Cat Trapping,,CLAYFIELD
1552,Animal,Fencing Issues,Dog,CARINA
1553,Animal,Fencing Issues,Dog,CARINA
1554,Animal,Impounded Animal,Dog,ASHGROVE
1555,Animal,Impounded Animal,Dog,CARINDALE
1556,Animal,Impounded Animal,Dog,CARINDALE
1557,Animal,Fencing Issues,Dog,CARINDALE
1558,Animal,Impounded Animal,Dog,ZILLMERE
1559,Animal,Permit required,Dog,HENDRA
1560,Animal,Park,Dog off-leash,ALDERLEY
1561,Animal,Cat Trapping,,WINDSOR
1562,Animal,Cat,Wandering,MOUNT GRAVATT EAST
1563,Animal,Impounded Animal,Dog,FOREST LAKE
1564,Animal,Park,Dog off-leash,INDOOROOPILLY
1565,Animal,Fencing Issues,Dog,CAMP HILL
1566,Animal,Unregistered dog,First Response letter,MORNINGSIDE
1567,Animal,Attack,Attack On An Animal,NEW FARM
1568,Animal,Impounded Animal,Dog,WOOLLOONGABBA
1569,Animal,Cat Trapping,,FOREST LAKE
1570,Animal,Other Animal,Rabbit,ARCHERFIELD
1571,Animal,Permit required,Cat,DARRA
1572,Animal,Attack,Not An Attack,ZILLMERE
1573,Animal,Other Animal,Fox,RANSOME
1574,Animal,Other Animal,Fox,KELVIN GROVE
1575,Animal,Other Animal,Fox,CHAPEL HILL
1576,Animal,Other Animal,Fox,THE GAP
1577,Animal,Attack,Attack On An Animal,ANNERLEY
1578,Animal,Other Animal,Fox,WAKERLEY
1579,Animal,Attack,,NORMAN PARK
1580,Animal,Impounded Animal,Dog,MANSFIELD
1581,Animal,Impounded Animal,Dog,COORPAROO
1582,Animal,Park,Dog off-leash,CAMP HILL
1583,Animal,Cat,Wandering,BRIDGEMAN DOWNS
1584,Animal,Other Animal,,UPPER BROOKFIELD
1585,Animal,Public space,Dog off-leash,HOLLAND PARK
1586,Animal,Fencing Issues,Dog,FERNY GROVE
1587,Animal,Attack,Attack On An Animal,NEW FARM
1588,Animal,Attack,Attack On An Animal,RIVERHILLS
1589,Animal,Attack,Attack On An Animal,BRIGHTON
1590,Animal,Permit required,Cat,MANSFIELD
1591,Animal,Attack,Attack On An Animal,INALA
1592,Animal,Other Animal,Fox,UPPER BROOKFIELD
1593,Animal,Attack,,KANGAROO POINT
1594,Animal,Prohibited keeping,Rooster,BALD HILLS
1595,Animal,Cat Trapping,,INALA
1596,Animal,Public space,Dog off-leash,FOREST LAKE
1597,Animal,Cat,Wandering,CARSELDINE
1598,Animal,Attack,Attack On An Animal,NORMAN PARK
1599,Animal,Unregistered dog,First Response letter,WYNNUM WEST
1600,Animal,Dog,Unregistered,KELVIN GROVE
1601,Animal,Cat,Wandering,SHORNCLIFFE
1602,Animal,Cat,Wandering,SHORNCLIFFE
1603,Animal,Cat,Wandering,BRISBANE CITY
1604,Animal,Park,Dog off-leash,SEVEN HILLS
1605,Animal,Unregistered dog,First Response letter,WYNNUM WEST
1606,Animal,Other Animal,Odour,MACKENZIE
1607,Animal,Other Animal,Fox,WAKERLEY
1608,Animal,Fencing Issues,Dog,MANSFIELD
1609,Animal,Impounded Animal,Dog,DURACK
1610,Animal,Cat,Wandering,WINDSOR
1611,Animal,Public space,Dog off-leash,DUTTON PARK
1612,Animal,Impounded Animal,Dog,CARINA HEIGHTS
1613,Animal,Impounded Animal,Dog,CARINA HEIGHTS
1614,Animal,Attack,Menacing,HOLLAND PARK
1615,Animal,Permit required,Dog,RICHLANDS
1616,Animal,Wandering at large,Dog,ALGESTER
1617,Animal,Dog,Fencing Issues,MANLY
1618,Animal,Attack,,MURARRIE
1619,Animal,Dog,Too Many Animals,NORMAN PARK
1620,Animal,Wandering at large,Cat,HOLLAND PARK WEST
1621,Animal,Park,Dog off-leash,NATHAN
1622,Animal,Park,Dog off-leash,CHERMSIDE
1623,Animal,Park,Dog off-leash,KANGAROO POINT
1624,Animal,Other Animal,Fox,MOUNT GRAVATT EAST
1625,Animal,Wandering at large,Other,EAST BRISBANE
1626,Animal,Other Animal,Deer,BROOKFIELD
1627,Animal,Fencing Issues,Dog,CARINA HEIGHTS
1628,Animal,Park,Dog off-leash,MOUNT GRAVATT
1629,Animal,Cat Trapping,,TOOWONG
1630,Animal,Attack,Attack On A Person,FERNY GROVE
1631,Animal,Unregistered dog,Investigation and Enforcement,KARANA DOWNS
1632,Animal,Park,Dog off-leash,RED HILL
1633,Animal,Impounded Animal,Dog,FOREST LAKE
1634,Animal,Park,Dog off-leash,KANGAROO POINT
1635,Animal,Park,Dog off-leash,SHERWOOD
1636,Animal,Cat Trapping,,WINDSOR
1637,Animal,Park,Dog off-leash,KURABY
1638,Animal,Other Animal,Nuisance Animal,BRISBANE CITY
1639,Animal,Other Animal,Nuisance Animal,BRACKEN RIDGE
1640,Animal,Park,Dog off-leash,NEW FARM
1641,Animal,Attack,Attack On A Person,KENMORE
1642,Animal,Dog,Unregistered,
1643,Animal,Dog,Unregistered,
1644,Animal,Cat,Wandering,TARRAGINDI
1645,Animal,Park,Dog off-leash,ANNERLEY
1646,Animal,Public space,Defecating In Public,CARINA
1647,Animal,Cat Trapping,,MANLY WEST
1648,Animal,Impounded Animal,Dog,WEST END
1649,Animal,Cat Trapping,,DARRA
1650,Animal,Dog,Wandering,CHERMSIDE
1651,Animal,Dog,Fencing Issues,CHERMSIDE
1652,Animal,Cat Trapping,,OXLEY
1653,Animal,Dog,,DARRA
1654,Animal,Attack,Menacing,UPPER MOUNT GRAVATT
1655,Animal,Park,Dog off-leash,RANSOME
1656,Animal,Impounded Animal,Dog,BRACKEN RIDGE
1657,Animal,Other Animal,Too Many Animals,DARRA
1658,Animal,Park,Dog off-leash,ALDERLEY
1659,Animal,Impounded Animal,Dog,ANNERLEY
1660,Animal,Cat Trapping,,MORNINGSIDE
1661,Animal,Attack,,DURACK
1662,Animal,Park,Dog off-leash,BRIDGEMAN DOWNS
1663,Animal,Cat Trapping,,KENMORE HILLS
1664,Animal,Attack,Attack On An Animal,RUNCORN
1665,Animal,Impounded Animal,Dog,RICHLANDS
1666,Animal,Dog,Wandering,STAFFORD
1667,Animal,Minimum standards/ Nuisance,Odour - Other,HENDRA
1668,Animal,Unregistered dog,First Response letter,COOPERS PLAINS
1669,Animal,Dog,Unregistered,
1670,Animal,Dog,Fencing Issues,COOPERS PLAINS
1671,Animal,Fencing Issues,Dog,BRIGHTON
1672,Animal,Dog,Too Many Animals,ALGESTER
1673,Animal,Attack,Attack On An Animal,SHORNCLIFFE
1674,Animal,Cat,Wandering,STAFFORD
1675,Animal,Cat Trapping,,RIVERHILLS
1676,Animal,Attack,,KEPERRA
1677,Animal,Attack,Not An Attack,JINDALEE
1678,Animal,Dog,Fencing Issues,JINDALEE
1679,Animal,Attack,Attack On A Person,SUNNYBANK HILLS
1680,Animal,Park,Dog off-leash,SHORNCLIFFE
1681,Animal,Fencing Issues,Dog,MURARRIE
1682,Animal,Impounded Animal,Dog,WISHART
1683,Animal,Park,Dog off-leash,HAMILTON
1684,Animal,Dog,Fencing Issues,ELLEN GROVE
1685,Animal,Other Animal,Fox,CARINDALE
1686,Animal,Fencing Issues,Dog,ANNERLEY
1687,Animal,Fencing Issues,Dog,HOLLAND PARK
1688,Animal,Dog,Fencing Issues,ROCHEDALE
1689,Animal,Park,Dog off-leash,CHERMSIDE
1690,Animal,Cat Trapping,,ASHGROVE
1691,Animal,Park,Dog off-leash,GRACEVILLE
1692,Animal,Dog,Unregistered,ANNERLEY
1693,Animal,Park,Dog off-leash,NEW FARM
1694,Animal,Other Animal,Fox,CARINDALE
1695,Animal,Cat Trapping,,ROCHEDALE
1696,Animal,Impounded Animal,Dog,ACACIA RIDGE
1697,Animal,Public space,Defecating In Public,BRIDGEMAN DOWNS
1698,Animal,Unregistered dog,,TARINGA
1699,Animal,Unregistered dog,First Response letter,NORTHGATE
1700,Animal,Attack,Attack On A Person,KEPERRA
1701,Animal,Cat Trapping,,BRACKEN RIDGE
1702,Animal,Minimum standards/ Nuisance,Poultry - Enclosure,BRACKEN RIDGE
1703,Animal,Unregistered dog,First Response letter,MOOROOKA
1704,Animal,Attack,Not An Attack,SUNNYBANK
1705,Animal,Dog,Odour,ROBERTSON
1706,Animal,Dog,Odour,CHERMSIDE
1707,Animal,Park,Dog off-leash,CHERMSIDE
1708,Animal,Attack,,FOREST LAKE
1709,Animal,Park,Dog off-leash,STRETTON
1710,Animal,Attack,Attack On A Person,GUMDALE
1711,Animal,Attack,Attack On A Person,COORPAROO
1712,Animal,Impounded Animal,Dog,HEATHWOOD
1713,Animal,Impounded Animal,Dog,WISHART
1714,Animal,Park,Dog off-leash,GREENSLOPES
1715,Animal,Attack,Attack On An Animal,GREENSLOPES
1716,Animal,Impounded Animal,Dog,BARDON
1717,Animal,Other Animal,Nuisance Animal,BROOKFIELD
1718,Animal,Attack,,ALBION
1719,Animal,Other Animal,Nuisance Animal,INALA
1720,Animal,Park,Dog off-leash,CHERMSIDE
1721,Animal,Unregistered dog,First Response letter,RED HILL
1722,Animal,Attack,,WINDSOR
1723,Animal,Cat Trapping,,SHERWOOD
1724,Animal,Impounded Animal,Dog,GREENSLOPES
1725,Animal,Impounded Animal,Dog,KEDRON
1726,Animal,Impounded Animal,Dog,GREENSLOPES
1727,Animal,Prohibited keeping,Rooster,CHERMSIDE
1728,Animal,Attack,Attack On An Animal,BARDON
1729,Animal,Public space,Dog off-leash,BALMORAL
1730,Animal,Public space,Dog off-leash,TENERIFFE
1731,Animal,Impounded Animal,Dog,WOOLLOONGABBA
1732,Animal,Other Animal,Deer,BROOKFIELD
1733,Animal,Attack,Attack On A Person,WYNNUM WEST
1734,Animal,Permit required,Dog,GUMDALE
1735,Animal,Attack,,CALAMVALE
1736,Animal,Cat,Wandering,MORNINGSIDE
1737,Animal,Cat Trapping,,ALBION
1738,Animal,Unregistered dog,,KEPERRA
1739,Animal,Unregistered dog,First Response letter,MIDDLE PARK
1740,Animal,Attack,Attack On A Person,KEPERRA
1741,Animal,Dog,Unregistered,MANSFIELD
1742,Animal,Impounded Animal,Dog,BRISBANE AIRPORT
1743,Animal,Attack,Attack On A Person,ASPLEY
1744,Animal,Dog,Wandering,STONES CORNER
1745,Animal,Permit required,Dog,DEAGON
1746,Animal,Other Animal,Deer,BROOKFIELD
1747,Animal,Impounded Animal,Dog,INALA
1748,Animal,Cat,Wandering,CARINA HEIGHTS
1749,Animal,Dog,Unregistered,KEPERRA
1750,Animal,Cat,Wandering,CARINDALE
1751,Animal,Other Animal,Fox,PULLENVALE
1752,Animal,Impounded Animal,Dog,BANYO
1753,Animal,Cat Trapping,,ROCHEDALE
1754,Animal,Impounded Animal,Dog,BANYO
1755,Animal,Dog,Unregistered,UPPER MOUNT GRAVATT
1756,Animal,Impounded Animal,Dog,BRIGHTON
1757,Animal,Attack,Not An Attack,COOPERS PLAINS
1758,Animal,Cat Trapping,,INALA
1759,Animal,Permit required,Dog,FERNY GROVE
1760,Animal,Attack,Attack On An Animal,KARANA DOWNS
1761,Animal,Unregistered dog,First Response letter,WINDSOR
1762,Animal,Unregistered dog,Investigation and Enforcement,CARINA
1763,Animal,Park,Dog off-leash,CHERMSIDE
1764,Animal,Public space,Dog off-leash,PADDINGTON
1765,Animal,Park,Dog off-leash,CHERMSIDE
1766,Animal,Other Animal,Nuisance Animal,INALA
1767,Animal,Dog,Odour,WISHART
1768,Animal,Park,Dog off-leash,ASPLEY
1769,Animal,Unregistered dog,First Response letter,CHERMSIDE WEST
1770,Animal,Cat,Wandering,NUNDAH
1771,Animal,Wandering at large,Cat,CORINDA
1772,Animal,Dog,Wandering,CAMP HILL
1773,Animal,Attack,,ROCKLEA
1774,Animal,Park,Dog off-leash,SHERWOOD
1775,Animal,Cat,Wandering,KEPERRA
1776,Animal,Public space,Not under effective control,MOGGILL
1777,Animal,Impounded Animal,Cat,BALD HILLS
1778,Animal,Impounded Animal,Cat,BRIGHTON
1779,Animal,Impounded Animal,Cat,TARRAGINDI
1780,Animal,Attack,Attack On A Person,WYNNUM WEST
1781,Animal,Attack,,CARINA
1782,Animal,Park,Dog off-leash,SANDGATE
1783,Animal,Cat Trapping,,INALA
1784,Animal,Dog,Fencing Issues,STAFFORD HEIGHTS
1785,Animal,Attack,,STAFFORD HEIGHTS
1786,Animal,Dog,Fencing Issues,CARINA HEIGHTS
1787,Animal,Park,Dog off-leash,SANDGATE
1788,Animal,Attack,Not An Attack,ROCKLEA
1789,Animal,Attack,,ASPLEY
1790,Animal,Park,Dog off-leash,GREENSLOPES
1791,Animal,Wandering at large,Cat,PADDINGTON
1792,Animal,Attack,,TINGALPA
1793,Animal,Dog,Fencing Issues,RIVERHILLS
1794,Animal,Other Animal,Fox,WISHART
1795,Animal,Attack,,WYNNUM WEST
1796,Animal,Cat Trapping,,SANDGATE
1797,Animal,Dog,Fencing Issues,RIVERHILLS
1798,Animal,Dog,Fencing Issues,RIVERHILLS
1799,Animal,Unregistered dog,First Response letter,CAMP HILL
1800,Animal,Park,Dog off-leash,ALDERLEY
1801,Animal,Cat,Wandering,INALA
1802,Animal,Cat,Wandering,INALA
1803,Animal,Attack,Not An Attack,COORPAROO
1804,Animal,Park,Dog off-leash,GEEBUNG
1805,Animal,Attack,,TINGALPA
1806,Animal,Attack,Attack On An Animal,FIG TREE POCKET
1807,Animal,Park,Dog off-leash,MOUNT GRAVATT
1808,Animal,Unregistered dog,First Response letter,DUTTON PARK
1809,Animal,Attack,Attack On An Animal,KEPERRA
1810,Animal,Park,Dog off-leash,CANNON HILL
1811,Animal,Dog,Insufficient Space,CANNON HILL
1812,Animal,Dog,Fencing Issues,CANNON HILL
1813,Animal,Unregistered dog,First Response letter,RUNCORN
1814,Animal,Public space,Defecating In Public,WEST END
1815,Animal,Fencing Issues,Dog,ELLEN GROVE
1816,Animal,Park,Dog off-leash,NUDGEE BEACH
1817,Animal,Wandering at large,Other,PADDINGTON
1818,Animal,Park,Dog off-leash,NEW FARM
1819,Animal,Attack,Attack On A Person,DREWVALE
1820,Animal,Dog,Fencing Issues,COOPERS PLAINS
1821,Animal,Attack,,WAVELL HEIGHTS
1822,Animal,Dog,Wandering,INALA
1823,Animal,Fencing Issues,Dog,INALA
1824,Animal,Unregistered dog,First Response letter,KURABY
1825,Animal,Unregistered dog,First Response letter,FOREST LAKE
1826,Animal,Attack,Attack On A Person,KEPERRA
1827,Animal,Unregistered dog,First Response letter,ST LUCIA
1828,Animal,Dog,Wandering,GEEBUNG
1829,Animal,Permit required,Dog,COORPAROO
1830,Animal,Minimum standards/ Nuisance,Vermin,CARINDALE
1831,Animal,Permit required,Dog,BELMONT
1832,Animal,Cat Trapping,,SUNNYBANK
1833,Animal,Dog,Defecating In Public,PADDINGTON
1834,Animal,Impounded Animal,Dog,BRACKEN RIDGE
1835,Animal,Cat Trapping,,SUNNYBANK
1836,Animal,Attack,Menacing,SUNNYBANK
1837,Animal,Attack,,FOREST LAKE
1838,Animal,Park,Dog off-leash,COORPAROO
1839,Animal,Other Animal,Wandering,EAST BRISBANE
1840,Animal,Unregistered dog,First Response letter,GRACEVILLE
1841,Animal,Dog,Fencing Issues,STRETTON
1842,Animal,Park,Dog off-leash,LOTA
1843,Animal,Park,Dog off-leash,LOTA
1844,Animal,Park,Dog off-leash,WYNNUM
1845,Animal,Minimum standards/ Nuisance,Poultry - Enclosure,MORNINGSIDE
1846,Animal,Fencing Issues,Dog,CARINA HEIGHTS
1847,Animal,Fencing Issues,Dog,CARINA HEIGHTS
1848,Animal,Unregistered dog,First Response letter,FITZGIBBON
1849,Animal,Dog,Fencing Issues,STRETTON
1850,Animal,Cat Trapping,,WACOL
1851,Animal,Impounded Animal,Dog,SUNNYBANK HILLS
1852,Animal,Attack,,CHERMSIDE
1853,Animal,Park,Dog off-leash,GEEBUNG
1854,Animal,Other Animal,Wild Dog,KARAWATHA
1855,Animal,Park,Dog off-leash,NEW FARM
1856,Animal,Attack,Attack On A Person,GEEBUNG
1857,Animal,Attack,,MURARRIE
1858,Animal,Public space,Dog off-leash,WAVELL HEIGHTS
1859,Animal,Impounded Animal,Horse,ANSTEAD
1860,Animal,Dog,Park Patrol Reactive,RUNCORN
1861,Animal,Park,Dog off-leash,BARDON
1862,Animal,Attack,,WAVELL HEIGHTS
1863,Animal,Impounded Animal,Dog,MOOROOKA
1864,Animal,Impounded Animal,Dog,LUTWYCHE
1865,Animal,Fencing Issues,Dog,BALD HILLS
1866,Animal,Park,Dog off-leash,COORPAROO
1867,Animal,Attack,Attack On An Animal,LOTA
1868,Animal,Attack,Attack On A Person,UPPER MOUNT GRAVATT
1869,Animal,Attack,,FOREST LAKE
1870,Animal,Other Animal,Nuisance Animal,CARINA
1871,Animal,Minimum standards/ Nuisance,Odour - Cat,ASCOT
1872,Animal,Impounded Animal,Dog,ALGESTER
1873,Animal,Attack,Not An Attack,WESTLAKE
1874,Animal,Unregistered dog,Investigation and Enforcement,STAFFORD HEIGHTS
1875,Animal,Unregistered dog,Investigation and Enforcement,RED HILL
1876,Animal,Park,Dog off-leash,MOOROOKA
1877,Animal,Unregistered dog,First Response letter,ALGESTER
1878,Animal,Other Animal,Fox,HOLLAND PARK WEST
1879,Animal,Dog,,LOTA
1880,Animal,Attack,Attack On A Person,CAMP HILL
1881,Animal,Unregistered dog,First Response letter,KELVIN GROVE
1882,Animal,Other Animal,Fox,UPPER BROOKFIELD
1883,Animal,Park,Dog off-leash,WAVELL HEIGHTS
1884,Animal,Impounded Animal,Dog,NUNDAH
1885,Animal,Dog,Fencing Issues,NUNDAH
1886,Animal,Fencing Issues,Dog,NUNDAH
1887,Animal,Public space,Not under effective control,KURABY
1888,Animal,Dog,Fencing Issues,KURABY
1889,Animal,Other Animal,Fox,LAKE MANCHESTER
1890,Animal,Park,Defecating In Public,MURARRIE
1891,Animal,Other Animal,Fencing Issues,KEPERRA
1892,Animal,Attack,,NORTHGATE
1893,Animal,Park,Dog off-leash,MOGGILL
1894,Animal,Attack,,RIVERHILLS
1895,Animal,Other Animal,Fox,CARINDALE
1896,Animal,Other Animal,Nuisance Animal,BALD HILLS
1897,Animal,Unregistered dog,First Response letter,PADDINGTON
1898,Animal,Wandering at large,Other,PADDINGTON
1899,Animal,Other Animal,Nuisance Animal,HOLLAND PARK
1900,Animal,Other Animal,,KENMORE
1901,Animal,Wandering at large,Cat,GREENSLOPES
1902,Animal,Unregistered dog,First Response letter,TENERIFFE
1903,Animal,Unregistered dog,First Response letter,MOOROOKA
1904,Animal,Impounded Animal,Dog,MORNINGSIDE
1905,Animal,Other Animal,Wild Dog,MOUNT COOT-THA
1906,Animal,Park,Not under effective control,MOUNT COOT-THA
1907,Animal,Attack,,GREENSLOPES
1908,Animal,Other Animal,Wild Dog,BELLBOWRIE
1909,Animal,Attack,Attack On An Animal,BELLBOWRIE
1910,Animal,Unregistered dog,First Response letter,CARINA HEIGHTS
1911,Animal,Cat Trapping,,BULIMBA
1912,Animal,Attack,Attack On An Animal,PADDINGTON
1913,Animal,Other Animal,Wild Dog,MOUNT CROSBY
1914,Animal,Unregistered dog,First Response letter,DURACK
1915,Animal,Attack,Attack On An Animal,EIGHT MILE PLAINS
1916,Animal,Park,Dog off-leash,MOOROOKA
1917,Animal,Impounded Animal,Dog,ROCHEDALE
1918,Animal,Fencing Issues,Dog,SUNNYBANK
1919,Animal,Unregistered dog,First Response letter,MIDDLE PARK
1920,Animal,Attack,Attack On A Person,MITCHELTON
1921,Animal,Dog,Unregistered,MIDDLE PARK
1922,Animal,Other Animal,Fox,HERSTON
1923,Animal,Public space,Dog off-leash,NEW FARM
1924,Animal,Unregistered dog,First Response letter,DUTTON PARK
1925,Animal,Dog,Fencing Issues,INALA
1926,Animal,Impounded Animal,Dog,DURACK
1927,Animal,Park,Dog off-leash,CANNON HILL
1928,Animal,Dog,Fencing Issues,BRACKEN RIDGE
1929,Animal,Dog,Fencing Issues,INDOOROOPILLY
1930,Animal,Cat Trapping,,NEW FARM
1931,Animal,Other Animal,Fox,ROCKLEA
1932,Animal,Impounded Animal,Dog,WEST END
1933,Animal,Other Animal,Fox,CHANDLER
1934,Animal,Unregistered dog,First Response letter,CARINA HEIGHTS
1935,Animal,Attack,,CLAYFIELD
1936,Animal,Other Animal,Nuisance Animal,STONES CORNER
1937,Animal,Cat,Wandering,THE GAP
1938,Animal,Park,Dog off-leash,CHERMSIDE
1939,Animal,Wandering at large,Other,MITCHELTON
1940,Animal,Attack,,CAMP HILL
1941,Animal,Attack,Attack On An Animal,FERNY GROVE
1942,Animal,Dog,Unregistered,WYNNUM WEST
1943,Animal,Public space,Not under effective control,CHERMSIDE
1944,Animal,Permit required,Dog,FORTITUDE VALLEY
1945,Animal,Impounded Animal,Dog,BANYO
1946,Animal,Impounded Animal,Dog,BALD HILLS
1947,Animal,Park,Dog off-leash,NEW FARM
1948,Animal,Unregistered dog,First Response letter,TINGALPA
1949,Animal,Unregistered dog,First Response letter,BRIDGEMAN DOWNS
1950,Animal,Unregistered dog,First Response letter,CHAPEL HILL
1951,Animal,Cat Trapping,,STAFFORD HEIGHTS
1952,Animal,Unregistered dog,First Response letter,KEDRON
1953,Animal,Unregistered dog,First Response letter,BANYO
1954,Animal,Unregistered dog,First Response letter,HOLLAND PARK
1955,Animal,Unregistered dog,First Response letter,TOOWONG
1956,Animal,Attack,Attack On A Person,BRIGHTON
1957,Animal,Unregistered dog,First Response letter,MORNINGSIDE
1958,Animal,Cat Trapping,,INALA
1959,Animal,Park,Dog off-leash,BARDON
1960,Animal,Attack,,DURACK
1961,Animal,Park,Dog off-leash,HAMILTON
1962,Animal,Cat Trapping,,SUNNYBANK HILLS
1963,Animal,Dog,Wandering,ZILLMERE
1964,Animal,Unregistered dog,First Response letter,BALD HILLS
1965,Animal,Attack,Menacing,KANGAROO POINT
1966,Animal,Park,Dog off-leash,CHERMSIDE
1967,Animal,Dog,Wandering,MOUNT GRAVATT EAST
1968,Animal,Fencing Issues,Dog,INALA
1969,Animal,Cat Trapping,,MORNINGSIDE
1970,Animal,Dog,Unregistered,NUNDAH
1971,Animal,Other Animal,Odour,JINDALEE
1972,Animal,Minimum standards/ Nuisance,Vermin,GEEBUNG
1973,Animal,Cat Trapping,,SALISBURY
1974,Animal,Cat,Wandering,COORPAROO
1975,Animal,Unregistered dog,First Response letter,WINDSOR
1976,Animal,Cat,Wandering,COORPAROO
1977,Animal,Impounded Animal,Dog,CLAYFIELD
1978,Animal,Impounded Animal,Dog,BRIGHTON
1979,Animal,Impounded Animal,Dog,BRACKEN RIDGE
1980,Animal,Attack,Not An Attack,YERONGA
1981,Animal,Impounded Animal,Dog,BRACKEN RIDGE
1982,Animal,Cat Trapping,,KEDRON
1983,Animal,Impounded Animal,Dog,BRACKEN RIDGE
1984,Animal,Impounded Animal,Cat,NATHAN
1985,Animal,Impounded Animal,Cat,BRACKEN RIDGE
1986,Animal,Park,Dog off-leash,ASHGROVE
1987,Animal,Attack,Not An Attack,WYNNUM WEST
1988,Animal,Dog,Fencing Issues,ENOGGERA
1989,Animal,Fencing Issues,Dog,ENOGGERA
1990,Animal,Public space,Dog off-leash,ENOGGERA
1991,Animal,Attack,Attack On A Person,WYNNUM
1992,Animal,Park,Dog off-leash,EVERTON PARK
1993,Animal,Dog,Fencing Issues,ENOGGERA
1994,Animal,Attack,,BALD HILLS
1995,Animal,Attack,Attack On A Person,NEW FARM
1996,Animal,Park,Dog off-leash,COORPAROO
1997,Animal,Other Animal,Fox,HERSTON
1998,Animal,Other Animal,,GUMDALE
1999,Animal,Other Animal,Odour,KARANA DOWNS
2000,Animal,Permit required,Dog,HAMILTON
2001,Animal,Unregistered dog,,SALISBURY
2002,Animal,Other Animal,Odour,BRIDGEMAN DOWNS
2003,Animal,Impounded Animal,Other,MANLY
2004,Animal,Park,Dog off-leash,DUTTON PARK
2005,Animal,Other Animal,,KEDRON
2006,Animal,Attack,Not An Attack,MOUNT OMMANEY
2007,Animal,Cat,Wandering,MANLY WEST
2008,Animal,Dog,Wandering,BRACKEN RIDGE
2009,Animal,Dog,Unregistered,GORDON PARK
2010,Animal,Attack,Attack On A Person,BRACKEN RIDGE
2011,Animal,Other Animal,Wild Dog,MOUNT CROSBY
2012,Animal,Attack,Attack On A Person,INALA
2013,Animal,Other Animal,Nuisance Animal,BRISBANE CITY
2014,Animal,Other Animal,Nuisance Animal,BRACKEN RIDGE
2015,Animal,Park,Dog off-leash,CHERMSIDE
2016,Animal,Other Animal,Fox,LOTA
2017,Animal,Unregistered dog,First Response letter,HOLLAND PARK
2018,Animal,Minimum standards/ Nuisance,Vermin,BRACKEN RIDGE
2019,Animal,Cat,Wandering,WOOLOOWIN
2020,Animal,Park,Dog off-leash,GREENSLOPES
2021,Animal,Public space,Dog off-leash,ALGESTER
2022,Animal,Park,Dog off-leash,BRACKEN RIDGE
2023,Animal,Unregistered dog,First Response letter,EIGHT MILE PLAINS
2024,Animal,Cat,Wandering,KEPERRA
2025,Animal,Cat Trapping,,BRISBANE CITY
2026,Animal,Attack,Attack On A Person,HIGHGATE HILL
2027,Animal,Fencing Issues,Dog,BURBANK
2028,Animal,Attack,,WAKERLEY
2029,Animal,Attack,,ACACIA RIDGE
2030,Animal,Unregistered dog,First Response letter,DOOLANDELLA
2031,Animal,Other Animal,Fox,ANSTEAD
2032,Animal,Attack,Attack On An Animal,STONES CORNER
2033,Animal,Unregistered dog,First Response letter,PADDINGTON
2034,Animal,Fencing Issues,Dog,SUNNYBANK HILLS
2035,Animal,Unregistered dog,First Response letter,FOREST LAKE
2036,Animal,Public space,Dog off-leash,BANYO
2037,Animal,Attack,,TARRAGINDI
2038,Animal,Dog,,TARRAGINDI
2039,Animal,Unregistered dog,First Response letter,ROBERTSON
2040,Animal,Attack,Attack On An Animal,UPPER BROOKFIELD
2041,Animal,Other Animal,Odour,INALA
2042,Animal,Fencing Issues,Dog,THE GAP
2043,Animal,Park,Dog off-leash,HAWTHORNE
2044,Animal,Unregistered dog,First Response letter,COORPAROO
2045,Animal,Dog,Defecating In Public,PADDINGTON
2046,Animal,Dog,Fencing Issues,PADDINGTON
2047,Animal,Fencing Issues,Dog,OXLEY
2048,Animal,Public space,Dog off-leash,INDOOROOPILLY
2049,Animal,Other Animal,Fox,UPPER MOUNT GRAVATT
2050,Animal,Attack,,OXLEY
2051,Animal,Dog,Unregistered,YERONGA
2052,Animal,Dog,Unregistered,YERONGA
2053,Animal,Dog,Fencing Issues,YERONGA
2054,Animal,Public space,Dog off-leash,LOTA
2055,Animal,Dog,,
2056,Animal,Impounded Animal,Dog,ASPLEY
2057,Animal,Wandering at large,Cat,WYNNUM WEST
2058,Animal,Cat Trapping,,FOREST LAKE
2059,Animal,Other Animal,Fox,KELVIN GROVE
2060,Animal,Cat,Wandering,DOOLANDELLA
2061,Animal,Park,Dog off-leash,RED HILL
2062,Animal,Unregistered dog,,STAFFORD
2063,Animal,Prohibited keeping,Rooster,MOOROOKA
2064,Animal,Park,Dog off-leash,CHERMSIDE
2065,Animal,Permit required,Dog,NEW FARM
2066,Animal,Wandering at large,Dog,MOGGILL
2067,Animal,Park,Dog off-leash,CHERMSIDE
2068,Animal,Dog,Unregistered,INALA
2069,Animal,Cat Trapping,,HAMILTON
2070,Animal,Attack,Attack On An Animal,BRIDGEMAN DOWNS
2071,Animal,Impounded Animal,Dog,BRACKEN RIDGE
2072,Animal,Attack,,HERSTON
2073,Animal,Impounded Animal,Other,BRACKEN RIDGE
2074,Animal,Public space,Dog off-leash,NORTHGATE
2075,Animal,Dog,Wandering,NORTHGATE
2076,Animal,Attack,,CORINDA
2077,Animal,Park,Dog off-leash,BOONDALL
2078,Animal,Dog,Too Many Animals,BALMORAL
2079,Animal,Dog,Fencing Issues,BALMORAL
2080,Animal,Dog,Fencing Issues,BALMORAL
2081,Animal,Impounded Animal,Dog,ROCKLEA
2082,Animal,Attack,,ACACIA RIDGE
2083,Animal,Other Animal,Fox,ANNERLEY
2084,Animal,Attack,Attack On A Person,BRIDGEMAN DOWNS
2085,Animal,Impounded Animal,Dog,BRACKEN RIDGE
2086,Animal,Attack,,TINGALPA
2087,Animal,Minimum standards/ Nuisance,Poultry - Enclosure,BRIDGEMAN DOWNS
2088,Animal,Impounded Animal,Dog,FERNY GROVE
2089,Animal,Attack,,MORNINGSIDE
2090,Animal,Other Animal,Fencing Issues,YEERONGPILLY
2091,Animal,Attack,Not An Attack,ALGESTER
2092,Animal,Attack,Attack On A Person,CARINDALE
2093,Animal,Other Animal,Fox,MOOROOKA
2094,Animal,Dog,Unregistered,PADDINGTON
2095,Animal,Dog,Unregistered,PADDINGTON
2096,Animal,Other Animal,Fox,NEWMARKET
2097,Animal,Permit required,Dog,FORTITUDE VALLEY
2098,Animal,Unregistered dog,Second Response letter,INALA
2099,Animal,Attack,,GORDON PARK
2100,Animal,Other Animal,Nuisance Animal,CARINA
2101,Animal,Attack,,ASPLEY
2102,Animal,Attack,,ANNERLEY
2103,Animal,Other Animal,Nuisance Animal,HOLLAND PARK
2104,Animal,Unregistered dog,First Response letter,TENERIFFE
2105,Animal,Permit required,Dog,BELMONT
2106,Animal,Cat Trapping,,WAVELL HEIGHTS
2107,Animal,Attack,Attack On A Person,CLAYFIELD
2108,Animal,Other Animal,Fox,FIG TREE POCKET
2109,Animal,Park,Dog off-leash,MILTON
2110,Animal,Cat,Wandering,HOLLAND PARK WEST
2111,Animal,Unregistered dog,,PARKINSON
2112,Animal,Dog,Defecating In Public,SEVEN HILLS
2113,Animal,Impounded Animal,Dog,WOOLOOWIN
2114,Animal,Unregistered dog,First Response letter,ZILLMERE
2115,Animal,Dog,Wandering,TINGALPA
2116,Animal,Cat,Wandering,HOLLAND PARK WEST
2117,Animal,Cat,Wandering,HOLLAND PARK WEST
2118,Animal,Attack,Attack On An Animal,EVERTON PARK
2119,Animal,Permit required,Cat,SUNNYBANK
2120,Animal,Fencing Issues,Dog,WINDSOR
2121,Animal,Dog,Too Many Animals,
2122,Animal,Permit required,Dog,MOUNT CROSBY
2123,Animal,Other Animal,Too Many Animals,ZILLMERE
2124,Animal,Other Animal,Fox,BURBANK
2125,Animal,Unregistered dog,,CHERMSIDE WEST
2126,Animal,Dog,Fencing Issues,DURACK
2127,Animal,Dog,Wandering,STAFFORD
2128,Animal,Park,Dog off-leash,NEW FARM
2129,Animal,Attack,Attack On An Animal,WISHART
2130,Animal,Attack,,HENDRA
2131,Animal,Park,Dog off-leash,MOUNT COOT-THA
2132,Animal,Attack,Attack On An Animal,WYNNUM
2133,Animal,Public space,Defecating In Public,PADDINGTON
2134,Animal,Wandering at large,Dog,MANSFIELD
2135,Animal,Park,Dog off-leash,CANNON HILL
2136,Animal,Attack,,CARINA HEIGHTS
2137,Animal,Cat,Wandering,WYNNUM WEST
2138,Animal,Attack,,TOOWONG
2139,Animal,Impounded Animal,Dog,CHERMSIDE WEST
2140,Animal,Permit required,Dog,EVERTON PARK
2141,Animal,Attack,Not An Attack,HOLLAND PARK
2142,Animal,Dog,Wandering,DOOLANDELLA
2143,Animal,Dog,Unregistered,MOUNT GRAVATT EAST
2144,Animal,Cat Trapping,,PARKINSON
2145,Animal,Cat,Wandering,BRIGHTON
2146,Animal,Impounded Animal,Dog,HEATHWOOD
2147,Animal,Impounded Animal,Cat,STAFFORD HEIGHTS
2148,Animal,Cat Trapping,,GRANGE
2149,Animal,Fencing Issues,Dog,MANLY
2150,Animal,Park,Dog off-leash,WAKERLEY
2151,Animal,Attack,,BOONDALL
2152,Animal,Park,Dog off-leash,BRIDGEMAN DOWNS
2153,Animal,Attack,,OXLEY
2154,Animal,Attack,,TINGALPA
2155,Animal,Other Animal,,UPPER MOUNT GRAVATT
2156,Animal,Attack,Attack On An Animal,WISHART
2157,Animal,Unregistered dog,First Response letter,ROBERTSON
2158,Animal,Attack,Menacing,CHERMSIDE
2159,Animal,Attack,Not An Attack,HOLLAND PARK
2160,Animal,Park,Dog off-leash,CHERMSIDE
2161,Animal,Other Animal,,NATHAN
2162,Animal,Unregistered dog,First Response letter,ROBERTSON
2163,Animal,Other Animal,,HEATHWOOD
2164,Animal,Park,Dog off-leash,CHERMSIDE
2165,Animal,Cat Trapping,,WYNNUM WEST
2166,Animal,Attack,,FOREST LAKE
2167,Animal,Attack,,PARKINSON
2168,Animal,Cat Trapping,,KEDRON
2169,Animal,Park,Dog off-leash,NEWSTEAD
2170,Animal,Dog,Fencing Issues,NORTHGATE
2171,Animal,Dog,Fencing Issues,NORTHGATE
2172,Animal,Impounded Animal,Dog,MOGGILL
2173,Animal,Unregistered dog,First Response letter,TINGALPA
2174,Animal,Park,Dog off-leash,MORNINGSIDE
2175,Animal,Unregistered dog,First Response letter,FERNY GROVE
2176,Animal,Dog,Unregistered,FERNY GROVE
2177,Animal,Public space,Defecating In Public,CARINA HEIGHTS
2178,Animal,Park,Dog off-leash,NEWSTEAD
2179,Animal,Park,Dog off-leash,ASHGROVE
2180,Animal,Park,Dog off-leash,CHERMSIDE
2181,Animal,Fencing Issues,Dog,PINKENBA
2182,Animal,Attack,,ROCHEDALE
2183,Animal,Fencing Issues,Dog,UPPER MOUNT GRAVATT
2184,Animal,Attack,,GORDON PARK
2185,Animal,Impounded Animal,Dog,MOOROOKA
2186,Animal,Fencing Issues,Dog,KARANA DOWNS
2187,Animal,Cat,Wandering,THE GAP
2188,Animal,Cat Trapping,,BOONDALL
2189,Animal,Cat Trapping,,HAMILTON
2190,Animal,Fencing Issues,Dog,RIVERHILLS
2191,Animal,Other Animal,,MORNINGSIDE
2192,Animal,Wandering at large,Cat,NATHAN
2193,Animal,Attack,,YERONGA
2194,Animal,Fencing Issues,Dog,DARRA
2195,Animal,Impounded Animal,Dog,BRIDGEMAN DOWNS
2196,Animal,Impounded Animal,Dog,BRIDGEMAN DOWNS
2197,Animal,Park,Dog off-leash,CHERMSIDE
2198,Animal,Cat Trapping,,INDOOROOPILLY
2199,Animal,Dog,Fencing Issues,ALGESTER
2200,Animal,Dog,Unregistered,ALGESTER
2201,Animal,Attack,,TOOWONG
2202,Animal,Dog,Odour,AUCHENFLOWER
2203,Animal,Park,Dog off-leash,NEW FARM
2204,Animal,Attack,Not An Attack,BELLBOWRIE
2205,Animal,Fencing Issues,Dog,INALA
2206,Animal,Dog,,ALGESTER
2207,Animal,Other Animal,,ALDERLEY
2208,Animal,Attack,,JINDALEE
2209,Animal,Impounded Animal,Dog,NUNDAH
2210,Animal,Cat Trapping,,WOOLLOONGABBA
2211,Animal,Other Animal,Nuisance Animal,ACACIA RIDGE
2212,Animal,Other Animal,Nuisance Animal,FOREST LAKE
2213,Animal,Wandering at large,Cat,WYNNUM WEST
2214,Animal,Other Animal,Nuisance Animal,GAYTHORNE
2215,Animal,Cat Trapping,,ASPLEY
2216,Animal,Attack,,SOUTH BRISBANE
2217,Animal,Attack,,FIG TREE POCKET
2218,Animal,Other Animal,Nuisance Animal,WISHART
2219,Animal,Impounded Animal,Dog,CALAMVALE
2220,Animal,Impounded Animal,Dog,CALAMVALE
2221,Animal,Cat,Wandering,CARINA
2222,Animal,Public space,Defecating In Public,SHERWOOD
2223,Animal,Cat Trapping,,WOOLOOWIN
2224,Animal,Attack,,BELLBOWRIE
2225,Animal,Impounded Animal,Dog,INALA
2226,Animal,Attack,,CANNON HILL
2227,Animal,Attack,,GRACEVILLE
2228,Animal,Park,Dog off-leash,NEWSTEAD
2229,Animal,Dog,Defecating In Public,NORMAN PARK
2230,Animal,Attack,Not An Attack,WESTLAKE
2231,Animal,Other Animal,Deer,ANSTEAD
2232,Animal,Other Animal,,ANSTEAD
2233,Animal,Cat Trapping,,KARANA DOWNS
2234,Animal,Cat Trapping,,CARINDALE
2235,Animal,Other Animal,,KARANA DOWNS
2236,Animal,Permit required,Other Livestock,THE GAP
2237,Animal,Cat Trapping,,STAFFORD
2238,Animal,Permit required,Dog,MANLY
2239,Animal,Cat Trapping,,BRACKEN RIDGE
2240,Animal,Dog,Unregistered,STAFFORD HEIGHTS
2241,Animal,Impounded Animal,Dog,STAFFORD HEIGHTS
2242,Animal,Unregistered dog,First Response letter,BULIMBA
2243,Animal,Park,Dog off-leash,BARDON
2244,Animal,Impounded Animal,Dog,FOREST LAKE
2245,Animal,Attack,,BRACKEN RIDGE
2246,Animal,Attack,,HOLLAND PARK WEST
2247,Animal,Fencing Issues,Dog,HOLLAND PARK
2248,Animal,Attack,Attack On A Person,SUNNYBANK HILLS
2249,Animal,Attack,,VIRGINIA
2250,Animal,Impounded Animal,Dog,KALINGA
2251,Animal,Attack,,PADDINGTON
2252,Animal,Attack,Attack On An Animal,PADDINGTON
2253,Animal,Attack,,NEW FARM
2254,Animal,Attack,Attack On A Person,SEVEN HILLS
2255,Animal,Attack,Attack On A Person,ASPLEY
2256,Animal,Dog,Unregistered,ROCKLEA
2257,Animal,Park,Dog off-leash,WINDSOR
2258,Animal,Other Animal,Wandering,NUDGEE
2259,Animal,Unregistered dog,First Response letter,CHAPEL HILL
2260,Animal,Other Animal,Nuisance Animal,MANSFIELD
2261,Animal,Public space,Defecating In Public,CALAMVALE
2262,Animal,Dog,Too Many Animals,TENERIFFE
2263,Animal,Impounded Animal,Dog,BRACKEN RIDGE
2264,Animal,Impounded Animal,Dog,INALA
2265,Animal,Public space,Dog off-leash,KANGAROO POINT
2266,Animal,Unregistered dog,First Response letter,CARINA
2267,Animal,Unregistered dog,First Response letter,BALMORAL
2268,Animal,Unregistered dog,First Response letter,ST LUCIA
