Category: Nature,Category: Type,Category: Reporting Level,Location: Suburb
Animal,Other Animal,Pest / Feral Animal,KEPERRA
Animal,Attack,Not An Attack,WEST END
Animal,Dog,Too Many Animals,KEDRON
Animal,Dog,Fencing Issues,CARINA
Animal,Cat,Wandering,CHERMSIDE
Animal,Cat,Wandering,CHERMSIDE
Animal,Dog,Fencing Issues,WYNNUM
Animal,Other Animal,Nuisance Animal,OXLEY
Animal,Other Animal,Fencing Issues,OXLEY
Animal,Attack,Attack On A Person,MOUNT GRAVATT EAST
Animal,Other Animal,Nuisance Animal,BROOKFIELD
Animal,Attack,Attack On An Animal,CARINA
Animal,Attack,,RUNCORN
Animal,Other Animal,Deer,PINJARRA HILLS
Animal,Attack,Attack On An Animal,MORNINGSIDE
Animal,Dog,Unregistered,
Animal,Dog,Wandering,SANDGATE
Animal,Dog,Odour,EVERTON PARK
Animal,Other Animal,Nuisance Animal,BRACKEN RIDGE
Animal,Other Animal,Wandering,HOLLAND PARK
Animal,Attack,Menacing,TARINGA
Animal,Dog,Wandering,MOUNT GRAVATT EAST
Animal,Dog,Unregistered,DEAGON
Animal,Dog,Wandering,KURABY
Animal,Attack,Attack On An Animal,STAFFORD
Animal,Attack,Attack On A Person,PARKINSON
Animal,Dog,Wandering,HOLLAND PARK WEST
Animal,Cat Trapping,,PALLARA
Animal,Cat,Wandering,STAFFORD HEIGHTS
Animal,Cat,Wandering,DURACK
Animal,Cat Trapping,,ARCHERFIELD
Animal,Dog,Fencing Issues,RIVERHILLS
Animal,Attack,Attack On An Animal,FOREST LAKE
Animal,Dog,Fencing Issues,BRACKEN RIDGE
Animal,Cat Trapping,,INALA
Animal,Dog,Wandering,MCDOWALL
Animal,Other Animal,Fox,THE GAP
Animal,Cat Trapping,,CARINA HEIGHTS
Animal,Other Animal,Nuisance Animal,KEPERRA
Animal,Attack,Attack On A Person,STAFFORD
Animal,Cat,Wandering,HOLLAND PARK
Animal,Other Animal,Fox,FIG TREE POCKET
Animal,Attack,Attack On A Person,BRACKEN RIDGE
Animal,Attack,,CHERMSIDE
Animal,Dog,Odour,CARINDALE
Animal,Dog,Wandering,ALGESTER
Animal,Dog,Wandering,OXLEY
Animal,Attack,Attack On A Person,BRIGHTON
Animal,Attack,Not An Attack,KALINGA
Animal,Attack,Attack On An Animal,ASCOT
Animal,Dog,Wandering,NEW FARM
Animal,Dog,Wandering,INDOOROOPILLY
Animal,Dog,,
Animal,Attack,Menacing,COORPAROO
Animal,Dog,,EIGHT MILE PLAINS
Animal,Other Animal,Odour,KENMORE
Animal,Attack,,CARINA HEIGHTS
Animal,Other Animal,Odour,CAMP HILL
Animal,Cat Trapping,,CARINA HEIGHTS
Animal,Dog,Wandering,MITCHELTON
Animal,Dog,Fencing Issues,SUNNYBANK HILLS
Animal,Other Animal,Fox,FITZGIBBON
Animal,Dog,Too Many Animals,HOLLAND PARK
Animal,Cat Trapping,,RICHLANDS
Animal,Attack,Not An Attack,BELMONT
Animal,Dog,Wandering,ASHGROVE
Animal,Cat Trapping,,HAWTHORNE
Animal,Cat,Wandering,COORPAROO
Animal,Attack,Not An Attack,FAIRFIELD
Animal,Other Animal,Nuisance Animal,BARDON
Animal,Dog,Fencing Issues,ACACIA RIDGE
Animal,Dog,Too Many Animals,NORTHGATE
Animal,Dog,Defecating In Public,CARINDALE
Animal,Dog,Unregistered,CHANDLER
Animal,Attack,,ACACIA RIDGE
Animal,Attack,,ANNERLEY
Animal,Dog,Unregistered,STAFFORD
Animal,Dog,Wandering,FITZGIBBON
Animal,Dog,Unregistered,WYNNUM WEST
Animal,Attack,,BALD HILLS
Animal,Dog,Wandering,BULIMBA
Animal,Other Animal,Too Many Animals,DARRA
Animal,Other Animal,Fox,JINDALEE
Animal,Cat Trapping,,MORNINGSIDE
Animal,Dog,Fencing Issues,FITZGIBBON
Animal,Cat Trapping,,WYNNUM WEST
Animal,Cat Trapping,,HENDRA
Animal,Attack,Attack On An Animal,EVERTON PARK
Animal,Dog,Fencing Issues,UPPER MOUNT GRAVATT
Animal,Dog,Too Many Animals,INALA
Animal,Cat Trapping,,WOOLLOONGABBA
Animal,Other Animal,Fox,MOUNT CROSBY
Animal,Dog,Wandering,GRANGE
Animal,Dog,Wandering,WAVELL HEIGHTS
Animal,Dog,Wandering,BULIMBA
Animal,Dog,Fencing Issues,SANDGATE
Animal,Attack,,HERSTON
Animal,Dog,Fencing Issues,KEPERRA
Animal,Dog,Wandering,BARDON
Animal,Attack,Attack On A Person,ASPLEY
Animal,Dog,Fencing Issues,ACACIA RIDGE
Animal,Dog,,
Animal,Dog,Wandering,RED HILL
Animal,Dog,Wandering,BELMONT
Animal,Dog,Wandering,CANNON HILL
Animal,Attack,Attack On An Animal,STAFFORD
Animal,Dog,,SHERWOOD
Animal,Dog,Fencing Issues,ZILLMERE
Animal,Other Animal,Nuisance Animal,DUTTON PARK
Animal,Attack,Not An Attack,CHERMSIDE WEST
Animal,Attack,,ANNERLEY
Animal,Dog,Wandering,TINGALPA
Animal,Dog,Wandering,CARINA HEIGHTS
Animal,Other Animal,Wild Dog,UPPER BROOKFIELD
Animal,Dog,Wandering,CAMP HILL
Animal,Other Animal,Odour,MOUNT GRAVATT EAST
Animal,Attack,Not An Attack,ASHGROVE
Animal,Attack,Attack On A Person,NEWMARKET
Animal,Dog,Wandering,NUDGEE
Animal,Dog,Unregistered,WYNNUM WEST
Animal,Attack,,HEMMANT
Animal,Other Animal,Nuisance Animal,BRACKEN RIDGE
Animal,Dog,Wandering,MOOROOKA
Animal,Attack,Attack On An Animal,CORINDA
Animal,Other Animal,Fox,TARRAGINDI
Animal,Dog,Wandering,THE GAP
Animal,Dog,Odour,LUTWYCHE
Animal,Dog,Fencing Issues,RIVERHILLS
Animal,Attack,Attack On A Person,CARINA
Animal,Attack,Not An Attack,RUNCORN
Animal,Attack,Not An Attack,ALDERLEY
Animal,Dog,Fencing Issues,CORINDA
Animal,Attack,,VIRGINIA
Animal,Cat Trapping,,NUDGEE BEACH
Animal,Attack,Menacing,WYNNUM
Animal,Dog,Odour,WAVELL HEIGHTS
Animal,Dog,Wandering,CAMP HILL
Animal,Dog,Too Many Animals,HENDRA
Animal,Dog,Wandering,CARINA HEIGHTS
Animal,Other Animal,Pest / Feral Animal,ACACIA RIDGE
Animal,Other Animal,Pest / Feral Animal,ACACIA RIDGE
Animal,Dog,Fencing Issues,WILSTON
Animal,Dog,Fencing Issues,WILSTON
Animal,Dog,Fencing Issues,ALDERLEY
Animal,Attack,Menacing,FOREST LAKE
Animal,Other Animal,Fox,BELMONT
Animal,Dog,Fencing Issues,CARINA
Animal,Attack,Attack On An Animal,ALBION
Animal,Dog,Fencing Issues,ELLEN GROVE
Animal,Dog,Fencing Issues,ELLEN GROVE
Animal,Cat,Wandering,DEAGON
Animal,Cat,Wandering,TAIGUM
Animal,Dog,Fencing Issues,PARKINSON
Animal,Dog,Fencing Issues,STAFFORD HEIGHTS
Animal,Attack,Not An Attack,TARRAGINDI
Animal,Other Animal,,CANNON HILL
Animal,Dog,Wandering,KENMORE
Animal,Dog,Wandering,KENMORE
Animal,Dog,Wandering,KENMORE
Animal,Attack,Attack On An Animal,KENMORE
Animal,Attack,Attack On A Person,SALISBURY
Animal,Attack,Attack On An Animal,BOONDALL
Animal,Dog,Wandering,SUNNYBANK
Animal,Cat Trapping,,DURACK
Animal,Dog,Wandering,CARINDALE
Animal,Other Animal,Nuisance Animal,SUMNER
Animal,Dog,Fencing Issues,CHERMSIDE
Animal,Cat,Wandering,INALA
Animal,Cat,Wandering,NORMAN PARK
Animal,Attack,Not An Attack,SUMNER
Animal,Attack,,SPRING HILL
Animal,Dog,Wandering,ELLEN GROVE
Animal,Attack,Attack On An Animal,ACACIA RIDGE
Animal,Other Animal,Nuisance Animal,KEPERRA
Animal,Dog,Wandering,MACKENZIE
Animal,Dog,Wandering,BRIDGEMAN DOWNS
Animal,Dog,Fencing Issues,TARRAGINDI
Animal,Dog,Wandering,FOREST LAKE
Animal,Attack,Menacing,SUNNYBANK HILLS
Animal,Dog,Wandering,EVERTON PARK
Animal,Dog,Wandering,GRANGE
Animal,Other Animal,Fencing Issues,PALLARA
Animal,Cat Trapping,,BRISBANE AIRPORT
Animal,Dog,Too Many Animals,EIGHT MILE PLAINS
Animal,Dog,Wandering,BULIMBA
Animal,Dog,Fencing Issues,BRACKEN RIDGE
Animal,Dog,Fencing Issues,MOOROOKA
Animal,Dog,,
Animal,Dog,Wandering,ASHGROVE
Animal,Dog,Odour,KEPERRA
Animal,Attack,Not An Attack,MOGGILL
Animal,Dog,Wandering,LOTA
Animal,Dog,Fencing Issues,BRACKEN RIDGE
Animal,Dog,,PULLENVALE
Animal,Attack,,OXLEY
Animal,Dog,Fencing Issues,LOTA
Animal,Other Animal,Fox,TINGALPA
Animal,Other Animal,Wandering,BRISBANE CITY
Animal,Other Animal,Pest / Feral Animal,STAFFORD
Animal,Other Animal,Nuisance Animal,BULIMBA
Animal,Dog,Too Many Animals,FOREST LAKE
Animal,Cat,Wandering,NORTHGATE
Animal,Attack,Attack On An Animal,ACACIA RIDGE
Animal,Attack,Attack On An Animal,BROOKFIELD
Animal,Cat,,NORTHGATE
Animal,Other Animal,Nuisance Animal,PADDINGTON
Animal,Dog,Unregistered,EIGHT MILE PLAINS
Animal,Cat,,KEPERRA
Animal,Dog,Fencing Issues,HOLLAND PARK
Animal,Attack,Attack On An Animal,COOPERS PLAINS
Animal,Attack,Not An Attack,KENMORE HILLS
Animal,Dog,Wandering,HEATHWOOD
Animal,Dog,,BRACKEN RIDGE
Animal,Attack,,WYNNUM
Animal,Other Animal,Nuisance Animal,MCDOWALL
Animal,Attack,Attack On A Person,WEST END
Animal,Other Animal,Nuisance Animal,BALMORAL
Animal,Other Animal,,LYTTON
Animal,Dog,Too Many Animals,DUTTON PARK
Animal,Dog,Odour,DUTTON PARK
Animal,Dog,Unregistered,WAVELL HEIGHTS
Animal,Attack,Attack On An Animal,PULLENVALE
Animal,Attack,Attack On An Animal,BOONDALL
Animal,Attack,Attack On An Animal,BRIGHTON
Animal,Other Animal,Odour,UPPER BROOKFIELD
Animal,Cat,Wandering,KELVIN GROVE
Animal,Cat Trapping,,ARCHERFIELD
Animal,Dog,,WISHART
Animal,Cat Trapping,,MOOROOKA
Animal,Other Animal,Nuisance Animal,CAMP HILL
Animal,Attack,,PULLENVALE
Animal,Attack,,PULLENVALE
Animal,Dog,,CARINA
Animal,Attack,Not An Attack,BOONDALL
Animal,Dog,Fencing Issues,CARINA
Animal,Dog,Too Many Animals,TENERIFFE
Animal,Dog,Wandering,MOUNT GRAVATT EAST
Animal,Cat,Wandering,HAMILTON
Animal,Dog,Fencing Issues,FAIRFIELD
Animal,Attack,Attack On A Person,WAVELL HEIGHTS
Animal,Dog,Unregistered,NUNDAH
Animal,Other Animal,Nuisance Animal,CALAMVALE
Animal,Dog,Fencing Issues,BARDON
Animal,Other Animal,Fox,CARINA
Animal,Cat,Wandering,TARINGA
Animal,Cat,Wandering,WYNNUM
Animal,Cat Trapping,,SANDGATE
Animal,Dog,Wandering,EIGHT MILE PLAINS
Animal,Dog,,EVERTON PARK
Animal,Attack,,NEWMARKET
Animal,Dog,Wandering,SUNNYBANK HILLS
Animal,Dog,Too Many Animals,FITZGIBBON
Animal,Dog,Wandering,SHORNCLIFFE
Animal,Dog,Unregistered,CANNON HILL
Animal,Dog,Unregistered,CANNON HILL
Animal,Dog,Wandering,ANSTEAD
Animal,Dog,Too Many Animals,WAVELL HEIGHTS
Animal,Dog,Wandering,SPRING HILL
Animal,Dog,Fencing Issues,MACKENZIE
Animal,Other Animal,,PULLENVALE
Animal,Cat,Wandering,BANYO
Animal,Dog,Wandering,ASHGROVE
Animal,Dog,Wandering,ZILLMERE
Animal,Dog,Wandering,DUTTON PARK
Animal,Cat,,SANDGATE
Animal,Attack,,SUMNER
Animal,Dog,Wandering,CARINDALE
Animal,Dog,,
Animal,Dog,,
Animal,Other Animal,Fox,FIG TREE POCKET
Animal,Attack,Attack On An Animal,TOOWONG
Animal,Other Animal,Wild Dog,WACOL
Animal,Dog,Fencing Issues,FOREST LAKE
Animal,Dog,Wandering,WILSTON
Animal,Attack,,TARRAGINDI
Animal,Dog,Wandering,NEWMARKET
Animal,Other Animal,Nuisance Animal,BRIGHTON
Animal,Attack,,ELLEN GROVE
Animal,Attack,Attack On A Person,FERNY GROVE
Animal,Dog,Fencing Issues,ACACIA RIDGE
Animal,Cat Trapping,,ASPLEY
Animal,Cat Trapping,,BRACKEN RIDGE
Animal,Attack,Menacing,COOPERS PLAINS
Animal,Dog,Wandering,CAMP HILL
Animal,Dog,Wandering,BULIMBA
Animal,Dog,,
Animal,Dog,,
Animal,Dog,,FOREST LAKE
Animal,Dog,Wandering,FOREST LAKE
Animal,Dog,Wandering,NATHAN
Animal,Attack,Attack On A Person,BRIGHTON
Animal,Dog,Fencing Issues,EIGHT MILE PLAINS
Animal,Dog,Wandering,KENMORE
Animal,Other Animal,Nuisance Animal,SOUTH BRISBANE
Animal,Dog,Wandering,FIG TREE POCKET
Animal,Attack,Attack On An Animal,KEPERRA
Animal,Cat,Wandering,WYNNUM WEST
Animal,Dog,Fencing Issues,WYNNUM WEST
Animal,Dog,,CARINDALE
Animal,Dog,Too Many Animals,DUTTON PARK
Animal,Dog,Too Many Animals,DUTTON PARK
Animal,Dog,Unregistered,INDOOROOPILLY
Animal,Attack,,SHERWOOD
Animal,Dog,Odour,KANGAROO POINT
Animal,Attack,,THE GAP
Animal,Dog,Fencing Issues,HERSTON
Animal,Attack,Not An Attack,BULIMBA
Animal,Cat Trapping,,BANYO
Animal,Dog,Wandering,GEEBUNG
Animal,Cat,Wandering,MORNINGSIDE
Animal,Other Animal,Wandering,SPRING HILL
Animal,Dog,Fencing Issues,BURBANK
Animal,Other Animal,Fox,CHELMER
Animal,Attack,Not An Attack,GRANGE
Animal,Other Animal,Fox,FITZGIBBON
Animal,Attack,Not An Attack,HENDRA
Animal,Attack,Attack On An Animal,FOREST LAKE
Animal,Attack,Not An Attack,NORMAN PARK
Animal,Dog,,ACACIA RIDGE
Animal,Dog,Wandering,EAST BRISBANE
Animal,Other Animal,Fox,CHELMER
Animal,Attack,,LOTA
Animal,Cat Trapping,,THE GAP
Animal,Attack,Not An Attack,FAIRFIELD
Animal,Attack,Menacing,DARRA
Animal,Attack,Attack On A Person,INALA
Animal,Dog,Fencing Issues,WILSTON
Animal,Dog,Fencing Issues,MANLY WEST
Animal,Dog,Wandering,ASHGROVE
Animal,Dog,Wandering,ASHGROVE
Animal,Other Animal,Fox,NATHAN
Animal,Cat Trapping,,BELLBOWRIE
Animal,Dog,Too Many Animals,TENERIFFE
Animal,Dog,Fencing Issues,BRIGHTON
Animal,Attack,Attack On An Animal,EIGHT MILE PLAINS
Animal,Dog,Defecating In Public,CALAMVALE
Animal,Attack,Not An Attack,ASPLEY
Animal,Dog,Wandering,CHAPEL HILL
Animal,Attack,Attack On An Animal,COORPAROO
Animal,Dog,Defecating In Public,MITCHELTON
Animal,Attack,Attack On An Animal,DEAGON
Animal,Attack,Not An Attack,DARRA
Animal,Dog,Wandering,KENMORE
Animal,Dog,Defecating In Public,TOOWONG
Animal,Dog,Wandering,TARRAGINDI
Animal,Cat Trapping,,FOREST LAKE
Animal,Dog,Wandering,HEMMANT
Animal,Dog,Wandering,HEMMANT
Animal,Attack,Attack On An Animal,SHORNCLIFFE
Animal,Dog,Fencing Issues,FOREST LAKE
Animal,Dog,Fencing Issues,BRACKEN RIDGE
Animal,Other Animal,Deer,MOUNT OMMANEY
Animal,Other Animal,Nuisance Animal,BOWEN HILLS
Animal,Dog,Unregistered,RUNCORN
Animal,Dog,Unregistered,INALA
Animal,Cat,Wandering,CHAPEL HILL
Animal,Attack,Menacing,RUNCORN
Animal,Cat,Wandering,WYNNUM
Animal,Attack,Attack On An Animal,FITZGIBBON
Animal,Attack,Not An Attack,HENDRA
Animal,Attack,Not An Attack,WOOLOOWIN
Animal,Dog,Wandering,BROOKFIELD
Animal,Cat,Wandering,NUNDAH
Animal,Dog,Fencing Issues,BARDON
Animal,Attack,Attack On An Animal,WAVELL HEIGHTS
Animal,Cat Trapping,,COOPERS PLAINS
Animal,Other Animal,Fox,LYTTON
Animal,Cat,Wandering,FIG TREE POCKET
Animal,Other Animal,Nuisance Animal,WESTLAKE
Animal,Dog,Wandering,MURARRIE
Animal,Cat Trapping,,STAFFORD HEIGHTS
Animal,Other Animal,Deer,BROOKFIELD
Animal,Dog,Wandering,STAFFORD
Animal,Attack,,COORPAROO
Animal,Dog,Too Many Animals,KELVIN GROVE
Animal,Cat,Wandering,HENDRA
Animal,Cat,Wandering,DURACK
Animal,Attack,,CAMP HILL
Animal,Dog,Wandering,FITZGIBBON
Animal,Attack,,BALD HILLS
Animal,Dog,Fencing Issues,THE GAP
Animal,Dog,Fencing Issues,THE GAP
Animal,Cat Trapping,,KURABY
Animal,Cat Trapping,,MIDDLE PARK
Animal,Attack,,BALD HILLS
Animal,Dog,,STAFFORD
Animal,Attack,Attack On An Animal,WAKERLEY
Animal,Attack,Attack On A Person,BRIGHTON
Animal,Attack,Attack On An Animal,ZILLMERE
Animal,Cat Trapping,,RUNCORN
Animal,Other Animal,Nuisance Animal,MANSFIELD
Animal,Dog,Wandering,BARDON
Animal,Other Animal,Nuisance Animal,SPRING HILL
Animal,Attack,,YERONGA
Animal,Dog,Wandering,MURARRIE
Animal,Dog,Fencing Issues,PULLENVALE
Animal,Dog,Fencing Issues,PULLENVALE
Animal,Dog,Wandering,JINDALEE
Animal,Attack,Not An Attack,BRIDGEMAN DOWNS
Animal,Other Animal,Too Many Animals,DURACK
Animal,Dog,Odour,CHERMSIDE WEST
Animal,Attack,Attack On An Animal,ASCOT
Animal,Dog,Wandering,KANGAROO POINT
Animal,Cat Trapping,,INALA
Animal,Dog,Wandering,HOLLAND PARK WEST
Animal,Other Animal,Wild Dog,MOGGILL
Animal,Cat,Wandering,WYNNUM
Animal,Cat Trapping,,MOUNT GRAVATT EAST
Animal,Dog,Wandering,YERONGA
Animal,Dog,Wandering,YERONGA
Animal,Attack,Attack On A Person,WAVELL HEIGHTS
Animal,Other Animal,Rabbit,PARKINSON
Animal,Attack,Not An Attack,GREENSLOPES
Animal,Dog,Fencing Issues,KEDRON
Animal,Dog,Fencing Issues,CARINA HEIGHTS
Animal,Cat,Wandering,BRIGHTON
Animal,Dog,Wandering,BALD HILLS
Animal,Dog,Fencing Issues,MOUNT CROSBY
Animal,Cat,Wandering,GAYTHORNE
Animal,Attack,,EAST BRISBANE
Animal,Attack,Attack On An Animal,KARANA DOWNS
Animal,Dog,Wandering,EVERTON PARK
Animal,Cat,Wandering,BANYO
Animal,Cat,Wandering,HENDRA
Animal,Other Animal,Nuisance Animal,KEPERRA
Animal,Dog,Unregistered,MCDOWALL
Animal,Cat,Wandering,GAYTHORNE
Animal,Attack,,WEST END
Animal,Other Animal,Fox,HEATHWOOD
Animal,Cat Trapping,,CALAMVALE
Animal,Other Animal,Fox,KARANA DOWNS
Animal,Dog,Wandering,HAWTHORNE
Animal,Attack,Not An Attack,CHAPEL HILL
Animal,Other Animal,Deer,PULLENVALE
Animal,Cat Trapping,,BOONDALL
Animal,Other Animal,Pest / Feral Animal,SUNNYBANK
Animal,Cat,Wandering,CARINDALE
Animal,Dog,Defecating In Public,STAFFORD
Animal,Dog,Defecating In Public,STAFFORD
Animal,Cat,Wandering,EVERTON PARK
Animal,Dog,Wandering,HAWTHORNE
Animal,Other Animal,Nuisance Animal,GAYTHORNE
Animal,Other Animal,Defecating In Public,STONES CORNER
Animal,Attack,Not An Attack,WYNNUM
Animal,Attack,Menacing,WYNNUM
Animal,Dog,Unregistered,TARRAGINDI
Animal,Dog,Wandering,NATHAN
Animal,Dog,Wandering,RED HILL
Animal,Dog,Wandering,RED HILL
Animal,Dog,Wandering,RED HILL
Animal,Other Animal,,UPPER BROOKFIELD
Animal,Dog,Unregistered,BALD HILLS
Animal,Dog,Fencing Issues,DUTTON PARK
Animal,Attack,Attack On An Animal,SUNNYBANK
Animal,Attack,,NORMAN PARK
Animal,Attack,,ALDERLEY
Animal,Dog,,SANDGATE
Animal,Dog,Wandering,SANDGATE
Animal,Attack,Attack On An Animal,SANDGATE
Animal,Attack,,MANLY WEST
Animal,Dog,Too Many Animals,EIGHT MILE PLAINS
Animal,Dog,Fencing Issues,ASPLEY
Animal,Dog,Odour,UPPER KEDRON
Animal,Dog,Wandering,FOREST LAKE
Animal,Other Animal,Fox,MACGREGOR
Animal,Dog,Wandering,SALISBURY
Animal,Other Animal,Fox,ANSTEAD
Animal,Dog,Wandering,KALINGA
Animal,Cat,Wandering,CARINA HEIGHTS
Animal,Dog,Unregistered,
Animal,Attack,Not An Attack,ALDERLEY
Animal,Dog,Fencing Issues,DARRA
Animal,Attack,Not An Attack,DARRA
Animal,Other Animal,Fox,ROCKLEA
Animal,Cat Trapping,,UPPER MOUNT GRAVATT
Animal,Other Animal,Fox,KARANA DOWNS
Animal,Attack,Not An Attack,BRACKEN RIDGE
Animal,Dog,Wandering,YERONGA
Animal,Attack,,FOREST LAKE
Animal,Dog,Defecating In Public,
Animal,Cat,Wandering,ASHGROVE
Animal,Other Animal,Nuisance Animal,SANDGATE
Animal,Dog,Fencing Issues,KEDRON
Animal,Dog,Fencing Issues,KEDRON
Animal,Dog,,PADDINGTON
Animal,Attack,,SALISBURY
Animal,Attack,,SUMNER
Animal,Dog,Too Many Animals,KEDRON
Animal,Dog,,ASPLEY
Animal,Attack,,PARKINSON
Animal,Attack,Not An Attack,STAFFORD
Animal,Attack,,FIG TREE POCKET
Animal,Other Animal,Nuisance Animal,BRIGHTON
Animal,Attack,Attack On A Person,BRACKEN RIDGE
Animal,Attack,,CHAPEL HILL
Animal,Dog,Too Many Animals,CANNON HILL
Animal,Attack,,ASHGROVE
Animal,Attack,Not An Attack,SUNNYBANK HILLS
Animal,Cat Trapping,,CARINA
Animal,Attack,Not An Attack,BRACKEN RIDGE
Animal,Cat Trapping,,ROCKLEA
Animal,Cat Trapping,,BRACKEN RIDGE
Animal,Dog,Fencing Issues,WYNNUM
Animal,Other Animal,Wild Dog,BELLBOWRIE
Animal,Attack,Attack On An Animal,INALA
Animal,Dog,Surrender,WACOL
Animal,Dog,Fencing Issues,UPPER KEDRON
Animal,Dog,Fencing Issues,GREENSLOPES
Animal,Attack,Attack On An Animal,SHERWOOD
Animal,Attack,Attack On An Animal,PADDINGTON
Animal,Attack,,RUNCORN
Animal,Dog,Wandering,BRISBANE CITY
Animal,Dog,Wandering,HOLLAND PARK WEST
Animal,Dog,Too Many Animals,HOLLAND PARK
Animal,Dog,,HOLLAND PARK
Animal,Other Animal,Fencing Issues,ANNERLEY
Animal,Other Animal,Deer,JINDALEE
Animal,Dog,Fencing Issues,MORNINGSIDE
Animal,Dog,Defecating In Public,DOOLANDELLA
Animal,Dog,Fencing Issues,TARRAGINDI
Animal,Other Animal,Pest / Feral Animal,CANNON HILL
Animal,Attack,Attack On An Animal,ROCKLEA
Animal,Cat,,PALLARA
Animal,Attack,Attack On A Person,WYNNUM
Animal,Attack,Attack On An Animal,ACACIA RIDGE
Animal,Dog,Fencing Issues,LOTA
Animal,Attack,Not An Attack,KEPERRA
Animal,Dog,Defecating In Public,NORTHGATE
Animal,Dog,Odour,WAVELL HEIGHTS
Animal,Dog,Fencing Issues,CORINDA
Animal,Attack,Attack On A Person,GEEBUNG
Animal,Dog,Odour,WYNNUM
Animal,Dog,Odour,WAVELL HEIGHTS
Animal,Dog,Wandering,BRIGHTON
Animal,Attack,Attack On An Animal,MANSFIELD
Animal,Dog,Wandering,EIGHT MILE PLAINS
Animal,Attack,Not An Attack,ASPLEY
Animal,Dog,Wandering,WINDSOR
Animal,Dog,Wandering,KEPERRA
Animal,Dog,,HENDRA
Animal,Dog,Too Many Animals,HENDRA
Animal,Dog,Too Many Animals,HENDRA
Animal,Attack,Menacing,KALINGA
Animal,Dog,Too Many Animals,ANSTEAD
Animal,Attack,Attack On An Animal,MORNINGSIDE
Animal,Dog,Fencing Issues,CARINDALE
Animal,Dog,Unregistered,MORNINGSIDE
Animal,Attack,,PINJARRA HILLS
Animal,Attack,,WESTLAKE
Animal,Cat Trapping,,CARINA HEIGHTS
Animal,Attack,,PULLENVALE
Animal,Dog,Unregistered,WOOLLOONGABBA
Animal,Attack,,CAMP HILL
Animal,Dog,,
Animal,Attack,Attack On A Person,INALA
Animal,Attack,Attack On An Animal,KEPERRA
Animal,Other Animal,Fencing Issues,CORINDA
Animal,Other Animal,Nuisance Animal,FORTITUDE VALLEY
Animal,Dog,Too Many Animals,ZILLMERE
Animal,Dog,Too Many Animals,ZILLMERE
Animal,Attack,,WYNNUM WEST
Animal,Dog,Fencing Issues,BRIGHTON
Animal,Dog,Fencing Issues,BRIGHTON
Animal,Other Animal,,KURABY
Animal,Dog,Wandering,ASHGROVE
Animal,Attack,Attack On An Animal,CARSELDINE
Animal,Other Animal,,SINNAMON PARK
Animal,Other Animal,Deer,MOUNT OMMANEY
Animal,Cat,Wandering,RICHLANDS
Animal,Attack,,SOUTH BRISBANE
Animal,Other Animal,Nuisance Animal,ASHGROVE
Animal,Attack,,EAST BRISBANE
Animal,Cat Trapping,,INALA
Animal,Attack,,GUMDALE
Animal,Dog,Fencing Issues,INALA
Animal,Cat Trapping,,ACACIA RIDGE
Animal,Dog,Wandering,WAVELL HEIGHTS
Animal,Cat Trapping,,RUNCORN
Animal,Dog,Wandering,LOTA
Animal,Attack,Attack On A Person,ACACIA RIDGE
Animal,Dog,Fencing Issues,BRACKEN RIDGE
Animal,Dog,Too Many Animals,ZILLMERE
Animal,Attack,,DURACK
Animal,Cat,Wandering,GUMDALE
Animal,Other Animal,Deer,JINDALEE
Animal,Other Animal,Fox,BROOKFIELD
Animal,Dog,Fencing Issues,PADDINGTON
Animal,Dog,Fencing Issues,STAFFORD HEIGHTS
Animal,Attack,,DURACK
Animal,Attack,Attack On An Animal,MOUNT COOT-THA
Animal,Cat Trapping,,BALD HILLS
Animal,Cat,Wandering,GAYTHORNE
Animal,Attack,Menacing,ANNERLEY
Animal,Dog,Fencing Issues,INALA
Animal,Dog,Too Many Animals,ANNERLEY
Animal,Dog,Unregistered,
Animal,Dog,Unregistered,
Animal,Dog,Too Many Animals,EIGHT MILE PLAINS
Animal,Attack,Not An Attack,GREENSLOPES
Animal,Attack,Attack On An Animal,GREENSLOPES
Animal,Attack,Attack On An Animal,GREENSLOPES
Animal,Dog,Wandering,CARINDALE
Animal,Dog,Fencing Issues,INALA
Animal,Dog,Fencing Issues,DEAGON
Animal,Attack,,BELLBOWRIE
Animal,Dog,Odour,DUTTON PARK
Animal,Attack,,THE GAP
Animal,Attack,Attack On A Person,INDOOROOPILLY
Animal,Dog,Unregistered,DEAGON
Animal,Other Animal,Fox,GUMDALE
Animal,Other Animal,Deer,JINDALEE
Animal,Dog,Wandering,HOLLAND PARK WEST
Animal,Dog,Wandering,CALAMVALE
Animal,Dog,Too Many Animals,LUTWYCHE
Animal,Dog,Wandering,YERONGA
Animal,Attack,,MOUNT OMMANEY
Animal,Attack,Attack On An Animal,KEDRON
Animal,Attack,Not An Attack,NORTHGATE
Animal,Dog,Wandering,VIRGINIA
Animal,Dog,,CARINA
Animal,Cat,Wandering,NUDGEE
Animal,Dog,,BOONDALL
Animal,Dog,Fencing Issues,ALGESTER
Animal,Dog,Fencing Issues,MANLY WEST
Animal,Dog,Unregistered,STAFFORD HEIGHTS
Animal,Cat Trapping,,INALA
Animal,Other Animal,,MOUNT GRAVATT EAST
Animal,Cat Trapping,,INALA
Animal,Dog,Fencing Issues,UPPER KEDRON
Animal,Cat Trapping,,YERONGA
Animal,Attack,Attack On An Animal,MURARRIE
Animal,Dog,Wandering,SANDGATE
Animal,Cat Trapping,,UPPER MOUNT GRAVATT
Animal,Cat,Wandering,WOOLLOONGABBA
Animal,Dog,Wandering,DARRA
Animal,Dog,Defecating In Public,EAST BRISBANE
Animal,Dog,Unregistered,FORTITUDE VALLEY
Animal,Dog,Wandering,OXLEY
Animal,Dog,Unregistered,STAFFORD
Animal,Dog,Wandering,THE GAP
Animal,Cat Trapping,,NORTHGATE
Animal,Cat Trapping,,NATHAN
Animal,Other Animal,Fox,MOUNT GRAVATT
Animal,Dog,Defecating In Public,MOUNT GRAVATT EAST
Animal,Cat,Wandering,DEAGON
Animal,Cat Trapping,,MOUNT GRAVATT EAST
Animal,Attack,,CARINA
Animal,Cat,Wandering,NUNDAH
Animal,Dog,Unregistered,CORINDA
Animal,Attack,Attack On An Animal,BROOKFIELD
Animal,Cat Trapping,,LOTA
Animal,Attack,,MORNINGSIDE
Animal,Attack,,BRACKEN RIDGE
Animal,Attack,Not An Attack,PULLENVALE
Animal,Dog,Defecating In Public,TOOWONG
Animal,Dog,Wandering,NORMAN PARK
Animal,Attack,Dangerous,BRIDGEMAN DOWNS
Animal,Other Animal,Nuisance Animal,INALA
Animal,Other Animal,Fencing Issues,MITCHELTON
Animal,Attack,,WOOLLOONGABBA
Animal,Dog,Wandering,INDOOROOPILLY
Animal,Cat Trapping,,ACACIA RIDGE
Animal,Cat Trapping,,SALISBURY
Animal,Dog,Fencing Issues,CANNON HILL
Animal,Dog,Fencing Issues,CANNON HILL
Animal,Other Animal,,FOREST LAKE
Animal,Dog,Fencing Issues,THE GAP
Animal,Other Animal,Fox,MANSFIELD
Animal,Cat Trapping,,INALA
Animal,Cat Trapping,,HAWTHORNE
Animal,Attack,Attack On An Animal,RUNCORN
Animal,Other Animal,Rabbit,RICHLANDS
Animal,Other Animal,Rabbit,RICHLANDS
Animal,Dog,Fencing Issues,HEMMANT
Animal,Attack,Menacing,WYNNUM WEST
Animal,Attack,Not An Attack,CORINDA
Animal,Attack,Not An Attack,BULIMBA
Animal,Cat Trapping,,WYNNUM
Animal,Other Animal,Fox,WYNNUM WEST
Animal,Other Animal,Fox,WYNNUM WEST
Animal,Dog,Fencing Issues,HEMMANT
Animal,Attack,Attack On An Animal,ELLEN GROVE
Animal,Other Animal,Nuisance Animal,ELLEN GROVE
Animal,Dog,Wandering,
Animal,Other Animal,Nuisance Animal,CALAMVALE
Animal,Dog,Wandering,CALAMVALE
Animal,Attack,Attack On A Person,NEW FARM
Animal,Dog,Wandering,CARINDALE
Animal,Dog,Wandering,YERONGA
Animal,Dog,Fencing Issues,EIGHT MILE PLAINS
Animal,Dog,Fencing Issues,WINDSOR
Animal,Dog,Fencing Issues,WINDSOR
Animal,Other Animal,Fox,MACGREGOR
Animal,Dog,Wandering,DARRA
Animal,Attack,Attack On An Animal,MORNINGSIDE
Animal,Cat Trapping,,HENDRA
Animal,Other Animal,Fencing Issues,BOONDALL
Animal,Attack,Attack On An Animal,BRACKEN RIDGE
Animal,Cat Trapping,,WACOL
Animal,Other Animal,Deer,PULLENVALE
Animal,Cat Trapping,,MOOROOKA
Animal,Attack,Not An Attack,MANLY WEST
Animal,Attack,Attack On An Animal,STAFFORD
Animal,Other Animal,Fox,WISHART
Animal,Attack,Not An Attack,ZILLMERE
Animal,Dog,Fencing Issues,WYNNUM WEST
Animal,Cat Trapping,,MURARRIE
Animal,Dog,Fencing Issues,ASPLEY
Animal,Dog,Wandering,HOLLAND PARK WEST
Animal,Attack,Attack On An Animal,YERONGA
Animal,Dog,Wandering,YERONGA
Animal,Attack,Not An Attack,ELLEN GROVE
Animal,Dog,Unregistered,
Animal,Cat Trapping,,MANLY WEST
Animal,Cat,Wandering,INALA
Animal,Dog,Wandering,DARRA
Animal,Attack,Attack On An Animal,EIGHT MILE PLAINS
Animal,Dog,Fencing Issues,BRACKEN RIDGE
Animal,Dog,Unregistered,
Animal,Attack,,SOUTH BRISBANE
Animal,Attack,Menacing,MORNINGSIDE
Animal,Dog,Wandering,YERONGA
Animal,Attack,Attack On A Person,KELVIN GROVE
Animal,Dog,Wandering,
Animal,Attack,Attack On An Animal,PULLENVALE
Animal,Cat Trapping,,CALAMVALE
Animal,Other Animal,,MOUNT GRAVATT EAST
Animal,Dog,Fencing Issues,BELMONT
Animal,Cat,Wandering,OXLEY
Animal,Other Animal,Nuisance Animal,DURACK
Animal,Dog,Fencing Issues,MANLY WEST
Animal,Attack,,FIG TREE POCKET
Animal,Other Animal,Fox,ANSTEAD
Animal,Dog,Wandering,STRETTON
Animal,Other Animal,Nuisance Animal,HENDRA
Animal,Attack,,KEDRON
Animal,Dog,Wandering,HAMILTON
Animal,Dog,Wandering,BRACKEN RIDGE
Animal,Cat Trapping,,MOUNT GRAVATT
Animal,Other Animal,Deer,UPPER BROOKFIELD
Animal,Attack,,RUNCORN
Animal,Cat,Wandering,KARAWATHA
Animal,Cat Trapping,,CHERMSIDE
Animal,Other Animal,Nuisance Animal,KEPERRA
Animal,Dog,Fencing Issues,WINDSOR
Animal,Cat Trapping,,NATHAN
Animal,Dog,Wandering,SUNNYBANK HILLS
Animal,Dog,Fencing Issues,WYNNUM
Animal,Dog,Wandering,CHERMSIDE WEST
Animal,Attack,,MACGREGOR
Animal,Attack,,RUNCORN
Animal,Dog,Fencing Issues,MILTON
Animal,Dog,Wandering,NUNDAH
Animal,Attack,,HAWTHORNE
Animal,Attack,Not An Attack,CAMP HILL
Animal,Cat,Wandering,MOUNT GRAVATT EAST
Animal,Dog,Wandering,MORNINGSIDE
Animal,Dog,Odour,CALAMVALE
Animal,Dog,Fencing Issues,CAMP HILL
Animal,Dog,Wandering,MURARRIE
Animal,Other Animal,Fox,UPPER MOUNT GRAVATT
Animal,Dog,Wandering,ELLEN GROVE
Animal,Dog,Fencing Issues,MITCHELTON
Animal,Attack,,SEVENTEEN MILE ROCKS
Animal,Dog,Fencing Issues,RIVERHILLS
Animal,Dog,Fencing Issues,PADDINGTON
Animal,Other Animal,Nuisance Animal,COOPERS PLAINS
Animal,Dog,,
Animal,Dog,Fencing Issues,HENDRA
Animal,Attack,Attack On An Animal,GREENSLOPES
Animal,Cat,Wandering,HEMMANT
Animal,Attack,Menacing,WYNNUM WEST
Animal,Attack,Attack On A Person,MOOROOKA
Animal,Dog,Fencing Issues,FERNY GROVE
Animal,Dog,Fencing Issues,MITCHELTON
Animal,Attack,Not An Attack,WYNNUM
Animal,Dog,Fencing Issues,BRACKEN RIDGE
Animal,Attack,Attack On An Animal,BELMONT
Animal,Other Animal,Fox,BALD HILLS
Animal,Attack,Menacing,WYNNUM WEST
Animal,Other Animal,Nuisance Animal,HENDRA
Animal,Other Animal,Nuisance Animal,ACACIA RIDGE
Animal,Dog,Wandering,SANDGATE
Animal,Attack,Attack On An Animal,CHAPEL HILL
Animal,Dog,Fencing Issues,INALA
Animal,Dog,Fencing Issues,JINDALEE
Animal,Cat Trapping,,INALA
Animal,Dog,Fencing Issues,KEPERRA
Animal,Other Animal,Odour,WAKERLEY
Animal,Dog,Unregistered,KANGAROO POINT
Animal,Dog,Wandering,MOOROOKA
Animal,Dog,Unregistered,MANLY WEST
Animal,Dog,Unregistered,MANLY WEST
Animal,Dog,Unregistered,MANLY WEST
Animal,Dog,Wandering,ENOGGERA RESERVOIR
Animal,Cat,Wandering,EAST BRISBANE
Animal,Dog,,BRIDGEMAN DOWNS
Animal,Dog,Fencing Issues,SANDGATE
Animal,Dog,Fencing Issues,CARINA
Animal,Dog,Wandering,MILTON
Animal,Dog,Wandering,EVERTON PARK
Animal,Cat Trapping,,BANYO
Animal,Attack,,SUNNYBANK
Animal,Attack,,MITCHELTON
Animal,Attack,,GEEBUNG
Animal,Dog,Fencing Issues,DEAGON
Animal,Attack,Attack On An Animal,GORDON PARK
Animal,Cat Trapping,,SHORNCLIFFE
Animal,Dog,Unregistered,YERONGA
Animal,Attack,,KEPERRA
Animal,Dog,Wandering,SANDGATE
Animal,Attack,,SUNNYBANK HILLS
Animal,Dog,,MOUNT GRAVATT EAST
Animal,Other Animal,Fencing Issues,HOLLAND PARK
Animal,Dog,Odour,GAYTHORNE
Animal,Dog,Fencing Issues,MOOROOKA
Animal,Other Animal,Fox,TOOWONG
Animal,Other Animal,Fox,SINNAMON PARK
Animal,Other Animal,Fox,TINGALPA
Animal,Attack,Attack On A Person,BALD HILLS
Animal,Other Animal,Nuisance Animal,ALGESTER
Animal,Other Animal,Fencing Issues,CORINDA
Animal,Other Animal,Nuisance Animal,MOUNT GRAVATT EAST
Animal,Attack,Not An Attack,WYNNUM WEST
Animal,Other Animal,Pest / Feral Animal,ANNERLEY
Animal,Other Animal,Pest / Feral Animal,MOUNT GRAVATT
Animal,Dog,Fencing Issues,
Animal,Other Animal,Fox,AUCHENFLOWER
Animal,Cat Trapping,,COOPERS PLAINS
Animal,Attack,,DARRA
Animal,Dog,Wandering,BRACKEN RIDGE
Animal,Other Animal,Fox,TINGALPA
Animal,Other Animal,Fox,DUTTON PARK
Animal,Dog,,
Animal,Dog,Fencing Issues,STRETTON
Animal,Dog,Fencing Issues,STRETTON
Animal,Dog,Defecating In Public,CALAMVALE
Animal,Dog,Fencing Issues,SUNNYBANK
Animal,Dog,Fencing Issues,INDOOROOPILLY
Animal,Attack,,GREENSLOPES
Animal,Dog,Fencing Issues,DARRA
Animal,Dog,Too Many Animals,HOLLAND PARK
Animal,Other Animal,Fox,JINDALEE
Animal,Attack,Attack On An Animal,GORDON PARK
Animal,Dog,Wandering,WYNNUM
Animal,Dog,Wandering,NEWSTEAD
Animal,Dog,Wandering,YERONGA
Animal,Cat,Wandering,GREENSLOPES
Animal,Attack,Attack On A Person,ALGESTER
Animal,Dog,Fencing Issues,THE GAP
Animal,Attack,Attack On An Animal,MOUNT GRAVATT
Animal,Attack,Dangerous,BANYO
Animal,Attack,Attack On A Person,BANYO
Animal,Dog,Unregistered,FOREST LAKE
Animal,Other Animal,Deer,MOGGILL
Animal,Dog,Wandering,DUTTON PARK
Animal,Attack,Attack On A Person,BELMONT
Animal,Other Animal,,KHOLO
Animal,Dog,Defecating In Public,MILTON
Animal,Dog,Wandering,CHERMSIDE WEST
Animal,Dog,Unregistered,HOLLAND PARK
Animal,Attack,Attack On An Animal,KEDRON
Animal,Cat Trapping,,CALAMVALE
Animal,Dog,Wandering,WISHART
Animal,Cat,,WOOLOOWIN
Animal,Dog,Defecating In Public,MANLY WEST
Animal,Cat,Wandering,GREENSLOPES
Animal,Cat,Wandering,GREENSLOPES
Animal,Attack,,CARSELDINE
Animal,Dog,Fencing Issues,WYNNUM
Animal,Cat,Wandering,HERSTON
Animal,Dog,Wandering,BRACKEN RIDGE
Animal,Dog,Fencing Issues,RIVERHILLS
Animal,Other Animal,Deer,PULLENVALE
Animal,Dog,Fencing Issues,ALGESTER
Animal,Other Animal,Fox,PULLENVALE
Animal,Dog,Unregistered,TARRAGINDI
Animal,Attack,Attack On A Person,CHERMSIDE WEST
Animal,Dog,Wandering,NEW FARM
Animal,Other Animal,Fox,RIVERHILLS
Animal,Dog,Fencing Issues,CARSELDINE
Animal,Cat Trapping,,HOLLAND PARK
Animal,Dog,Fencing Issues,VIRGINIA
Animal,Attack,,FOREST LAKE
Animal,Dog,Wandering,BROOKFIELD
Animal,Dog,Fencing Issues,INALA
Animal,Attack,Not An Attack,SANDGATE
Animal,Other Animal,Fox,MOUNT CROSBY
Animal,Dog,Fencing Issues,MIDDLE PARK
Animal,Attack,Attack On An Animal,CAMP HILL
Animal,Cat,Wandering,COORPAROO
Animal,Dog,Fencing Issues,KARANA DOWNS
Animal,Dog,Wandering,HAWTHORNE
Animal,Dog,Fencing Issues,KEDRON
Animal,Dog,Fencing Issues,STAFFORD HEIGHTS
Animal,Attack,Attack On A Person,BOONDALL
Animal,Dog,Wandering,
Animal,Cat,Wandering,NORMAN PARK
Animal,Attack,Attack On An Animal,STAFFORD
Animal,Other Animal,,SANDGATE
Animal,Dog,Too Many Animals,ZILLMERE
Animal,Dog,Too Many Animals,ZILLMERE
Animal,Dog,Wandering,ALGESTER
Animal,Dog,Fencing Issues,CORINDA
Animal,Attack,Attack On A Person,GEEBUNG
Animal,Dog,Wandering,NEWMARKET
Animal,Dog,Wandering,EIGHT MILE PLAINS
Animal,Attack,,UPPER KEDRON
Animal,Attack,Menacing,CARSELDINE
Animal,Dog,Fencing Issues,HAWTHORNE
Animal,Other Animal,Wandering,BRIDGEMAN DOWNS
Animal,Other Animal,Fox,BELLBOWRIE
Animal,Dog,Fencing Issues,BRIDGEMAN DOWNS
Animal,Attack,,BRIDGEMAN DOWNS
Animal,Cat,,FOREST LAKE
Animal,Dog,Too Many Animals,ZILLMERE
Animal,Dog,Fencing Issues,WINDSOR
Animal,Dog,Fencing Issues,ASPLEY
Animal,Dog,Fencing Issues,WYNNUM WEST
Animal,Other Animal,Wandering,ASHGROVE
Animal,Dog,Fencing Issues,COORPAROO
Animal,Attack,Menacing,RUNCORN
Animal,Other Animal,,MIDDLE PARK
Animal,Dog,Wandering,THE GAP
Animal,Attack,,BRIGHTON
Animal,Other Animal,Nuisance Animal,MOGGILL
Animal,Other Animal,Feral Pig,UPPER BROOKFIELD
Animal,Dog,Wandering,LOTA
Animal,Dog,Fencing Issues,KURABY
Animal,Other Animal,Fox,MOUNT GRAVATT
Animal,Attack,,KENMORE
Animal,Dog,,
Animal,Dog,,
Animal,Cat,Wandering,HAWTHORNE
Animal,Attack,Attack On A Person,TOOWONG
Animal,Cat Trapping,,CAMP HILL
Animal,Cat Trapping,,MOUNT CROSBY
Animal,Attack,Attack On An Animal,CHERMSIDE WEST
Animal,Attack,,SALISBURY
Animal,Attack,Not An Attack,CHAPEL HILL
Animal,Dog,Wandering,MANLY WEST
Animal,Attack,Attack On A Person,CHERMSIDE WEST
Animal,Attack,,SUMNER
Animal,Dog,Wandering,BULIMBA
Animal,Attack,Attack On An Animal,BRACKEN RIDGE
Animal,Dog,,ELLEN GROVE
Animal,Cat Trapping,,ROBERTSON
Animal,Dog,Wandering,RICHLANDS
Animal,Cat,Wandering,DURACK
Animal,Dog,Fencing Issues,KEDRON
Animal,Dog,Fencing Issues,KEDRON
Animal,Cat,Wandering,NORMAN PARK
Animal,Dog,Odour,KEDRON
Animal,Dog,Wandering,ELLEN GROVE
Animal,Other Animal,Fox,BROOKFIELD
Animal,Dog,Wandering,BARDON
Animal,Dog,,CARINA
Animal,Other Animal,Fox,CHANDLER
Animal,Dog,Fencing Issues,WAVELL HEIGHTS
Animal,Cat Trapping,,NUDGEE BEACH
Animal,Dog,Wandering,RIVERHILLS
Animal,Other Animal,Fox,ST LUCIA
Animal,Cat,Wandering,GAYTHORNE
Animal,Dog,Unregistered,DARRA
Animal,Attack,,THE GAP
Animal,Dog,,CHELMER
Animal,Other Animal,Rabbit,BANYO
Animal,Cat Trapping,,CALAMVALE
Animal,Dog,Odour,WAVELL HEIGHTS
Animal,Other Animal,Fencing Issues,WYNNUM
Animal,Dog,Wandering,ASHGROVE
Animal,Dog,Wandering,ASHGROVE
Animal,Attack,,STAFFORD
Animal,Dog,Fencing Issues,ELLEN GROVE
Animal,Cat,,PINJARRA HILLS
Animal,Attack,Attack On A Person,BRACKEN RIDGE
Animal,Attack,Attack On An Animal,CARINA
Animal,Attack,Not An Attack,ASHGROVE
Animal,Cat,Wandering,BRIGHTON
Animal,Dog,Fencing Issues,ACACIA RIDGE
Animal,Cat,Wandering,BALD HILLS
Animal,Attack,Dangerous,RUNCORN
Animal,Dog,Wandering,ACACIA RIDGE
Animal,Attack,Attack On An Animal,MOOROOKA
Animal,Other Animal,Nuisance Animal,DURACK
Animal,Attack,Attack On An Animal,DARRA
Animal,Other Animal,Fox,KARANA DOWNS
Animal,Other Animal,Wild Dog,UPPER BROOKFIELD
Animal,Attack,Attack On An Animal,BOONDALL
Animal,Attack,,INALA
Animal,Dog,Fencing Issues,HOLLAND PARK WEST
Animal,Dog,Wandering,WYNNUM
Animal,Attack,,SUNNYBANK
Animal,Dog,Fencing Issues,ELLEN GROVE
Animal,Attack,,FORTITUDE VALLEY
Animal,Attack,,ELLEN GROVE
Animal,Dog,Wandering,NUDGEE BEACH
Animal,Dog,Too Many Animals,RUNCORN
Animal,Dog,Too Many Animals,RUNCORN
Animal,Dog,,RUNCORN
Animal,Attack,,MANLY WEST
Animal,Dog,Too Many Animals,SUNNYBANK HILLS
Animal,Dog,Defecating In Public,MANLY WEST
Animal,Cat Trapping,,WYNNUM
Animal,Attack,,MILTON
Animal,Dog,Fencing Issues,KARANA DOWNS
Animal,Attack,Not An Attack,MOUNT OMMANEY
Animal,Attack,Menacing,MOUNT OMMANEY
Animal,Attack,Menacing,MOUNT OMMANEY
Animal,Attack,Dangerous,MORNINGSIDE
Animal,Attack,Not An Attack,EVERTON PARK
Animal,Attack,,TINGALPA
Animal,Attack,Attack On An Animal,ENOGGERA
Animal,Dog,Fencing Issues,CARSELDINE
Animal,Other Animal,Nuisance Animal,CARINA
Animal,Other Animal,Pest / Feral Animal,ALGESTER
Animal,Dog,Defecating In Public,GORDON PARK
Animal,Other Animal,Deer,MOUNT OMMANEY
Animal,Dog,Too Many Animals,WYNNUM
Animal,Cat,Wandering,JINDALEE
Animal,Attack,Attack On An Animal,PINJARRA HILLS
Animal,Dog,Fencing Issues,MANSFIELD
Animal,Dog,Fencing Issues,
Animal,Dog,Defecating In Public,DOOLANDELLA
Animal,Cat,Wandering,WYNNUM WEST
Animal,Dog,Fencing Issues,KEDRON
Animal,Attack,Attack On An Animal,WILSTON
Animal,Dog,Fencing Issues,RIVERHILLS
Animal,Attack,Menacing,STAFFORD
Animal,Dog,Fencing Issues,NORMAN PARK
Animal,Attack,Attack On An Animal,MILTON
Animal,Attack,Attack On A Person,BALD HILLS
Animal,Cat,Wandering,SUNNYBANK HILLS
Animal,Dog,Fencing Issues,EAST BRISBANE
Animal,Dog,Fencing Issues,WYNNUM WEST
Animal,Dog,Fencing Issues,WYNNUM WEST
Animal,Other Animal,Odour,RICHLANDS
Animal,Dog,Too Many Animals,WYNNUM WEST
Animal,Dog,Unregistered,CARINA HEIGHTS
Animal,Attack,Attack On An Animal,CARINDALE
Animal,Dog,Insufficient Space,MOUNT GRAVATT EAST
Animal,Attack,Not An Attack,WYNNUM WEST
Animal,Dog,Unregistered,JINDALEE
Animal,Cat,Wandering,WAVELL HEIGHTS
Animal,Dog,Fencing Issues,NORMAN PARK
Animal,Cat,Wandering,JINDALEE
Animal,Attack,Attack On An Animal,WEST END
Animal,Cat,Wandering,BULIMBA
Animal,Attack,Not An Attack,INALA
Animal,Cat,Wandering,MOUNT OMMANEY
Animal,Cat,Wandering,MOUNT OMMANEY
Animal,Dog,Fencing Issues,THE GAP
Animal,Other Animal,Wild Dog,KHOLO
Animal,Attack,Not An Attack,BALD HILLS
Animal,Dog,Fencing Issues,TINGALPA
Animal,Dog,Fencing Issues,PULLENVALE
Animal,Dog,Fencing Issues,NORMAN PARK
Animal,Cat Trapping,,FOREST LAKE
Animal,Dog,Fencing Issues,YERONGA
Animal,Other Animal,Nuisance Animal,KEPERRA
Animal,Other Animal,Fox,THE GAP
Animal,Cat Trapping,,WEST END
Animal,Other Animal,Fox,SUNNYBANK HILLS
Animal,Dog,Defecating In Public,JAMBOREE HEIGHTS
Animal,Cat Trapping,,CHAPEL HILL
Animal,Other Animal,Insufficient Space,COOPERS PLAINS
Animal,Other Animal,Odour,FAIRFIELD
Animal,Attack,Not An Attack,WYNNUM
Animal,Dog,Fencing Issues,CAMP HILL
Animal,Attack,Not An Attack,MOOROOKA
Animal,Dog,Fencing Issues,MILTON
Animal,Dog,Fencing Issues,LOTA
Animal,Attack,Not An Attack,WYNNUM WEST
Animal,Attack,Menacing,HOLLAND PARK
Animal,Attack,Not An Attack,HOLLAND PARK
Animal,Dog,Too Many Animals,WYNNUM WEST
Animal,Dog,Wandering,CHELMER
Animal,Dog,Fencing Issues,PULLENVALE
Animal,Dog,Fencing Issues,SINNAMON PARK
Animal,Dog,Defecating In Public,NORMAN PARK
Animal,Dog,Fencing Issues,SANDGATE
Animal,Other Animal,Fox,WYNNUM WEST
Animal,Attack,Attack On An Animal,WYNNUM WEST
Animal,Attack,,BELLBOWRIE
Animal,Attack,Attack On An Animal,MORNINGSIDE
Animal,Attack,Attack On An Animal,DEAGON
Animal,Dog,Fencing Issues,ALDERLEY
Animal,Attack,Not An Attack,BARDON
Animal,Attack,Not An Attack,ALBION
Animal,Other Animal,Nuisance Animal,SUNNYBANK HILLS
Animal,Attack,Attack On A Person,BRACKEN RIDGE
Animal,Dog,Fencing Issues,JAMBOREE HEIGHTS
Animal,Dog,Wandering,NATHAN
Animal,Dog,Odour,MITCHELTON
Animal,Other Animal,Fox,BURBANK
Animal,Dog,Fencing Issues,SANDGATE
Animal,Dog,Unregistered,CALAMVALE
Animal,Dog,Unregistered,ELLEN GROVE
Animal,Dog,Fencing Issues,ELLEN GROVE
Animal,Dog,Unregistered,ANNERLEY
Animal,Attack,Attack On An Animal,FOREST LAKE
Animal,Dog,Too Many Animals,RUNCORN
Animal,Dog,Unregistered,RUNCORN
Animal,Dog,Fencing Issues,NORMAN PARK
Animal,Dog,Fencing Issues,JAMBOREE HEIGHTS
Animal,Dog,Wandering,GRANGE
Animal,Cat Trapping,,HEATHWOOD
Animal,Attack,Attack On An Animal,WAVELL HEIGHTS
Animal,Attack,Attack On An Animal,CHERMSIDE WEST
Animal,Attack,Attack On A Person,BOONDALL
Animal,Attack,Attack On An Animal,BARDON
Animal,Cat,Wandering,GAYTHORNE
Animal,Cat Trapping,,WINDSOR
Animal,Cat Trapping,,CARINA
Animal,Dog,Wandering,INDOOROOPILLY
Animal,Dog,Fencing Issues,ACACIA RIDGE
Animal,Dog,Unregistered,
Animal,Dog,Unregistered,GEEBUNG
Animal,Dog,Fencing Issues,BRIDGEMAN DOWNS
Animal,Dog,Defecating In Public,NUDGEE
Animal,Dog,Fencing Issues,CARINA HEIGHTS
Animal,Dog,Wandering,INDOOROOPILLY
Animal,Dog,Fencing Issues,CARINA HEIGHTS
Animal,Attack,Not An Attack,MANLY WEST
Animal,Cat Trapping,,FOREST LAKE
Animal,Cat,Wandering,EIGHT MILE PLAINS
Animal,Dog,Fencing Issues,WYNNUM
Animal,Other Animal,Fencing Issues,UPPER BROOKFIELD
Animal,Dog,Fencing Issues,FERNY GROVE
Animal,Dog,Fencing Issues,BALD HILLS
Animal,Attack,Attack On An Animal,WYNNUM WEST
Animal,Attack,Menacing,GREENSLOPES
Animal,Dog,Fencing Issues,ELLEN GROVE
Animal,Dog,Fencing Issues,SHERWOOD
Animal,Cat,Wandering,BALD HILLS
Animal,Dog,Wandering,CORINDA
Animal,Attack,,WYNNUM
Animal,Other Animal,Fox,BALD HILLS
Animal,Dog,Odour,NUNDAH
Animal,Other Animal,Fox,HOLLAND PARK
Animal,Other Animal,Rabbit,RICHLANDS
Animal,Other Animal,Rabbit,RICHLANDS
Animal,Cat,Wandering,WYNNUM WEST
Animal,Attack,Attack On An Animal,DARRA
Animal,Dog,Fencing Issues,OXLEY
Animal,Cat Trapping,,KENMORE HILLS
Animal,Attack,Attack On An Animal,CARINA HEIGHTS
Animal,Cat Trapping,,CLAYFIELD
Animal,Other Animal,Fox,NATHAN
Animal,Other Animal,Fox,UPPER BROOKFIELD
Animal,Cat,Wandering,MURARRIE
Animal,Dog,Fencing Issues,
Animal,Attack,Not An Attack,PARKINSON
Animal,Dog,Fencing Issues,YERONGA
Animal,Dog,Fencing Issues,BALD HILLS
Animal,Dog,Too Many Animals,CAMP HILL
Animal,Dog,Wandering,MILTON
Animal,Dog,Fencing Issues,WYNNUM WEST
Animal,Dog,Fencing Issues,BANYO
Animal,Cat Trapping,,ZILLMERE
Animal,Attack,Attack On A Person,FOREST LAKE
Animal,Cat Trapping,,CALAMVALE
Animal,Other Animal,Fencing Issues,INALA
Animal,Cat Trapping,,KEDRON
Animal,Other Animal,Nuisance Animal,EVERTON PARK
Animal,Dog,Wandering,KEDRON
Animal,Dog,Wandering,CHAPEL HILL
Animal,Cat,Wandering,CORINDA
Animal,Attack,Not An Attack,INALA
Animal,Dog,Fencing Issues,WINDSOR
Animal,Dog,Too Many Animals,ASPLEY
Animal,Dog,Fencing Issues,CARINA HEIGHTS
Animal,Dog,Wandering,BALD HILLS
Animal,Dog,Fencing Issues,SANDGATE
Animal,Dog,Wandering,BALD HILLS
Animal,Dog,Wandering,MCDOWALL
Animal,Dog,Fencing Issues,ROCKLEA
Animal,Attack,Attack On A Person,ZILLMERE
Animal,Attack,Menacing,INALA
Animal,Other Animal,Fox,BRACKEN RIDGE
Animal,Attack,Dangerous,DARRA
Animal,Dog,Fencing Issues,DARRA
Animal,Other Animal,Fox,UPPER BROOKFIELD
Animal,Dog,Wandering,EVERTON PARK
Animal,Dog,Unregistered,RUNCORN
Animal,Dog,Fencing Issues,STAFFORD
Animal,Dog,Wandering,BRIDGEMAN DOWNS
Animal,Dog,Fencing Issues,RUNCORN
Animal,Dog,Fencing Issues,SANDGATE
Animal,Dog,Wandering,RED HILL
Animal,Dog,Fencing Issues,ALDERLEY
Animal,Dog,Fencing Issues,WAVELL HEIGHTS
Animal,Dog,Wandering,OXLEY
Animal,Attack,Attack On A Person,TARINGA
Animal,Dog,Wandering,DOOLANDELLA
Animal,Dog,Unregistered,
Animal,Dog,Fencing Issues,FERNY GROVE
Animal,Other Animal,Nuisance Animal,WESTLAKE
Animal,Attack,Attack On A Person,KALINGA
Animal,Dog,Wandering,ASHGROVE
Animal,Dog,Wandering,MANSFIELD
Animal,Dog,Fencing Issues,WINDSOR
Animal,Dog,Too Many Animals,ZILLMERE
Animal,Dog,Wandering,ELLEN GROVE
Animal,Attack,Attack On A Person,ASHGROVE
Animal,Attack,Dangerous,CHELMER
Animal,Cat Trapping,,CHAPEL HILL
Animal,Attack,Attack On A Person,WEST END
Animal,Dog,Fencing Issues,PARKINSON
Animal,Other Animal,Fencing Issues,BRIDGEMAN DOWNS
Animal,Attack,Attack On A Person,GEEBUNG
Animal,Cat,Wandering,NUNDAH
Animal,Dog,Defecating In Public,PALLARA
Animal,Dog,Fencing Issues,MITCHELTON
Animal,Dog,Fencing Issues,MOUNT GRAVATT EAST
Animal,Dog,Fencing Issues,MOUNT GRAVATT EAST
Animal,Cat Trapping,,FIG TREE POCKET
Animal,Dog,Wandering,MCDOWALL
Animal,Other Animal,Fox,MANSFIELD
Animal,Attack,Not An Attack,WYNNUM WEST
Animal,Dog,Fencing Issues,GEEBUNG
Animal,Dog,Fencing Issues,CANNON HILL
Animal,Cat Trapping,,FOREST LAKE
Animal,Cat Trapping,,STAFFORD HEIGHTS
Animal,Attack,Attack On An Animal,BARDON
Animal,Attack,Menacing,BRIGHTON
Animal,Dog,Wandering,NEWMARKET
Animal,Other Animal,Nuisance Animal,ACACIA RIDGE
Animal,Dog,Fencing Issues,WEST END
Animal,Other Animal,Deer,JINDALEE
Animal,Dog,Wandering,
Animal,Dog,Wandering,YERONGA
Animal,Attack,Attack On An Animal,KEPERRA
Animal,Attack,Attack On An Animal,CARINA HEIGHTS
Animal,Cat Trapping,,ANNERLEY
Animal,Other Animal,Deer,KENMORE HILLS
Animal,Dog,Fencing Issues,NORTHGATE
Animal,Other Animal,Pest / Feral Animal,ANNERLEY
Animal,Other Animal,Nuisance Animal,MANLY
Animal,Dog,Wandering,ELLEN GROVE
Animal,Dog,Wandering,HOLLAND PARK WEST
Animal,Dog,Fencing Issues,BARDON
Animal,Dog,Wandering,MURARRIE
Animal,Attack,Not An Attack,INALA
Animal,Cat,Wandering,INALA
Animal,Dog,Fencing Issues,ACACIA RIDGE
Animal,Dog,Wandering,ELLEN GROVE
Animal,Cat,Wandering,FERNY GROVE
Animal,Dog,Wandering,GRANGE
Animal,Attack,Attack On An Animal,CHERMSIDE WEST
Animal,Attack,Not An Attack,KENMORE
Animal,Other Animal,Fox,SANDGATE
Animal,Other Animal,Fox,BOONDALL
Animal,Cat,Wandering,FOREST LAKE
Animal,Cat Trapping,,SUNNYBANK HILLS
Animal,Cat,Wandering,PARKINSON
Animal,Attack,Attack On A Person,KEDRON
Animal,Attack,Attack On An Animal,BOONDALL
Animal,Cat Trapping,,DURACK
Animal,Attack,Attack On A Person,JINDALEE
Animal,Attack,Attack On An Animal,NUNDAH
Animal,Dog,Unregistered,MURARRIE
Animal,Attack,Menacing,CAMP HILL
Animal,Attack,Attack On A Person,DEAGON
Animal,Other Animal,Wandering,ROBERTSON
Animal,Other Animal,Fox,OXLEY
Animal,Attack,Attack On An Animal,HENDRA
Animal,Dog,Wandering,VIRGINIA
Animal,Dog,Fencing Issues,ST LUCIA
Animal,Cat Trapping,,DURACK
Animal,Dog,Fencing Issues,WINDSOR
Animal,Cat,Wandering,FOREST LAKE
Animal,Dog,Wandering,TARRAGINDI
Animal,Attack,Menacing,MOUNT GRAVATT EAST
Animal,Other Animal,Too Many Animals,SALISBURY
Animal,Attack,Attack On An Animal,NUNDAH
Animal,Dog,Fencing Issues,SUNNYBANK HILLS
Animal,Dog,Fencing Issues,CALAMVALE
Animal,Dog,Wandering,INDOOROOPILLY
Animal,Other Animal,Wandering,GREENSLOPES
Animal,Dog,Fencing Issues,DEAGON
Animal,Dog,Fencing Issues,DARRA
Animal,Cat,Wandering,MORNINGSIDE
Animal,Other Animal,Fox,TINGALPA
Animal,Other Animal,Fox,BELMONT
Animal,Cat Trapping,,MORNINGSIDE
Animal,Cat,Wandering,MOUNT GRAVATT EAST
Animal,Attack,Attack On An Animal,DARRA
Animal,Cat Trapping,,FOREST LAKE
Animal,Dog,Fencing Issues,WAVELL HEIGHTS
Animal,Attack,Menacing,BELMONT
Animal,Dog,Wandering,GREENSLOPES
Animal,Dog,Fencing Issues,YERONGA
Animal,Dog,Too Many Animals,LUTWYCHE
Animal,Dog,Wandering,BRIDGEMAN DOWNS
Animal,Dog,,ZILLMERE
Animal,Attack,Menacing,MANLY
Animal,Dog,Wandering,YERONGA
Animal,Dog,Fencing Issues,WAVELL HEIGHTS
Animal,Dog,Fencing Issues,ROBERTSON
Animal,Attack,Not An Attack,UPPER MOUNT GRAVATT
Animal,Attack,Attack On An Animal,BALD HILLS
Animal,Dog,Odour,NUNDAH
Animal,Dog,Odour,GORDON PARK
Animal,Dog,Fencing Issues,FOREST LAKE
Animal,Attack,Attack On An Animal,ZILLMERE
Animal,Dog,Fencing Issues,UPPER KEDRON
Animal,Dog,Fencing Issues,GORDON PARK
Animal,Dog,Fencing Issues,WINDSOR
Animal,Dog,Wandering,FIG TREE POCKET
Animal,Cat Trapping,,STAFFORD HEIGHTS
Animal,Dog,Fencing Issues,CHAPEL HILL
Animal,Dog,Too Many Animals,CAMP HILL
Animal,Dog,Wandering,CHERMSIDE WEST
Animal,Other Animal,Nuisance Animal,FOREST LAKE
Animal,Dog,Fencing Issues,HAMILTON
Animal,Dog,Defecating In Public,BRIDGEMAN DOWNS
Animal,Dog,Unregistered,JAMBOREE HEIGHTS
Animal,Cat Trapping,,CALAMVALE
Animal,Other Animal,Fencing Issues,SUNNYBANK
Animal,Cat Trapping,,SUNNYBANK
Animal,Dog,Fencing Issues,WACOL
Animal,Dog,Wandering,MOUNT GRAVATT EAST
Animal,Attack,Menacing,SALISBURY
Animal,Dog,Fencing Issues,CARINDALE
Animal,Dog,Fencing Issues,WYNNUM WEST
Animal,Dog,Fencing Issues,ASHGROVE
Animal,Dog,Fencing Issues,WACOL
Animal,Dog,Wandering,MOUNT GRAVATT EAST
Animal,Other Animal,Wandering,PULLENVALE
Animal,Cat Trapping,,ST LUCIA
Animal,Attack,Attack On An Animal,NORMAN PARK
Animal,Attack,Attack On An Animal,MANLY
Animal,Cat,Wandering,DARRA
Animal,Other Animal,Nuisance Animal,INALA
Animal,Attack,,HIGHGATE HILL
Animal,Other Animal,Nuisance Animal,FOREST LAKE
Animal,Dog,Wandering,RIVERHILLS
Animal,Other Animal,Fox,COORPAROO
Animal,Other Animal,Fox,DOOLANDELLA
Animal,Other Animal,Deer,JAMBOREE HEIGHTS
Animal,Dog,Fencing Issues,ZILLMERE
Animal,Dog,Fencing Issues,ZILLMERE
Animal,Other Animal,Wandering,INALA
Animal,Attack,Attack On A Person,CARINDALE
Animal,Dog,Fencing Issues,WAVELL HEIGHTS
Animal,Other Animal,Deer,JINDALEE
Animal,Attack,Attack On An Animal,ELLEN GROVE
Animal,Attack,Attack On An Animal,BRIGHTON
Animal,Cat,Wandering,ASPLEY
Animal,Cat Trapping,,DURACK
Animal,Dog,Unregistered,WESTLAKE
Animal,Attack,Attack On An Animal,KARANA DOWNS
Animal,Dog,Wandering,
Animal,Dog,Wandering,ST LUCIA
Animal,Dog,Fencing Issues,CARINA HEIGHTS
Animal,Dog,Fencing Issues,GAYTHORNE
Animal,Attack,Attack On An Animal,ROCHEDALE
Animal,Dog,Wandering,FERNY GROVE
Animal,Attack,Attack On An Animal,STAFFORD HEIGHTS
Animal,Dog,Fencing Issues,MOUNT GRAVATT EAST
Animal,Attack,Not An Attack,TINGALPA
Animal,Other Animal,Pest / Feral Animal,WYNNUM WEST
Animal,Dog,Wandering,EIGHT MILE PLAINS
Animal,Attack,Menacing,UPPER MOUNT GRAVATT
Animal,Dog,Fencing Issues,ALDERLEY
Animal,Dog,Fencing Issues,ZILLMERE
Animal,Cat,Wandering,NUNDAH
Animal,Dog,Wandering,
Animal,Dog,Fencing Issues,TOOWONG
Animal,Dog,Fencing Issues,NORMAN PARK
Animal,Dog,Fencing Issues,STAFFORD
Animal,Dog,Odour,WYNNUM
Animal,Dog,Fencing Issues,CARINA
Animal,Attack,Menacing,WYNNUM
Animal,Attack,Attack On An Animal,JINDALEE
Animal,Dog,Fencing Issues,INALA
Animal,Attack,Attack On A Person,NUDGEE BEACH
Animal,Dog,Fencing Issues,TARRAGINDI
Animal,Cat,Wandering,CLAYFIELD
Animal,Dog,Wandering,COORPAROO
Animal,Attack,Not An Attack,EIGHT MILE PLAINS
Animal,Dog,Unregistered,WYNNUM
Animal,Attack,Not An Attack,CARINA HEIGHTS
Animal,Attack,Attack On An Animal,CARINDALE
Animal,Attack,,ROCKLEA
Animal,Dog,Fencing Issues,ASHGROVE
Animal,Attack,Attack On An Animal,SANDGATE
Animal,Cat Trapping,,MOOROOKA
Animal,Cat Trapping,,MOOROOKA
Animal,Cat Trapping,,MOOROOKA
Animal,Other Animal,Wandering,BELLBOWRIE
Animal,Attack,Attack On A Person,ZILLMERE
Animal,Dog,Wandering,OXLEY
Animal,Dog,Wandering,WEST END
Animal,Dog,Wandering,WEST END
Animal,Other Animal,Nuisance Animal,SUNNYBANK HILLS
Animal,Dog,Fencing Issues,BRACKEN RIDGE
Animal,Other Animal,Too Many Animals,MOUNT OMMANEY
Animal,Attack,Attack On A Person,BRACKEN RIDGE
Animal,Other Animal,Wild Dog,KHOLO
Animal,Attack,Menacing,CARINA
Animal,Attack,Attack On An Animal,INALA
Animal,Attack,Not An Attack,ANSTEAD
Animal,Dog,Fencing Issues,ELLEN GROVE
Animal,Other Animal,Deer,SUNNYBANK HILLS
Animal,Dog,Wandering,SANDGATE
Animal,Cat Trapping,,ST LUCIA
Animal,Dog,Defecating In Public,RIVERHILLS
Animal,Cat,Wandering,BRACKEN RIDGE
Animal,Cat,Wandering,
Animal,Cat,Wandering,BRACKEN RIDGE
Animal,Dog,Unregistered,
Animal,Dog,Defecating In Public,CLAYFIELD
Animal,Dog,Wandering,UPPER MOUNT GRAVATT
Animal,Dog,Wandering,NEW FARM
Animal,Dog,Fencing Issues,YERONGA
Animal,Dog,Fencing Issues,YERONGA
Animal,Cat Trapping,,BRACKEN RIDGE
Animal,Attack,Not An Attack,NEWSTEAD
Animal,Dog,Fencing Issues,
Animal,Dog,Fencing Issues,FERNY GROVE
Animal,Cat Trapping,,MANLY WEST
Animal,Dog,Too Many Animals,CHAPEL HILL
Animal,Dog,Too Many Animals,CHAPEL HILL
Animal,Dog,Fencing Issues,NEW FARM
Animal,Attack,Attack On A Person,TAIGUM
Animal,Attack,Not An Attack,INALA
Animal,Other Animal,Nuisance Animal,WINDSOR
Animal,Dog,Wandering,CARINDALE
Animal,Dog,Fencing Issues,CHERMSIDE
Animal,Other Animal,Nuisance Animal,HAWTHORNE
Animal,Other Animal,Deer,MOUNT OMMANEY
Animal,Dog,Fencing Issues,EIGHT MILE PLAINS
Animal,Attack,Attack On A Person,KEDRON
Animal,Cat Trapping,,WYNNUM WEST
Animal,Attack,,FOREST LAKE
Animal,Attack,,INALA
Animal,Dog,Fencing Issues,CARINDALE
Animal,Attack,Attack On A Person,INALA
Animal,Attack,,INALA
Animal,Cat,Wandering,FERNY GROVE
Animal,Attack,,ELLEN GROVE
Animal,Attack,Not An Attack,BRIGHTON
Animal,Other Animal,Fox,WOOLLOONGABBA
Animal,Other Animal,Nuisance Animal,PULLENVALE
Animal,Other Animal,Nuisance Animal,SUNNYBANK
Animal,Other Animal,Nuisance Animal,PADDINGTON
Animal,Dog,Wandering,SUNNYBANK HILLS
Animal,Dog,Unregistered,EAST BRISBANE
Animal,Dog,Too Many Animals,LOTA
Animal,Dog,Wandering,ASPLEY
Animal,Dog,Wandering,NEW FARM
Animal,Cat Trapping,,JINDALEE
Animal,Other Animal,Pest / Feral Animal,WESTLAKE
Animal,Dog,Defecating In Public,KEDRON
Animal,Dog,,TOOWONG
Animal,Other Animal,Deer,PULLENVALE
Animal,Cat,Wandering,FERNY GROVE
Animal,Attack,,CHAPEL HILL
Animal,Dog,Wandering,HOLLAND PARK WEST
Animal,Other Animal,Nuisance Animal,MOUNT CROSBY
Animal,Cat Trapping,,JINDALEE
Animal,Cat,Wandering,HOLLAND PARK
Animal,Other Animal,Nuisance Animal,ASCOT
Animal,Cat,Wandering,SUNNYBANK
Animal,Attack,Attack On A Person,EVERTON PARK
Animal,Dog,Fencing Issues,NUDGEE
Animal,Cat,Wandering,ANNERLEY
Animal,Attack,,CARINA
Animal,Attack,,FITZGIBBON
Animal,Attack,Attack On A Person,JAMBOREE HEIGHTS
Animal,Dog,Wandering,HEMMANT
Animal,Other Animal,Nuisance Animal,INALA
Animal,Attack,,AUCHENFLOWER
Animal,Dog,Fencing Issues,ACACIA RIDGE
Animal,Other Animal,Nuisance Animal,BALD HILLS
Animal,Dog,Wandering,CHERMSIDE WEST
Animal,Dog,Wandering,FITZGIBBON
Animal,Attack,Attack On An Animal,STAFFORD
Animal,Dog,Wandering,WYNNUM
Animal,Attack,Attack On An Animal,STAFFORD HEIGHTS
Animal,Dog,Wandering,EVERTON PARK
Animal,Attack,Attack On An Animal,WOOLOOWIN
Animal,Cat Trapping,,BRIGHTON
Animal,Dog,Fencing Issues,BRIGHTON
Animal,Attack,Attack On A Person,TARRAGINDI
Animal,Other Animal,Nuisance Animal,THE GAP
Animal,Dog,Wandering,MITCHELTON
Animal,Dog,Wandering,YERONGA
Animal,Dog,Wandering,YERONGA
Animal,Dog,Wandering,YERONGA
Animal,Attack,Not An Attack,ROCKLEA
Animal,Dog,Defecating In Public,WILSTON
Animal,Dog,Defecating In Public,WILSTON
Animal,Other Animal,Fox,NATHAN
Animal,Cat,Wandering,HERSTON
Animal,Dog,,UPPER KEDRON
Animal,Attack,Attack On An Animal,WAKERLEY
Animal,Attack,,ACACIA RIDGE
Animal,Other Animal,Wild Dog,UPPER BROOKFIELD
Animal,Dog,Wandering,PADDINGTON
Animal,Attack,,FIG TREE POCKET
Animal,Dog,Wandering,NUDGEE BEACH
Animal,Attack,Not An Attack,TARINGA
Animal,Dog,Wandering,SANDGATE
Animal,Dog,Wandering,HEMMANT
Animal,Attack,Attack On An Animal,COORPAROO
Animal,Cat Trapping,,OXLEY
Animal,Cat,Wandering,UPPER KEDRON
Animal,Dog,Fencing Issues,STAFFORD
Animal,Attack,Attack On An Animal,EVERTON PARK
Animal,Attack,Attack On A Person,BANYO
Animal,Dog,Wandering,BARDON
Animal,Dog,Wandering,MANLY WEST
Animal,Other Animal,,COORPAROO
Animal,Cat Trapping,,WISHART
Animal,Attack,,CALAMVALE
Animal,Dog,Fencing Issues,FITZGIBBON
Animal,Dog,Wandering,WEST END
Animal,Dog,Wandering,TINGALPA
Animal,Other Animal,Fox,MOUNT GRAVATT EAST
Animal,Attack,Attack On A Person,EVERTON PARK
Animal,Cat,Wandering,CARSELDINE
Animal,Attack,Not An Attack,HEMMANT
Animal,Cat,Wandering,SUNNYBANK
Animal,Dog,Wandering,BULIMBA
Animal,Other Animal,Nuisance Animal,INALA
Animal,Cat Trapping,,PARKINSON
Animal,Dog,Fencing Issues,GUMDALE
Animal,Dog,,TARRAGINDI
Animal,Attack,Attack On An Animal,BANYO
Animal,Dog,Fencing Issues,STAFFORD
Animal,Attack,,WEST END
Animal,Other Animal,Nuisance Animal,SOUTH BRISBANE
Animal,Dog,Wandering,EAST BRISBANE
Animal,Dog,Wandering,EAST BRISBANE
Animal,Attack,Not An Attack,MANLY WEST
Animal,Dog,Unregistered,BRACKEN RIDGE
Animal,Dog,Fencing Issues,ALGESTER
Animal,Attack,,SALISBURY
Animal,Dog,Fencing Issues,KEPERRA
Animal,Dog,Wandering,CHERMSIDE WEST
Animal,Other Animal,Nuisance Animal,SOUTH BRISBANE
Animal,Dog,Too Many Animals,KEDRON
Animal,Dog,Too Many Animals,KEDRON
Animal,Dog,Unregistered,BULIMBA
Animal,Cat Trapping,,INALA
Animal,Other Animal,Odour,WYNNUM WEST
Animal,Attack,Not An Attack,NORTHGATE
Animal,Cat,Wandering,UPPER MOUNT GRAVATT
Animal,Attack,Attack On An Animal,WAVELL HEIGHTS
Animal,Dog,Wandering,HOLLAND PARK WEST
Animal,Dog,Wandering,HOLLAND PARK WEST
Animal,Attack,,RIVERHILLS
Animal,Cat Trapping,,FERNY GROVE
Animal,Dog,Fencing Issues,ENOGGERA
Animal,Dog,Wandering,MCDOWALL
Animal,Dog,Fencing Issues,KURABY
Animal,Attack,Attack On An Animal,TARINGA
Animal,Attack,,STONES CORNER
Animal,Attack,Attack On An Animal,SANDGATE
Animal,Cat Trapping,,TOOWONG
Animal,Dog,Fencing Issues,WYNNUM
Animal,Cat,Wandering,WYNNUM
Animal,Attack,Menacing,COORPAROO
Animal,Attack,Attack On An Animal,KELVIN GROVE
Animal,Attack,Attack On A Person,CHANDLER
Animal,Attack,Not An Attack,YERONGA
Animal,Attack,Not An Attack,JINDALEE
Animal,Attack,Attack On An Animal,HENDRA
Animal,Attack,Attack On An Animal,BURBANK
Animal,Attack,Attack On An Animal,ALGESTER
Animal,Cat Trapping,,TARINGA
Animal,Attack,Attack On An Animal,CARINDALE
Animal,Attack,Attack On An Animal,TAIGUM
Animal,Other Animal,Fox,HOLLAND PARK
Animal,Other Animal,Pest / Feral Animal,UPPER KEDRON
Animal,Attack,Attack On A Person,MURARRIE
Animal,Dog,Wandering,NATHAN
Animal,Other Animal,Nuisance Animal,WINDSOR
Animal,Dog,Wandering,NUDGEE BEACH
Animal,Dog,Wandering,
Animal,Dog,Fencing Issues,CARINA
Animal,Attack,Not An Attack,SALISBURY
Animal,Cat,Wandering,HENDRA
Animal,Dog,Wandering,ASHGROVE
Animal,Cat Trapping,,CARINDALE
Animal,Dog,Odour,WYNNUM
Animal,Cat Trapping,,INALA
Animal,Dog,Wandering,KEPERRA
Animal,Dog,Unregistered,
Animal,Dog,Unregistered,
Animal,Dog,Fencing Issues,MACKENZIE
Animal,Dog,Wandering,HOLLAND PARK WEST
Animal,Dog,Fencing Issues,DEAGON
Animal,Dog,Wandering,
Animal,Dog,Fencing Issues,TOOWONG
Animal,Attack,,DARRA
Animal,Dog,Fencing Issues,CHAPEL HILL
Animal,Other Animal,Fox,TINGALPA
Animal,Dog,Too Many Animals,MOGGILL
Animal,Dog,Wandering,NUDGEE BEACH
Animal,Other Animal,Fox,WEST END
Animal,Dog,Wandering,TARRAGINDI
Animal,Cat,Wandering,ASHGROVE
Animal,Dog,Wandering,KANGAROO POINT
Animal,Dog,Wandering,NEW FARM
Animal,Other Animal,Fox,BURBANK
Animal,Other Animal,Fencing Issues,KEDRON
Animal,Attack,Not An Attack,WOOLLOONGABBA
Animal,Dog,Wandering,WAVELL HEIGHTS
Animal,Cat Trapping,,BRACKEN RIDGE
Animal,Cat Trapping,,WYNNUM WEST
Animal,Cat Trapping,,WYNNUM
Animal,Cat Trapping,,CAMP HILL
Animal,Dog,Fencing Issues,KALINGA
Animal,Dog,Wandering,HEMMANT
Animal,Dog,Defecating In Public,HOLLAND PARK
Animal,Dog,Insufficient Space,
Animal,Dog,Surrender,CALAMVALE
Animal,Dog,Wandering,WEST END
Animal,Other Animal,Fox,HOLLAND PARK
Animal,Other Animal,Wandering,BRIDGEMAN DOWNS
Animal,Attack,Attack On A Person,BALD HILLS
Animal,Dog,Wandering,BULIMBA
Animal,Other Animal,Fencing Issues,BOONDALL
Animal,Dog,,RUNCORN
Animal,Dog,Too Many Animals,
Animal,Cat Trapping,,INALA
Animal,Attack,Attack On An Animal,PADDINGTON
Animal,Cat,Wandering,HOLLAND PARK
Animal,Attack,,HAWTHORNE
Animal,Attack,,OXLEY
Animal,Other Animal,Fox,THE GAP
Animal,Other Animal,Fox,SUNNYBANK
Animal,Dog,Fencing Issues,UPPER MOUNT GRAVATT
Animal,Dog,Unregistered,KEPERRA
Animal,Attack,Attack On An Animal,ACACIA RIDGE
Animal,Dog,Wandering,WEST END
Animal,Cat,,OXLEY
Animal,Other Animal,Nuisance Animal,CAMP HILL
Animal,Dog,Wandering,KALINGA
Animal,Other Animal,Fox,BULIMBA
Animal,Dog,Defecating In Public,CARINA
Animal,Attack,,SUMNER
Animal,Dog,Wandering,BELLBOWRIE
Animal,Attack,,SUNNYBANK
Animal,Dog,Odour,WAVELL HEIGHTS
Animal,Other Animal,Deer,BROOKFIELD
Animal,Dog,Wandering,TAIGUM
Animal,Dog,Unregistered,SUNNYBANK HILLS
Animal,Attack,,CAMP HILL
Animal,Attack,Menacing,MACGREGOR
Animal,Attack,,SHERWOOD
Animal,Attack,Attack On A Person,INDOOROOPILLY
Animal,Other Animal,Deer,PULLENVALE
Animal,Cat Trapping,,CALAMVALE
Animal,Cat,Wandering,BRACKEN RIDGE
Animal,Attack,,DOOLANDELLA
Animal,Attack,Attack On An Animal,MOOROOKA
Animal,Dog,Fencing Issues,DARRA
Animal,Attack,,DARRA
Animal,Dog,Defecating In Public,DUTTON PARK
Animal,Cat,Wandering,DURACK
Animal,Other Animal,Wandering,HOLLAND PARK
Animal,Other Animal,Wild Dog,UPPER KEDRON
Animal,Attack,,UPPER MOUNT GRAVATT
Animal,Dog,Wandering,SUNNYBANK
Animal,Dog,Wandering,DURACK
Animal,Cat Trapping,,TINGALPA
Animal,Attack,,EVERTON PARK
Animal,Dog,Fencing Issues,SALISBURY
Animal,Attack,,ANSTEAD
Animal,Attack,,MOUNT CROSBY
Animal,Dog,Wandering,SHERWOOD
Animal,Dog,Fencing Issues,KENMORE
Animal,Dog,Fencing Issues,MANLY WEST
Animal,Attack,Attack On A Person,ENOGGERA
Animal,Dog,Wandering,WINDSOR
Animal,Other Animal,Fox,MOOROOKA
Animal,Dog,Odour,WEST END
Animal,Dog,Defecating In Public,BULIMBA
Animal,Cat,Wandering,BRACKEN RIDGE
Animal,Cat Trapping,,CAMP HILL
Animal,Dog,Unregistered,
Animal,Other Animal,Fox,RANSOME
Animal,Dog,Odour,NORTHGATE
Animal,Dog,Wandering,MOUNT COOT-THA
Animal,Cat,Wandering,WYNNUM
Animal,Attack,Not An Attack,ENOGGERA
Animal,Attack,Menacing,WYNNUM
Animal,Dog,Fencing Issues,PARKINSON
Animal,Dog,Fencing Issues,EVERTON PARK
Animal,Cat,Wandering,NORTHGATE
Animal,Other Animal,,LOTA
Animal,Dog,Wandering,CALAMVALE
Animal,Attack,Not An Attack,SEVEN HILLS
Animal,Other Animal,Nuisance Animal,ANNERLEY
Animal,Dog,Odour,LUTWYCHE
Animal,Dog,Too Many Animals,KELVIN GROVE
Animal,Cat,Wandering,NORMAN PARK
Animal,Cat Trapping,,KELVIN GROVE
Animal,Cat Trapping,,INALA
Animal,Attack,Not An Attack,FIG TREE POCKET
Animal,Cat,Wandering,ENOGGERA
Animal,Dog,Fencing Issues,SUNNYBANK HILLS
Animal,Cat,Wandering,ELLEN GROVE
Animal,Other Animal,Fox,GREENSLOPES
Animal,Dog,,CALAMVALE
Animal,Dog,Wandering,WEST END
Animal,Other Animal,Deer,PULLENVALE
Animal,Dog,Fencing Issues,ROBERTSON
Animal,Dog,Wandering,MORNINGSIDE
Animal,Dog,Unregistered,CANNON HILL
Animal,Dog,Unregistered,CANNON HILL
Animal,Cat Trapping,,DEAGON
Animal,Attack,,INDOOROOPILLY
Animal,Other Animal,Nuisance Animal,FAIRFIELD
Animal,Attack,Attack On A Person,STAFFORD
Animal,Dog,,
Animal,Cat,Wandering,ARCHERFIELD
Animal,Cat,Wandering,WOOLLOONGABBA
Animal,Cat Trapping,,COOPERS PLAINS
Animal,Dog,,DUTTON PARK
Animal,Dog,Fencing Issues,CORINDA
Animal,Attack,Attack On A Person,SOUTH BRISBANE
Animal,Attack,Attack On A Person,BOONDALL
Animal,Other Animal,Deer,SINNAMON PARK
Animal,Dog,,DOOLANDELLA
Animal,Dog,Wandering,WINDSOR
Animal,Attack,Not An Attack,FOREST LAKE
Animal,Attack,Attack On An Animal,CARINA
Animal,Other Animal,Fencing Issues,CARSELDINE
Animal,Other Animal,Feral Goat,INALA
Animal,Dog,Wandering,GORDON PARK
Animal,Cat Trapping,,SUNNYBANK
Animal,Dog,Wandering,ASHGROVE
Animal,Attack,Menacing,WYNNUM
Animal,Attack,Menacing,CARSELDINE
Animal,Dog,Wandering,KANGAROO POINT
Animal,Dog,Wandering,HAMILTON
Animal,Dog,Fencing Issues,ANNERLEY
Animal,Cat,Wandering,BRIGHTON
Animal,Attack,Not An Attack,ALDERLEY
Animal,Dog,Fencing Issues,KEPERRA
Animal,Attack,Attack On A Person,MCDOWALL
Animal,Attack,Menacing,CARINA
Animal,Attack,Menacing,KEDRON
Animal,Dog,Fencing Issues,CANNON HILL
Animal,Attack,,KEPERRA
Animal,Other Animal,Nuisance Animal,SOUTH BRISBANE
Animal,Attack,Attack On A Person,GRANGE
Animal,Cat Trapping,,INALA
Animal,Dog,Wandering,GREENSLOPES
Animal,Dog,Fencing Issues,DARRA
Animal,Dog,Wandering,CHERMSIDE WEST
Animal,Other Animal,Wild Dog,MACGREGOR
Animal,Attack,Attack On A Person,MANSFIELD
Animal,Dog,Fencing Issues,FIG TREE POCKET
Animal,Cat,Wandering,WINDSOR
Animal,Dog,Fencing Issues,INALA
Animal,Attack,Attack On An Animal,KANGAROO POINT
Animal,Other Animal,Pest / Feral Animal,EVERTON PARK
Animal,Attack,Attack On An Animal,THE GAP
Animal,Attack,Attack On A Person,BRACKEN RIDGE
Animal,Attack,Not An Attack,ACACIA RIDGE
Animal,Dog,Wandering,BULIMBA
Animal,Attack,Not An Attack,CALAMVALE
Animal,Attack,Menacing,MOUNT GRAVATT EAST
Animal,Other Animal,Nuisance Animal,DURACK
Animal,Dog,Fencing Issues,BRIGHTON
Animal,Attack,Attack On An Animal,NUDGEE
Animal,Dog,Fencing Issues,MILTON
Animal,Dog,Defecating In Public,ROCHEDALE
Animal,Dog,Fencing Issues,ALBION
Animal,Dog,Unregistered,KEPERRA
Animal,Attack,Attack On A Person,BRACKEN RIDGE
Animal,Cat Trapping,,FOREST LAKE
Animal,Cat,Wandering,ZILLMERE
Animal,Other Animal,Fox,WILLAWONG
Animal,Dog,Fencing Issues,TAIGUM
Animal,Cat,Wandering,WYNNUM
Animal,Cat Trapping,,CARINA HEIGHTS
Animal,Dog,Wandering,KELVIN GROVE
Animal,Dog,Fencing Issues,EAST BRISBANE
Animal,Dog,Fencing Issues,RUNCORN
Animal,Attack,Menacing,CARINA HEIGHTS
Animal,Dog,Fencing Issues,COORPAROO
Animal,Dog,Fencing Issues,MANLY
Animal,Attack,Attack On A Person,CARINA HEIGHTS
Animal,Attack,Attack On An Animal,DEAGON
Animal,Dog,Fencing Issues,CAMP HILL
Animal,Cat Trapping,,KURABY
Animal,Other Animal,Pest / Feral Animal,HOLLAND PARK
Animal,Dog,Wandering,SUNNYBANK
Animal,Dog,Wandering,FIG TREE POCKET
Animal,Other Animal,Deer,MOUNT OMMANEY
Animal,Dog,Too Many Animals,ASHGROVE
Animal,Dog,Fencing Issues,CHAPEL HILL
Animal,Dog,Fencing Issues,STAFFORD
Animal,Attack,Not An Attack,WISHART
Animal,Dog,Wandering,BULIMBA
Animal,Cat Trapping,,CALAMVALE
Animal,Other Animal,Pest / Feral Animal,UPPER KEDRON
Animal,Dog,Wandering,NUDGEE BEACH
Animal,Cat Trapping,,DURACK
Animal,Dog,Wandering,MOUNT GRAVATT EAST
Animal,Attack,Attack On A Person,MANSFIELD
Animal,Attack,Attack On An Animal,SOUTH BRISBANE
Animal,Other Animal,Fox,TARRAGINDI
Animal,Attack,Attack On A Person,GRANGE
Animal,Dog,Fencing Issues,WEST END
Animal,Dog,Fencing Issues,BOONDALL
Animal,Dog,Fencing Issues,UPPER MOUNT GRAVATT
Animal,Other Animal,Fencing Issues,ASPLEY
Animal,Other Animal,Wandering,SANDGATE
Animal,Attack,Not An Attack,MORNINGSIDE
Animal,Dog,Too Many Animals,LUTWYCHE
Animal,Dog,Unregistered,ANNERLEY
Animal,Attack,Attack On An Animal,TARRAGINDI
Animal,Dog,Unregistered,TARRAGINDI
Animal,Cat,Wandering,DURACK
Animal,Dog,Fencing Issues,FERNY GROVE
Animal,Other Animal,Nuisance Animal,NUDGEE
Animal,Cat,Wandering,BRIGHTON
Animal,Dog,Too Many Animals,ZILLMERE
Animal,Cat,Wandering,HAWTHORNE
Animal,Dog,Fencing Issues,FITZGIBBON
Animal,Dog,Wandering,OXLEY
Animal,Other Animal,Pest / Feral Animal,KHOLO
Animal,Dog,Fencing Issues,MORNINGSIDE
Animal,Other Animal,Nuisance Animal,SUNNYBANK
Animal,Other Animal,Wandering,KURABY
Animal,Dog,Too Many Animals,CHAPEL HILL
Animal,Dog,Too Many Animals,CHAPEL HILL
Animal,Dog,Too Many Animals,CHAPEL HILL
Animal,Cat Trapping,,CHERMSIDE WEST
Animal,Cat,Wandering,WESTLAKE
Animal,Cat,Wandering,DURACK
Animal,Cat,,BULIMBA
Animal,Cat,Wandering,EVERTON PARK
Animal,Other Animal,Nuisance Animal,EIGHT MILE PLAINS
Animal,Dog,Unregistered,FORTITUDE VALLEY
Animal,Cat,Wandering,ACACIA RIDGE
Animal,Attack,Menacing,WOOLOOWIN
Animal,Attack,Menacing,CORINDA
Animal,Dog,Wandering,WAVELL HEIGHTS
Animal,Dog,Fencing Issues,INALA
Animal,Dog,Fencing Issues,YERONGA
Animal,Other Animal,Feral Pig,UPPER BROOKFIELD
Animal,Dog,Wandering,KELVIN GROVE
Animal,Cat,Wandering,CHERMSIDE WEST
Animal,Dog,Wandering,MOOROOKA
Animal,Dog,Wandering,KANGAROO POINT
Animal,Cat Trapping,,INALA
Animal,Attack,Dangerous,CARINA
Animal,Attack,Menacing,CANNON HILL
Animal,Dog,Defecating In Public,BRACKEN RIDGE
Animal,Cat,Wandering,PARKINSON
Animal,Dog,Fencing Issues,YERONGA
Animal,Other Animal,Wandering,BROOKFIELD
Animal,Dog,Fencing Issues,NORMAN PARK
Animal,Cat Trapping,,STAFFORD HEIGHTS
Animal,Attack,Attack On An Animal,KURABY
Animal,Attack,Not An Attack,BALD HILLS
Animal,Dog,Fencing Issues,BULIMBA
Animal,Other Animal,Odour,ZILLMERE
Animal,Cat Trapping,,EIGHT MILE PLAINS
Animal,Attack,Attack On An Animal,CARSELDINE
Animal,Dog,Fencing Issues,BULIMBA
Animal,Attack,Attack On An Animal,SEVENTEEN MILE ROCKS
Animal,Attack,Attack On An Animal,TARRAGINDI
Animal,Dog,Fencing Issues,UPPER MOUNT GRAVATT
Animal,Cat Trapping,,BOONDALL
Animal,Dog,Wandering,BRACKEN RIDGE
Animal,Dog,Fencing Issues,ASCOT
Animal,Dog,Wandering,MOOROOKA
Animal,Other Animal,Pest / Feral Animal,HENDRA
Animal,Dog,Fencing Issues,FERNY GROVE
Animal,Other Animal,Nuisance Animal,CARINDALE
Animal,Dog,Fencing Issues,YERONGA
Animal,Dog,Too Many Animals,ASHGROVE
Animal,Dog,Wandering,CHAPEL HILL
Animal,Other Animal,Fox,ROCHEDALE
Animal,Cat Trapping,,ASPLEY
Animal,Dog,Fencing Issues,MOUNT GRAVATT EAST
Animal,Other Animal,Fox,WILLAWONG
Animal,Dog,Wandering,ELLEN GROVE
Animal,Attack,Not An Attack,ASPLEY
Animal,Other Animal,Nuisance Animal,CHELMER
Animal,Cat,,DEAGON
Animal,Other Animal,Feral Pig,UPPER BROOKFIELD
Animal,Other Animal,Deer,PULLENVALE
Animal,Attack,Not An Attack,ROCKLEA
Animal,Dog,Fencing Issues,MOUNT GRAVATT EAST
Animal,Dog,Fencing Issues,WAVELL HEIGHTS
Animal,Other Animal,Nuisance Animal,THE GAP
Animal,Cat,Wandering,SANDGATE
Animal,Attack,Attack On An Animal,BRACKEN RIDGE
Animal,Attack,Attack On A Person,MOGGILL
Animal,Attack,Attack On An Animal,CARINDALE
Animal,Attack,Menacing,CHELMER
Animal,Dog,Wandering,KEPERRA
Animal,Dog,Fencing Issues,EAST BRISBANE
Animal,Attack,Attack On A Person,HEATHWOOD
Animal,Attack,Menacing,TINGALPA
Animal,Dog,Fencing Issues,FIG TREE POCKET
Animal,Attack,Attack On An Animal,SUNNYBANK HILLS
Animal,Cat,Wandering,JINDALEE
Animal,Cat,Wandering,DURACK
Animal,Dog,Fencing Issues,KEPERRA
Animal,Attack,Attack On A Person,THE GAP
Animal,Dog,Unregistered,KARANA DOWNS
Animal,Attack,Attack On An Animal,EVERTON PARK
Animal,Dog,Fencing Issues,INDOOROOPILLY
Animal,Other Animal,Fox,BURBANK
Animal,Other Animal,Fencing Issues,UPPER BROOKFIELD
Animal,Attack,Attack On A Person,UPPER MOUNT GRAVATT
Animal,Attack,Attack On A Person,BANYO
Animal,Cat Trapping,,BRACKEN RIDGE
Animal,Attack,Attack On An Animal,MOOROOKA
Animal,Attack,Not An Attack,SUNNYBANK
Animal,Dog,Defecating In Public,NORMAN PARK
Animal,Cat,Wandering,SALISBURY
Animal,Dog,Fencing Issues,INALA
Animal,Dog,Odour,ASPLEY
Animal,Cat,Wandering,MANLY WEST
Animal,Dog,Too Many Animals,KARANA DOWNS
Animal,Cat Trapping,,SUNNYBANK HILLS
Animal,Dog,Defecating In Public,JINDALEE
Animal,Other Animal,Fox,HOLLAND PARK WEST
Animal,Cat,Wandering,SALISBURY
Animal,Cat Trapping,,ZILLMERE
Animal,Dog,Fencing Issues,KEPERRA
Animal,Attack,Not An Attack,MOOROOKA
Animal,Attack,Menacing,CAMP HILL
Animal,Dog,Fencing Issues,INALA
Animal,Attack,Not An Attack,SUNNYBANK HILLS
Animal,Other Animal,Fox,FIG TREE POCKET
Animal,Cat Trapping,,DURACK
Animal,Cat,Wandering,GAYTHORNE
Animal,Attack,Attack On An Animal,ENOGGERA
Animal,Attack,Not An Attack,ACACIA RIDGE
Animal,Dog,Odour,NUNDAH
Animal,Dog,Odour,NUNDAH
Animal,Dog,Fencing Issues,BRACKEN RIDGE
Animal,Cat,Wandering,KEPERRA
Animal,Attack,Attack On A Person,FERNY GROVE
Animal,Dog,,CHAPEL HILL
Animal,Attack,Attack On An Animal,CALAMVALE
Animal,Other Animal,Nuisance Animal,MOOROOKA
Animal,Attack,Attack On An Animal,SALISBURY
Animal,Attack,Attack On An Animal,FIG TREE POCKET
Animal,Attack,Attack On An Animal,SUNNYBANK HILLS
Animal,Cat,Wandering,MOUNT OMMANEY
Animal,Cat Trapping,,ACACIA RIDGE
Animal,Cat Trapping,,SEVEN HILLS
Animal,Dog,Fencing Issues,INALA
Animal,Dog,Fencing Issues,CHERMSIDE
Animal,Cat,Wandering,MANLY WEST
Animal,Cat,Wandering,MANLY WEST
Animal,Dog,Fencing Issues,INALA
Animal,Attack,Attack On An Animal,BELMONT
Animal,Cat Trapping,,SALISBURY
Animal,Dog,Fencing Issues,ZILLMERE
Animal,Dog,Fencing Issues,ZILLMERE
Animal,Cat Trapping,,TAIGUM
Animal,Attack,Attack On An Animal,KHOLO
Animal,Dog,Fencing Issues,CHAPEL HILL
Animal,Dog,Fencing Issues,HENDRA
Animal,Cat,Wandering,SANDGATE
Animal,Other Animal,Fox,KEPERRA
Animal,Attack,Fencing Issues,BRACKEN RIDGE
Animal,Attack,Menacing,AUCHENFLOWER
Animal,Dog,Fencing Issues,MOUNT GRAVATT EAST
Animal,Cat Trapping,,ACACIA RIDGE
Animal,Attack,Attack On An Animal,INALA
Animal,Dog,Fencing Issues,KALINGA
Animal,Dog,Unregistered,KANGAROO POINT
Animal,Other Animal,Nuisance Animal,SOUTH BRISBANE
Animal,Attack,Menacing,JINDALEE
Animal,Attack,Dangerous,LUTWYCHE
Animal,Dog,Odour,GRANGE
Animal,Dog,Fencing Issues,SANDGATE
Animal,Dog,Wandering,BULIMBA
Animal,Cat Trapping,,INALA
Animal,Attack,Attack On An Animal,INALA
Animal,Attack,Menacing,BALD HILLS
Animal,Dog,Unregistered,GAYTHORNE
Animal,Dog,Too Many Animals,ELLEN GROVE
Animal,Dog,Wandering,MOOROOKA
Animal,Attack,Attack On An Animal,TARRAGINDI
Animal,Dog,,NUNDAH
Animal,Attack,Not An Attack,ANNERLEY
Animal,Attack,Not An Attack,CARINA HEIGHTS
Animal,Other Animal,Nuisance Animal,RICHLANDS
Animal,Other Animal,Fox,SUNNYBANK HILLS
Animal,Cat,Wandering,MCDOWALL
Animal,Dog,Too Many Animals,ASPLEY
Animal,Dog,Too Many Animals,ASPLEY
Animal,Cat,Wandering,MORNINGSIDE
Animal,Dog,Wandering,EAST BRISBANE
Animal,Attack,Attack On An Animal,EVERTON PARK
Animal,Other Animal,Fox,BELLBOWRIE
Animal,Dog,Defecating In Public,ASHGROVE
Animal,Other Animal,Nuisance Animal,DOOLANDELLA
Animal,Dog,Unregistered,MCDOWALL
Animal,Cat,Wandering,MOOROOKA
Animal,Cat Trapping,,UPPER KEDRON
Animal,Dog,Wandering,CHERMSIDE WEST
Animal,Dog,Wandering,CHERMSIDE
Animal,Dog,Fencing Issues,YERONGA
Animal,Attack,Attack On An Animal,CALAMVALE
Animal,Dog,Fencing Issues,CHERMSIDE
Animal,Dog,Wandering,SUNNYBANK HILLS
Animal,Dog,Wandering,WAKERLEY
Animal,Attack,Menacing,FIG TREE POCKET
Animal,Dog,Odour,KEDRON
Animal,Cat,Wandering,MCDOWALL
Animal,Attack,Attack On An Animal,ALBION
Animal,Attack,Menacing,RUNCORN
Animal,Attack,Not An Attack,SUNNYBANK HILLS
Animal,Attack,Attack On A Person,SUNNYBANK HILLS
Animal,Dog,Fencing Issues,BOONDALL
Animal,Cat Trapping,,CARINA HEIGHTS
Animal,Other Animal,Fox,WAVELL HEIGHTS
Animal,Other Animal,Fox,MOUNT OMMANEY
Animal,Attack,Attack On An Animal,RED HILL
Animal,Cat Trapping,,ROCHEDALE
Animal,Dog,Fencing Issues,MILTON
Animal,Attack,Attack On A Person,CLAYFIELD
Animal,Other Animal,Nuisance Animal,BANYO
Animal,Other Animal,Nuisance Animal,MOUNT OMMANEY
Animal,Cat,Wandering,MANLY WEST
Animal,Cat Trapping,,SANDGATE
Animal,Cat Trapping,,WAVELL HEIGHTS
Animal,Cat,Wandering,WYNNUM WEST
Animal,Other Animal,Fox,FOREST LAKE
Animal,Dog,Fencing Issues,COORPAROO
Animal,Dog,Fencing Issues,UPPER MOUNT GRAVATT
Animal,Attack,Attack On A Person,WYNNUM
Animal,Attack,Menacing,MOUNT GRAVATT EAST
Animal,Attack,Attack On A Person,KELVIN GROVE
Animal,Other Animal,Fox,COORPAROO
Animal,Other Animal,Too Many Animals,MOUNT GRAVATT EAST
Animal,Dog,Wandering,OXLEY
Animal,Dog,Defecating In Public,BOONDALL
Animal,Attack,Attack On An Animal,SANDGATE
Animal,Cat,Wandering,MORNINGSIDE
Animal,Cat,Wandering,MITCHELTON
Animal,Dog,Wandering,WEST END
Animal,Attack,Attack On A Person,MITCHELTON
Animal,Other Animal,,PALLARA
Animal,Dog,,WAVELL HEIGHTS
Animal,Attack,,DARRA
Animal,Cat Trapping,,NUDGEE
Animal,Dog,Too Many Animals,DARRA
Animal,Attack,Menacing,OXLEY
Animal,Dog,Unregistered,BOONDALL
Animal,Dog,Wandering,TOOWONG
Animal,Attack,Menacing,BRIGHTON
Animal,Dog,Defecating In Public,HAMILTON
Animal,Dog,Defecating In Public,MANLY
Animal,Cat Trapping,,MOOROOKA
Animal,Other Animal,Fox,CAMP HILL
Animal,Dog,Fencing Issues,WAVELL HEIGHTS
Animal,Dog,Fencing Issues,TOOWONG
Animal,Other Animal,Nuisance Animal,RICHLANDS
Animal,Dog,Wandering,BRACKEN RIDGE
Animal,Attack,Attack On A Person,MOGGILL
Animal,Dog,Fencing Issues,FOREST LAKE
Animal,Attack,Attack On A Person,VIRGINIA
Animal,Dog,Fencing Issues,STAFFORD
Animal,Dog,Fencing Issues,GREENSLOPES
Animal,Dog,Wandering,MORNINGSIDE
Animal,Attack,Attack On An Animal,WEST END
Animal,Dog,Wandering,CHERMSIDE WEST
Animal,Dog,Wandering,BRIDGEMAN DOWNS
Animal,Dog,Fencing Issues,RANSOME
Animal,Dog,Fencing Issues,RANSOME
Animal,Attack,,CHAPEL HILL
Animal,Attack,Not An Attack,BOONDALL
Animal,Dog,Wandering,YERONGA
Animal,Dog,Fencing Issues,WEST END
Animal,Attack,Not An Attack,WAVELL HEIGHTS
Animal,Other Animal,Pest / Feral Animal,WYNNUM WEST
Animal,Other Animal,Nuisance Animal,SOUTH BRISBANE
Animal,Dog,Odour,NORMAN PARK
Animal,Cat,Wandering,STAFFORD HEIGHTS
Animal,Other Animal,Deer,MOUNT OMMANEY
Animal,Dog,Fencing Issues,SHERWOOD
Animal,Dog,,KEPERRA
Animal,Dog,Wandering,ST LUCIA
Animal,Dog,Wandering,BRACKEN RIDGE
Animal,Attack,Not An Attack,WYNNUM
Animal,Attack,,MOOROOKA
Animal,Attack,,FIG TREE POCKET
Animal,Dog,Too Many Animals,YERONGA
Animal,Attack,Attack On An Animal,DEAGON
Animal,Dog,Too Many Animals,SALISBURY
