Category: Nature,Category: Type,Category: Reporting Level,Location: Suburb
Animal,Cat Trapping,,STAFFORD HEIGHTS
Animal,Dog,Fencing Issues,ZILLMERE
Animal,Dog,Fencing Issues,FOREST LAKE
Animal,Attack,Attack On An Animal,JAMBOREE HEIGHTS
Animal,Cat Trapping,,WYNNUM WEST
Animal,Attack,Attack On An Animal,NEW FARM
Animal,Dog,Fencing Issues,TENERIFFE
Animal,Cat Trapping,,WYNNUM
Animal,Dog,Defecating In Public,SPRING HILL
Animal,Dog,Defecating In Public,KEDRON
Animal,Attack,Attack On An Animal,WYNNUM WEST
Animal,Other Animal,Nuisance Animal,BRACKEN RIDGE
Animal,Dog,Odour,ROCHEDALE
Animal,Attack,Attack On A Person,ZILLMERE
Animal,Attack,Attack On A Person,BARDON
Animal,Dog,Fencing Issues,HERSTON
Animal,Dog,Fencing Issues,NUDGEE
Animal,Attack,Attack On An Animal,FOREST LAKE
Animal,Attack,Attack On An Animal,WILLAWONG
Animal,Cat,,BRIGHTON
Animal,Other Animal,Fox,GEEBUNG
Animal,Attack,Attack On An Animal,THE GAP
Animal,Other Animal,Fox,MOOROOKA
Animal,Cat Trapping,,WISHART
Animal,Dog,Fencing Issues,SANDGATE
Animal,Other Animal,Fencing Issues,MITCHELTON
Animal,Cat Trapping,,ROCHEDALE
Animal,Dog,Fencing Issues,NUDGEE
Animal,Other Animal,Fox,HOLLAND PARK WEST
Animal,Attack,Attack On An Animal,NUDGEE BEACH
Animal,Dog,Defecating In Public,BRIDGEMAN DOWNS
Animal,Attack,Attack On An Animal,HOLLAND PARK
Animal,Other Animal,Fox,CARINA
Animal,Other Animal,Fox,KARAWATHA
Animal,Other Animal,Fox,GEEBUNG
Animal,Cat Trapping,,WACOL
Animal,Other Animal,Fox,ALGESTER
Animal,Cat,,HOLLAND PARK
Animal,Other Animal,Fox,FERNY GROVE
Animal,Cat Trapping,,CHERMSIDE
Animal,Dog,Fencing Issues,MITCHELTON
Animal,Attack,Menacing,MANLY WEST
Animal,Attack,Attack On An Animal,ASHGROVE
Animal,Attack,Attack On A Person,TINGALPA
Animal,Attack,Not An Attack,WINDSOR
Animal,Dog,Fencing Issues,WINDSOR
Animal,Other Animal,Fox,KARANA DOWNS
Animal,Dog,Defecating In Public,RED HILL
Animal,Attack,Attack On An Animal,MOUNT CROSBY
Animal,Dog,Fencing Issues,FOREST LAKE
Animal,Attack,Attack On An Animal,CARINA HEIGHTS
Animal,Dog,Fencing Issues,MITCHELTON
Animal,Attack,Attack On An Animal,DOOLANDELLA
Animal,Other Animal,Fox,RUNCORN
Animal,Other Animal,Fox,PINJARRA HILLS
Animal,Attack,Not An Attack,THE GAP
Animal,Dog,Defecating In Public,
Animal,Other Animal,Nuisance Animal,MOGGILL
Animal,Dog,Defecating In Public,
Animal,Cat,,ANNERLEY
Animal,Dog,Too Many Animals,ROCHEDALE
Animal,Other Animal,Fox,UPPER MOUNT GRAVATT
Animal,Attack,Menacing,MURARRIE
Animal,Cat Trapping,,KEPERRA
Animal,Dog,Unregistered,NEW FARM
Animal,Dog,Fencing Issues,SUNNYBANK HILLS
Animal,Dog,Too Many Animals,ZILLMERE
Animal,Other Animal,Fox,RUNCORN
Animal,Cat,,GRACEVILLE
Animal,Attack,Menacing,EAST BRISBANE
Animal,Dog,Fencing Issues,KENMORE
Animal,Dog,Fencing Issues,FOREST LAKE
Animal,Dog,Fencing Issues,SHERWOOD
Animal,Attack,Attack On An Animal,RICHLANDS
Animal,Dog,Defecating In Public,MOOROOKA
Animal,Dog,Too Many Animals,UPPER MOUNT GRAVATT
Animal,Attack,Not An Attack,UPPER MOUNT GRAVATT
Animal,Dog,Fencing Issues,THE GAP
Animal,Attack,Attack On An Animal,FOREST LAKE
Animal,Attack,Not An Attack,HENDRA
Animal,Other Animal,Fox,THE GAP
Animal,Attack,Attack On An Animal,BRIDGEMAN DOWNS
Animal,Cat Trapping,,BOONDALL
Animal,Attack,Attack On An Animal,GREENSLOPES
Animal,Other Animal,Nuisance Animal,SHORNCLIFFE
Animal,Dog,Fencing Issues,MANLY WEST
Animal,Other Animal,Odour,MOUNT CROSBY
Animal,Other Animal,Defecating In Public,MORNINGSIDE
Animal,Other Animal,Nuisance Animal,STAFFORD
Animal,Other Animal,Odour,SUMNER
Animal,Attack,Not An Attack,MOOROOKA
Animal,Attack,Not An Attack,GREENSLOPES
Animal,Cat Trapping,,CANNON HILL
Animal,Cat Trapping,,CARINDALE
Animal,Other Animal,Fox,CHERMSIDE WEST
Animal,Attack,Attack On A Person,CALAMVALE
Animal,Attack,Attack On A Person,BALD HILLS
Animal,Attack,Menacing,HOLLAND PARK
Animal,Attack,Menacing,CARSELDINE
Animal,Dog,Fencing Issues,MANLY
Animal,Dog,Fencing Issues,WINDSOR
Animal,Attack,Attack On A Person,JINDALEE
Animal,Attack,Attack On A Person,ZILLMERE
Animal,Other Animal,Fox,KARANA DOWNS
Animal,Dog,Fencing Issues,THE GAP
Animal,Dog,Fencing Issues,TOOWONG
Animal,Attack,Attack On An Animal,KENMORE
Animal,Cat Trapping,,BRIGHTON
Animal,Attack,Attack On An Animal,BRIGHTON
Animal,Attack,Attack On A Person,BALD HILLS
Animal,Dog,Fencing Issues,JINDALEE
Animal,Other Animal,Fox,MOOROOKA
Animal,Cat Trapping,,YERONGA
Animal,Attack,Menacing,NUNDAH
Animal,Attack,Attack On A Person,BRIDGEMAN DOWNS
Animal,Other Animal,Fox,UPPER BROOKFIELD
Animal,Other Animal,Nuisance Animal,WISHART
Animal,Dog,Too Many Animals,WYNNUM
Animal,Dog,Odour,BRACKEN RIDGE
Animal,Dog,Fencing Issues,BULWER
Animal,Other Animal,Pest / Feral Animal,STAFFORD
Animal,Dog,Too Many Animals,INALA
Animal,Cat,,RIVERHILLS
Animal,Other Animal,Nuisance Animal,BOONDALL
Animal,Dog,Odour,WESTLAKE
Animal,Dog,Fencing Issues,THE GAP
Animal,Dog,Fencing Issues,TARRAGINDI
Animal,Attack,Menacing,EVERTON PARK
Animal,Dog,Fencing Issues,SUNNYBANK
Animal,Dog,Unregistered,BRISBANE CITY
Animal,Other Animal,Fox,GUMDALE
Animal,Cat Trapping,,WISHART
Animal,Other Animal,Fox,CAMP HILL
Animal,Cat Trapping,,BANYO
Animal,Other Animal,Odour,BANYO
Animal,Dog,Odour,INALA
Animal,Attack,Attack On An Animal,DEAGON
Animal,Other Animal,,RICHLANDS
Animal,Attack,Attack On An Animal,HOLLAND PARK
Animal,Other Animal,Fox,NATHAN
Animal,Attack,Menacing,TOOWONG
Animal,Cat Trapping,,SUNNYBANK HILLS
Animal,Attack,Not An Attack,COOPERS PLAINS
Animal,Dog,Unregistered,EIGHT MILE PLAINS
Animal,Attack,Not An Attack,PULLENVALE
Animal,Attack,Attack On An Animal,WINDSOR
Animal,Cat Trapping,,MIDDLE PARK
Animal,Attack,Not An Attack,JINDALEE
Animal,Other Animal,Fox,NATHAN
Animal,Cat Trapping,,ELLEN GROVE
Animal,Attack,Not An Attack,CAMP HILL
Animal,Attack,Attack On An Animal,FAIRFIELD
Animal,Attack,Attack On An Animal,UPPER KEDRON
Animal,Attack,Not An Attack,STONES CORNER
Animal,Attack,Attack On A Person,COOPERS PLAINS
Animal,Dog,Fencing Issues,CHAPEL HILL
Animal,Other Animal,Nuisance Animal,SEVEN HILLS
Animal,Attack,Menacing,BRACKEN RIDGE
Animal,Cat Trapping,,BRIDGEMAN DOWNS
Animal,Dog,Too Many Animals,EVERTON PARK
Animal,Dog,Fencing Issues,GREENSLOPES
Animal,Attack,Attack On A Person,GORDON PARK
Animal,Other Animal,Nuisance Animal,STAFFORD
Animal,Attack,Menacing,ROCKLEA
Animal,Dog,Defecating In Public,
Animal,Dog,Unregistered,SANDGATE
Animal,Attack,Not An Attack,BRACKEN RIDGE
Animal,Attack,Attack On An Animal,ASCOT
Animal,Cat Trapping,,HOLLAND PARK WEST
Animal,Attack,Attack On A Person,CARINA HEIGHTS
Animal,Cat Trapping,,SUNNYBANK
Animal,Attack,,NORTHGATE
Animal,Dog,Unregistered,STRETTON
Animal,Dog,Unregistered,STRETTON
Animal,Other Animal,Fox,RIVERHILLS
Animal,Cat Trapping,,COORPAROO
Animal,Attack,Not An Attack,BELMONT
Animal,Dog,Fencing Issues,MITCHELTON
Animal,Cat,,ZILLMERE
Animal,Attack,Attack On A Person,JAMBOREE HEIGHTS
Animal,Other Animal,,INALA
Animal,Dog,Unregistered,MANSFIELD
Animal,Cat Trapping,,EAST BRISBANE
Animal,Attack,Attack On An Animal,SINNAMON PARK
Animal,Other Animal,Fox,RANSOME
Animal,Cat Trapping,,CHAPEL HILL
Animal,Attack,Dangerous,GUMDALE
Animal,Dog,Fencing Issues,CAMP HILL
Animal,Dog,,GRANGE
Animal,Attack,Not An Attack,ALGESTER
Animal,Cat Trapping,,ACACIA RIDGE
Animal,Attack,Not An Attack,FIG TREE POCKET
Animal,Dog,Fencing Issues,ASHGROVE
Animal,Other Animal,Fox,SALISBURY
Animal,Cat Trapping,,ANNERLEY
Animal,Attack,Not An Attack,STRETTON
Animal,Attack,Attack On An Animal,SALISBURY
Animal,Attack,,BRACKEN RIDGE
Animal,Dog,Fencing Issues,WYNNUM
Animal,Dog,Unregistered,LOTA
Animal,Dog,Fencing Issues,SHERWOOD
Animal,Other Animal,Odour,TARRAGINDI
Animal,Attack,,KENMORE
Animal,Cat Trapping,,ANNERLEY
Animal,Dog,,MANLY
Animal,Other Animal,Rabbit,ST LUCIA
Animal,Attack,,WYNNUM WEST
Animal,Cat Trapping,,DARRA
Animal,Dog,Fencing Issues,DARRA
Animal,Dog,Defecating In Public,HAMILTON
Animal,Cat,,RUNCORN
Animal,Cat,,ALGESTER
Animal,Dog,Fencing Issues,SUNNYBANK HILLS
Animal,Attack,Not An Attack,BRIDGEMAN DOWNS
Animal,Attack,Menacing,ELLEN GROVE
Animal,Dog,Fencing Issues,BRIGHTON
Animal,Other Animal,Fox,GEEBUNG
Animal,Dog,Unregistered,BALD HILLS
Animal,Other Animal,Pest / Feral Animal,BRIGHTON
Animal,Attack,Menacing,SANDGATE
Animal,Dog,Fencing Issues,INALA
Animal,Other Animal,Pest / Feral Animal,BELMONT
Animal,Dog,Fencing Issues,MITCHELTON
Animal,Dog,Fencing Issues,MANLY WEST
Animal,Dog,Fencing Issues,BRACKEN RIDGE
Animal,Attack,Attack On A Person,SUNNYBANK HILLS
Animal,Dog,Fencing Issues,INALA
Animal,Dog,Fencing Issues,HERSTON
Animal,Attack,Attack On An Animal,SUNNYBANK HILLS
Animal,Dog,Fencing Issues,BROOKFIELD
Animal,Dog,Fencing Issues,DURACK
Animal,Dog,Unregistered,MOUNT GRAVATT EAST
Animal,Attack,Menacing,KEDRON
Animal,Dog,Unregistered,TINGALPA
Animal,Dog,Unregistered,TINGALPA
Animal,Cat Trapping,,MOUNT GRAVATT EAST
Animal,Dog,Fencing Issues,MOUNT GRAVATT EAST
Animal,Dog,Unregistered,
Animal,Attack,Attack On An Animal,CHERMSIDE WEST
Animal,Dog,Fencing Issues,ZILLMERE
Animal,Other Animal,Wild Dog,UPPER BROOKFIELD
Animal,Other Animal,Nuisance Animal,HAWTHORNE
Animal,Attack,Attack On A Person,NEW FARM
Animal,Attack,Attack On An Animal,STAFFORD HEIGHTS
Animal,Dog,Defecating In Public,ASHGROVE
Animal,Cat Trapping,,BANYO
Animal,Attack,Attack On An Animal,WAVELL HEIGHTS
Animal,Attack,Attack On A Person,COOPERS PLAINS
Animal,Cat Trapping,,ASPLEY
Animal,Other Animal,,INALA
Animal,Cat,,ACACIA RIDGE
Animal,Cat Trapping,,TOOWONG
Animal,Dog,Unregistered,COORPAROO
Animal,Dog,Fencing Issues,STAFFORD
Animal,Cat Trapping,,SUNNYBANK
Animal,Attack,Attack On An Animal,ASPLEY
Animal,Dog,Fencing Issues,MORNINGSIDE
Animal,Attack,Attack On A Person,RED HILL
Animal,Dog,Fencing Issues,ELLEN GROVE
Animal,Other Animal,Fox,MOUNT CROSBY
Animal,Other Animal,Odour,CAMP HILL
Animal,Attack,Attack On An Animal,SANDGATE
Animal,Attack,Menacing,BARDON
Animal,Attack,Attack On An Animal,CANNON HILL
Animal,Other Animal,Pest / Feral Animal,SUNNYBANK HILLS
Animal,Dog,Defecating In Public,LOTA
Animal,Attack,Attack On A Person,ALGESTER
Animal,Dog,Fencing Issues,PALLARA
Animal,Dog,Fencing Issues,WAVELL HEIGHTS
Animal,Other Animal,Fox,SALISBURY
Animal,Attack,Menacing,THE GAP
Animal,Attack,Attack On An Animal,BRACKEN RIDGE
Animal,Dog,,WESTLAKE
Animal,Dog,Fencing Issues,SALISBURY
Animal,Cat,,OXLEY
Animal,Dog,Fencing Issues,DARRA
Animal,Dog,Fencing Issues,DARRA
Animal,Cat Trapping,,EIGHT MILE PLAINS
Animal,Other Animal,Too Many Animals,WEST END
Animal,Other Animal,Nuisance Animal,CARINDALE
Animal,Dog,,UPPER BROOKFIELD
Animal,Dog,Fencing Issues,HOLLAND PARK
Animal,Cat Trapping,,ACACIA RIDGE
Animal,Cat,,VIRGINIA
Animal,Dog,Fencing Issues,BANYO
Animal,Attack,Attack On A Person,ASHGROVE
Animal,Dog,Fencing Issues,MOUNT GRAVATT
Animal,Attack,,NEW FARM
Animal,Attack,Attack On An Animal,SINNAMON PARK
Animal,Other Animal,Pest / Feral Animal,ELLEN GROVE
Animal,Attack,Attack On An Animal,FITZGIBBON
Animal,Attack,Attack On An Animal,COOPERS PLAINS
Animal,Cat,,DOOLANDELLA
Animal,Attack,Dangerous,GUMDALE
Animal,Dog,Defecating In Public,FOREST LAKE
Animal,Dog,Too Many Animals,DUTTON PARK
Animal,Cat Trapping,,RED HILL
Animal,Attack,Menacing,KANGAROO POINT
Animal,Attack,Attack On An Animal,KURABY
Animal,Attack,,INDOOROOPILLY
Animal,Dog,Fencing Issues,MURARRIE
Animal,Cat Trapping,,INALA
Animal,Cat Trapping,,SUNNYBANK
Animal,Attack,Attack On An Animal,CHERMSIDE WEST
Animal,Attack,Not An Attack,MOUNT GRAVATT
Animal,Attack,Attack On An Animal,KARAWATHA
Animal,Attack,Attack On An Animal,NUDGEE BEACH
Animal,Other Animal,Fox,KEDRON
Animal,Dog,,MITCHELTON
Animal,Attack,Attack On A Person,MACKENZIE
Animal,Dog,Defecating In Public,NUDGEE BEACH
Animal,Cat Trapping,,CHERMSIDE
Animal,Cat,,HOLLAND PARK WEST
Animal,Attack,Attack On An Animal,ANNERLEY
Animal,Cat Trapping,,FOREST LAKE
Animal,Cat Trapping,,WISHART
Animal,Dog,Fencing Issues,CARINA
Animal,Dog,Fencing Issues,RIVERHILLS
Animal,Attack,Attack On A Person,LUTWYCHE
Animal,Dog,Fencing Issues,RIVERHILLS
Animal,Other Animal,Fox,THE GAP
Animal,Dog,Fencing Issues,TARRAGINDI
Animal,Other Animal,Deer,UPPER BROOKFIELD
Animal,Cat Trapping,,MANLY WEST
Animal,Cat Trapping,,ROCKLEA
Animal,Attack,Menacing,FOREST LAKE
Animal,Dog,Fencing Issues,HEMMANT
Animal,Dog,Fencing Issues,LUTWYCHE
Animal,Attack,Attack On An Animal,SUNNYBANK HILLS
Animal,Other Animal,Deer,PULLENVALE
Animal,Dog,Fencing Issues,CARINA
Animal,Attack,,MOOROOKA
Animal,Other Animal,Fox,SEVEN HILLS
Animal,Other Animal,Nuisance Animal,WINDSOR
Animal,Dog,,KEPERRA
Animal,Other Animal,,SALISBURY
Animal,Dog,Fencing Issues,MANLY
Animal,Attack,Not An Attack,SINNAMON PARK
Animal,Dog,Too Many Animals,BALD HILLS
Animal,Other Animal,Fox,RIVERHILLS
Animal,Dog,Too Many Animals,MOGGILL
Animal,Dog,Fencing Issues,WYNNUM
Animal,Attack,,THE GAP
Animal,Dog,Defecating In Public,KANGAROO POINT
Animal,Dog,Too Many Animals,WYNNUM WEST
Animal,Other Animal,Rabbit,WYNNUM WEST
Animal,Dog,Fencing Issues,STAFFORD
Animal,Attack,,NEW FARM
Animal,Attack,Attack On An Animal,BRACKEN RIDGE
Animal,Dog,Unregistered,ENOGGERA
Animal,Other Animal,Fox,NORMAN PARK
Animal,Cat Trapping,,LOTA
Animal,Dog,Fencing Issues,HOLLAND PARK
Animal,Dog,Fencing Issues,BRIGHTON
Animal,Dog,Fencing Issues,BRIGHTON
Animal,Dog,Fencing Issues,
Animal,Cat,,CARSELDINE
Animal,Dog,Defecating In Public,HAMILTON
Animal,Cat Trapping,,PETRIE TERRACE
Animal,Dog,,
Animal,Dog,Fencing Issues,STAFFORD
Animal,Dog,Defecating In Public,NUDGEE BEACH
Animal,Attack,Not An Attack,MILTON
Animal,Cat Trapping,,SEVENTEEN MILE ROCKS
Animal,Dog,Unregistered,ASHGROVE
Animal,Dog,Fencing Issues,BROOKFIELD
Animal,Attack,Attack On A Person,KEDRON
Animal,Dog,Too Many Animals,MCDOWALL
Animal,Attack,,BULIMBA
Animal,Attack,Attack On An Animal,WYNNUM
Animal,Dog,Unregistered,ENOGGERA
Animal,Dog,,HOLLAND PARK
Animal,Other Animal,Rabbit,FIG TREE POCKET
Animal,Attack,Menacing,DARRA
Animal,Attack,,NATHAN
Animal,Cat Trapping,,YERONGA
Animal,Other Animal,Fox,YERONGA
Animal,Dog,Defecating In Public,HOLLAND PARK
Animal,Dog,Fencing Issues,MOUNT CROSBY
Animal,Cat,,KENMORE
Animal,Attack,,JAMBOREE HEIGHTS
Animal,Dog,,COORPAROO
Animal,Other Animal,Fox,CHELMER
Animal,Dog,,NEW FARM
Animal,Attack,,BULIMBA
Animal,Dog,Unregistered,
Animal,Dog,Fencing Issues,WYNNUM
Animal,Dog,Unregistered,DEAGON
Animal,Other Animal,Fox,PULLENVALE
Animal,Dog,Fencing Issues,SUNNYBANK HILLS
Animal,Cat,,HERSTON
Animal,Other Animal,Odour,HAWTHORNE
Animal,Dog,Too Many Animals,OXLEY
Animal,Attack,Not An Attack,TOOWONG
Animal,Dog,Fencing Issues,KENMORE
Animal,Cat Trapping,,WILLAWONG
Animal,Cat Trapping,,SALISBURY
Animal,Attack,Not An Attack,NORMAN PARK
Animal,Cat,,BRIDGEMAN DOWNS
Animal,Attack,Attack On An Animal,GEEBUNG
Animal,Cat,,NORTHGATE
Animal,Attack,,WAVELL HEIGHTS
Animal,Dog,Unregistered,GRANGE
Animal,Other Animal,,HOLLAND PARK
Animal,Dog,,ELLEN GROVE
Animal,Other Animal,Fox,BROOKFIELD
Animal,Attack,,EAST BRISBANE
Animal,Other Animal,Deer,MOUNT OMMANEY
Animal,Other Animal,Fencing Issues,PADDINGTON
Animal,Cat Trapping,,UPPER MOUNT GRAVATT
Animal,Cat Trapping,,UPPER MOUNT GRAVATT
Animal,Cat,,RUNCORN
Animal,Attack,Attack On An Animal,GREENSLOPES
Animal,Dog,Fencing Issues,FITZGIBBON
Animal,Dog,Unregistered,KARANA DOWNS
Animal,Dog,,EIGHT MILE PLAINS
Animal,Dog,,SANDGATE
Animal,Attack,Attack On A Person,FIG TREE POCKET
Animal,Dog,Fencing Issues,CHELMER
Animal,Other Animal,Odour,CAMP HILL
Animal,Attack,,KENMORE
Animal,Dog,Fencing Issues,BRIGHTON
Animal,Cat,,UPPER KEDRON
Animal,Attack,,KEPERRA
Animal,Other Animal,,COORPAROO
Animal,Attack,Menacing,SUNNYBANK HILLS
Animal,Attack,Not An Attack,EAST BRISBANE
Animal,Dog,Fencing Issues,TARRAGINDI
Animal,Cat,,COORPAROO
Animal,Dog,Fencing Issues,COOPERS PLAINS
Animal,Dog,Fencing Issues,NEWMARKET
Animal,Other Animal,Fox,THE GAP
Animal,Other Animal,Odour,INALA
Animal,Dog,Odour,LUTWYCHE
Animal,Dog,Too Many Animals,PADDINGTON
Animal,Other Animal,Fox,NATHAN
Animal,Attack,Attack On An Animal,MOUNT CROSBY
Animal,Attack,Attack On An Animal,FITZGIBBON
Animal,Other Animal,Fox,CARINA
Animal,Attack,Attack On An Animal,KURABY
Animal,Attack,Not An Attack,ACACIA RIDGE
Animal,Attack,Not An Attack,COORPAROO
Animal,Other Animal,Pest / Feral Animal,ELLEN GROVE
Animal,Attack,Attack On A Person,AUCHENFLOWER
Animal,Attack,Menacing,EIGHT MILE PLAINS
Animal,Attack,Not An Attack,WESTLAKE
Animal,Dog,Fencing Issues,UPPER MOUNT GRAVATT
Animal,Cat,,HOLLAND PARK
Animal,Dog,Fencing Issues,RANSOME
Animal,Dog,,SUNNYBANK HILLS
Animal,Cat,,HERSTON
Animal,Dog,Fencing Issues,BRACKEN RIDGE
Animal,Dog,Defecating In Public,MORNINGSIDE
Animal,Attack,,FOREST LAKE
Animal,Attack,Menacing,FAIRFIELD
Animal,Other Animal,Nuisance Animal,ASHGROVE
Animal,Attack,,ROCHEDALE
Animal,Dog,,
Animal,Dog,,WYNNUM
Animal,Dog,Fencing Issues,EAST BRISBANE
Animal,Dog,Defecating In Public,TENERIFFE
Animal,Attack,Not An Attack,SUNNYBANK HILLS
Animal,Other Animal,Nuisance Animal,BELLBOWRIE
Animal,Attack,Attack On An Animal,OXLEY
Animal,Attack,Not An Attack,WAVELL HEIGHTS
Animal,Dog,Fencing Issues,GRACEVILLE
Animal,Attack,Attack On An Animal,GUMDALE
Animal,Other Animal,Deer,CHERMSIDE
Animal,Attack,,BRACKEN RIDGE
Animal,Cat Trapping,,BELMONT
Animal,Other Animal,,KEDRON
Animal,Dog,Fencing Issues,BRIGHTON
Animal,Cat,,MOUNT GRAVATT EAST
Animal,Cat Trapping,,WYNNUM
Animal,Cat Trapping,,THE GAP
Animal,Attack,Attack On A Person,BALD HILLS
Animal,Attack,Attack On A Person,TINGALPA
Animal,Cat,,NEW FARM
Animal,Dog,Fencing Issues,MOUNT GRAVATT
Animal,Dog,Fencing Issues,SANDGATE
Animal,Dog,Fencing Issues,SANDGATE
Animal,Dog,,EVERTON PARK
Animal,Dog,Fencing Issues,EAST BRISBANE
Animal,Dog,,GRACEVILLE
Animal,Attack,Not An Attack,CARINDALE
Animal,Dog,Fencing Issues,HOLLAND PARK WEST
Animal,Dog,Fencing Issues,MURARRIE
Animal,Attack,Attack On A Person,MURARRIE
Animal,Attack,,KEPERRA
Animal,Cat,,MORNINGSIDE
Animal,Dog,Defecating In Public,BRIDGEMAN DOWNS
Animal,Dog,,BALD HILLS
Animal,Dog,Fencing Issues,HOLLAND PARK
Animal,Other Animal,,ACACIA RIDGE
Animal,Attack,Attack On An Animal,ASPLEY
Animal,Other Animal,Nuisance Animal,WEST END
Animal,Dog,Fencing Issues,MOUNT GRAVATT EAST
Animal,Dog,,TOOWONG
Animal,Cat,,MOGGILL
Animal,Other Animal,Fox,CARINA
Animal,Other Animal,Fox,RIVERHILLS
Animal,Attack,,GREENSLOPES
Animal,Attack,Attack On A Person,MCDOWALL
Animal,Cat,,CARINA HEIGHTS
Animal,Dog,Fencing Issues,ASHGROVE
Animal,Cat,,EAST BRISBANE
Animal,Attack,Attack On An Animal,THE GAP
Animal,Dog,Fencing Issues,MORNINGSIDE
Animal,Attack,Menacing,TARINGA
Animal,Attack,Attack On An Animal,SUNNYBANK HILLS
Animal,Cat,,RIVERHILLS
Animal,Other Animal,Fox,BELLBOWRIE
Animal,Attack,,FOREST LAKE
Animal,Attack,Attack On An Animal,SUNNYBANK HILLS
Animal,Other Animal,Rabbit,WYNNUM WEST
Animal,Dog,,FAIRFIELD
Animal,Dog,Fencing Issues,KEDRON
Animal,Other Animal,Nuisance Animal,ST LUCIA
Animal,Dog,Fencing Issues,COOPERS PLAINS
Animal,Dog,Fencing Issues,UPPER MOUNT GRAVATT
Animal,Dog,Fencing Issues,
Animal,Cat Trapping,,ELLEN GROVE
Animal,Cat Trapping,,GEEBUNG
Animal,Other Animal,Fox,CHERMSIDE WEST
Animal,Other Animal,Nuisance Animal,NUDGEE BEACH
Animal,Attack,Menacing,CHANDLER
Animal,Attack,Attack On A Person,NORTHGATE
Animal,Attack,Attack On An Animal,CHAPEL HILL
Animal,Attack,Attack On An Animal,MANSFIELD
Animal,Dog,Odour,BOONDALL
Animal,Attack,Not An Attack,TOOWONG
Animal,Dog,Fencing Issues,MOUNT GRAVATT EAST
Animal,Dog,Fencing Issues,FITZGIBBON
Animal,Dog,Unregistered,CORINDA
Animal,Attack,Attack On A Person,DOOLANDELLA
Animal,Attack,Attack On A Person,WYNNUM
Animal,Dog,Fencing Issues,ZILLMERE
Animal,Cat,,HENDRA
Animal,Attack,Not An Attack,HOLLAND PARK
Animal,Other Animal,Fox,BELMONT
Animal,Attack,Attack On An Animal,NUDGEE
Animal,Attack,Attack On A Person,MOUNT GRAVATT EAST
Animal,Other Animal,Fox,WILLAWONG
Animal,Dog,Fencing Issues,FOREST LAKE
Animal,Other Animal,Fox,MOUNT CROSBY
Animal,Attack,Attack On A Person,SEVENTEEN MILE ROCKS
Animal,Dog,Unregistered,FOREST LAKE
Animal,Attack,Attack On An Animal,PALLARA
Animal,Cat Trapping,,WYNNUM
Animal,Other Animal,Nuisance Animal,MORNINGSIDE
Animal,Dog,Fencing Issues,SANDGATE
Animal,Dog,Fencing Issues,ANNERLEY
Animal,Other Animal,Fox,WILLAWONG
Animal,Attack,Not An Attack,RUNCORN
Animal,Dog,Fencing Issues,NEW FARM
Animal,Dog,Fencing Issues,FOREST LAKE
Animal,Dog,Fencing Issues,KENMORE
Animal,Dog,,DEAGON
Animal,Dog,Unregistered,STRETTON
Animal,Other Animal,,NUDGEE BEACH
Animal,Cat Trapping,,COOPERS PLAINS
Animal,Dog,,MOUNT GRAVATT
Animal,Dog,Unregistered,
Animal,Dog,Fencing Issues,SANDGATE
Animal,Attack,,EIGHT MILE PLAINS
Animal,Other Animal,,RANSOME
Animal,Attack,,DURACK
Animal,Dog,,TOOWONG
Animal,Other Animal,,BANYO
Animal,Attack,Not An Attack,INALA
Animal,Cat Trapping,,MOOROOKA
Animal,Attack,Attack On An Animal,BURBANK
Animal,Cat Trapping,,MOUNT GRAVATT EAST
Animal,Attack,Menacing,OXLEY
Animal,Other Animal,Fox,GUMDALE
Animal,Cat Trapping,,UPPER BROOKFIELD
Animal,Cat Trapping,,WISHART
Animal,Attack,,SUNNYBANK
Animal,Cat Trapping,,STAFFORD
Animal,Cat,,MURARRIE
Animal,Cat Trapping,,SUNNYBANK
Animal,Dog,Too Many Animals,TINGALPA
Animal,Attack,Attack On A Person,ASHGROVE
Animal,Dog,,DARRA
Animal,Cat Trapping,,NEW FARM
Animal,Dog,Unregistered,ELLEN GROVE
Animal,Attack,Attack On A Person,FERNY GROVE
Animal,Dog,Fencing Issues,JAMBOREE HEIGHTS
Animal,Attack,Attack On An Animal,SANDGATE
Animal,Cat,,TARRAGINDI
Animal,Cat Trapping,,INALA
Animal,Other Animal,Fencing Issues,STAFFORD HEIGHTS
Animal,Attack,,HAMILTON
Animal,Other Animal,,BRACKEN RIDGE
Animal,Dog,Fencing Issues,FAIRFIELD
Animal,Attack,,BRACKEN RIDGE
Animal,Attack,Attack On An Animal,BRIGHTON
Animal,Dog,,SUNNYBANK
Animal,Dog,Odour,COORPAROO
Animal,Dog,Defecating In Public,TARRAGINDI
Animal,Cat Trapping,,SALISBURY
Animal,Attack,Attack On An Animal,YERONGA
Animal,Dog,Fencing Issues,FOREST LAKE
Animal,Attack,,MANLY
Animal,Attack,Attack On A Person,BANYO
Animal,Dog,Fencing Issues,RIVERHILLS
Animal,Cat Trapping,,RICHLANDS
Animal,Attack,,WYNNUM WEST
Animal,Dog,Fencing Issues,DURACK
Animal,Attack,Attack On A Person,SALISBURY
Animal,Dog,,NATHAN
Animal,Other Animal,Fox,BELMONT
Animal,Attack,Attack On A Person,MACGREGOR
Animal,Cat Trapping,,DURACK
Animal,Dog,Too Many Animals,BANYO
Animal,Attack,Dangerous,RIVERHILLS
Animal,Other Animal,Fox,CARINDALE
Animal,Dog,Unregistered,
Animal,Dog,Fencing Issues,CLAYFIELD
Animal,Cat,,ACACIA RIDGE
Animal,Cat Trapping,,HAMILTON
Animal,Dog,Fencing Issues,ASHGROVE
Animal,Attack,Attack On An Animal,STAFFORD HEIGHTS
Animal,Attack,Attack On A Person,RED HILL
Animal,Dog,Too Many Animals,ZILLMERE
Animal,Attack,Attack On A Person,DARRA
Animal,Dog,Fencing Issues,FERNY GROVE
Animal,Cat,,FOREST LAKE
Animal,Attack,Menacing,RIVERHILLS
Animal,Attack,Not An Attack,HEATHWOOD
Animal,Other Animal,Fox,UPPER MOUNT GRAVATT
Animal,Other Animal,Fox,EIGHT MILE PLAINS
Animal,Dog,Too Many Animals,ZILLMERE
Animal,Attack,Menacing,INALA
Animal,Attack,Menacing,SHERWOOD
Animal,Dog,Fencing Issues,ASPLEY
Animal,Other Animal,Fox,YERONGA
Animal,Attack,Menacing,TARRAGINDI
Animal,Attack,Attack On An Animal,KENMORE
Animal,Dog,,MURARRIE
Animal,Dog,,VIRGINIA
Animal,Attack,Attack On An Animal,CANNON HILL
Animal,Attack,Attack On An Animal,ZILLMERE
Animal,Dog,Fencing Issues,NORMAN PARK
Animal,Attack,Menacing,KARANA DOWNS
Animal,Attack,Menacing,KARANA DOWNS
Animal,Dog,Defecating In Public,CHERMSIDE WEST
Animal,Other Animal,Nuisance Animal,ASPLEY
Animal,Attack,Attack On A Person,WAVELL HEIGHTS
Animal,Attack,Attack On An Animal,WAVELL HEIGHTS
Animal,Other Animal,Wild Dog,KHOLO
Animal,Other Animal,Fox,GUMDALE
Animal,Other Animal,Deer,UPPER BROOKFIELD
Animal,Attack,Attack On A Person,ASPLEY
Animal,Dog,Fencing Issues,TARRAGINDI
Animal,Cat Trapping,,ASPLEY
Animal,Dog,Unregistered,BRACKEN RIDGE
Animal,Cat Trapping,,SUNNYBANK
Animal,Cat,,ARCHERFIELD
Animal,Attack,Attack On An Animal,INDOOROOPILLY
Animal,Other Animal,Nuisance Animal,WEST END
Animal,Cat Trapping,,CAMP HILL
Animal,Attack,Not An Attack,MOUNT GRAVATT EAST
Animal,Other Animal,Fox,SANDGATE
Animal,Dog,Fencing Issues,MOOROOKA
Animal,Attack,Menacing,FOREST LAKE
Animal,Cat Trapping,,ASCOT
Animal,Other Animal,Fox,PORT OF BRISBANE
Animal,Cat Trapping,,COORPAROO
Animal,Other Animal,Nuisance Animal,INDOOROOPILLY
Animal,Cat Trapping,,NEWSTEAD
Animal,Dog,Fencing Issues,WYNNUM
Animal,Attack,Attack On A Person,COOPERS PLAINS
Animal,Other Animal,Fox,KARANA DOWNS
Animal,Other Animal,Fox,GREENSLOPES
Animal,Dog,,FOREST LAKE
Animal,Attack,Attack On A Person,WAVELL HEIGHTS
Animal,Attack,Attack On An Animal,BRIDGEMAN DOWNS
Animal,Attack,Attack On A Person,SOUTH BRISBANE
Animal,Dog,Fencing Issues,ELLEN GROVE
Animal,Dog,Fencing Issues,ELLEN GROVE
Animal,Cat,,ACACIA RIDGE
Animal,Attack,Not An Attack,SEVEN HILLS
Animal,Attack,Dangerous,COORPAROO
Animal,Attack,Attack On An Animal,MITCHELTON
Animal,Other Animal,Fox,MORNINGSIDE
Animal,Dog,Unregistered,BRACKEN RIDGE
Animal,Dog,Unregistered,MURARRIE
Animal,Attack,Attack On An Animal,STAFFORD
Animal,Attack,Attack On A Person,YERONGA
Animal,Other Animal,Fox,KHOLO
Animal,Cat Trapping,,THE GAP
Animal,Other Animal,Fox,MOUNT GRAVATT EAST
Animal,Attack,Attack On An Animal,MCDOWALL
Animal,Cat Trapping,,ASPLEY
Animal,Attack,Attack On A Person,WOOLLOONGABBA
Animal,Attack,Attack On A Person,SEVEN HILLS
Animal,Attack,Menacing,ALGESTER
Animal,Dog,Fencing Issues,SUNNYBANK
Animal,Attack,Menacing,WINDSOR
Animal,Attack,Attack On An Animal,DEAGON
Animal,Cat Trapping,,ST LUCIA
Animal,Other Animal,Fencing Issues,CARINDALE
Animal,Dog,Defecating In Public,COOPERS PLAINS
Animal,Attack,Menacing,JINDALEE
Animal,Dog,Defecating In Public,MANSFIELD
Animal,Attack,Attack On A Person,KEPERRA
Animal,Dog,Fencing Issues,ASPLEY
Animal,Cat,,BULIMBA
Animal,Attack,Attack On An Animal,SANDGATE
Animal,Attack,Dangerous,CARSELDINE
Animal,Dog,Fencing Issues,WYNNUM WEST
Animal,Other Animal,Nuisance Animal,MURARRIE
Animal,Other Animal,Nuisance Animal,MURARRIE
Animal,Other Animal,Too Many Animals,THE GAP
Animal,Attack,Attack On An Animal,CHERMSIDE WEST
Animal,Attack,Attack On An Animal,CHERMSIDE WEST
Animal,Cat,,MOOROOKA
Animal,Other Animal,Nuisance Animal,KEPERRA
Animal,Cat Trapping,,YERONGA
Animal,Attack,Attack On An Animal,BRIGHTON
Animal,Attack,,DEAGON
Animal,Attack,Attack On A Person,STAFFORD
Animal,Dog,Unregistered,UPPER MOUNT GRAVATT
Animal,Attack,Attack On A Person,ROCHEDALE
Animal,Dog,Too Many Animals,BOONDALL
Animal,Dog,Fencing Issues,BRACKEN RIDGE
Animal,Dog,Unregistered,MURARRIE
Animal,Attack,Not An Attack,WISHART
Animal,Cat Trapping,,WOOLLOONGABBA
Animal,Attack,Not An Attack,CARINA
Animal,Attack,Attack On A Person,INALA
Animal,Dog,Too Many Animals,SUNNYBANK
Animal,Attack,Not An Attack,MOOROOKA
Animal,Attack,Not An Attack,MURARRIE
Animal,Cat Trapping,,ACACIA RIDGE
Animal,Attack,Attack On An Animal,HAWTHORNE
Animal,Other Animal,Fencing Issues,PADDINGTON
Animal,Other Animal,Fox,KARANA DOWNS
Animal,Cat Trapping,,ASPLEY
Animal,Dog,Fencing Issues,FERNY GROVE
Animal,Attack,Not An Attack,FERNY GROVE
Animal,Other Animal,Fox,FERNY GROVE
Animal,Attack,,ASHGROVE
Animal,Attack,Not An Attack,COORPAROO
Animal,Attack,Attack On A Person,MURARRIE
Animal,Dog,Fencing Issues,STAFFORD
Animal,Dog,Fencing Issues,MIDDLE PARK
Animal,Dog,Fencing Issues,UPPER KEDRON
Animal,Attack,Attack On An Animal,BOONDALL
Animal,Dog,Fencing Issues,CARINDALE
Animal,Attack,Not An Attack,FITZGIBBON
Animal,Dog,Fencing Issues,FOREST LAKE
Animal,Dog,,FOREST LAKE
Animal,Attack,Attack On A Person,OXLEY
Animal,Attack,Menacing,KENMORE
Animal,Dog,Fencing Issues,FOREST LAKE
Animal,Other Animal,Nuisance Animal,SEVEN HILLS
Animal,Dog,Fencing Issues,SUNNYBANK HILLS
Animal,Attack,Menacing,CARINDALE
Animal,Attack,Attack On A Person,MACGREGOR
Animal,Attack,Menacing,DARRA
Animal,Attack,Attack On An Animal,HAWTHORNE
Animal,Other Animal,Fox,PULLENVALE
Animal,Other Animal,Fox,ANSTEAD
Animal,Cat Trapping,,OXLEY
Animal,Attack,Attack On A Person,CHERMSIDE
Animal,Other Animal,Fox,TINGALPA
Animal,Attack,Attack On An Animal,GUMDALE
Animal,Other Animal,Pest / Feral Animal,MOUNT GRAVATT EAST
Animal,Cat Trapping,,EIGHT MILE PLAINS
Animal,Attack,Attack On A Person,CHERMSIDE WEST
Animal,Dog,Fencing Issues,WINDSOR
Animal,Dog,Defecating In Public,KALINGA
Animal,Attack,Attack On An Animal,NUNDAH
Animal,Dog,Defecating In Public,CARINDALE
Animal,Dog,,
Animal,Other Animal,Nuisance Animal,INALA
Animal,Cat Trapping,,DURACK
Animal,Attack,Attack On A Person,MOOROOKA
Animal,Other Animal,Nuisance Animal,SEVEN HILLS
Animal,Attack,Attack On A Person,DURACK
Animal,Dog,Fencing Issues,ZILLMERE
Animal,Other Animal,Fox,BOONDALL
Animal,Other Animal,Fox,SANDGATE
Animal,Other Animal,Nuisance Animal,CARINA
Animal,Other Animal,Rabbit,MURARRIE
Animal,Attack,Attack On A Person,BRIGHTON
Animal,Dog,Fencing Issues,STAFFORD HEIGHTS
Animal,Attack,Not An Attack,KARANA DOWNS
Animal,Cat Trapping,,SUNNYBANK
Animal,Dog,Defecating In Public,ASCOT
Animal,Attack,Attack On An Animal,FITZGIBBON
Animal,Other Animal,Deer,ANSTEAD
Animal,Other Animal,,PADDINGTON
Animal,Attack,Not An Attack,NEW FARM
Animal,Attack,Attack On An Animal,FOREST LAKE
Animal,Other Animal,Fox,MOOROOKA
Animal,Cat Trapping,,JINDALEE
Animal,Cat Trapping,,ACACIA RIDGE
Animal,Dog,Fencing Issues,BOONDALL
Animal,Other Animal,Insufficient Space,BRACKEN RIDGE
Animal,Attack,Attack On A Person,MCDOWALL
Animal,Attack,Attack On An Animal,TAIGUM
Animal,Dog,Fencing Issues,INALA
Animal,Dog,,PALLARA
Animal,Attack,Attack On A Person,FOREST LAKE
Animal,Cat Trapping,,BOONDALL
Animal,Other Animal,Rabbit,KEPERRA
Animal,Dog,Fencing Issues,STAFFORD
Animal,Dog,Fencing Issues,WYNNUM WEST
Animal,Attack,Attack On An Animal,INALA
Animal,Cat Trapping,,WOOLLOONGABBA
Animal,Dog,Fencing Issues,UPPER MOUNT GRAVATT
Animal,Other Animal,Fencing Issues,WAVELL HEIGHTS
Animal,Dog,Defecating In Public,FOREST LAKE
Animal,Dog,Fencing Issues,OXLEY
Animal,Cat Trapping,,BRISBANE CITY
Animal,Dog,Fencing Issues,UPPER KEDRON
Animal,Attack,Not An Attack,DARRA
Animal,Cat Trapping,,TAIGUM
Animal,Dog,Fencing Issues,ELLEN GROVE
Animal,Cat,,MITCHELTON
Animal,Attack,Attack On An Animal,MOGGILL
Animal,Other Animal,Fox,GREENSLOPES
Animal,Other Animal,Fox,HOLLAND PARK WEST
Animal,Dog,Fencing Issues,BOONDALL
Animal,Other Animal,Feral Pig,UPPER BROOKFIELD
Animal,Attack,Menacing,WOOLLOONGABBA
Animal,Other Animal,Fox,CAMP HILL
Animal,Dog,Fencing Issues,MOUNT GRAVATT EAST
Animal,Attack,Attack On An Animal,INALA
Animal,Dog,Unregistered,BROOKFIELD
Animal,Attack,Not An Attack,BELLBOWRIE
Animal,Dog,Unregistered,WYNNUM
Animal,Other Animal,Fencing Issues,BRIDGEMAN DOWNS
Animal,Cat Trapping,,CHERMSIDE
Animal,Other Animal,Rabbit,RED HILL
Animal,Attack,Menacing,CARINA
Animal,Cat Trapping,,RED HILL
Animal,Attack,Not An Attack,ASHGROVE
Animal,Dog,Too Many Animals,BANYO
Animal,Dog,Fencing Issues,INALA
Animal,Attack,Not An Attack,SHERWOOD
Animal,Attack,Attack On An Animal,CANNON HILL
Animal,Attack,Attack On An Animal,ENOGGERA
Animal,Dog,,
Animal,Attack,Attack On A Person,ASPLEY
Animal,Dog,Fencing Issues,MOUNT OMMANEY
Animal,Dog,Fencing Issues,MITCHELTON
Animal,Attack,Not An Attack,ANNERLEY
Animal,Other Animal,Fox,UPPER MOUNT GRAVATT
Animal,Attack,Attack On A Person,WAVELL HEIGHTS
Animal,Dog,,KEPERRA
Animal,Dog,Too Many Animals,KEPERRA
Animal,Cat,,PADDINGTON
Animal,Cat Trapping,,RICHLANDS
Animal,Other Animal,Rabbit,KEPERRA
Animal,Attack,Attack On A Person,FAIRFIELD
Animal,Other Animal,Nuisance Animal,SEVEN HILLS
Animal,Attack,Attack On An Animal,NORTHGATE
Animal,Other Animal,Wild Dog,KHOLO
Animal,Other Animal,Wild Dog,MOUNT COOT-THA
Animal,Other Animal,Wild Dog,ANSTEAD
Animal,Dog,,TOOWONG
Animal,Attack,Attack On An Animal,CARSELDINE
Animal,Dog,Too Many Animals,ALGESTER
Animal,Dog,Fencing Issues,MITCHELTON
Animal,Cat Trapping,,ST LUCIA
Animal,Dog,Too Many Animals,KEPERRA
Animal,Other Animal,Fox,UPPER MOUNT GRAVATT
Animal,Cat Trapping,,CHERMSIDE
Animal,Other Animal,Fox,CAMP HILL
Animal,Other Animal,,BRIGHTON
Animal,Cat Trapping,,COOPERS PLAINS
Animal,Dog,Fencing Issues,EIGHT MILE PLAINS
Animal,Attack,Attack On A Person,COORPAROO
Animal,Dog,Defecating In Public,ASCOT
Animal,Attack,Not An Attack,KEPERRA
Animal,Attack,Menacing,ALGESTER
Animal,Cat,,THE GAP
Animal,Cat Trapping,,RUNCORN
Animal,Attack,Attack On A Person,CALAMVALE
Animal,Dog,Fencing Issues,BROOKFIELD
Animal,Dog,Fencing Issues,BROOKFIELD
Animal,Cat,,ALGESTER
Animal,Dog,Fencing Issues,WYNNUM WEST
Animal,Attack,Attack On An Animal,ELLEN GROVE
Animal,Other Animal,Nuisance Animal,WYNNUM WEST
Animal,Attack,Menacing,SHERWOOD
Animal,Dog,Fencing Issues,RUNCORN
Animal,Other Animal,Nuisance Animal,INDOOROOPILLY
Animal,Attack,Dangerous,GREENSLOPES
Animal,Other Animal,Odour,WYNNUM WEST
Animal,Cat Trapping,,SUNNYBANK
Animal,Attack,Not An Attack,WYNNUM
Animal,Dog,Odour,CHERMSIDE WEST
Animal,Attack,Attack On A Person,MCDOWALL
Animal,Dog,Fencing Issues,KURABY
Animal,Cat Trapping,,KEDRON
Animal,Attack,Attack On An Animal,KEPERRA
Animal,Dog,Fencing Issues,FOREST LAKE
Animal,Cat Trapping,,INALA
Animal,Cat Trapping,,SEVEN HILLS
Animal,Attack,Attack On An Animal,ZILLMERE
Animal,Other Animal,Fox,GREENSLOPES
Animal,Attack,Menacing,ACACIA RIDGE
Animal,Dog,Fencing Issues,PARKINSON
Animal,Other Animal,Fox,BROOKFIELD
Animal,Dog,Defecating In Public,MANSFIELD
Animal,Attack,Attack On A Person,INDOOROOPILLY
Animal,Attack,Not An Attack,SANDGATE
Animal,Attack,Attack On An Animal,EVERTON PARK
Animal,Attack,Attack On An Animal,ACACIA RIDGE
Animal,Dog,Fencing Issues,STAFFORD HEIGHTS
Animal,Dog,Fencing Issues,STAFFORD HEIGHTS
Animal,Cat Trapping,,WOOLLOONGABBA
Animal,Cat Trapping,,COOPERS PLAINS
Animal,Cat,,RUNCORN
Animal,Dog,Fencing Issues,THE GAP
Animal,Attack,Attack On An Animal,WYNNUM WEST
Animal,Attack,Attack On An Animal,UPPER MOUNT GRAVATT
Animal,Attack,,SUNNYBANK
Animal,Other Animal,Deer,ANSTEAD
Animal,Other Animal,Deer,KHOLO
Animal,Dog,Fencing Issues,BALD HILLS
Animal,Attack,Not An Attack,ASHGROVE
Animal,Other Animal,Fox,BRIDGEMAN DOWNS
Animal,Dog,Fencing Issues,OXLEY
Animal,Attack,Menacing,HEATHWOOD
Animal,Attack,,CARINA HEIGHTS
Animal,Dog,Defecating In Public,STAFFORD HEIGHTS
Animal,Dog,,MACGREGOR
Animal,Other Animal,Nuisance Animal,SEVEN HILLS
Animal,Attack,Attack On An Animal,KENMORE
Animal,Attack,Attack On A Person,CARINDALE
Animal,Cat Trapping,,BRACKEN RIDGE
Animal,Cat Trapping,,ST LUCIA
Animal,Dog,Fencing Issues,EVERTON PARK
Animal,Dog,Fencing Issues,BRACKEN RIDGE
Animal,Cat,,KEPERRA
Animal,Attack,Attack On A Person,RIVERHILLS
Animal,Attack,Attack On A Person,CHERMSIDE WEST
Animal,Other Animal,Odour,SUNNYBANK HILLS
Animal,Dog,Fencing Issues,ZILLMERE
Animal,Cat,,INALA
Animal,Other Animal,Fox,MOUNT GRAVATT
Animal,Other Animal,Fox,PALLARA
Animal,Cat Trapping,,CHAPEL HILL
Animal,Dog,Fencing Issues,DEAGON
Animal,Cat Trapping,,BRACKEN RIDGE
Animal,Cat Trapping,,CHERMSIDE
Animal,Dog,Fencing Issues,CARINA
Animal,Attack,Attack On An Animal,BRIGHTON
Animal,Cat Trapping,,HOLLAND PARK WEST
Animal,Dog,Fencing Issues,CARINDALE
Animal,Attack,Attack On An Animal,HOLLAND PARK WEST
Animal,Dog,Fencing Issues,TARRAGINDI
Animal,Dog,Unregistered,UPPER MOUNT GRAVATT
Animal,Other Animal,,UPPER MOUNT GRAVATT
Animal,Attack,Attack On An Animal,WEST END
Animal,Dog,Fencing Issues,UPPER KEDRON
Animal,Cat Trapping,,BALD HILLS
Animal,Cat Trapping,,STAFFORD HEIGHTS
Animal,Attack,Attack On A Person,THE GAP
Animal,Dog,,PALLARA
Animal,Attack,Attack On An Animal,NEW FARM
Animal,Cat,,CHERMSIDE WEST
Animal,Attack,,DEAGON
Animal,Dog,Fencing Issues,WYNNUM
Animal,Other Animal,Fox,PORT OF BRISBANE
Animal,Dog,Too Many Animals,LOTA
Animal,Attack,Not An Attack,CANNON HILL
Animal,Dog,Fencing Issues,UPPER BROOKFIELD
Animal,Dog,Fencing Issues,TARRAGINDI
Animal,Dog,Fencing Issues,GRACEVILLE
Animal,Other Animal,Fox,COORPAROO
Animal,Attack,Attack On An Animal,BRIGHTON
Animal,Cat,,FOREST LAKE
Animal,Cat,,WYNNUM WEST
Animal,Cat Trapping,,HAMILTON
Animal,Dog,Fencing Issues,PARKINSON
Animal,Attack,Not An Attack,DURACK
Animal,Dog,Fencing Issues,NUDGEE
Animal,Attack,Not An Attack,MOUNT GRAVATT EAST
Animal,Dog,Too Many Animals,BANYO
Animal,Dog,Too Many Animals,BANYO
Animal,Cat,,MOGGILL
Animal,Cat,,WAVELL HEIGHTS
Animal,Dog,Fencing Issues,WYNNUM
Animal,Other Animal,Fox,CHANDLER
Animal,Cat Trapping,,OXLEY
Animal,Attack,Rabbit,MOGGILL
Animal,Other Animal,Nuisance Animal,INDOOROOPILLY
Animal,Dog,Defecating In Public,TENERIFFE
Animal,Attack,Not An Attack,SEVEN HILLS
Animal,Dog,Fencing Issues,WINDSOR
Animal,Attack,Attack On A Person,CARINDALE
Animal,Attack,Attack On A Person,DURACK
Animal,Cat Trapping,,WILLAWONG
Animal,Other Animal,Wild Dog,MOUNT CROSBY
Animal,Dog,Defecating In Public,ASCOT
Animal,Dog,Defecating In Public,ASCOT
Animal,Cat,,SALISBURY
Animal,Dog,Fencing Issues,GRANGE
Animal,Dog,,INDOOROOPILLY
Animal,Cat Trapping,,INALA
Animal,Dog,Fencing Issues,NEW FARM
Animal,Attack,Attack On A Person,MACKENZIE
Animal,Cat Trapping,,ELLEN GROVE
Animal,Other Animal,Rabbit,FOREST LAKE
Animal,Dog,Fencing Issues,AUCHENFLOWER
Animal,Cat Trapping,,WYNNUM WEST
Animal,Attack,Not An Attack,TOOWONG
Animal,Cat,,ALGESTER
Animal,Cat Trapping,,COOPERS PLAINS
Animal,Other Animal,Fox,HOLLAND PARK WEST
Animal,Attack,Attack On An Animal,UPPER KEDRON
Animal,Dog,Too Many Animals,KEPERRA
Animal,Attack,Menacing,MOOROOKA
Animal,Other Animal,Nuisance Animal,MURARRIE
Animal,Cat Trapping,,CORINDA
Animal,Attack,Attack On A Person,BRACKEN RIDGE
Animal,Other Animal,Fox,CORINDA
Animal,Dog,Fencing Issues,TARINGA
Animal,Attack,Menacing,DARRA
Animal,Attack,Attack On An Animal,HAWTHORNE
Animal,Attack,Attack On An Animal,BARDON
Animal,Dog,Too Many Animals,MOOROOKA
Animal,Dog,Fencing Issues,ELLEN GROVE
Animal,Attack,,KEDRON
Animal,Attack,Menacing,BRACKEN RIDGE
Animal,Cat Trapping,,MOOROOKA
Animal,Attack,Not An Attack,CORINDA
Animal,Cat Trapping,,COOPERS PLAINS
Animal,Attack,Menacing,MOUNT COOT-THA
Animal,Dog,Fencing Issues,EIGHT MILE PLAINS
Animal,Dog,,FOREST LAKE
Animal,Attack,Attack On An Animal,CHANDLER
Animal,Cat,,UPPER KEDRON
Animal,Attack,Menacing,SUNNYBANK
Animal,Attack,Attack On A Person,DEAGON
Animal,Attack,Attack On A Person,CARSELDINE
Animal,Dog,Fencing Issues,WYNNUM
Animal,Cat Trapping,,ASPLEY
Animal,Cat Trapping,,ASPLEY
Animal,Cat Trapping,,ASPLEY
Animal,Cat Trapping,,NORTHGATE
Animal,Attack,Attack On An Animal,ELLEN GROVE
Animal,Dog,Unregistered,DARRA
Animal,Cat Trapping,,INALA
Animal,Other Animal,Fox,MOUNT GRAVATT EAST
Animal,Dog,,ZILLMERE
Animal,Dog,Odour,KEDRON
Animal,Other Animal,Rabbit,FOREST LAKE
Animal,Dog,Unregistered,CHERMSIDE
Animal,Attack,Attack On An Animal,GREENSLOPES
Animal,Cat,,BRIGHTON
Animal,Other Animal,Fox,MOUNT CROSBY
Animal,Other Animal,Fox,THE GAP
Animal,Dog,Defecating In Public,GRANGE
Animal,Dog,Fencing Issues,ZILLMERE
Animal,Attack,Attack On A Person,WYNNUM
Animal,Other Animal,Pest / Feral Animal,WILLAWONG
Animal,Cat Trapping,,TARRAGINDI
Animal,Dog,Unregistered,WAVELL HEIGHTS
Animal,Dog,Unregistered,
Animal,Dog,Fencing Issues,INALA
Animal,Dog,,THE GAP
Animal,Dog,Fencing Issues,WAVELL HEIGHTS
Animal,Dog,Fencing Issues,WAVELL HEIGHTS
Animal,Attack,Not An Attack,UPPER BROOKFIELD
Animal,Other Animal,Nuisance Animal,ZILLMERE
Animal,Attack,Attack On A Person,KEDRON
Animal,Other Animal,Fox,BOONDALL
Animal,Other Animal,Wild Dog,KHOLO
Animal,Other Animal,Wild Dog,UPPER BROOKFIELD
Animal,Cat Trapping,,CORINDA
Animal,Cat Trapping,,MANLY WEST
Animal,Cat Trapping,,MANSFIELD
Animal,Other Animal,Fox,MORNINGSIDE
Animal,Dog,Defecating In Public,CARSELDINE
Animal,Dog,Fencing Issues,KURABY
Animal,Cat Trapping,,COORPAROO
Animal,Attack,Attack On A Person,OXLEY
Animal,Dog,,MOUNT OMMANEY
Animal,Attack,Not An Attack,INDOOROOPILLY
Animal,Other Animal,Pest / Feral Animal,CARINDALE
Animal,Cat Trapping,,OXLEY
Animal,Attack,Menacing,HAMILTON
Animal,Dog,Fencing Issues,DARRA
Animal,Dog,Fencing Issues,TARRAGINDI
Animal,Dog,Too Many Animals,INALA
Animal,Attack,Attack On An Animal,ELLEN GROVE
Animal,Other Animal,Fencing Issues,PADDINGTON
Animal,Attack,Menacing,MITCHELTON
Animal,Cat,,CHERMSIDE
Animal,Other Animal,Defecating In Public,HENDRA
Animal,Dog,Fencing Issues,UPPER BROOKFIELD
Animal,Cat Trapping,,WISHART
Animal,Other Animal,Fox,BROOKFIELD
Animal,Cat Trapping,,EAGLE FARM
Animal,Cat Trapping,,WYNNUM
Animal,Cat Trapping,,KURABY
Animal,Other Animal,Wild Dog,FERNY GROVE
Animal,Dog,Fencing Issues,PADDINGTON
Animal,Dog,Unregistered,
Animal,Other Animal,Nuisance Animal,ST LUCIA
Animal,Dog,Fencing Issues,WACOL
Animal,Attack,Attack On A Person,MOUNT GRAVATT EAST
Animal,Attack,Attack On An Animal,WYNNUM WEST
Animal,Dog,Too Many Animals,KARANA DOWNS
Animal,Attack,Attack On An Animal,STAFFORD
Animal,Attack,Attack On A Person,INALA
Animal,Attack,Attack On A Person,GRACEVILLE
Animal,Dog,Defecating In Public,MACGREGOR
Animal,Cat Trapping,,ACACIA RIDGE
Animal,Dog,Odour,INALA
Animal,Dog,Odour,INALA
Animal,Dog,Odour,INALA
Animal,Dog,Odour,INALA
Animal,Dog,Fencing Issues,ZILLMERE
Animal,Attack,Not An Attack,BRACKEN RIDGE
Animal,Other Animal,Pest / Feral Animal,WESTLAKE
Animal,Dog,Fencing Issues,EVERTON PARK
Animal,Dog,Fencing Issues,MANLY WEST
Animal,Cat,,COOPERS PLAINS
Animal,Cat Trapping,,RUNCORN
Animal,Dog,Fencing Issues,DEAGON
Animal,Dog,Fencing Issues,DEAGON
Animal,Dog,Fencing Issues,SEVEN HILLS
Animal,Cat Trapping,,WYNNUM WEST
Animal,Dog,Fencing Issues,CAMP HILL
Animal,Dog,Too Many Animals,
Animal,Dog,Fencing Issues,WINDSOR
Animal,Dog,Fencing Issues,JAMBOREE HEIGHTS
Animal,Other Animal,Nuisance Animal,HAWTHORNE
Animal,Dog,Odour,COORPAROO
Animal,Dog,Fencing Issues,MORNINGSIDE
Animal,Other Animal,Rabbit,GAYTHORNE
Animal,Dog,Defecating In Public,WEST END
Animal,Attack,Attack On A Person,BALMORAL
Animal,Dog,Fencing Issues,FITZGIBBON
Animal,Cat Trapping,,MOUNT GRAVATT
Animal,Other Animal,Fox,HOLLAND PARK
Animal,Attack,Not An Attack,STRETTON
Animal,Attack,Attack On An Animal,ENOGGERA
Animal,Dog,Fencing Issues,CAMP HILL
Animal,Dog,Fencing Issues,MOUNT GRAVATT EAST
Animal,Cat,,INALA
Animal,Cat,,SUNNYBANK
Animal,Attack,Dangerous,CARSELDINE
Animal,Dog,Fencing Issues,WESTLAKE
Animal,Attack,Not An Attack,CAMP HILL
Animal,Attack,Attack On A Person,INALA
Animal,Other Animal,Rabbit,RED HILL
Animal,Cat Trapping,,MANLY WEST
Animal,Cat,,WEST END
Animal,Cat,,WEST END
Animal,Other Animal,Nuisance Animal,CHAPEL HILL
Animal,Dog,Fencing Issues,INALA
Animal,Cat,,BELMONT
Animal,Attack,Attack On A Person,FOREST LAKE
Animal,Cat Trapping,,MANLY WEST
Animal,Dog,Insufficient Space,
Animal,Cat,,THE GAP
Animal,Dog,Fencing Issues,STAFFORD
Animal,Dog,Fencing Issues,ANNERLEY
Animal,Attack,Menacing,HEATHWOOD
Animal,Attack,Attack On An Animal,HEATHWOOD
Animal,Dog,Too Many Animals,ELLEN GROVE
Animal,Other Animal,Nuisance Animal,OXLEY
Animal,Other Animal,Fox,MOOROOKA
Animal,Other Animal,Fox,TINGALPA
Animal,Attack,Attack On An Animal,TINGALPA
Animal,Attack,Attack On An Animal,CARSELDINE
Animal,Dog,Fencing Issues,BRIGHTON
Animal,Other Animal,Odour,MITCHELTON
Animal,Cat Trapping,,ENOGGERA
Animal,Cat Trapping,,STAFFORD HEIGHTS
Animal,Dog,Fencing Issues,MCDOWALL
Animal,Attack,Attack On An Animal,STRETTON
Animal,Attack,Attack On A Person,FOREST LAKE
Animal,Other Animal,,KURABY
Animal,Dog,Defecating In Public,CARSELDINE
Animal,Other Animal,Fox,TINGALPA
Animal,Other Animal,Fox,BELMONT
Animal,Other Animal,Fox,GUMDALE
Animal,Cat Trapping,,SANDGATE
Animal,Other Animal,Wild Dog,WACOL
Animal,Dog,Fencing Issues,HEATHWOOD
Animal,Other Animal,Fox,FIG TREE POCKET
Animal,Attack,Attack On An Animal,STAFFORD
Animal,Dog,Fencing Issues,UPPER MOUNT GRAVATT
Animal,Other Animal,Nuisance Animal,DEAGON
Animal,Attack,Not An Attack,TARRAGINDI
Animal,Dog,Fencing Issues,CLAYFIELD
Animal,Cat Trapping,,DEAGON
Animal,Other Animal,Wild Dog,UPPER BROOKFIELD
Animal,Attack,Attack On A Person,FOREST LAKE
Animal,Attack,Attack On A Person,FOREST LAKE
Animal,Attack,Attack On A Person,SUNNYBANK HILLS
Animal,Dog,Fencing Issues,MOUNT GRAVATT EAST
Animal,Dog,,KANGAROO POINT
Animal,Attack,,STAFFORD
Animal,Dog,Defecating In Public,EAST BRISBANE
Animal,Dog,Fencing Issues,PULLENVALE
Animal,Attack,,EVERTON PARK
Animal,Dog,Fencing Issues,ASHGROVE
Animal,Dog,Fencing Issues,RUNCORN
Animal,Dog,Defecating In Public,NORTHGATE
Animal,Dog,Defecating In Public,ANNERLEY
Animal,Attack,Attack On A Person,CHERMSIDE
Animal,Attack,,ANSTEAD
Animal,Dog,Too Many Animals,ELLEN GROVE
Animal,Dog,Too Many Animals,ASPLEY
Animal,Other Animal,Nuisance Animal,HIGHGATE HILL
Animal,Dog,Fencing Issues,COOPERS PLAINS
Animal,Dog,Fencing Issues,ROCKLEA
Animal,Dog,,BRIDGEMAN DOWNS
Animal,Dog,Defecating In Public,NEWSTEAD
Animal,Dog,Fencing Issues,GREENSLOPES
Animal,Dog,Fencing Issues,NUDGEE
Animal,Cat Trapping,,HAWTHORNE
Animal,Cat,,EVERTON PARK
Animal,Cat Trapping,,ST LUCIA
Animal,Attack,Not An Attack,STRETTON
Animal,Dog,Fencing Issues,DOOLANDELLA
Animal,Other Animal,Rabbit,RED HILL
Animal,Other Animal,Rabbit,RED HILL
Animal,Other Animal,Rabbit,RED HILL
Animal,Dog,Unregistered,MORNINGSIDE
Animal,Dog,Too Many Animals,PADDINGTON
Animal,Other Animal,Odour,INALA
Animal,Dog,Fencing Issues,BROOKFIELD
Animal,Dog,Fencing Issues,NUNDAH
Animal,Cat,,NUDGEE BEACH
Animal,Attack,Menacing,GEEBUNG
Animal,Other Animal,Fencing Issues,DUTTON PARK
Animal,Dog,Fencing Issues,MORNINGSIDE
Animal,Dog,Defecating In Public,CAMP HILL
Animal,Other Animal,Nuisance Animal,BRIDGEMAN DOWNS
Animal,Dog,Fencing Issues,ANNERLEY
Animal,Attack,Not An Attack,BALD HILLS
Animal,Dog,Fencing Issues,CARINA
Animal,Other Animal,Nuisance Animal,CARINDALE
Animal,Other Animal,Fox,BELMONT
Animal,Dog,Defecating In Public,WAVELL HEIGHTS
Animal,Cat Trapping,,ENOGGERA
Animal,Cat Trapping,,CARSELDINE
Animal,Dog,Fencing Issues,
Animal,Other Animal,Fox,BELMONT
Animal,Attack,Not An Attack,TINGALPA
Animal,Cat Trapping,,WINDSOR
Animal,Attack,Not An Attack,WYNNUM
Animal,Attack,Not An Attack,WYNNUM
Animal,Cat Trapping,,STAFFORD HEIGHTS
Animal,Dog,Fencing Issues,MOUNT GRAVATT EAST
Animal,Attack,Menacing,SUNNYBANK HILLS
Animal,Attack,Attack On A Person,SALISBURY
Animal,Attack,Attack On A Person,SUNNYBANK HILLS
Animal,Dog,Fencing Issues,ZILLMERE
Animal,Other Animal,Nuisance Animal,CARINA
Animal,Cat Trapping,,ST LUCIA
Animal,Attack,Menacing,BRACKEN RIDGE
Animal,Other Animal,Wild Dog,UPPER BROOKFIELD
Animal,Dog,Odour,EVERTON PARK
Animal,Dog,Odour,EVERTON PARK
Animal,Dog,Fencing Issues,WOOLOOWIN
Animal,Other Animal,Fox,THE GAP
Animal,Dog,Fencing Issues,BOONDALL
Animal,Dog,Fencing Issues,TINGALPA
Animal,Attack,Attack On A Person,GAYTHORNE
Animal,Other Animal,Too Many Animals,HIGHGATE HILL
Animal,Cat Trapping,,INDOOROOPILLY
Animal,Cat Trapping,,TARRAGINDI
Animal,Dog,Fencing Issues,NORMAN PARK
Animal,Attack,Menacing,SUNNYBANK HILLS
Animal,Dog,Too Many Animals,GEEBUNG
Animal,Cat Trapping,,SUNNYBANK
Animal,Cat,,BRIGHTON
Animal,Cat,,NORTHGATE
Animal,Cat Trapping,,SUNNYBANK HILLS
Animal,Attack,Attack On An Animal,RICHLANDS
Animal,Attack,Attack On A Person,JINDALEE
Animal,Attack,Menacing,FITZGIBBON
Animal,Dog,Fencing Issues,KEDRON
Animal,Dog,Unregistered,
Animal,Attack,Attack On An Animal,MCDOWALL
Animal,Other Animal,Fox,MOOROOKA
Animal,Other Animal,Nuisance Animal,DEAGON
Animal,Dog,Unregistered,
Animal,Dog,Defecating In Public,GREENSLOPES
Animal,Dog,Fencing Issues,GAYTHORNE
Animal,Dog,Defecating In Public,STAFFORD
Animal,Attack,Attack On A Person,ASHGROVE
Animal,Cat Trapping,,WYNNUM
Animal,Cat Trapping,,STAFFORD
Animal,Dog,Unregistered,CHERMSIDE WEST
Animal,Attack,Attack On An Animal,EVERTON PARK
Animal,Dog,Fencing Issues,MOUNT CROSBY
Animal,Cat Trapping,,ZILLMERE
Animal,Cat,,BRIGHTON
Animal,Dog,Too Many Animals,SUNNYBANK HILLS
Animal,Other Animal,Fencing Issues,BARDON
Animal,Other Animal,Fox,MOUNT CROSBY
Animal,Cat,,TAIGUM
Animal,Dog,,PINKENBA
Animal,Attack,Menacing,ELLEN GROVE
Animal,Attack,Attack On An Animal,BELLBOWRIE
Animal,Attack,Attack On An Animal,GRACEVILLE
Animal,Cat,,BANYO
Animal,Cat Trapping,,MANLY WEST
Animal,Attack,Attack On An Animal,PULLENVALE
Animal,Dog,Fencing Issues,GEEBUNG
Animal,Dog,Fencing Issues,BOONDALL
Animal,Attack,Attack On An Animal,NEW FARM
Animal,Attack,Attack On A Person,TOOWONG
Animal,Attack,Attack On An Animal,PULLENVALE
Animal,Other Animal,Nuisance Animal,ASPLEY
Animal,Dog,Fencing Issues,UPPER MOUNT GRAVATT
Animal,Other Animal,Wild Dog,FOREST LAKE
Animal,Dog,Fencing Issues,CARSELDINE
Animal,Dog,Fencing Issues,WINDSOR
Animal,Dog,Fencing Issues,WINDSOR
Animal,Cat Trapping,,WYNNUM WEST
Animal,Dog,Defecating In Public,CARSELDINE
Animal,Dog,Fencing Issues,TARRAGINDI
Animal,Attack,Not An Attack,FOREST LAKE
Animal,Other Animal,Nuisance Animal,CARINA HEIGHTS
Animal,Dog,Fencing Issues,ANNERLEY
Animal,Cat,Odour,INALA
Animal,Other Animal,Fox,THE GAP
Animal,Dog,Fencing Issues,THE GAP
Animal,Dog,Fencing Issues,BULWER
Animal,Other Animal,Nuisance Animal,DURACK
Animal,Cat Trapping,,KEDRON
Animal,Dog,Fencing Issues,EVERTON PARK
Animal,Cat,,FOREST LAKE
Animal,Cat Trapping,,MORNINGSIDE
Animal,Other Animal,Fox,SEVEN HILLS
Animal,Dog,Fencing Issues,CHANDLER
Animal,Attack,Attack On An Animal,CHANDLER
Animal,Attack,Attack On A Person,PALLARA
Animal,Other Animal,Fox,CHANDLER
Animal,Dog,Fencing Issues,CARINA
Animal,Cat Trapping,,SUNNYBANK
Animal,Dog,Fencing Issues,DARRA
Animal,Cat Trapping,,ANNERLEY
Animal,Cat Trapping,,ANNERLEY
Animal,Other Animal,Fox,KEPERRA
Animal,Cat Trapping,,SANDGATE
Animal,Dog,Odour,SHORNCLIFFE
Animal,Dog,Fencing Issues,MOUNT GRAVATT EAST
Animal,Dog,Too Many Animals,OXLEY
Animal,Dog,Fencing Issues,BURBANK
Animal,Cat Trapping,,INALA
Animal,Other Animal,Nuisance Animal,RED HILL
Animal,Other Animal,Nuisance Animal,ASPLEY
Animal,Attack,Menacing,HEMMANT
Animal,Cat Trapping,,WACOL
Animal,Attack,Attack On An Animal,OXLEY
Animal,Cat,,MANSFIELD
Animal,Cat Trapping,,WYNNUM WEST
Animal,Dog,Fencing Issues,SANDGATE
Animal,Cat Trapping,,SALISBURY
Animal,Cat Trapping,,BALD HILLS
Animal,Attack,Not An Attack,HEMMANT
Animal,Attack,Not An Attack,BRIGHTON
Animal,Dog,Fencing Issues,SANDGATE
Animal,Dog,Fencing Issues,WINDSOR
Animal,Dog,Fencing Issues,GEEBUNG
Animal,Attack,Not An Attack,HOLLAND PARK
Animal,Attack,Attack On An Animal,GAYTHORNE
Animal,Dog,Fencing Issues,ACACIA RIDGE
Animal,Other Animal,Fox,BRIGHTON
Animal,Cat,,OXLEY
Animal,Attack,Attack On An Animal,FOREST LAKE
Animal,Attack,Not An Attack,MILTON
Animal,Other Animal,,PARKINSON
Animal,Cat Trapping,,ELLEN GROVE
Animal,Cat Trapping,,WYNNUM
Animal,Other Animal,Fox,WISHART
Animal,Cat,,KENMORE
Animal,Dog,Fencing Issues,ASCOT
Animal,Dog,Fencing Issues,SUNNYBANK HILLS
Animal,Other Animal,Fox,MOUNT GRAVATT
Animal,Cat Trapping,,WINDSOR
Animal,Other Animal,Deer,MOUNT OMMANEY
Animal,Attack,Attack On A Person,ELLEN GROVE
Animal,Other Animal,Odour,BANYO
Animal,Dog,Too Many Animals,JINDALEE
Animal,Attack,Attack On A Person,STAFFORD
Animal,Attack,Attack On An Animal,DOOLANDELLA
Animal,Attack,Attack On A Person,BRIGHTON
Animal,Attack,Attack On A Person,FOREST LAKE
Animal,Other Animal,Fox,MOOROOKA
Animal,Dog,Fencing Issues,BRIGHTON
Animal,Other Animal,Rabbit,WYNNUM WEST
Animal,Cat Trapping,,STAFFORD HEIGHTS
Animal,Dog,Fencing Issues,MOUNT GRAVATT EAST
Animal,Other Animal,Wild Dog,PULLENVALE
Animal,Attack,Menacing,MOUNT COOT-THA
Animal,Other Animal,Rabbit,MOGGILL
Animal,Attack,Not An Attack,KALINGA
Animal,Dog,Fencing Issues,WAKERLEY
Animal,Cat,,HOLLAND PARK
Animal,Dog,Fencing Issues,DOOLANDELLA
Animal,Other Animal,Odour,HOLLAND PARK
Animal,Other Animal,Unregistered,WISHART
Animal,Dog,Too Many Animals,MANSFIELD
Animal,Attack,Attack On A Person,HEATHWOOD
Animal,Attack,Attack On A Person,SUNNYBANK HILLS
Animal,Dog,Fencing Issues,WAVELL HEIGHTS
Animal,Cat Trapping,,INALA
Animal,Dog,Fencing Issues,ELLEN GROVE
Animal,Other Animal,Fox,MOUNT GRAVATT
Animal,Other Animal,Odour,RUNCORN
Animal,Dog,,
Animal,Cat Trapping,,ZILLMERE
Animal,Attack,Not An Attack,SUNNYBANK
Animal,Attack,Not An Attack,BANYO
Animal,Other Animal,Fox,GRACEVILLE
Animal,Dog,Fencing Issues,WISHART
Animal,Dog,,
Animal,Attack,Not An Attack,ASHGROVE
Animal,Attack,Attack On An Animal,WAVELL HEIGHTS
Animal,Attack,Menacing,ZILLMERE
Animal,Dog,Fencing Issues,WAVELL HEIGHTS
Animal,Cat Trapping,,INALA
Animal,Dog,Fencing Issues,BRIGHTON
Animal,Cat Trapping,,ZILLMERE
Animal,Attack,Attack On A Person,CARINA HEIGHTS
Animal,Attack,Menacing,BRACKEN RIDGE
Animal,Attack,Menacing,BOONDALL
Animal,Attack,Attack On A Person,DREWVALE
Animal,Dog,Fencing Issues,NORMAN PARK
Animal,Dog,Fencing Issues,JINDALEE
Animal,Cat Trapping,,TARINGA
Animal,Other Animal,Fox,NATHAN
Animal,Cat Trapping,,HEMMANT
Animal,Cat Trapping,,BALMORAL
Animal,Other Animal,Deer,UPPER BROOKFIELD
Animal,Attack,Attack On An Animal,OXLEY
Animal,Attack,Attack On An Animal,ACACIA RIDGE
Animal,Cat Trapping,,ARCHERFIELD
Animal,Cat Trapping,,SUNNYBANK
Animal,Attack,Attack On A Person,MURARRIE
Animal,Attack,Attack On An Animal,HOLLAND PARK
Animal,Cat Trapping,,BRIDGEMAN DOWNS
Animal,Cat Trapping,,MOOROOKA
Animal,Other Animal,Deer,UPPER BROOKFIELD
Animal,Other Animal,Fox,MOUNT CROSBY
Animal,Attack,Attack On An Animal,CANNON HILL
Animal,Attack,Not An Attack,THE GAP
Animal,Dog,Odour,MANLY
Animal,Attack,Attack On A Person,WYNNUM
Animal,Dog,Fencing Issues,STAFFORD
Animal,Attack,Attack On A Person,BANYO
Animal,Other Animal,Rabbit,RED HILL
Animal,Attack,Attack On An Animal,NUDGEE BEACH
Animal,Dog,Fencing Issues,BRACKEN RIDGE
Animal,Cat,,KURABY
Animal,Other Animal,Fox,KARANA DOWNS
Animal,Other Animal,Fox,CARINA
Animal,Dog,Fencing Issues,BALD HILLS
Animal,Attack,Menacing,BOONDALL
Animal,Dog,Odour,ZILLMERE
Animal,Attack,Attack On A Person,ZILLMERE
Animal,Dog,Unregistered,HOLLAND PARK
Animal,Attack,Attack On An Animal,BANYO
Animal,Other Animal,Nuisance Animal,BARDON
Animal,Attack,Attack On An Animal,SALISBURY
Animal,Dog,Unregistered,CARSELDINE
Animal,Attack,Attack On An Animal,ANNERLEY
Animal,Other Animal,Insufficient Space,AUCHENFLOWER
Animal,Cat Trapping,,YERONGA
Animal,Cat,,SUNNYBANK
Animal,Cat Trapping,,ACACIA RIDGE
Animal,Dog,Fencing Issues,ZILLMERE
Animal,Attack,Attack On An Animal,CAMP HILL
Animal,Cat,,FERNY GROVE
Animal,Other Animal,Fox,THE GAP
Animal,Dog,Fencing Issues,DURACK
Animal,Attack,Attack On An Animal,BANYO
Animal,Attack,Attack On An Animal,RED HILL
Animal,Dog,Unregistered,JAMBOREE HEIGHTS
Animal,Other Animal,Fencing Issues,RUNCORN
Animal,Dog,Fencing Issues,GRACEVILLE
Animal,Dog,Fencing Issues,DREWVALE
Animal,Other Animal,Rabbit,RICHLANDS
Animal,Other Animal,Fox,MOUNT CROSBY
Animal,Attack,Attack On A Person,STAFFORD
Animal,Cat Trapping,,DURACK
Animal,Dog,Insufficient Space,ZILLMERE
Animal,Attack,Menacing,HIGHGATE HILL
Animal,Other Animal,Fox,MOUNT GRAVATT EAST
Animal,Dog,Too Many Animals,ZILLMERE
Animal,Dog,Unregistered,GRANGE
Animal,Dog,Defecating In Public,ASCOT
Animal,Cat,,WINDSOR
Animal,Other Animal,Fox,KHOLO
Animal,Other Animal,Fox,MANLY WEST
Animal,Cat Trapping,,FOREST LAKE
Animal,Other Animal,Rabbit,RED HILL
Animal,Attack,Attack On An Animal,JINDALEE
Animal,Dog,Too Many Animals,SALISBURY
Animal,Attack,Menacing,CARSELDINE
Animal,Cat Trapping,,STAFFORD HEIGHTS
Animal,Cat Trapping,,BANYO
Animal,Dog,Too Many Animals,HEMMANT
Animal,Other Animal,Wild Dog,KHOLO
Animal,Cat Trapping,,NEWSTEAD
Animal,Attack,Menacing,MANLY WEST
Animal,Attack,Menacing,CARINDALE
Animal,Other Animal,Fox,THE GAP
Animal,Attack,Attack On An Animal,CARINA
Animal,Attack,Attack On A Person,SUNNYBANK HILLS
Animal,Attack,Attack On An Animal,RED HILL
Animal,Dog,Fencing Issues,MOUNT GRAVATT EAST
Animal,Dog,Fencing Issues,CARINA HEIGHTS
Animal,Attack,Menacing,RED HILL
Animal,Dog,Fencing Issues,FIG TREE POCKET
Animal,Attack,Attack On A Person,MANLY WEST
Animal,Dog,Fencing Issues,UPPER BROOKFIELD
Animal,Other Animal,Fencing Issues,PALLARA
Animal,Cat Trapping,,SALISBURY
Animal,Attack,Attack On A Person,TENNYSON
Animal,Dog,Fencing Issues,WESTLAKE
Animal,Dog,Fencing Issues,WAVELL HEIGHTS
Animal,Cat,,INALA
Animal,Other Animal,Fox,NATHAN
Animal,Cat Trapping,,WYNNUM
Animal,Dog,Fencing Issues,KURABY
Animal,Dog,Fencing Issues,ELLEN GROVE
Animal,Attack,Attack On A Person,UPPER KEDRON
Animal,Cat,,HAMILTON
Animal,Dog,Fencing Issues,BRACKEN RIDGE
Animal,Attack,Not An Attack,ZILLMERE
Animal,Attack,Attack On An Animal,MOUNT GRAVATT EAST
Animal,Dog,Fencing Issues,ACACIA RIDGE
Animal,Attack,Attack On A Person,DEAGON
Animal,Dog,Defecating In Public,RUNCORN
Animal,Dog,Fencing Issues,MOUNT GRAVATT EAST
Animal,Dog,Fencing Issues,FITZGIBBON
Animal,Cat Trapping,,HEMMANT
Animal,Dog,Fencing Issues,BRIDGEMAN DOWNS
Animal,Cat Trapping,,MANLY
Animal,Attack,Not An Attack,KALINGA
Animal,Dog,Fencing Issues,KENMORE
Animal,Attack,Attack On An Animal,DOOLANDELLA
Animal,Dog,Fencing Issues,MOUNT GRAVATT EAST
Animal,Dog,Fencing Issues,CARINDALE
Animal,Cat,,WEST END
Animal,Dog,Unregistered,ST LUCIA
Animal,Other Animal,Nuisance Animal,ACACIA RIDGE
Animal,Dog,Fencing Issues,CHAPEL HILL
Animal,Attack,Not An Attack,HOLLAND PARK WEST
Animal,Other Animal,Fox,BRACKEN RIDGE
Animal,Attack,Attack On An Animal,MORNINGSIDE
Animal,Dog,Fencing Issues,BOONDALL
Animal,Cat Trapping,,KEDRON
Animal,Other Animal,Fox,BRACKEN RIDGE
Animal,Dog,Fencing Issues,MOGGILL
Animal,Cat Trapping,,BRACKEN RIDGE
Animal,Dog,Fencing Issues,DARRA
Animal,Dog,Fencing Issues,CALAMVALE
Animal,Attack,Attack On A Person,TINGALPA
Animal,Attack,Attack On A Person,BALMORAL
Animal,Dog,Fencing Issues,BURBANK
Animal,Attack,Attack On A Person,MOOROOKA
Animal,Cat Trapping,,WISHART
Animal,Cat Trapping,,COORPAROO
Animal,Cat,,KENMORE
Animal,Attack,Attack On An Animal,SHORNCLIFFE
Animal,Dog,Fencing Issues,HAWTHORNE
Animal,Attack,Attack On An Animal,GORDON PARK
Animal,Dog,Defecating In Public,CORINDA
Animal,Attack,Not An Attack,TOOWONG
Animal,Attack,Attack On A Person,ELLEN GROVE
Animal,Dog,Fencing Issues,TARRAGINDI
Animal,Cat Trapping,,WILLAWONG
Animal,Dog,Fencing Issues,INALA
Animal,Dog,Defecating In Public,WAVELL HEIGHTS
Animal,Other Animal,Fox,PULLENVALE
Animal,Cat Trapping,,OXLEY
Animal,Other Animal,Fox,PINJARRA HILLS
Animal,Attack,Menacing,EAST BRISBANE
Animal,Attack,Attack On An Animal,EAST BRISBANE
Animal,Cat Trapping,,INALA
Animal,Attack,Not An Attack,CHAPEL HILL
Animal,Cat Trapping,,WISHART
Animal,Cat Trapping,,INALA
Animal,Cat Trapping,,RED HILL
Animal,Cat Trapping,,BULIMBA
Animal,Other Animal,Nuisance Animal,CARINA HEIGHTS
Animal,Dog,Odour,MANLY
Animal,Dog,Fencing Issues,ASPLEY
Animal,Dog,Fencing Issues,CALAMVALE
Animal,Other Animal,Nuisance Animal,HIGHGATE HILL
Animal,Dog,Defecating In Public,STAFFORD HEIGHTS
Animal,Dog,Fencing Issues,INALA
Animal,Other Animal,Fox,MOUNT GRAVATT
Animal,Attack,Not An Attack,YERONGA
Animal,Cat Trapping,,BOONDALL
Animal,Other Animal,Too Many Animals,MOUNT GRAVATT EAST
Animal,Dog,Too Many Animals,BALD HILLS
Animal,Other Animal,Fox,BROOKFIELD
Animal,Attack,Dangerous,RIVERHILLS
Animal,Attack,Attack On An Animal,WAVELL HEIGHTS
Animal,Dog,Fencing Issues,RICHLANDS
Animal,Cat Trapping,,LOTA
Animal,Cat Trapping,,WYNNUM
Animal,Attack,Attack On A Person,STAFFORD
Animal,Cat Trapping,,HOLLAND PARK
Animal,Cat Trapping,,ELLEN GROVE
Animal,Dog,Fencing Issues,STAFFORD HEIGHTS
Animal,Attack,Menacing,WYNNUM
Animal,Cat Trapping,,THE GAP
Animal,Cat Trapping,,SUNNYBANK HILLS
Animal,Other Animal,Fencing Issues,NORTHGATE
